entity_id	entity_type	canonical_name	mention_count	vista_tsv	vista_key_column	vista_key_value	join_method	join_confidence
build:DG*5.3*1029	build	DG*5.3*1029	1				none	undetermined
build:DG*5.3*538	build	DG*5.3*538	1				none	undetermined
build:DG*5.3*557	build	DG*5.3*557	1				none	undetermined
build:DG*5.3*589	build	DG*5.3*589	1				none	undetermined
build:DG*5.3*615	build	DG*5.3*615	1				none	undetermined
build:DG*5.3*620	build	DG*5.3*620	1				none	undetermined
build:DG*5.3*707	build	DG*5.3*707	1				none	undetermined
build:DG*5.3*821	build	DG*5.3*821	1				none	undetermined
build:DG*5.3*825	build	DG*5.3*825	2				none	undetermined
build:DG*5.3*837	build	DG*5.3*837	2				none	undetermined
build:DG*5.3*857	build	DG*5.3*857	2				none	undetermined
build:DG*5.3*876	build	DG*5.3*876	1				none	undetermined
build:DG*5.3*902	build	DG*5.3*902	2				none	undetermined
build:DG*5.3*91	build	DG*5.3*91	1				none	undetermined
build:DG*5.3*952	build	DG*5.3*952	1				none	undetermined
build:DG*5.3*977	build	DG*5.3*977	2				none	undetermined
build:DI*21*38	build	DI*21*38	1				none	undetermined
build:DI*22.2*2	build	DI*22.2*2	2				none	undetermined
build:DI*22.2*3	build	DI*22.2*3	1				none	undetermined
build:DI*22.2*4	build	DI*22.2*4	2				none	undetermined
build:DI*22.2*6	build	DI*22.2*6	1				none	undetermined
build:EDP*2*20	build	EDP*2*20	2				none	undetermined
build:EDP*2.0*6	build	EDP*2.0*6	2				none	undetermined
build:FH*5*41	build	FH*5*41	1				none	undetermined
build:GMPL*2*36	build	GMPL*2*36	1				none	undetermined
build:GMPL*2.0*26	build	GMPL*2.0*26	1				none	undetermined
build:GMPL*2.0*49	build	GMPL*2.0*49	1				none	undetermined
build:GMRA*4.0*26	build	GMRA*4.0*26	1				none	undetermined
build:GMRA*4.0*37	build	GMRA*4.0*37	1				none	undetermined
build:GMRC*3*16	build	GMRC*3*16	3				none	undetermined
build:GMRC*3.0*123	build	GMRC*3.0*123	8				none	undetermined
build:GMRC*3.0*15	build	GMRC*3.0*15	1				none	undetermined
build:GMRC*3.0*18	build	GMRC*3.0*18	1				none	undetermined
build:GMRC*3.0*60	build	GMRC*3.0*60	2				none	undetermined
build:GMRV*5*22	build	GMRV*5*22	2				none	undetermined
build:GMRV*5.0*23	build	GMRV*5.0*23	1				none	undetermined
build:GMRV*5.0*3	build	GMRV*5.0*3	1				none	undetermined
build:GMTS*2.7*101	build	GMTS*2.7*101	4				none	undetermined
build:HBH*1*19	build	HBH*1*19	2				none	undetermined
build:HBH*1*6	build	HBH*1*6	5				none	undetermined
build:HBH*1*8	build	HBH*1*8	4				none	undetermined
build:HL*1.6*49	build	HL*1.6*49	2				none	undetermined
build:IB*2*488	build	IB*2*488	1				none	undetermined
build:IB*2.0*687	build	IB*2.0*687	1				none	undetermined
build:LA*5.2*64	build	LA*5.2*64	1				none	undetermined
build:LA*5.2*87	build	LA*5.2*87	1				none	undetermined
build:LA*5.2*90	build	LA*5.2*90	1				none	undetermined
build:LR*5.2*286	build	LR*5.2*286	1				none	undetermined
build:LR*5.2*425	build	LR*5.2*425	1				none	undetermined
build:LR*5.2*468	build	LR*5.2*468	1				none	undetermined
build:LR*5.2*474	build	LR*5.2*474	1				none	undetermined
build:LR*5.2*481	build	LR*5.2*481	1				none	undetermined
build:LR*5.2*548	build	LR*5.2*548	1				none	undetermined
build:LR*5.2*568	build	LR*5.2*568	1				none	undetermined
build:LR*5.2*97	build	LR*5.2*97	1				none	undetermined
build:MAG*3.0*104	build	MAG*3.0*104	1				none	undetermined
build:MAG*3.0*121	build	MAG*3.0*121	3				none	undetermined
build:MAG*3.0*130	build	MAG*3.0*130	1				none	undetermined
build:MAG*3.0*185	build	MAG*3.0*185	1				none	undetermined
build:MAG*3.0*189	build	MAG*3.0*189	1				none	undetermined
build:MAG*3.0*34	build	MAG*3.0*34	6				none	undetermined
build:MAG*3.0*83	build	MAG*3.0*83	1				none	undetermined
build:MD*1*16	build	MD*1*16	1				none	undetermined
build:MD*1.0*1	build	MD*1.0*1	1				none	undetermined
build:MD*1.0*11	build	MD*1.0*11	1				none	undetermined
build:MD*1.0*14	build	MD*1.0*14	1				none	undetermined
build:MD*1.0*2	build	MD*1.0*2	1				none	undetermined
build:MD*1.0*5	build	MD*1.0*5	2				none	undetermined
build:MD*1.0*6	build	MD*1.0*6	3				none	undetermined
build:MPI*1*38	build	MPI*1*38	6				none	undetermined
build:MPI*1*40	build	MPI*1*40	1				none	undetermined
build:MPIF*1*21	build	MPIF*1*21	2				none	undetermined
build:MPIF*1*33	build	MPIF*1*33	4				none	undetermined
build:MPIF*1*43	build	MPIF*1*43	6				none	undetermined
build:MPIF*1*44	build	MPIF*1*44	1				none	undetermined
build:MPIF*1*52	build	MPIF*1*52	2				none	undetermined
build:MPIF*1.0*63	build	MPIF*1.0*63	1				none	undetermined
build:OR*2.5*46	build	OR*2.5*46	2				none	undetermined
build:OR*3.0*215	build	OR*3.0*215	1				none	undetermined
build:OR*3.0*232	build	OR*3.0*232	1				none	undetermined
build:OR*3.0*238	build	OR*3.0*238	1				none	undetermined
build:OR*3.0*243	build	OR*3.0*243	2				none	undetermined
build:OR*3.0*267	build	OR*3.0*267	1				none	undetermined
build:OR*3.0*391	build	OR*3.0*391	2				none	undetermined
build:OR*3.0*405	build	OR*3.0*405	1				none	undetermined
build:OR*3.0*407	build	OR*3.0*407	1				none	undetermined
build:OR*3.0*437	build	OR*3.0*437	1				none	undetermined
build:OR*3.0*542	build	OR*3.0*542	1				none	undetermined
build:OR*3.0*546	build	OR*3.0*546	2				none	undetermined
build:OR*3.0*608	build	OR*3.0*608	1				none	undetermined
build:PIMS*5.3*1004	build	PIMS*5.3*1004	2				none	undetermined
build:PRC*5*237	build	PRC*5*237	2				none	undetermined
build:PRC*5*244	build	PRC*5*244	1				none	undetermined
build:PRC*5.1*167	build	PRC*5.1*167	4				none	undetermined
build:PRC*5.1*194	build	PRC*5.1*194	1				none	undetermined
build:PRC*5.1*238	build	PRC*5.1*238	1				none	undetermined
build:PRC*5.1*81	build	PRC*5.1*81	5				none	undetermined
build:PRC*5.1*83	build	PRC*5.1*83	13				none	undetermined
build:PRC*5.1*98	build	PRC*5.1*98	2				none	undetermined
build:PRCA*4.5*90	build	PRCA*4.5*90	1				none	undetermined
build:PSB*2*17	build	PSB*2*17	2				none	undetermined
build:PSB*2*20	build	PSB*2*20	1				none	undetermined
build:PSB*3*2	build	PSB*3*2	1				none	undetermined
build:PSB*3*28	build	PSB*3*28	3				none	undetermined
build:PSB*3*32	build	PSB*3*32	1				none	undetermined
build:PSB*3*42	build	PSB*3*42	2				none	undetermined
build:PSB*3*47	build	PSB*3*47	4				none	undetermined
build:PSB*3*70	build	PSB*3*70	1				none	undetermined
build:PSB*3*8	build	PSB*3*8	1				none	undetermined
build:PSJ*5*111	build	PSJ*5*111	3				none	undetermined
build:PSJ*5*112	build	PSJ*5*112	2				none	undetermined
build:PSJ*5*120	build	PSJ*5*120	2				none	undetermined
build:PSJ*5*134	build	PSJ*5*134	1				none	undetermined
build:PSJ*5*145	build	PSJ*5*145	2				none	undetermined
build:PSJ*5*146	build	PSJ*5*146	2				none	undetermined
build:PSJ*5*160	build	PSJ*5*160	2				none	undetermined
build:PSJ*5*175	build	PSJ*5*175	2				none	undetermined
build:PSJ*5*196	build	PSJ*5*196	1				none	undetermined
build:PSJ*5*215	build	PSJ*5*215	1				none	undetermined
build:PSN*4*22	build	PSN*4*22	1				none	undetermined
build:PSN*4*261	build	PSN*4*261	1				none	undetermined
build:PSN*4*53	build	PSN*4*53	1				none	undetermined
build:PSN*4*58	build	PSN*4*58	1				none	undetermined
build:PSN*4*64	build	PSN*4*64	1				none	undetermined
build:PSO*7*190	build	PSO*7*190	2				none	undetermined
build:PSO*7*454	build	PSO*7*454	6				none	undetermined
build:PSO*7*625	build	PSO*7*625	1				none	undetermined
build:PSO*7*71	build	PSO*7*71	1				none	undetermined
build:PSS*1*117	build	PSS*1*117	2				none	undetermined
build:PSS*1*129	build	PSS*1*129	1				none	undetermined
build:PSS*1*136	build	PSS*1*136	2				none	undetermined
build:PSS*1*140	build	PSS*1*140	1				none	undetermined
build:PSS*1*141	build	PSS*1*141	2				none	undetermined
build:PSS*1*155	build	PSS*1*155	1				none	undetermined
build:PSS*1.0*163	build	PSS*1.0*163	1				none	undetermined
build:PSS*1.0*68	build	PSS*1.0*68	2				none	undetermined
build:PX*1.5*2	build	PX*1.5*2	1				none	undetermined
build:PXRM*1.5*18	build	PXRM*1.5*18	1				none	undetermined
build:PXRM*2*1	build	PXRM*2*1	1				none	undetermined
build:PXRM*2*3	build	PXRM*2*3	1				none	undetermined
build:PXRM*2.0*4	build	PXRM*2.0*4	1				none	undetermined
build:PXRM*2.0*6	build	PXRM*2.0*6	1				none	undetermined
build:RA*5*12	build	RA*5*12	2				none	undetermined
build:RA*5*18	build	RA*5*18	1				none	undetermined
build:RA*5*19	build	RA*5*19	1				none	undetermined
build:RA*5*25	build	RA*5*25	1				none	undetermined
build:RA*5*3	build	RA*5*3	1				none	undetermined
build:RA*5*34	build	RA*5*34	1				none	undetermined
build:RA*5*41	build	RA*5*41	1				none	undetermined
build:RA*5*45	build	RA*5*45	3				none	undetermined
build:RA*5*47	build	RA*5*47	2				none	undetermined
build:RA*5*56	build	RA*5*56	3				none	undetermined
build:RA*5*57	build	RA*5*57	3				none	undetermined
build:RA*5*64	build	RA*5*64	6				none	undetermined
build:RA*5*67	build	RA*5*67	2				none	undetermined
build:RA*5*79	build	RA*5*79	3				none	undetermined
build:RA*5*81	build	RA*5*81	1				none	undetermined
build:RA*5*97	build	RA*5*97	3				none	undetermined
build:RA*5.0*113	build	RA*5.0*113	1				none	undetermined
build:RA*5.0*116	build	RA*5.0*116	1				none	undetermined
build:RA*5.0*158	build	RA*5.0*158	1				none	undetermined
build:RG*1*43	build	RG*1*43	13				none	undetermined
build:RG*1*45	build	RG*1*45	1				none	undetermined
build:RG*1.0*62	build	RG*1.0*62	4				none	undetermined
build:RMPR*3*168	build	RMPR*3*168	1				none	undetermined
build:RMPR*3*182	build	RMPR*3*182	2				none	undetermined
build:RMPR*3*51	build	RMPR*3*51	6				none	undetermined
build:RMPR*3*59	build	RMPR*3*59	2				none	undetermined
build:RMPR*3*61	build	RMPR*3*61	53				none	undetermined
build:RMPR*3*62	build	RMPR*3*62	1				none	undetermined
build:RMPR*3*71	build	RMPR*3*71	1				none	undetermined
build:RMPR*3*80	build	RMPR*3*80	13				none	undetermined
build:RMPR*3*90	build	RMPR*3*90	6				none	undetermined
build:RMPR*3*96	build	RMPR*3*96	3				none	undetermined
build:RMPR*3.0*62	build	RMPR*3.0*62	4				none	undetermined
build:ROR*1.5*10	build	ROR*1.5*10	5				none	undetermined
build:ROR*1.5*13	build	ROR*1.5*13	1				none	undetermined
build:ROR*1.5*14	build	ROR*1.5*14	1				none	undetermined
build:ROR*1.5*15	build	ROR*1.5*15	4				none	undetermined
build:ROR*1.5*17	build	ROR*1.5*17	3				none	undetermined
build:ROR*1.5*18	build	ROR*1.5*18	5				none	undetermined
build:ROR*1.5*19	build	ROR*1.5*19	10				none	undetermined
build:ROR*1.5*21	build	ROR*1.5*21	2				none	undetermined
build:ROR*1.5*24	build	ROR*1.5*24	4				none	undetermined
build:ROR*1.5*25	build	ROR*1.5*25	3				none	undetermined
build:ROR*1.5*26	build	ROR*1.5*26	4				none	undetermined
build:ROR*1.5*27	build	ROR*1.5*27	3				none	undetermined
build:ROR*1.5*28	build	ROR*1.5*28	3				none	undetermined
build:ROR*1.5*29	build	ROR*1.5*29	3				none	undetermined
build:ROR*1.5*3	build	ROR*1.5*3	1				none	undetermined
build:ROR*1.5*30	build	ROR*1.5*30	3				none	undetermined
build:ROR*1.5*31	build	ROR*1.5*31	1				none	undetermined
build:ROR*1.5*32	build	ROR*1.5*32	1				none	undetermined
build:ROR*1.5*33	build	ROR*1.5*33	3				none	undetermined
build:ROR*1.5*34	build	ROR*1.5*34	3				none	undetermined
build:ROR*1.5*35	build	ROR*1.5*35	3				none	undetermined
build:ROR*1.5*36	build	ROR*1.5*36	3				none	undetermined
build:ROR*1.5*37	build	ROR*1.5*37	3				none	undetermined
build:ROR*1.5*38	build	ROR*1.5*38	3				none	undetermined
build:ROR*1.5*39	build	ROR*1.5*39	3				none	undetermined
build:ROR*1.5*40	build	ROR*1.5*40	3				none	undetermined
build:ROR*1.5*41	build	ROR*1.5*41	3				none	undetermined
build:ROR*1.5*42	build	ROR*1.5*42	2				none	undetermined
build:ROR*1.5*8	build	ROR*1.5*8	1				none	undetermined
build:SD*5.3*671	build	SD*5.3*671	1				none	undetermined
build:SD*5.3*723	build	SD*5.3*723	1				none	undetermined
build:SR*3*100	build	SR*3*100	2				none	undetermined
build:SR*3*119	build	SR*3*119	1				none	undetermined
build:SR*3*125	build	SR*3*125	1				none	undetermined
build:SR*3*127	build	SR*3*127	1				none	undetermined
build:SR*3*129	build	SR*3*129	1				none	undetermined
build:SR*3*132	build	SR*3*132	1				none	undetermined
build:SR*3*142	build	SR*3*142	1				none	undetermined
build:SR*3*144	build	SR*3*144	1				none	undetermined
build:SR*3*146	build	SR*3*146	1				none	undetermined
build:SR*3*147	build	SR*3*147	1				none	undetermined
build:SR*3*152	build	SR*3*152	1				none	undetermined
build:SR*3*153	build	SR*3*153	1				none	undetermined
build:SR*3*157	build	SR*3*157	1				none	undetermined
build:SR*3*159	build	SR*3*159	1				none	undetermined
build:SR*3*160	build	SR*3*160	1				none	undetermined
build:SR*3*163	build	SR*3*163	1				none	undetermined
build:SR*3*164	build	SR*3*164	1				none	undetermined
build:SR*3*166	build	SR*3*166	1				none	undetermined
build:SR*3*167	build	SR*3*167	2				none	undetermined
build:SR*3*174	build	SR*3*174	2				none	undetermined
build:SR*3*175	build	SR*3*175	2				none	undetermined
build:SR*3*176	build	SR*3*176	2				none	undetermined
build:SR*3*177	build	SR*3*177	2				none	undetermined
build:SR*3*18	build	SR*3*18	2				none	undetermined
build:SR*3*182	build	SR*3*182	2				none	undetermined
build:SR*3*184	build	SR*3*184	6				none	undetermined
build:TIU*1.0*290	build	TIU*1.0*290	1				none	undetermined
build:USR*1*27	build	USR*1*27	2				none	undetermined
build:USR*1*30	build	USR*1*30	1				none	undetermined
build:USR*1*38	build	USR*1*38	1				none	undetermined
build:XM*7.1*8	build	XM*7.1*8	1				none	undetermined
build:XT*7.3*113	build	XT*7.3*113	6				none	undetermined
build:XT*7.3*67	build	XT*7.3*67	1				none	undetermined
build:XT*7.3*89	build	XT*7.3*89	1				none	undetermined
build:XU*8*107	build	XU*8*107	1				none	undetermined
build:XU*8*205	build	XU*8*205	1				none	undetermined
build:XU*8*207	build	XU*8*207	2				none	undetermined
build:XU*8*238	build	XU*8*238	1				none	undetermined
build:XU*8*265	build	XU*8*265	1				none	undetermined
build:XU*8*284	build	XU*8*284	1				none	undetermined
build:XU*8*309	build	XU*8*309	1				none	undetermined
build:XU*8*325	build	XU*8*325	1				none	undetermined
build:XU*8*337	build	XU*8*337	1				none	undetermined
build:XU*8*343	build	XU*8*343	1				none	undetermined
build:XU*8*361	build	XU*8*361	1				none	undetermined
build:XU*8.0*107	build	XU*8.0*107	1				none	undetermined
build:XU*8.0*186	build	XU*8.0*186	1				none	undetermined
build:XU*8.0*27	build	XU*8.0*27	2				none	undetermined
build:XU*8.0*377	build	XU*8.0*377	1				none	undetermined
build:XU*8.0*531	build	XU*8.0*531	2				none	undetermined
build:XU*8.0*559	build	XU*8.0*559	4				none	undetermined
build:XU*8.0*671	build	XU*8.0*671	2				none	undetermined
build:XWB*1.1*45	build	XWB*1.1*45	1				none	undetermined
build:YS*5.01*103	build	YS*5.01*103	1				none	undetermined
build:YS*5.01*122	build	YS*5.01*122	1				none	undetermined
build:YS*5.01*150	build	YS*5.01*150	6				none	undetermined
build:YS*5.01*85	build	YS*5.01*85	1				none	undetermined
fileman_file:0	fileman_file	0	3	data-model/files.tsv	file_number	0	exact-key	high
fileman_file:01	fileman_file	01	5				none	undetermined
fileman_file:03	fileman_file	03	2				none	undetermined
fileman_file:05	fileman_file	05	5				none	undetermined
fileman_file:06	fileman_file	06	2				none	undetermined
fileman_file:07	fileman_file	07	1				none	undetermined
fileman_file:09	fileman_file	09	1				none	undetermined
fileman_file:1	fileman_file	1	46	data-model/files.tsv	file_number	1	exact-key	high
fileman_file:1.2	fileman_file	1.2	2	data-model/files.tsv	file_number	1.2	exact-key	high
fileman_file:10	fileman_file	10	6	data-model/files.tsv	file_number	10	exact-key	high
fileman_file:100	fileman_file	100	28	data-model/files.tsv	file_number	100	exact-key	high
fileman_file:100.01	fileman_file	100.01	2	data-model/files.tsv	file_number	100.01	exact-key	high
fileman_file:100.05	fileman_file	100.05	1	data-model/files.tsv	file_number	100.05	exact-key	high
fileman_file:100.21	fileman_file	100.21	4	data-model/files.tsv	file_number	100.21	exact-key	high
fileman_file:100.2101	fileman_file	100.2101	1	data-model/files.tsv	file_number	100.2101	exact-key	high
fileman_file:100.23	fileman_file	100.23	13	data-model/files.tsv	file_number	100.23	exact-key	high
fileman_file:100.241	fileman_file	100.241	1	data-model/files.tsv	file_number	100.241	exact-key	high
fileman_file:100.68	fileman_file	100.68	1	data-model/files.tsv	file_number	100.68	exact-key	high
fileman_file:100.8	fileman_file	100.8	1	data-model/files.tsv	file_number	100.8	exact-key	high
fileman_file:100.9	fileman_file	100.9	7	data-model/files.tsv	file_number	100.9	exact-key	high
fileman_file:100.98	fileman_file	100.98	3	data-model/files.tsv	file_number	100.98	exact-key	high
fileman_file:100.99	fileman_file	100.99	3	data-model/files.tsv	file_number	100.99	exact-key	high
fileman_file:101	fileman_file	101	6	data-model/files.tsv	file_number	101	exact-key	high
fileman_file:101.11	fileman_file	101.11	1	data-model/files.tsv	file_number	101.11	exact-key	high
fileman_file:101.24	fileman_file	101.24	1	data-model/files.tsv	file_number	101.24	exact-key	high
fileman_file:101.41	fileman_file	101.41	21	data-model/files.tsv	file_number	101.41	exact-key	high
fileman_file:101.43	fileman_file	101.43	3	data-model/files.tsv	file_number	101.43	exact-key	high
fileman_file:10106	fileman_file	10106	1				none	undetermined
fileman_file:10136	fileman_file	10136	1				none	undetermined
fileman_file:10137	fileman_file	10137	1				none	undetermined
fileman_file:10138	fileman_file	10138	1				none	undetermined
fileman_file:104	fileman_file	104	1	data-model/files.tsv	file_number	104	exact-key	high
fileman_file:109	fileman_file	109	1				none	undetermined
fileman_file:11	fileman_file	11	11	data-model/files.tsv	file_number	11	exact-key	high
fileman_file:112	fileman_file	112	1	data-model/files.tsv	file_number	112	exact-key	high
fileman_file:1170	fileman_file	1170	1				none	undetermined
fileman_file:12	fileman_file	12	14	data-model/files.tsv	file_number	12	exact-key	high
fileman_file:120.5	fileman_file	120.5	13	data-model/files.tsv	file_number	120.5	exact-key	high
fileman_file:120.51	fileman_file	120.51	43	data-model/files.tsv	file_number	120.51	exact-key	high
fileman_file:120.52	fileman_file	120.52	23	data-model/files.tsv	file_number	120.52	exact-key	high
fileman_file:120.53	fileman_file	120.53	28	data-model/files.tsv	file_number	120.53	exact-key	high
fileman_file:120.57	fileman_file	120.57	39	data-model/files.tsv	file_number	120.57	exact-key	high
fileman_file:120.8	fileman_file	120.8	22	data-model/files.tsv	file_number	120.8	exact-key	high
fileman_file:120.82	fileman_file	120.82	42	data-model/files.tsv	file_number	120.82	exact-key	high
fileman_file:120.83	fileman_file	120.83	20	data-model/files.tsv	file_number	120.83	exact-key	high
fileman_file:120.85	fileman_file	120.85	1	data-model/files.tsv	file_number	120.85	exact-key	high
fileman_file:120.86	fileman_file	120.86	1	data-model/files.tsv	file_number	120.86	exact-key	high
fileman_file:121	fileman_file	121	1				none	undetermined
fileman_file:1212	fileman_file	1212	1				none	undetermined
fileman_file:123	fileman_file	123	27	data-model/files.tsv	file_number	123	exact-key	high
fileman_file:123.1	fileman_file	123.1	1	data-model/files.tsv	file_number	123.1	exact-key	high
fileman_file:123.3	fileman_file	123.3	1	data-model/files.tsv	file_number	123.3	exact-key	high
fileman_file:123.5	fileman_file	123.5	7	data-model/files.tsv	file_number	123.5	exact-key	high
fileman_file:126	fileman_file	126	1	data-model/files.tsv	file_number	126	exact-key	high
fileman_file:128	fileman_file	128	1				none	undetermined
fileman_file:128.1	fileman_file	128.1	1				none	undetermined
fileman_file:13	fileman_file	13	6	data-model/files.tsv	file_number	13	exact-key	high
fileman_file:130	fileman_file	130	20	data-model/files.tsv	file_number	130	exact-key	high
fileman_file:130.4	fileman_file	130.4	1	data-model/files.tsv	file_number	130.4	exact-key	high
fileman_file:139	fileman_file	139	8				none	undetermined
fileman_file:14	fileman_file	14	2				none	undetermined
fileman_file:14.6	fileman_file	14.6	1	data-model/files.tsv	file_number	14.6	exact-key	high
fileman_file:141	fileman_file	141	1				none	undetermined
fileman_file:142	fileman_file	142	4	data-model/files.tsv	file_number	142	exact-key	high
fileman_file:142.1	fileman_file	142.1	2	data-model/files.tsv	file_number	142.1	exact-key	high
fileman_file:142.5	fileman_file	142.5	10	data-model/files.tsv	file_number	142.5	exact-key	high
fileman_file:15	fileman_file	15	4	data-model/files.tsv	file_number	15	exact-key	high
fileman_file:15.1	fileman_file	15.1	2	data-model/files.tsv	file_number	15.1	exact-key	high
fileman_file:15.2	fileman_file	15.2	1	data-model/files.tsv	file_number	15.2	exact-key	high
fileman_file:16	fileman_file	16	3				none	undetermined
fileman_file:16000	fileman_file	16000	2				none	undetermined
fileman_file:16200	fileman_file	16200	5				none	undetermined
fileman_file:16201	fileman_file	16201	1				none	undetermined
fileman_file:171	fileman_file	171	1				none	undetermined
fileman_file:19	fileman_file	19	14	data-model/files.tsv	file_number	19	exact-key	high
fileman_file:19.2	fileman_file	19.2	2	data-model/files.tsv	file_number	19.2	exact-key	high
fileman_file:19.95	fileman_file	19.95	3				none	undetermined
fileman_file:195.1	fileman_file	195.1	1	data-model/files.tsv	file_number	195.1	exact-key	high
fileman_file:195.4	fileman_file	195.4	1	data-model/files.tsv	file_number	195.4	exact-key	high
fileman_file:195.9	fileman_file	195.9	1	data-model/files.tsv	file_number	195.9	exact-key	high
fileman_file:197	fileman_file	197	2				none	undetermined
fileman_file:2	fileman_file	2	66	data-model/files.tsv	file_number	2	exact-key	high
fileman_file:2.0361	fileman_file	2.0361	1	data-model/files.tsv	file_number	2.0361	exact-key	high
fileman_file:2.04	fileman_file	2.04	1	data-model/files.tsv	file_number	2.04	exact-key	high
fileman_file:2.05	fileman_file	2.05	2	data-model/files.tsv	file_number	2.05	exact-key	high
fileman_file:2.1	fileman_file	2.1	2				none	undetermined
fileman_file:2.40	fileman_file	2.40	1				none	undetermined
fileman_file:2.98	fileman_file	2.98	1	data-model/files.tsv	file_number	2.98	exact-key	high
fileman_file:20	fileman_file	20	4	data-model/files.tsv	file_number	20	exact-key	high
fileman_file:200	fileman_file	200	68	data-model/files.tsv	file_number	200	exact-key	high
fileman_file:2005	fileman_file	2005	2	data-model/files.tsv	file_number	2005	exact-key	high
fileman_file:2005.2	fileman_file	2005.2	2	data-model/files.tsv	file_number	2005.2	exact-key	high
fileman_file:2005.83	fileman_file	2005.83	1	data-model/files.tsv	file_number	2005.83	exact-key	high
fileman_file:2006.035	fileman_file	2006.035	1	data-model/files.tsv	file_number	2006.035	exact-key	high
fileman_file:2006.1	fileman_file	2006.1	2	data-model/files.tsv	file_number	2006.1	exact-key	high
fileman_file:209	fileman_file	209	1				none	undetermined
fileman_file:21	fileman_file	21	2	data-model/files.tsv	file_number	21	exact-key	high
fileman_file:210	fileman_file	210	6	data-model/files.tsv	file_number	210	exact-key	high
fileman_file:2100	fileman_file	2100	5	data-model/files.tsv	file_number	2100	exact-key	high
fileman_file:2101.1	fileman_file	2101.1	7	data-model/files.tsv	file_number	2101.1	exact-key	high
fileman_file:2101.2	fileman_file	2101.2	2	data-model/files.tsv	file_number	2101.2	exact-key	high
fileman_file:2101.7	fileman_file	2101.7	1	data-model/files.tsv	file_number	2101.7	exact-key	high
fileman_file:211.4	fileman_file	211.4	3	data-model/files.tsv	file_number	211.4	exact-key	high
fileman_file:211.8	fileman_file	211.8	6	data-model/files.tsv	file_number	211.8	exact-key	high
fileman_file:213.9	fileman_file	213.9	1	data-model/files.tsv	file_number	213.9	exact-key	high
fileman_file:214.6	fileman_file	214.6	3	data-model/files.tsv	file_number	214.6	exact-key	high
fileman_file:214.7	fileman_file	214.7	1	data-model/files.tsv	file_number	214.7	exact-key	high
fileman_file:214.8	fileman_file	214.8	1				none	undetermined
fileman_file:22	fileman_file	22	1	data-model/files.tsv	file_number	22	exact-key	high
fileman_file:22.5	fileman_file	22.5	2				none	undetermined
fileman_file:225	fileman_file	225	2	data-model/files.tsv	file_number	225	exact-key	high
fileman_file:2260	fileman_file	2260	1	data-model/files.tsv	file_number	2260	exact-key	high
fileman_file:230	fileman_file	230	2	data-model/files.tsv	file_number	230	exact-key	high
fileman_file:232	fileman_file	232	1				none	undetermined
fileman_file:234	fileman_file	234	1	data-model/files.tsv	file_number	234	exact-key	high
fileman_file:25	fileman_file	25	1	data-model/files.tsv	file_number	25	exact-key	high
fileman_file:2507	fileman_file	2507	2				none	undetermined
fileman_file:27.11	fileman_file	27.11	2	data-model/files.tsv	file_number	27.11	exact-key	high
fileman_file:29	fileman_file	29	5				none	undetermined
fileman_file:3	fileman_file	3	31				none	undetermined
fileman_file:3.1	fileman_file	3.1	1	data-model/files.tsv	file_number	3.1	exact-key	high
fileman_file:3.18	fileman_file	3.18	2				none	undetermined
fileman_file:3.4	fileman_file	3.4	1	data-model/files.tsv	file_number	3.4	exact-key	high
fileman_file:3.5	fileman_file	3.5	20	data-model/files.tsv	file_number	3.5	exact-key	high
fileman_file:3.8	fileman_file	3.8	3	data-model/files.tsv	file_number	3.8	exact-key	high
fileman_file:30	fileman_file	30	4	data-model/files.tsv	file_number	30	exact-key	high
fileman_file:3004	fileman_file	3004	1				none	undetermined
fileman_file:301	fileman_file	301	1				none	undetermined
fileman_file:301.7	fileman_file	301.7	1	data-model/files.tsv	file_number	301.7	exact-key	high
fileman_file:31	fileman_file	31	3	data-model/files.tsv	file_number	31	exact-key	high
fileman_file:32	fileman_file	32	2				none	undetermined
fileman_file:33	fileman_file	33	1	data-model/files.tsv	file_number	33	exact-key	high
fileman_file:34	fileman_file	34	1	data-model/files.tsv	file_number	34	exact-key	high
fileman_file:340	fileman_file	340	1	data-model/files.tsv	file_number	340	exact-key	high
fileman_file:341.1	fileman_file	341.1	2	data-model/files.tsv	file_number	341.1	exact-key	high
fileman_file:344	fileman_file	344	1	data-model/files.tsv	file_number	344	exact-key	high
fileman_file:347	fileman_file	347	1	data-model/files.tsv	file_number	347	exact-key	high
fileman_file:349	fileman_file	349	1	data-model/files.tsv	file_number	349	exact-key	high
fileman_file:359.2	fileman_file	359.2	2	data-model/files.tsv	file_number	359.2	exact-key	high
fileman_file:36	fileman_file	36	1	data-model/files.tsv	file_number	36	exact-key	high
fileman_file:361.1	fileman_file	361.1	2	data-model/files.tsv	file_number	361.1	exact-key	high
fileman_file:37	fileman_file	37	1	data-model/files.tsv	file_number	37	exact-key	high
fileman_file:38	fileman_file	38	1				none	undetermined
fileman_file:391.71	fileman_file	391.71	1	data-model/files.tsv	file_number	391.71	exact-key	high
fileman_file:391.91	fileman_file	391.91	1	data-model/files.tsv	file_number	391.91	exact-key	high
fileman_file:391.92	fileman_file	391.92	1	data-model/files.tsv	file_number	391.92	exact-key	high
fileman_file:392.3	fileman_file	392.3	1	data-model/files.tsv	file_number	392.3	exact-key	high
fileman_file:396.6	fileman_file	396.6	1	data-model/files.tsv	file_number	396.6	exact-key	high
fileman_file:4	fileman_file	4	24	data-model/files.tsv	file_number	4	exact-key	high
fileman_file:4.0	fileman_file	4.0	1				none	undetermined
fileman_file:4.2	fileman_file	4.2	7	data-model/files.tsv	file_number	4.2	exact-key	high
fileman_file:40.7	fileman_file	40.7	1	data-model/files.tsv	file_number	40.7	exact-key	high
fileman_file:403.5	fileman_file	403.5	2	data-model/files.tsv	file_number	403.5	exact-key	high
fileman_file:403.56	fileman_file	403.56	2	data-model/files.tsv	file_number	403.56	exact-key	high
fileman_file:405	fileman_file	405	8	data-model/files.tsv	file_number	405	exact-key	high
fileman_file:405.1	fileman_file	405.1	5	data-model/files.tsv	file_number	405.1	exact-key	high
fileman_file:409.1	fileman_file	409.1	1	data-model/files.tsv	file_number	409.1	exact-key	high
fileman_file:409.2	fileman_file	409.2	1	data-model/files.tsv	file_number	409.2	exact-key	high
fileman_file:409.3	fileman_file	409.3	2	data-model/files.tsv	file_number	409.3	exact-key	high
fileman_file:409.31	fileman_file	409.31	1	data-model/files.tsv	file_number	409.31	exact-key	high
fileman_file:409.32	fileman_file	409.32	1	data-model/files.tsv	file_number	409.32	exact-key	high
fileman_file:409.6	fileman_file	409.6	1	data-model/files.tsv	file_number	409.6	exact-key	high
fileman_file:409.834	fileman_file	409.834	1	data-model/files.tsv	file_number	409.834	exact-key	high
fileman_file:409.84	fileman_file	409.84	7	data-model/files.tsv	file_number	409.84	exact-key	high
fileman_file:409.85	fileman_file	409.85	4	data-model/files.tsv	file_number	409.85	exact-key	high
fileman_file:41	fileman_file	41	1				none	undetermined
fileman_file:410	fileman_file	410	50	data-model/files.tsv	file_number	410	exact-key	high
fileman_file:410.1	fileman_file	410.1	8	data-model/files.tsv	file_number	410.1	exact-key	high
fileman_file:410.2	fileman_file	410.2	1	data-model/files.tsv	file_number	410.2	exact-key	high
fileman_file:411	fileman_file	411	11	data-model/files.tsv	file_number	411	exact-key	high
fileman_file:413	fileman_file	413	2	data-model/files.tsv	file_number	413	exact-key	high
fileman_file:413.1	fileman_file	413.1	2	data-model/files.tsv	file_number	413.1	exact-key	high
fileman_file:413.2	fileman_file	413.2	4	data-model/files.tsv	file_number	413.2	exact-key	high
fileman_file:413.4	fileman_file	413.4	2	data-model/files.tsv	file_number	413.4	exact-key	high
fileman_file:413.5	fileman_file	413.5	2	data-model/files.tsv	file_number	413.5	exact-key	high
fileman_file:413.7	fileman_file	413.7	2	data-model/files.tsv	file_number	413.7	exact-key	high
fileman_file:417	fileman_file	417	10	data-model/files.tsv	file_number	417	exact-key	high
fileman_file:417.1	fileman_file	417.1	1	data-model/files.tsv	file_number	417.1	exact-key	high
fileman_file:42	fileman_file	42	17	data-model/files.tsv	file_number	42	exact-key	high
fileman_file:42.4	fileman_file	42.4	1	data-model/files.tsv	file_number	42.4	exact-key	high
fileman_file:421	fileman_file	421	6	data-model/files.tsv	file_number	421	exact-key	high
fileman_file:423	fileman_file	423	4	data-model/files.tsv	file_number	423	exact-key	high
fileman_file:424	fileman_file	424	24	data-model/files.tsv	file_number	424	exact-key	high
fileman_file:424.1	fileman_file	424.1	4	data-model/files.tsv	file_number	424.1	exact-key	high
fileman_file:430	fileman_file	430	12	data-model/files.tsv	file_number	430	exact-key	high
fileman_file:430.2	fileman_file	430.2	1	data-model/files.tsv	file_number	430.2	exact-key	high
fileman_file:430.8	fileman_file	430.8	5	data-model/files.tsv	file_number	430.8	exact-key	high
fileman_file:432	fileman_file	432	1				none	undetermined
fileman_file:433	fileman_file	433	8	data-model/files.tsv	file_number	433	exact-key	high
fileman_file:44	fileman_file	44	48	data-model/files.tsv	file_number	44	exact-key	high
fileman_file:44.003	fileman_file	44.003	1	data-model/files.tsv	file_number	44.003	exact-key	high
fileman_file:440	fileman_file	440	3	data-model/files.tsv	file_number	440	exact-key	high
fileman_file:440.5	fileman_file	440.5	4	data-model/files.tsv	file_number	440.5	exact-key	high
fileman_file:440.6	fileman_file	440.6	5	data-model/files.tsv	file_number	440.6	exact-key	high
fileman_file:441	fileman_file	441	11	data-model/files.tsv	file_number	441	exact-key	high
fileman_file:442	fileman_file	442	92	data-model/files.tsv	file_number	442	exact-key	high
fileman_file:442.5	fileman_file	442.5	2	data-model/files.tsv	file_number	442.5	exact-key	high
fileman_file:442.6	fileman_file	442.6	1	data-model/files.tsv	file_number	442.6	exact-key	high
fileman_file:443	fileman_file	443	7	data-model/files.tsv	file_number	443	exact-key	high
fileman_file:443.1	fileman_file	443.1	44	data-model/files.tsv	file_number	443.1	exact-key	high
fileman_file:443.2	fileman_file	443.2	4	data-model/files.tsv	file_number	443.2	exact-key	high
fileman_file:443.9	fileman_file	443.9	11	data-model/files.tsv	file_number	443.9	exact-key	high
fileman_file:445.2	fileman_file	445.2	1	data-model/files.tsv	file_number	445.2	exact-key	high
fileman_file:446	fileman_file	446	4	data-model/files.tsv	file_number	446	exact-key	high
fileman_file:446.4	fileman_file	446.4	4	data-model/files.tsv	file_number	446.4	exact-key	high
fileman_file:446.6	fileman_file	446.6	2	data-model/files.tsv	file_number	446.6	exact-key	high
fileman_file:446.7	fileman_file	446.7	3	data-model/files.tsv	file_number	446.7	exact-key	high
fileman_file:447.1	fileman_file	447.1	4	data-model/files.tsv	file_number	447.1	exact-key	high
fileman_file:45	fileman_file	45	4	data-model/files.tsv	file_number	45	exact-key	high
fileman_file:45.7	fileman_file	45.7	2	data-model/files.tsv	file_number	45.7	exact-key	high
fileman_file:450	fileman_file	450	6	data-model/files.tsv	file_number	450	exact-key	high
fileman_file:452	fileman_file	452	2	data-model/files.tsv	file_number	452	exact-key	high
fileman_file:452.2	fileman_file	452.2	1	data-model/files.tsv	file_number	452.2	exact-key	high
fileman_file:452.6	fileman_file	452.6	1	data-model/files.tsv	file_number	452.6	exact-key	high
fileman_file:454.1	fileman_file	454.1	1	data-model/files.tsv	file_number	454.1	exact-key	high
fileman_file:458.5	fileman_file	458.5	2	data-model/files.tsv	file_number	458.5	exact-key	high
fileman_file:47	fileman_file	47	2	data-model/files.tsv	file_number	47	exact-key	high
fileman_file:470	fileman_file	470	2	data-model/files.tsv	file_number	470	exact-key	high
fileman_file:470.1	fileman_file	470.1	2	data-model/files.tsv	file_number	470.1	exact-key	high
fileman_file:470.2	fileman_file	470.2	1	data-model/files.tsv	file_number	470.2	exact-key	high
fileman_file:470.3	fileman_file	470.3	1	data-model/files.tsv	file_number	470.3	exact-key	high
fileman_file:470.6	fileman_file	470.6	1	data-model/files.tsv	file_number	470.6	exact-key	high
fileman_file:49	fileman_file	49	2	data-model/files.tsv	file_number	49	exact-key	high
fileman_file:5	fileman_file	5	19	data-model/files.tsv	file_number	5	exact-key	high
fileman_file:50	fileman_file	50	13	data-model/files.tsv	file_number	50	exact-key	high
fileman_file:50.416	fileman_file	50.416	2	data-model/files.tsv	file_number	50.416	exact-key	high
fileman_file:50.6	fileman_file	50.6	2	data-model/files.tsv	file_number	50.6	exact-key	high
fileman_file:50.605	fileman_file	50.605	4	data-model/files.tsv	file_number	50.605	exact-key	high
fileman_file:50.621	fileman_file	50.621	2	data-model/files.tsv	file_number	50.621	exact-key	high
fileman_file:50.622	fileman_file	50.622	2	data-model/files.tsv	file_number	50.622	exact-key	high
fileman_file:50.625	fileman_file	50.625	1	data-model/files.tsv	file_number	50.625	exact-key	high
fileman_file:50.68	fileman_file	50.68	2	data-model/files.tsv	file_number	50.68	exact-key	high
fileman_file:50.7	fileman_file	50.7	1	data-model/files.tsv	file_number	50.7	exact-key	high
fileman_file:503910	fileman_file	503910	1				none	undetermined
fileman_file:509805.9	fileman_file	509805.9	2				none	undetermined
fileman_file:509850.9	fileman_file	509850.9	8	data-model/files.tsv	file_number	509850.9	exact-key	high
fileman_file:51.2	fileman_file	51.2	8	data-model/files.tsv	file_number	51.2	exact-key	high
fileman_file:52	fileman_file	52	4	data-model/files.tsv	file_number	52	exact-key	high
fileman_file:52.6	fileman_file	52.6	3	data-model/files.tsv	file_number	52.6	exact-key	high
fileman_file:52.7	fileman_file	52.7	3	data-model/files.tsv	file_number	52.7	exact-key	high
fileman_file:53.8	fileman_file	53.8	2	data-model/files.tsv	file_number	53.8	exact-key	high
fileman_file:536.3	fileman_file	536.3	1				none	undetermined
fileman_file:54	fileman_file	54	1	data-model/files.tsv	file_number	54	exact-key	high
fileman_file:55	fileman_file	55	6	data-model/files.tsv	file_number	55	exact-key	high
fileman_file:56	fileman_file	56	1	data-model/files.tsv	file_number	56	exact-key	high
fileman_file:578	fileman_file	578	3				none	undetermined
fileman_file:579.3	fileman_file	579.3	2	data-model/files.tsv	file_number	579.3	exact-key	high
fileman_file:58	fileman_file	58	1	data-model/files.tsv	file_number	58	exact-key	high
fileman_file:58.1	fileman_file	58.1	7	data-model/files.tsv	file_number	58.1	exact-key	high
fileman_file:58.16	fileman_file	58.16	2	data-model/files.tsv	file_number	58.16	exact-key	high
fileman_file:58.19	fileman_file	58.19	2	data-model/files.tsv	file_number	58.19	exact-key	high
fileman_file:58.3	fileman_file	58.3	3	data-model/files.tsv	file_number	58.3	exact-key	high
fileman_file:58.5	fileman_file	58.5	1	data-model/files.tsv	file_number	58.5	exact-key	high
fileman_file:58.8	fileman_file	58.8	1	data-model/files.tsv	file_number	58.8	exact-key	high
fileman_file:59	fileman_file	59	1	data-model/files.tsv	file_number	59	exact-key	high
fileman_file:59.4	fileman_file	59.4	1	data-model/files.tsv	file_number	59.4	exact-key	high
fileman_file:59.5	fileman_file	59.5	5	data-model/files.tsv	file_number	59.5	exact-key	high
fileman_file:59.9	fileman_file	59.9	1	data-model/files.tsv	file_number	59.9	exact-key	high
fileman_file:6	fileman_file	6	6				none	undetermined
fileman_file:60	fileman_file	60	243	data-model/files.tsv	file_number	60	exact-key	high
fileman_file:60.01	fileman_file	60.01	6	data-model/files.tsv	file_number	60.01	exact-key	high
fileman_file:60.0216611	fileman_file	60.0216611	1				none	undetermined
fileman_file:601.71	fileman_file	601.71	1	data-model/files.tsv	file_number	601.71	exact-key	high
fileman_file:601.84	fileman_file	601.84	2	data-model/files.tsv	file_number	601.84	exact-key	high
fileman_file:602	fileman_file	602	2				none	undetermined
fileman_file:603.01	fileman_file	603.01	2	data-model/files.tsv	file_number	603.01	exact-key	high
fileman_file:603.03	fileman_file	603.03	1	data-model/files.tsv	file_number	603.03	exact-key	high
fileman_file:603.05	fileman_file	603.05	1	data-model/files.tsv	file_number	603.05	exact-key	high
fileman_file:61	fileman_file	61	17	data-model/files.tsv	file_number	61	exact-key	high
fileman_file:61.2	fileman_file	61.2	5	data-model/files.tsv	file_number	61.2	exact-key	high
fileman_file:61.3	fileman_file	61.3	5	data-model/files.tsv	file_number	61.3	exact-key	high
fileman_file:615	fileman_file	615	1	data-model/files.tsv	file_number	615	exact-key	high
fileman_file:62	fileman_file	62	4	data-model/files.tsv	file_number	62	exact-key	high
fileman_file:62.06	fileman_file	62.06	1	data-model/files.tsv	file_number	62.06	exact-key	high
fileman_file:62.1	fileman_file	62.1	1	data-model/files.tsv	file_number	62.1	exact-key	high
fileman_file:62.485	fileman_file	62.485	1	data-model/files.tsv	file_number	62.485	exact-key	high
fileman_file:62.5	fileman_file	62.5	1	data-model/files.tsv	file_number	62.5	exact-key	high
fileman_file:62.6	fileman_file	62.6	2	data-model/files.tsv	file_number	62.6	exact-key	high
fileman_file:62.9	fileman_file	62.9	1	data-model/files.tsv	file_number	62.9	exact-key	high
fileman_file:63	fileman_file	63	19	data-model/files.tsv	file_number	63	exact-key	high
fileman_file:63.04	fileman_file	63.04	5	data-model/files.tsv	file_number	63.04	exact-key	high
fileman_file:63.05	fileman_file	63.05	2	data-model/files.tsv	file_number	63.05	exact-key	high
fileman_file:631.4	fileman_file	631.4	1	data-model/files.tsv	file_number	631.4	exact-key	high
fileman_file:631.6	fileman_file	631.6	2	data-model/files.tsv	file_number	631.6	exact-key	high
fileman_file:631.9	fileman_file	631.9	2	data-model/files.tsv	file_number	631.9	exact-key	high
fileman_file:632	fileman_file	632	2	data-model/files.tsv	file_number	632	exact-key	high
fileman_file:64	fileman_file	64	11	data-model/files.tsv	file_number	64	exact-key	high
fileman_file:64.061	fileman_file	64.061	2	data-model/files.tsv	file_number	64.061	exact-key	high
fileman_file:64.1	fileman_file	64.1	10	data-model/files.tsv	file_number	64.1	exact-key	high
fileman_file:64.19999	fileman_file	64.19999	8	data-model/files.tsv	file_number	64.19999	exact-key	high
fileman_file:64.2	fileman_file	64.2	1	data-model/files.tsv	file_number	64.2	exact-key	high
fileman_file:64.5	fileman_file	64.5	2	data-model/files.tsv	file_number	64.5	exact-key	high
fileman_file:64.6	fileman_file	64.6	1	data-model/files.tsv	file_number	64.6	exact-key	high
fileman_file:65	fileman_file	65	4	data-model/files.tsv	file_number	65	exact-key	high
fileman_file:65.5	fileman_file	65.5	4	data-model/files.tsv	file_number	65.5	exact-key	high
fileman_file:66	fileman_file	66	5	data-model/files.tsv	file_number	66	exact-key	high
fileman_file:66.2	fileman_file	66.2	1	data-model/files.tsv	file_number	66.2	exact-key	high
fileman_file:660	fileman_file	660	4	data-model/files.tsv	file_number	660	exact-key	high
fileman_file:661	fileman_file	661	4	data-model/files.tsv	file_number	661	exact-key	high
fileman_file:664	fileman_file	664	1	data-model/files.tsv	file_number	664	exact-key	high
fileman_file:664.1	fileman_file	664.1	1	data-model/files.tsv	file_number	664.1	exact-key	high
fileman_file:668	fileman_file	668	2	data-model/files.tsv	file_number	668	exact-key	high
fileman_file:669.9	fileman_file	669.9	3	data-model/files.tsv	file_number	669.9	exact-key	high
fileman_file:67.9	fileman_file	67.9	4	data-model/files.tsv	file_number	67.9	exact-key	high
fileman_file:67.99999	fileman_file	67.99999	2	data-model/files.tsv	file_number	67.99999	exact-key	high
fileman_file:68	fileman_file	68	5	data-model/files.tsv	file_number	68	exact-key	high
fileman_file:687065	fileman_file	687065	1				none	undetermined
fileman_file:69	fileman_file	69	11	data-model/files.tsv	file_number	69	exact-key	high
fileman_file:69.321661	fileman_file	69.321661	1				none	undetermined
fileman_file:69.5	fileman_file	69.5	2	data-model/files.tsv	file_number	69.5	exact-key	high
fileman_file:69.71	fileman_file	69.71	2	data-model/files.tsv	file_number	69.71	exact-key	high
fileman_file:69.9	fileman_file	69.9	2	data-model/files.tsv	file_number	69.9	exact-key	high
fileman_file:69.91	fileman_file	69.91	1	data-model/files.tsv	file_number	69.91	exact-key	high
fileman_file:6910	fileman_file	6910	2	data-model/files.tsv	file_number	6910	exact-key	high
fileman_file:6910.1	fileman_file	6910.1	2	data-model/files.tsv	file_number	6910.1	exact-key	high
fileman_file:6911	fileman_file	6911	10	data-model/files.tsv	file_number	6911	exact-key	high
fileman_file:6912	fileman_file	6912	2	data-model/files.tsv	file_number	6912	exact-key	high
fileman_file:6914	fileman_file	6914	23	data-model/files.tsv	file_number	6914	exact-key	high
fileman_file:6914.1	fileman_file	6914.1	4	data-model/files.tsv	file_number	6914.1	exact-key	high
fileman_file:6914.2	fileman_file	6914.2	2	data-model/files.tsv	file_number	6914.2	exact-key	high
fileman_file:6916	fileman_file	6916	2	data-model/files.tsv	file_number	6916	exact-key	high
fileman_file:6916.2	fileman_file	6916.2	2	data-model/files.tsv	file_number	6916.2	exact-key	high
fileman_file:6916.3	fileman_file	6916.3	2	data-model/files.tsv	file_number	6916.3	exact-key	high
fileman_file:6917	fileman_file	6917	3	data-model/files.tsv	file_number	6917	exact-key	high
fileman_file:6920	fileman_file	6920	8	data-model/files.tsv	file_number	6920	exact-key	high
fileman_file:6920.1	fileman_file	6920.1	2	data-model/files.tsv	file_number	6920.1	exact-key	high
fileman_file:6921	fileman_file	6921	2	data-model/files.tsv	file_number	6921	exact-key	high
fileman_file:6922	fileman_file	6922	4	data-model/files.tsv	file_number	6922	exact-key	high
fileman_file:6924	fileman_file	6924	2	data-model/files.tsv	file_number	6924	exact-key	high
fileman_file:6924.1	fileman_file	6924.1	2	data-model/files.tsv	file_number	6924.1	exact-key	high
fileman_file:6924.2	fileman_file	6924.2	2	data-model/files.tsv	file_number	6924.2	exact-key	high
fileman_file:6924.3	fileman_file	6924.3	2	data-model/files.tsv	file_number	6924.3	exact-key	high
fileman_file:6925	fileman_file	6925	4	data-model/files.tsv	file_number	6925	exact-key	high
fileman_file:6925.2	fileman_file	6925.2	2	data-model/files.tsv	file_number	6925.2	exact-key	high
fileman_file:6926	fileman_file	6926	6	data-model/files.tsv	file_number	6926	exact-key	high
fileman_file:6927	fileman_file	6927	6	data-model/files.tsv	file_number	6927	exact-key	high
fileman_file:6928	fileman_file	6928	4	data-model/files.tsv	file_number	6928	exact-key	high
fileman_file:6928.1	fileman_file	6928.1	2	data-model/files.tsv	file_number	6928.1	exact-key	high
fileman_file:6928.2	fileman_file	6928.2	2	data-model/files.tsv	file_number	6928.2	exact-key	high
fileman_file:6928.3	fileman_file	6928.3	4	data-model/files.tsv	file_number	6928.3	exact-key	high
fileman_file:6929	fileman_file	6929	4	data-model/files.tsv	file_number	6929	exact-key	high
fileman_file:697.2	fileman_file	697.2	2	data-model/files.tsv	file_number	697.2	exact-key	high
fileman_file:697.3	fileman_file	697.3	1	data-model/files.tsv	file_number	697.3	exact-key	high
fileman_file:7	fileman_file	7	6	data-model/files.tsv	file_number	7	exact-key	high
fileman_file:7.1	fileman_file	7.1	2	data-model/files.tsv	file_number	7.1	exact-key	high
fileman_file:7.2	fileman_file	7.2	1				none	undetermined
fileman_file:7.4	fileman_file	7.4	1				none	undetermined
fileman_file:7.6	fileman_file	7.6	1				none	undetermined
fileman_file:70	fileman_file	70	3	data-model/files.tsv	file_number	70	exact-key	high
fileman_file:702.001	fileman_file	702.001	2	data-model/files.tsv	file_number	702.001	exact-key	high
fileman_file:703.1	fileman_file	703.1	1	data-model/files.tsv	file_number	703.1	exact-key	high
fileman_file:704.002	fileman_file	704.002	1	data-model/files.tsv	file_number	704.002	exact-key	high
fileman_file:704.111	fileman_file	704.111	1	data-model/files.tsv	file_number	704.111	exact-key	high
fileman_file:704.112	fileman_file	704.112	1	data-model/files.tsv	file_number	704.112	exact-key	high
fileman_file:704.117	fileman_file	704.117	2	data-model/files.tsv	file_number	704.117	exact-key	high
fileman_file:704.118	fileman_file	704.118	8	data-model/files.tsv	file_number	704.118	exact-key	high
fileman_file:704.201	fileman_file	704.201	2	data-model/files.tsv	file_number	704.201	exact-key	high
fileman_file:704.202	fileman_file	704.202	2	data-model/files.tsv	file_number	704.202	exact-key	high
fileman_file:704.209	fileman_file	704.209	2	data-model/files.tsv	file_number	704.209	exact-key	high
fileman_file:71	fileman_file	71	6	data-model/files.tsv	file_number	71	exact-key	high
fileman_file:71.2	fileman_file	71.2	1	data-model/files.tsv	file_number	71.2	exact-key	high
fileman_file:71.5	fileman_file	71.5	4	data-model/files.tsv	file_number	71.5	exact-key	high
fileman_file:71.99	fileman_file	71.99	1	data-model/files.tsv	file_number	71.99	exact-key	high
fileman_file:72	fileman_file	72	5	data-model/files.tsv	file_number	72	exact-key	high
fileman_file:724	fileman_file	724	1	data-model/files.tsv	file_number	724	exact-key	high
fileman_file:7330	fileman_file	7330	2				none	undetermined
fileman_file:7335.7	fileman_file	7335.7	4	data-model/files.tsv	file_number	7335.7	exact-key	high
fileman_file:7336.3	fileman_file	7336.3	2	data-model/files.tsv	file_number	7336.3	exact-key	high
fileman_file:7336.6	fileman_file	7336.6	2	data-model/files.tsv	file_number	7336.6	exact-key	high
fileman_file:7336.8	fileman_file	7336.8	4	data-model/files.tsv	file_number	7336.8	exact-key	high
fileman_file:7336.9	fileman_file	7336.9	4	data-model/files.tsv	file_number	7336.9	exact-key	high
fileman_file:74	fileman_file	74	4	data-model/files.tsv	file_number	74	exact-key	high
fileman_file:740	fileman_file	740	1	data-model/files.tsv	file_number	740	exact-key	high
fileman_file:75	fileman_file	75	7				none	undetermined
fileman_file:75.1	fileman_file	75.1	3	data-model/files.tsv	file_number	75.1	exact-key	high
fileman_file:771	fileman_file	771	3	data-model/files.tsv	file_number	771	exact-key	high
fileman_file:771.6	fileman_file	771.6	3	data-model/files.tsv	file_number	771.6	exact-key	high
fileman_file:772	fileman_file	772	16	data-model/files.tsv	file_number	772	exact-key	high
fileman_file:773	fileman_file	773	25	data-model/files.tsv	file_number	773	exact-key	high
fileman_file:777	fileman_file	777	10	data-model/files.tsv	file_number	777	exact-key	high
fileman_file:778	fileman_file	778	15	data-model/files.tsv	file_number	778	exact-key	high
fileman_file:779.2	fileman_file	779.2	1	data-model/files.tsv	file_number	779.2	exact-key	high
fileman_file:779.4	fileman_file	779.4	1	data-model/files.tsv	file_number	779.4	exact-key	high
fileman_file:78.2	fileman_file	78.2	1	data-model/files.tsv	file_number	78.2	exact-key	high
fileman_file:78.3	fileman_file	78.3	4	data-model/files.tsv	file_number	78.3	exact-key	high
fileman_file:7870	fileman_file	7870	1				none	undetermined
fileman_file:79	fileman_file	79	2	data-model/files.tsv	file_number	79	exact-key	high
fileman_file:79.1	fileman_file	79.1	2	data-model/files.tsv	file_number	79.1	exact-key	high
fileman_file:79.2	fileman_file	79.2	1	data-model/files.tsv	file_number	79.2	exact-key	high
fileman_file:79.7	fileman_file	79.7	1	data-model/files.tsv	file_number	79.7	exact-key	high
fileman_file:790	fileman_file	790	2	data-model/files.tsv	file_number	790	exact-key	high
fileman_file:798.3	fileman_file	798.3	1	data-model/files.tsv	file_number	798.3	exact-key	high
fileman_file:8	fileman_file	8	2	data-model/files.tsv	file_number	8	exact-key	high
fileman_file:80	fileman_file	80	4	data-model/files.tsv	file_number	80	exact-key	high
fileman_file:80.1	fileman_file	80.1	1	data-model/files.tsv	file_number	80.1	exact-key	high
fileman_file:800	fileman_file	800	1	data-model/files.tsv	file_number	800	exact-key	high
fileman_file:801	fileman_file	801	4	data-model/files.tsv	file_number	801	exact-key	high
fileman_file:801.1	fileman_file	801.1	5	data-model/files.tsv	file_number	801.1	exact-key	high
fileman_file:801.41	fileman_file	801.41	1	data-model/files.tsv	file_number	801.41	exact-key	high
fileman_file:802.4	fileman_file	802.4	1	data-model/files.tsv	file_number	802.4	exact-key	high
fileman_file:81	fileman_file	81	7	data-model/files.tsv	file_number	81	exact-key	high
fileman_file:810.2	fileman_file	810.2	1	data-model/files.tsv	file_number	810.2	exact-key	high
fileman_file:810.5	fileman_file	810.5	1	data-model/files.tsv	file_number	810.5	exact-key	high
fileman_file:810.9	fileman_file	810.9	1	data-model/files.tsv	file_number	810.9	exact-key	high
fileman_file:811.4	fileman_file	811.4	1	data-model/files.tsv	file_number	811.4	exact-key	high
fileman_file:811.9	fileman_file	811.9	3	data-model/files.tsv	file_number	811.9	exact-key	high
fileman_file:839.7	fileman_file	839.7	1	data-model/files.tsv	file_number	839.7	exact-key	high
fileman_file:85	fileman_file	85	1				none	undetermined
fileman_file:869.3	fileman_file	869.3	2	data-model/files.tsv	file_number	869.3	exact-key	high
fileman_file:870	fileman_file	870	20	data-model/files.tsv	file_number	870	exact-key	high
fileman_file:8925	fileman_file	8925	15	data-model/files.tsv	file_number	8925	exact-key	high
fileman_file:8925.1	fileman_file	8925.1	9	data-model/files.tsv	file_number	8925.1	exact-key	high
fileman_file:8925.2	fileman_file	8925.2	1	data-model/files.tsv	file_number	8925.2	exact-key	high
fileman_file:8925.7	fileman_file	8925.7	1	data-model/files.tsv	file_number	8925.7	exact-key	high
fileman_file:8925.71	fileman_file	8925.71	2	data-model/files.tsv	file_number	8925.71	exact-key	high
fileman_file:8927	fileman_file	8927	3	data-model/files.tsv	file_number	8927	exact-key	high
fileman_file:8930.2	fileman_file	8930.2	1	data-model/files.tsv	file_number	8930.2	exact-key	high
fileman_file:8970	fileman_file	8970	1				none	undetermined
fileman_file:8973	fileman_file	8973	1	data-model/files.tsv	file_number	8973	exact-key	high
fileman_file:8973.1	fileman_file	8973.1	2	data-model/files.tsv	file_number	8973.1	exact-key	high
fileman_file:8984.3	fileman_file	8984.3	1	data-model/files.tsv	file_number	8984.3	exact-key	high
fileman_file:8989.3	fileman_file	8989.3	2	data-model/files.tsv	file_number	8989.3	exact-key	high
fileman_file:8989.5	fileman_file	8989.5	4	data-model/files.tsv	file_number	8989.5	exact-key	high
fileman_file:8989.51	fileman_file	8989.51	8	data-model/files.tsv	file_number	8989.51	exact-key	high
fileman_file:8989.518	fileman_file	8989.518	3	data-model/files.tsv	file_number	8989.518	exact-key	high
fileman_file:8989.52	fileman_file	8989.52	2	data-model/files.tsv	file_number	8989.52	exact-key	high
fileman_file:8991.6	fileman_file	8991.6	1	data-model/files.tsv	file_number	8991.6	exact-key	high
fileman_file:8991.7	fileman_file	8991.7	1	data-model/files.tsv	file_number	8991.7	exact-key	high
fileman_file:8991.9	fileman_file	8991.9	2	data-model/files.tsv	file_number	8991.9	exact-key	high
fileman_file:8992	fileman_file	8992	1	data-model/files.tsv	file_number	8992	exact-key	high
fileman_file:9	fileman_file	9	4				none	undetermined
fileman_file:9.4	fileman_file	9.4	1	data-model/files.tsv	file_number	9.4	exact-key	high
fileman_file:9000010	fileman_file	9000010	4	data-model/files.tsv	file_number	9000010	exact-key	high
fileman_file:9000011	fileman_file	9000011	3	data-model/files.tsv	file_number	9000011	exact-key	high
fileman_file:900010	fileman_file	900010	1				none	undetermined
fileman_file:941	fileman_file	941	1				none	undetermined
fileman_file:942	fileman_file	942	1				none	undetermined
fileman_file:95.3	fileman_file	95.3	1	data-model/files.tsv	file_number	95.3	exact-key	high
fileman_file:984.8	fileman_file	984.8	1	data-model/files.tsv	file_number	984.8	exact-key	high
fileman_file:987.6	fileman_file	987.6	1	data-model/files.tsv	file_number	987.6	exact-key	high
fileman_file:999000	fileman_file	999000	1				none	undetermined
global:^%CD	global	^%CD	1				none	undetermined
global:^%DIR	global	^%DIR	1				none	undetermined
global:^%DT	global	^%DT	123				none	undetermined
global:^%DTC	global	^%DTC	63				none	undetermined
global:^%ER	global	^%ER	1				none	undetermined
global:^%ET	global	^%ET	1				none	undetermined
global:^%GD	global	^%GD	1				none	undetermined
global:^%GEDIT	global	^%GEDIT	1				none	undetermined
global:^%GS	global	^%GS	1				none	undetermined
global:^%GSAVE	global	^%GSAVE	1				none	undetermined
global:^%GTI	global	^%GTI	1				none	undetermined
global:^%GTO	global	^%GTO	1				none	undetermined
global:^%INDEX	global	^%INDEX	3				none	undetermined
global:^%IS	global	^%IS	1	code-model/routine-globals.tsv	global_name	%IS	global-caret-strip-ci	moderate
global:^%PARTSIZ	global	^%PARTSIZ	2				none	undetermined
global:^%RCR	global	^%RCR	8				none	undetermined
global:^%RD	global	^%RD	2				none	undetermined
global:^%RR	global	^%RR	1				none	undetermined
global:^%RS	global	^%RS	1				none	undetermined
global:^%SS	global	^%SS	4	code-model/routine-globals.tsv	global_name	%SS	global-caret-strip-ci	moderate
global:^%SY	global	^%SY	2				none	undetermined
global:^%XOSF	global	^%XOSF	1				none	undetermined
global:^%XUCI	global	^%XUCI	1				none	undetermined
global:^%ZIS	global	^%ZIS	185	code-model/routine-globals.tsv	global_name	%ZIS	global-caret-strip-ci	moderate
global:^%ZISC	global	^%ZISC	30				none	undetermined
global:^%ZISH	global	^%ZISH	98				none	undetermined
global:^%ZISL	global	^%ZISL	10	code-model/routine-globals.tsv	global_name	%ZISL	global-caret-strip-ci	moderate
global:^%ZISP	global	^%ZISP	11				none	undetermined
global:^%ZISS	global	^%ZISS	35				none	undetermined
global:^%ZISTCP	global	^%ZISTCP	13				none	undetermined
global:^%ZISUTL	global	^%ZISUTL	52				none	undetermined
global:^%ZOSF	global	^%ZOSF	86	code-model/routine-globals.tsv	global_name	%ZOSF	global-caret-strip-ci	moderate
global:^%ZOSV	global	^%ZOSV	78				none	undetermined
global:^%ZRTL	global	^%ZRTL	21	code-model/routine-globals.tsv	global_name	%ZRTL	global-caret-strip-ci	moderate
global:^%ZTBKC	global	^%ZTBKC	2				none	undetermined
global:^%ZTER	global	^%ZTER	42	code-model/routine-globals.tsv	global_name	%ZTER	global-caret-strip-ci	moderate
global:^%ZTLOAD	global	^%ZTLOAD	151				none	undetermined
global:^%ZTM0	global	^%ZTM0	1				none	undetermined
global:^%ZTMS	global	^%ZTMS	1				none	undetermined
global:^%ZTMSH	global	^%ZTMSH	3				none	undetermined
global:^%ZTP1	global	^%ZTP1	1				none	undetermined
global:^%ZTPP	global	^%ZTPP	2				none	undetermined
global:^%ZTRDEL	global	^%ZTRDEL	2				none	undetermined
global:^%ZTSCH	global	^%ZTSCH	51	code-model/routine-globals.tsv	global_name	%ZTSCH	global-caret-strip-ci	moderate
global:^%ZTSK	global	^%ZTSK	38	code-model/routine-globals.tsv	global_name	%ZTSK	global-caret-strip-ci	moderate
global:^%ZUA	global	^%ZUA	3	code-model/routine-globals.tsv	global_name	%ZUA	global-caret-strip-ci	moderate
global:^A01	global	^A01	5				none	undetermined
global:^A03	global	^A03	2				none	undetermined
global:^A04	global	^A04	3				none	undetermined
global:^A0414	global	^A0414	1				none	undetermined
global:^A08	global	^A08	12				none	undetermined
global:^A0N	global	^A0N	14				none	undetermined
global:^A0R	global	^A0R	2				none	undetermined
global:^A1	global	^A1	7				none	undetermined
global:^A1014	global	^A1014	1				none	undetermined
global:^A1015	global	^A1015	1				none	undetermined
global:^A19	global	^A19	2				none	undetermined
global:^A2	global	^A2	5				none	undetermined
global:^A20	global	^A20	1				none	undetermined
global:^A24	global	^A24	8				none	undetermined
global:^A24H	global	^A24H	3				none	undetermined
global:^A28	global	^A28	5				none	undetermined
global:^A3	global	^A3	13				none	undetermined
global:^A31	global	^A31	16				none	undetermined
global:^A37	global	^A37	3				none	undetermined
global:^A40	global	^A40	4				none	undetermined
global:^A43	global	^A43	5				none	undetermined
global:^A47	global	^A47	2				none	undetermined
global:^A6AKIT	global	^A6AKIT	2				none	undetermined
global:^A6SDINI1	global	^A6SDINI1	1				none	undetermined
global:^A6SDINI2	global	^A6SDINI2	1				none	undetermined
global:^A6SDINI3	global	^A6SDINI3	1				none	undetermined
global:^A6SDINIT	global	^A6SDINIT	1				none	undetermined
global:^A6SDM	global	^A6SDM	2				none	undetermined
global:^A6SDNTEG	global	^A6SDNTEG	1				none	undetermined
global:^A6SDP	global	^A6SDP	2				none	undetermined
global:^A87904	global	^A87904	1				none	undetermined
global:^AA	global	^AA	48				none	undetermined
global:^AA1	global	^AA1	2				none	undetermined
global:^AA3018	global	^AA3018	4				none	undetermined
global:^AAA	global	^AAA	2				none	undetermined
global:^AAAABBBB	global	^AAAABBBB	2				none	undetermined
global:^AACCT	global	^AACCT	1				none	undetermined
global:^AB	global	^AB	4				none	undetermined
global:^ABAT	global	^ABAT	1				none	undetermined
global:^ABBREVIATION	global	^ABBREVIATION	24				none	undetermined
global:^ABDOMEN	global	^ABDOMEN	3				none	undetermined
global:^ABDOMINAL	global	^ABDOMINAL	3				none	undetermined
global:^ABN	global	^ABN	3				none	undetermined
global:^ABNORMALITY	global	^ABNORMALITY	1				none	undetermined
global:^AC	global	^AC	36				none	undetermined
global:^AC1	global	^AC1	1				none	undetermined
global:^AC2	global	^AC2	1				none	undetermined
global:^ACCESS	global	^ACCESS	2				none	undetermined
global:^ACCOUNT	global	^ACCOUNT	3				none	undetermined
global:^ACCOUNTS	global	^ACCOUNTS	4				none	undetermined
global:^ACCT	global	^ACCT	2				none	undetermined
global:^ACCU	global	^ACCU	4				none	undetermined
global:^ACE	global	^ACE	1				none	undetermined
global:^ACETAMINOP	global	^ACETAMINOP	2				none	undetermined
global:^ACETAMINOPHEN	global	^ACETAMINOPHEN	1				none	undetermined
global:^ACETYLCYSTEINE	global	^ACETYLCYSTEINE	2				none	undetermined
global:^ACID	global	^ACID	1				none	undetermined
global:^ACK	global	^ACK	123	code-model/routine-globals.tsv	global_name	ACK	global-caret-strip-ci	moderate
global:^ACKQAG01	global	^ACKQAG01	8				none	undetermined
global:^ACKQAG02	global	^ACKQAG02	7				none	undetermined
global:^ACKQAG03	global	^ACKQAG03	5				none	undetermined
global:^ACKQAG04	global	^ACKQAG04	6				none	undetermined
global:^ACKQAG05	global	^ACKQAG05	15				none	undetermined
global:^ACKQAG06	global	^ACKQAG06	6				none	undetermined
global:^ACL	global	^ACL	32				none	undetermined
global:^ACLSET	global	^ACLSET	8				none	undetermined
global:^ACR	global	^ACR	1				none	undetermined
global:^ACTION	global	^ACTION	1				none	undetermined
global:^ACTIVE	global	^ACTIVE	10				none	undetermined
global:^ACTUAL	global	^ACTUAL	11				none	undetermined
global:^ACTV	global	^ACTV	1				none	undetermined
global:^ACTVT	global	^ACTVT	1				none	undetermined
global:^ACUTE	global	^ACUTE	1				none	undetermined
global:^ACUTUAL	global	^ACUTUAL	1				none	undetermined
global:^ACYCLOVIR	global	^ACYCLOVIR	1				none	undetermined
global:^AD	global	^AD	19				none	undetermined
global:^AD1	global	^AD1	1				none	undetermined
global:^AD2	global	^AD2	1				none	undetermined
global:^AD3	global	^AD3	1				none	undetermined
global:^ADD1	global	^ADD1	1				none	undetermined
global:^ADD2	global	^ADD2	1				none	undetermined
global:^ADDED	global	^ADDED	2				none	undetermined
global:^ADDENDED	global	^ADDENDED	2				none	undetermined
global:^ADDFIFTEEN	global	^ADDFIFTEEN	2				none	undetermined
global:^ADDRESS	global	^ADDRESS	6				none	undetermined
global:^ADDSIXTEEN	global	^ADDSIXTEEN	1				none	undetermined
global:^ADEP	global	^ADEP	1				none	undetermined
global:^ADEP2	global	^ADEP2	1				none	undetermined
global:^ADET	global	^ADET	1				none	undetermined
global:^ADM	global	^ADM	2				none	undetermined
global:^ADMINISTRATIVE	global	^ADMINISTRATIVE	1				none	undetermined
global:^ADMISSION	global	^ADMISSION	5				none	undetermined
global:^ADOC	global	^ADOC	2				none	undetermined
global:^ADP	global	^ADP	1				none	undetermined
global:^ADR	global	^ADR	2				none	undetermined
global:^ADT	global	^ADT	47				none	undetermined
global:^ADTEMPLOYEE	global	^ADTEMPLOYEE	2				none	undetermined
global:^ADTPATIENT	global	^ADTPATIENT	1				none	undetermined
global:^ADTPROVIDER	global	^ADTPROVIDER	15				none	undetermined
global:^ADU	global	^ADU	1				none	undetermined
global:^ADVANCE	global	^ADVANCE	7				none	undetermined
global:^ADVANT	global	^ADVANT	1				none	undetermined
global:^ADVB	global	^ADVB	1				none	undetermined
global:^ADVERSE	global	^ADVERSE	5				none	undetermined
global:^AE	global	^AE	21				none	undetermined
global:^AEFT	global	^AEFT	1				none	undetermined
global:^AEOB	global	^AEOB	1				none	undetermined
global:^AEOB1	global	^AEOB1	1				none	undetermined
global:^AERA	global	^AERA	1				none	undetermined
global:^AEROCHAMBER	global	^AEROCHAMBER	2				none	undetermined
global:^AEROSOL	global	^AEROSOL	3				none	undetermined
global:^AEX	global	^AEX	1				none	undetermined
global:^AEXC	global	^AEXC	2				none	undetermined
global:^AF	global	^AF	5				none	undetermined
global:^AFD	global	^AFD	1				none	undetermined
global:^AFL	global	^AFL	1				none	undetermined
global:^AFR	global	^AFR	11				none	undetermined
global:^AFTER	global	^AFTER	2				none	undetermined
global:^AG	global	^AG	3				none	undetermined
global:^AGE	global	^AGE	1				none	undetermined
global:^AGENT	global	^AGENT	2				none	undetermined
global:^AH	global	^AH	3				none	undetermined
global:^AH200	global	^AH200	1				none	undetermined
global:^AI	global	^AI	2				none	undetermined
global:^AINUSE	global	^AINUSE	1				none	undetermined
global:^AIR	global	^AIR	9				none	undetermined
global:^AIRPLANE	global	^AIRPLANE	2				none	undetermined
global:^AISTAT	global	^AISTAT	1				none	undetermined
global:^AJ	global	^AJ	2				none	undetermined
global:^AK	global	^AK	1				none	undetermined
global:^AKEY1	global	^AKEY1	1				none	undetermined
global:^AKEY2	global	^AKEY2	1				none	undetermined
global:^AKF	global	^AKF	1	code-model/routine-globals.tsv	global_name	AKF	global-caret-strip-ci	moderate
global:^AL	global	^AL	181				none	undetermined
global:^ALAMEDA	global	^ALAMEDA	6				none	undetermined
global:^ALBANY	global	^ALBANY	6				none	undetermined
global:^ALBUMIN	global	^ALBUMIN	1				none	undetermined
global:^ALBUTEROL	global	^ALBUTEROL	7				none	undetermined
global:^ALCOHOL	global	^ALCOHOL	4				none	undetermined
global:^ALF	global	^ALF	3				none	undetermined
global:^ALKALINE	global	^ALKALINE	2				none	undetermined
global:^ALL	global	^ALL	141				none	undetermined
global:^ALLERGIES	global	^ALLERGIES	15				none	undetermined
global:^ALLERGY	global	^ALLERGY	2				none	undetermined
global:^ALLP	global	^ALLP	2				none	undetermined
global:^ALOC	global	^ALOC	1				none	undetermined
global:^ALOCK	global	^ALOCK	1				none	undetermined
global:^ALOG	global	^ALOG	1				none	undetermined
global:^ALPHA	global	^ALPHA	1				none	undetermined
global:^ALREADY	global	^ALREADY	1				none	undetermined
global:^ALS	global	^ALS	2				none	undetermined
global:^ALW	global	^ALW	1				none	undetermined
global:^ALWA	global	^ALWA	1				none	undetermined
global:^ALWAYS	global	^ALWAYS	4				none	undetermined
global:^ALZHEIMER	global	^ALZHEIMER	2				none	undetermined
global:^AM	global	^AM	1				none	undetermined
global:^AM10	global	^AM10	1				none	undetermined
global:^AM900	global	^AM900	3				none	undetermined
global:^AMATCH	global	^AMATCH	2				none	undetermined
global:^AMB	global	^AMB	2				none	undetermined
global:^AMCCF	global	^AMCCF	2				none	undetermined
global:^AMER	global	^AMER	2				none	undetermined
global:^AMERICAN	global	^AMERICAN	4				none	undetermined
global:^AMIKACN	global	^AMIKACN	3				none	undetermined
global:^AMINO	global	^AMINO	2				none	undetermined
global:^AMINOPHYLLIN	global	^AMINOPHYLLIN	1				none	undetermined
global:^AMIODARONE	global	^AMIODARONE	3				none	undetermined
global:^AMOUNT	global	^AMOUNT	4				none	undetermined
global:^AMP	global	^AMP	1				none	undetermined
global:^AMPICILLIN	global	^AMPICILLIN	1				none	undetermined
global:^AMPICLN	global	^AMPICLN	4				none	undetermined
global:^AMSEQ	global	^AMSEQ	1				none	undetermined
global:^AN	global	^AN	1				none	undetermined
global:^AN01	global	^AN01	1				none	undetermined
global:^AN03	global	^AN03	1				none	undetermined
global:^AND	global	^AND	7				none	undetermined
global:^ANDY	global	^ANDY	6				none	undetermined
global:^ANES	global	^ANES	1				none	undetermined
global:^ANGIO	global	^ANGIO	15				none	undetermined
global:^ANTHRAX	global	^ANTHRAX	1				none	undetermined
global:^ANTIBIOTIC	global	^ANTIBIOTIC	5				none	undetermined
global:^ANTIDOTES	global	^ANTIDOTES	4				none	undetermined
global:^ANURS	global	^ANURS	3				none	undetermined
global:^ANV	global	^ANV	1				none	undetermined
global:^ANYCITY	global	^ANYCITY	2				none	undetermined
global:^ANYSITE1	global	^ANYSITE1	1				none	undetermined
global:^ANYSTATE	global	^ANYSTATE	1				none	undetermined
global:^ANYTOWN	global	^ANYTOWN	4				none	undetermined
global:^ANYWHERE	global	^ANYWHERE	2				none	undetermined
global:^AO	global	^AO	1				none	undetermined
global:^AP	global	^AP	12				none	undetermined
global:^APOST	global	^APOST	1				none	undetermined
global:^APP	global	^APP	3				none	undetermined
global:^APPOINTMENT	global	^APPOINTMENT	1				none	undetermined
global:^APPR	global	^APPR	1				none	undetermined
global:^APR	global	^APR	2				none	undetermined
global:^APR26	global	^APR26	2				none	undetermined
global:^APT	global	^APT	2				none	undetermined
global:^AR	global	^AR	6				none	undetermined
global:^ARDEP	global	^ARDEP	1				none	undetermined
global:^AREC	global	^AREC	1				none	undetermined
global:^ARECDT	global	^ARECDT	1				none	undetermined
global:^ARHBQQ	global	^ARHBQQ	16				none	undetermined
global:^ARIV	global	^ARIV	2				none	undetermined
global:^ARKANSAS	global	^ARKANSAS	1				none	undetermined
global:^ARMBOARD	global	^ARMBOARD	2				none	undetermined
global:^ARSRC	global	^ARSRC	1				none	undetermined
global:^AS	global	^AS	16				none	undetermined
global:^AS1	global	^AS1	1				none	undetermined
global:^AS2	global	^AS2	1				none	undetermined
global:^AS4	global	^AS4	5				none	undetermined
global:^ASCORBIC	global	^ASCORBIC	1				none	undetermined
global:^ASCT	global	^ASCT	1				none	undetermined
global:^ASDF	global	^ASDF	2				none	undetermined
global:^ASEQ	global	^ASEQ	1				none	undetermined
global:^ASISTS	global	^ASISTS	1				none	undetermined
global:^ASPIRIN	global	^ASPIRIN	14				none	undetermined
global:^ASSOC	global	^ASSOC	1				none	undetermined
global:^ASTAT	global	^ASTAT	2				none	undetermined
global:^ASU	global	^ASU	1				none	undetermined
global:^AT1	global	^AT1	1				none	undetermined
global:^AT2	global	^AT2	2				none	undetermined
global:^ATB	global	^ATB	1				none	undetermined
global:^ATD	global	^ATD	2				none	undetermined
global:^ATIN	global	^ATIN	1				none	undetermined
global:^ATLANTA	global	^ATLANTA	2				none	undetermined
global:^ATORVASTATIN	global	^ATORVASTATIN	8				none	undetermined
global:^ATOUT	global	^ATOUT	1				none	undetermined
global:^ATRID	global	^ATRID	1				none	undetermined
global:^ATRIDUP	global	^ATRIDUP	1				none	undetermined
global:^ATROPINE	global	^ATROPINE	4				none	undetermined
global:^ATTENDING	global	^ATTENDING	5				none	undetermined
global:^ATYPE	global	^ATYPE	1				none	undetermined
global:^AU	global	^AU	1				none	undetermined
global:^AUDIOLOGY	global	^AUDIOLOGY	3				none	undetermined
global:^AUG	global	^AUG	4				none	undetermined
global:^AUPNPROB	global	^AUPNPROB	19	code-model/routine-globals.tsv	global_name	AUPNPROB	global-caret-strip-ci	moderate
global:^AUPNVPOV	global	^AUPNVPOV	3	code-model/routine-globals.tsv	global_name	AUPNVPOV	global-caret-strip-ci	moderate
global:^AUPNVSIT	global	^AUPNVSIT	9	code-model/routine-globals.tsv	global_name	AUPNVSIT	global-caret-strip-ci	moderate
global:^AUT	global	^AUT	5				none	undetermined
global:^AUTHORITY	global	^AUTHORITY	1				none	undetermined
global:^AUTO	global	^AUTO	13				none	undetermined
global:^AV	global	^AV	4				none	undetermined
global:^AVISIT	global	^AVISIT	1				none	undetermined
global:^AVIVAPATIENT	global	^AVIVAPATIENT	6				none	undetermined
global:^AVUID	global	^AVUID	1				none	undetermined
global:^AW	global	^AW	1				none	undetermined
global:^AWR	global	^AWR	1				none	undetermined
global:^AYCBCDT2	global	^AYCBCDT2	2				none	undetermined
global:^AYCBCEN	global	^AYCBCEN	4				none	undetermined
global:^AYCBCENR	global	^AYCBCENR	1				none	undetermined
global:^AYCBEGT	global	^AYCBEGT	2				none	undetermined
global:^AYCBEGT4	global	^AYCBEGT4	4				none	undetermined
global:^AYCBENA1	global	^AYCBENA1	2				none	undetermined
global:^AYCBLT1	global	^AYCBLT1	3				none	undetermined
global:^AYCBLTR1	global	^AYCBLTR1	8				none	undetermined
global:^AYCBLTR2	global	^AYCBLTR2	3				none	undetermined
global:^AYCBLTR8	global	^AYCBLTR8	3				none	undetermined
global:^AYCBLTR9	global	^AYCBLTR9	3				none	undetermined
global:^AYCBLTRA	global	^AYCBLTRA	5				none	undetermined
global:^AYCBLTRI	global	^AYCBLTRI	2				none	undetermined
global:^AYCBLTRU	global	^AYCBLTRU	1				none	undetermined
global:^AYCBLTRV	global	^AYCBLTRV	2				none	undetermined
global:^AYCBLTRW	global	^AYCBLTRW	3				none	undetermined
global:^AYCBPRI2	global	^AYCBPRI2	6				none	undetermined
global:^AYCBPRIO	global	^AYCBPRIO	2				none	undetermined
global:^AZ	global	^AZ	5				none	undetermined
global:^B0392	global	^B0392	1				none	undetermined
global:^B0395	global	^B0395	1				none	undetermined
global:^B3N	global	^B3N	7				none	undetermined
global:^BACITRACIN	global	^BACITRACIN	2				none	undetermined
global:^BACTERIOLOGY	global	^BACTERIOLOGY	4				none	undetermined
global:^BACTRCN	global	^BACTRCN	5				none	undetermined
global:^BALL	global	^BALL	1				none	undetermined
global:^BANKER	global	^BANKER	1				none	undetermined
global:^BANKERS	global	^BANKERS	4				none	undetermined
global:^BANNER	global	^BANNER	2				none	undetermined
global:^BARB	global	^BARB	3				none	undetermined
global:^BARNESVILLE	global	^BARNESVILLE	2				none	undetermined
global:^BASE	global	^BASE	1				none	undetermined
global:^BATTERIES	global	^BATTERIES	2				none	undetermined
global:^BATTERY	global	^BATTERY	4				none	undetermined
global:^BAY	global	^BAY	2				none	undetermined
global:^BAYER	global	^BAYER	2				none	undetermined
global:^BC	global	^BC	1				none	undetermined
global:^BCMA	global	^BCMA	2				none	undetermined
global:^BCMANURSE	global	^BCMANURSE	14				none	undetermined
global:^BCMAPATIENT	global	^BCMAPATIENT	4				none	undetermined
global:^BECLOMETHASONE	global	^BECLOMETHASONE	2				none	undetermined
global:^BED	global	^BED	11				none	undetermined
global:^BEE	global	^BEE	2				none	undetermined
global:^BEHAVIORAL	global	^BEHAVIORAL	2				none	undetermined
global:^BENZOCAINE	global	^BENZOCAINE	4				none	undetermined
global:^BENZOIN	global	^BENZOIN	1				none	undetermined
global:^BICARBONATE	global	^BICARBONATE	2				none	undetermined
global:^BID	global	^BID	4				none	undetermined
global:^BILLED	global	^BILLED	37				none	undetermined
global:^BILLY	global	^BILLY	1				none	undetermined
global:^BIPERIDEN	global	^BIPERIDEN	10				none	undetermined
global:^BIRMINGHAM	global	^BIRMINGHAM	1				none	undetermined
global:^BIS	global	^BIS	2				none	undetermined
global:^BISACODYL	global	^BISACODYL	3				none	undetermined
global:^BLACK	global	^BLACK	3				none	undetermined
global:^BLADE	global	^BLADE	1				none	undetermined
global:^BLOCK	global	^BLOCK	2				none	undetermined
global:^BLOOD	global	^BLOOD	29				none	undetermined
global:^BLS	global	^BLS	1				none	undetermined
global:^BO	global	^BO	2				none	undetermined
global:^BOB	global	^BOB	3	code-model/routine-globals.tsv	global_name	BOB	global-caret-strip-ci	moderate
global:^BOISE	global	^BOISE	3				none	undetermined
global:^BONE	global	^BONE	2				none	undetermined
global:^BONHAM	global	^BONHAM	3				none	undetermined
global:^BOONIEVILLE	global	^BOONIEVILLE	1				none	undetermined
global:^BOTTLE	global	^BOTTLE	2				none	undetermined
global:^BOX	global	^BOX	1				none	undetermined
global:^BP	global	^BP	32				none	undetermined
global:^BPM	global	^BPM	2				none	undetermined
global:^BPN	global	^BPN	2				none	undetermined
global:^BPSBUTL	global	^BPSBUTL	12				none	undetermined
global:^BPSECMP2	global	^BPSECMP2	2				none	undetermined
global:^BPSMHDR	global	^BPSMHDR	4				none	undetermined
global:^BPSNCPD3	global	^BPSNCPD3	4				none	undetermined
global:^BPSNCPD9	global	^BPSNCPD9	2				none	undetermined
global:^BPSNCPDP	global	^BPSNCPDP	2				none	undetermined
global:^BPSOS2	global	^BPSOS2	4				none	undetermined
global:^BPSOSRX	global	^BPSOSRX	2				none	undetermined
global:^BPSUTIL	global	^BPSUTIL	6				none	undetermined
global:^BPSUTIL2	global	^BPSUTIL2	4				none	undetermined
global:^BRODNY	global	^BRODNY	7				none	undetermined
global:^BRONCHOSCOPY	global	^BRONCHOSCOPY	2				none	undetermined
global:^BROOMFIELD	global	^BROOMFIELD	1				none	undetermined
global:^BS	global	^BS	1				none	undetermined
global:^BS5	global	^BS5	4				none	undetermined
global:^BT	global	^BT	12				none	undetermined
global:^BUN	global	^BUN	2				none	undetermined
global:^BUPROPIO	global	^BUPROPIO	1				none	undetermined
global:^BUPROPION	global	^BUPROPION	3				none	undetermined
global:^BX	global	^BX	7				none	undetermined
global:^BY	global	^BY	3				none	undetermined
global:^BY2	global	^BY2	9				none	undetermined
global:^C0255	global	^C0255	1				none	undetermined
global:^C0311	global	^C0311	1				none	undetermined
global:^C0325	global	^C0325	1				none	undetermined
global:^C09	global	^C09	8				none	undetermined
global:^C2	global	^C2	1				none	undetermined
global:^C4	global	^C4	77				none	undetermined
global:^CA	global	^CA	60				none	undetermined
global:^CALCITRIOL	global	^CALCITRIOL	2				none	undetermined
global:^CALCIUM	global	^CALCIUM	1				none	undetermined
global:^CALCULATED	global	^CALCULATED	2				none	undetermined
global:^CALIFORNIA	global	^CALIFORNIA	12				none	undetermined
global:^CANCELLATION	global	^CANCELLATION	9				none	undetermined
global:^CANCELLED	global	^CANCELLED	14				none	undetermined
global:^CAP	global	^CAP	5				none	undetermined
global:^CAPSULE	global	^CAPSULE	5				none	undetermined
global:^CAPTION	global	^CAPTION	22				none	undetermined
global:^CAPTOPRIL	global	^CAPTOPRIL	3				none	undetermined
global:^CAPTURES	global	^CAPTURES	1				none	undetermined
global:^CARBCLN	global	^CARBCLN	1				none	undetermined
global:^CARBON	global	^CARBON	1				none	undetermined
global:^CARDIOLOGY	global	^CARDIOLOGY	3				none	undetermined
global:^CARMEL	global	^CARMEL	1				none	undetermined
global:^CARPENTER	global	^CARPENTER	1				none	undetermined
global:^CARRIER	global	^CARRIER	2				none	undetermined
global:^CARRY	global	^CARRY	1				none	undetermined
global:^CAT	global	^CAT	16				none	undetermined
global:^CATEGORY	global	^CATEGORY	1				none	undetermined
global:^CATHETER	global	^CATHETER	6				none	undetermined
global:^CATHOLIC	global	^CATHOLIC	4				none	undetermined
global:^CB031271	global	^CB031271	1				none	undetermined
global:^CBOC	global	^CBOC	1				none	undetermined
global:^CC	global	^CC	14				none	undetermined
global:^CD	global	^CD	6				none	undetermined
global:^CDC	global	^CDC	39				none	undetermined
global:^CE	global	^CE	143				none	undetermined
global:^CEFAZOLIN	global	^CEFAZOLIN	3				none	undetermined
global:^CEFMAND	global	^CEFMAND	1				none	undetermined
global:^CEFOPERAZONE	global	^CEFOPERAZONE	1				none	undetermined
global:^CEFOTAXIME	global	^CEFOTAXIME	2				none	undetermined
global:^CEFOXITIN	global	^CEFOXITIN	1				none	undetermined
global:^CEFTRIAXONE	global	^CEFTRIAXONE	3				none	undetermined
global:^CENTRAL	global	^CENTRAL	4				none	undetermined
global:^CEPHALEXIN	global	^CEPHALEXIN	1				none	undetermined
global:^CERT	global	^CERT	1				none	undetermined
global:^CETIRIZINE	global	^CETIRIZINE	1				none	undetermined
global:^CFD	global	^CFD	1				none	undetermined
global:^CFU	global	^CFU	3				none	undetermined
global:^CG	global	^CG	29				none	undetermined
global:^CH	global	^CH	2				none	undetermined
global:^CH5	global	^CH5	3				none	undetermined
global:^CHANGE	global	^CHANGE	4				none	undetermined
global:^CHECK	global	^CHECK	2				none	undetermined
global:^CHEM	global	^CHEM	7				none	undetermined
global:^CHEMISTRY	global	^CHEMISTRY	8				none	undetermined
global:^CHEST	global	^CHEST	12				none	undetermined
global:^CHEYENNE	global	^CHEYENNE	3				none	undetermined
global:^CHICAGO	global	^CHICAGO	1				none	undetermined
global:^CHLORAM	global	^CHLORAM	6				none	undetermined
global:^CHLORAMPHENICOL	global	^CHLORAMPHENICOL	2				none	undetermined
global:^CHLORDIAZEPOXIDE	global	^CHLORDIAZEPOXIDE	4				none	undetermined
global:^CHLORIDE	global	^CHLORIDE	2				none	undetermined
global:^CHOLELITH	global	^CHOLELITH	4				none	undetermined
global:^CHOLESTEROL	global	^CHOLESTEROL	7				none	undetermined
global:^CHY	global	^CHY	2				none	undetermined
global:^CI0	global	^CI0	11				none	undetermined
global:^CI13	global	^CI13	4				none	undetermined
global:^CID	global	^CID	20				none	undetermined
global:^CIMETIDIN	global	^CIMETIDIN	1				none	undetermined
global:^CIMETIDINE	global	^CIMETIDINE	4				none	undetermined
global:^CITY	global	^CITY	24				none	undetermined
global:^CL	global	^CL	1				none	undetermined
global:^CLAIM	global	^CLAIM	3				none	undetermined
global:^CLAIMSTATUS	global	^CLAIMSTATUS	1				none	undetermined
global:^CLASS	global	^CLASS	16				none	undetermined
global:^CLASSIFICATION	global	^CLASSIFICATION	24				none	undetermined
global:^CLEANUP	global	^CLEANUP	1				none	undetermined
global:^CLERK	global	^CLERK	1				none	undetermined
global:^CLIA	global	^CLIA	89				none	undetermined
global:^CLINDAM	global	^CLINDAM	5				none	undetermined
global:^CLINDAMYCIN	global	^CLINDAMYCIN	3				none	undetermined
global:^CLINIC	global	^CLINIC	14				none	undetermined
global:^CLINIC1	global	^CLINIC1	1				none	undetermined
global:^CLINIC2	global	^CLINIC2	1				none	undetermined
global:^CLINICIAN	global	^CLINICIAN	4				none	undetermined
global:^CLK	global	^CLK	12				none	undetermined
global:^CLN	global	^CLN	4				none	undetermined
global:^CLNT	global	^CLNT	1				none	undetermined
global:^CLOSE	global	^CLOSE	1				none	undetermined
global:^CLOSED	global	^CLOSED	3				none	undetermined
global:^CM	global	^CM	5				none	undetermined
global:^CMDCDT	global	^CMDCDT	4				none	undetermined
global:^CMIND	global	^CMIND	4				none	undetermined
global:^CMOP	global	^CMOP	4				none	undetermined
global:^CMOPPATIENT3	global	^CMOPPATIENT3	1				none	undetermined
global:^CMOPPHARMACIST29	global	^CMOPPHARMACIST29	1				none	undetermined
global:^CMSTA	global	^CMSTA	4				none	undetermined
global:^CN	global	^CN	7				none	undetermined
global:^CN101	global	^CN101	18				none	undetermined
global:^CN103	global	^CN103	2				none	undetermined
global:^CN302	global	^CN302	8				none	undetermined
global:^CN400	global	^CN400	2				none	undetermined
global:^CN609	global	^CN609	2				none	undetermined
global:^CO	global	^CO	5				none	undetermined
global:^CO2	global	^CO2	5				none	undetermined
global:^COAL	global	^COAL	2				none	undetermined
global:^COB	global	^COB	1				none	undetermined
global:^CODE	global	^CODE	35				none	undetermined
global:^CODEINE	global	^CODEINE	3				none	undetermined
global:^COLCHICIN	global	^COLCHICIN	1				none	undetermined
global:^COLCHICINE	global	^COLCHICINE	3				none	undetermined
global:^COLISTIN	global	^COLISTIN	1				none	undetermined
global:^COLLECTED	global	^COLLECTED	30				none	undetermined
global:^COLON	global	^COLON	3				none	undetermined
global:^COLONY	global	^COLONY	2				none	undetermined
global:^COLT	global	^COLT	2				none	undetermined
global:^COM	global	^COM	3				none	undetermined
global:^COMB	global	^COMB	3				none	undetermined
global:^COMBAT	global	^COMBAT	1				none	undetermined
global:^COMMENTS	global	^COMMENTS	4				none	undetermined
global:^COMMIT	global	^COMMIT	32				none	undetermined
global:^COMPACT	global	^COMPACT	1				none	undetermined
global:^COMPLETE	global	^COMPLETE	4				none	undetermined
global:^COMPOUND	global	^COMPOUND	1				none	undetermined
global:^COMPUTER	global	^COMPUTER	2				none	undetermined
global:^CONFI	global	^CONFI	1				none	undetermined
global:^CONFIRMED	global	^CONFIRMED	23				none	undetermined
global:^CONG	global	^CONG	2				none	undetermined
global:^CONGEN	global	^CONGEN	2				none	undetermined
global:^CONJUNCTION	global	^CONJUNCTION	4				none	undetermined
global:^CONTAINS	global	^CONTAINS	3				none	undetermined
global:^CONTINUE	global	^CONTINUE	1				none	undetermined
global:^COPY	global	^COPY	1				none	undetermined
global:^COUNT	global	^COUNT	1				none	undetermined
global:^COURIER	global	^COURIER	1				none	undetermined
global:^COVER	global	^COVER	5				none	undetermined
global:^CP	global	^CP	3				none	undetermined
global:^CPAT	global	^CPAT	1				none	undetermined
global:^CPHAR	global	^CPHAR	1				none	undetermined
global:^CPID	global	^CPID	1				none	undetermined
global:^CPRS	global	^CPRS	5				none	undetermined
global:^CPRS3	global	^CPRS3	12				none	undetermined
global:^CPRSATTENDING	global	^CPRSATTENDING	8				none	undetermined
global:^CPRSP5	global	^CPRSP5	1				none	undetermined
global:^CPRSPATIENT	global	^CPRSPATIENT	1				none	undetermined
global:^CPRSPROVIDER	global	^CPRSPROVIDER	2				none	undetermined
global:^CPT	global	^CPT	23				none	undetermined
global:^CPT4	global	^CPT4	5				none	undetermined
global:^CPU	global	^CPU	1				none	undetermined
global:^CR	global	^CR	17				none	undetermined
global:^CRC	global	^CRC	1				none	undetermined
global:^CREAT	global	^CREAT	3				none	undetermined
global:^CREATININE	global	^CREATININE	40				none	undetermined
global:^CS	global	^CS	13				none	undetermined
global:^CSPROVIDER	global	^CSPROVIDER	3				none	undetermined
global:^CST	global	^CST	1				none	undetermined
global:^CSU	global	^CSU	6				none	undetermined
global:^CURRENT	global	^CURRENT	1				none	undetermined
global:^CV	global	^CV	2				none	undetermined
global:^CV200	global	^CV200	1				none	undetermined
global:^CV300	global	^CV300	1				none	undetermined
global:^CV702	global	^CV702	1				none	undetermined
global:^CWE	global	^CWE	26				none	undetermined
global:^CX	global	^CX	21				none	undetermined
global:^CYANOCOBALAMIN	global	^CYANOCOBALAMIN	2				none	undetermined
global:^CYCLOBENZAPRINE	global	^CYCLOBENZAPRINE	1				none	undetermined
global:^CYCLOPENTOLATE	global	^CYCLOPENTOLATE	2				none	undetermined
global:^CYTOPATHOLOGY	global	^CYTOPATHOLOGY	2				none	undetermined
global:^D0564	global	^D0564	1				none	undetermined
global:^D1	global	^D1	3				none	undetermined
global:^D2	global	^D2	3				none	undetermined
global:^D30	global	^D30	3				none	undetermined
global:^D5	global	^D5	2				none	undetermined
global:^D5W	global	^D5W	2				none	undetermined
global:^D7	global	^D7	2				none	undetermined
global:^D90	global	^D90	6				none	undetermined
global:^DACRIOSE	global	^DACRIOSE	2				none	undetermined
global:^DAILY	global	^DAILY	6				none	undetermined
global:^DATE	global	^DATE	31				none	undetermined
global:^DAUGHTER	global	^DAUGHTER	3				none	undetermined
global:^DAY	global	^DAY	2				none	undetermined
global:^DAYLIGHT	global	^DAYLIGHT	2				none	undetermined
global:^DAYS	global	^DAYS	1				none	undetermined
global:^DAYTON	global	^DAYTON	2				none	undetermined
global:^DBA	global	^DBA	36				none	undetermined
global:^DC	global	^DC	8				none	undetermined
global:^DD	global	^DD	221	code-model/routine-globals.tsv	global_name	DD	global-caret-strip-ci	moderate
global:^DDA	global	^DDA	2	code-model/routine-globals.tsv	global_name	DDA	global-caret-strip-ci	moderate
global:^DDBR	global	^DDBR	27				none	undetermined
global:^DDBRT	global	^DDBRT	10				none	undetermined
global:^DDBRZIS	global	^DDBRZIS	19				none	undetermined
global:^DDD	global	^DDD	34	code-model/routine-globals.tsv	global_name	DDD	global-caret-strip-ci	moderate
global:^DDE	global	^DDE	85	code-model/routine-globals.tsv	global_name	DDE	global-caret-strip-ci	moderate
global:^DDGF	global	^DDGF	10				none	undetermined
global:^DDIOL	global	^DDIOL	80				none	undetermined
global:^DDMAP	global	^DDMAP	1				none	undetermined
global:^DDMO	global	^DDMO	1				none	undetermined
global:^DDMOD	global	^DDMOD	72				none	undetermined
global:^DDMP	global	^DDMP	16				none	undetermined
global:^DDS	global	^DDS	69				none	undetermined
global:^DDSUTL	global	^DDSUTL	28				none	undetermined
global:^DDSVAL	global	^DDSVAL	28				none	undetermined
global:^DDSVALF	global	^DDSVALF	19				none	undetermined
global:^DDXP	global	^DDXP	18				none	undetermined
global:^DE101	global	^DE101	1				none	undetermined
global:^DE700	global	^DE700	2				none	undetermined
global:^DE900	global	^DE900	1				none	undetermined
global:^DEC	global	^DEC	7				none	undetermined
global:^DECEASED	global	^DECEASED	2				none	undetermined
global:^DED	global	^DED	1				none	undetermined
global:^DEDUCTIBLE	global	^DEDUCTIBLE	3				none	undetermined
global:^DEEP	global	^DEEP	3				none	undetermined
global:^DEF	global	^DEF	3				none	undetermined
global:^DELLINGER	global	^DELLINGER	29				none	undetermined
global:^DEM	global	^DEM	4				none	undetermined
global:^DENTAL	global	^DENTAL	1				none	undetermined
global:^DENTAR	global	^DENTAR	2				none	undetermined
global:^DENTAR1	global	^DENTAR1	1				none	undetermined
global:^DENTDUP	global	^DENTDUP	1				none	undetermined
global:^DEP	global	^DEP	3				none	undetermined
global:^DEPARTMENT	global	^DEPARTMENT	4				none	undetermined
global:^DESC	global	^DESC	4				none	undetermined
global:^DESCENDENTS	global	^DESCENDENTS	2				none	undetermined
global:^DESCRIPTION	global	^DESCRIPTION	1				none	undetermined
global:^DEST	global	^DEST	1				none	undetermined
global:^DESTINAION	global	^DESTINAION	1				none	undetermined
global:^DESTINATION	global	^DESTINATION	5				none	undetermined
global:^DETROIT	global	^DETROIT	2				none	undetermined
global:^DEVINZI	global	^DEVINZI	2				none	undetermined
global:^DEVVLD	global	^DEVVLD	14				none	undetermined
global:^DEXA	global	^DEXA	1				none	undetermined
global:^DEXAMETHASONE	global	^DEXAMETHASONE	1				none	undetermined
global:^DEXTRAN	global	^DEXTRAN	1				none	undetermined
global:^DEXTROSE	global	^DEXTROSE	10				none	undetermined
global:^DFN	global	^DFN	19				none	undetermined
global:^DG	global	^DG	43	code-model/routine-globals.tsv	global_name	DG	global-caret-strip-ci	moderate
global:^DG53836P	global	^DG53836P	1				none	undetermined
global:^DG993BO	global	^DG993BO	1				none	undetermined
global:^DGAM	global	^DGAM	2	code-model/routine-globals.tsv	global_name	DGAM	global-caret-strip-ci	moderate
global:^DGAUDIT	global	^DGAUDIT	4	code-model/routine-globals.tsv	global_name	DGAUDIT	global-caret-strip-ci	moderate
global:^DGAUDIT1	global	^DGAUDIT1	1	code-model/routine-globals.tsv	global_name	DGAUDIT1	global-caret-strip-ci	moderate
global:^DGAUDIT2	global	^DGAUDIT2	1	code-model/routine-globals.tsv	global_name	DGAUDIT2	global-caret-strip-ci	moderate
global:^DGBT	global	^DGBT	4	code-model/routine-globals.tsv	global_name	DGBT	global-caret-strip-ci	moderate
global:^DGBTPATIENT	global	^DGBTPATIENT	31				none	undetermined
global:^DGBTRDV	global	^DGBTRDV	1				none	undetermined
global:^DGBTTEST	global	^DGBTTEST	15				none	undetermined
global:^DGCN	global	^DGCN	2	code-model/routine-globals.tsv	global_name	DGCN	global-caret-strip-ci	moderate
global:^DGCOMP	global	^DGCOMP	1	code-model/routine-globals.tsv	global_name	DGCOMP	global-caret-strip-ci	moderate
global:^DGCOMPACT	global	^DGCOMPACT	1				none	undetermined
global:^DGCPT	global	^DGCPT	2	code-model/routine-globals.tsv	global_name	DGCPT	global-caret-strip-ci	moderate
global:^DGCR	global	^DGCR	12	code-model/routine-globals.tsv	global_name	DGCR	global-caret-strip-ci	moderate
global:^DGCV	global	^DGCV	1				none	undetermined
global:^DGEN	global	^DGEN	8	code-model/routine-globals.tsv	global_name	DGEN	global-caret-strip-ci	moderate
global:^DGENA	global	^DGENA	2	code-model/routine-globals.tsv	global_name	DGENA	global-caret-strip-ci	moderate
global:^DGENA1A	global	^DGENA1A	1				none	undetermined
global:^DGENA2	global	^DGENA2	1				none	undetermined
global:^DGENA3	global	^DGENA3	2				none	undetermined
global:^DGENA6	global	^DGENA6	3				none	undetermined
global:^DGENELA4	global	^DGENELA4	6				none	undetermined
global:^DGENL2	global	^DGENL2	1				none	undetermined
global:^DGENRPT1	global	^DGENRPT1	1				none	undetermined
global:^DGENRPT2	global	^DGENRPT2	1				none	undetermined
global:^DGENRPT3	global	^DGENRPT3	1				none	undetermined
global:^DGENRPT4	global	^DGENRPT4	1				none	undetermined
global:^DGICD9	global	^DGICD9	2	code-model/routine-globals.tsv	global_name	DGICD9	global-caret-strip-ci	moderate
global:^DGIN	global	^DGIN	2	code-model/routine-globals.tsv	global_name	DGIN	global-caret-strip-ci	moderate
global:^DGM	global	^DGM	2	code-model/routine-globals.tsv	global_name	DGM	global-caret-strip-ci	moderate
global:^DGMHV	global	^DGMHV	1	code-model/routine-globals.tsv	global_name	DGMHV	global-caret-strip-ci	moderate
global:^DGMSTAPI	global	^DGMSTAPI	1				none	undetermined
global:^DGMT	global	^DGMT	2	code-model/routine-globals.tsv	global_name	DGMT	global-caret-strip-ci	moderate
global:^DGMTUB	global	^DGMTUB	2				none	undetermined
global:^DGNT	global	^DGNT	2	code-model/routine-globals.tsv	global_name	DGNT	global-caret-strip-ci	moderate
global:^DGP	global	^DGP	2	code-model/routine-globals.tsv	global_name	DGP	global-caret-strip-ci	moderate
global:^DGPF	global	^DGPF	4	code-model/routine-globals.tsv	global_name	DGPF	global-caret-strip-ci	moderate
global:^DGPFAPIH	global	^DGPFAPIH	12				none	undetermined
global:^DGPFAPIU	global	^DGPFAPIU	12				none	undetermined
global:^DGPLBL1	global	^DGPLBL1	8				none	undetermined
global:^DGPM	global	^DGPM	14	code-model/routine-globals.tsv	global_name	DGPM	global-caret-strip-ci	moderate
global:^DGPR	global	^DGPR	2	code-model/routine-globals.tsv	global_name	DGPR	global-caret-strip-ci	moderate
global:^DGPT	global	^DGPT	8	code-model/routine-globals.tsv	global_name	DGPT	global-caret-strip-ci	moderate
global:^DGPTDDCR	global	^DGPTDDCR	8				none	undetermined
global:^DGPXRM	global	^DGPXRM	2				none	undetermined
global:^DGQE	global	^DGQE	2				none	undetermined
global:^DGRP61	global	^DGRP61	1				none	undetermined
global:^DGRPDB	global	^DGRPDB	1				none	undetermined
global:^DGRPE	global	^DGRPE	1				none	undetermined
global:^DGRPMS	global	^DGRPMS	1				none	undetermined
global:^DGRUGMFU	global	^DGRUGMFU	1				none	undetermined
global:^DGS	global	^DGS	4	code-model/routine-globals.tsv	global_name	DGS	global-caret-strip-ci	moderate
global:^DGSEC	global	^DGSEC	2				none	undetermined
global:^DGSEC4	global	^DGSEC4	1				none	undetermined
global:^DGSL	global	^DGSL	3	code-model/routine-globals.tsv	global_name	DGSL	global-caret-strip-ci	moderate
global:^DGWAIT	global	^DGWAIT	2	code-model/routine-globals.tsv	global_name	DGWAIT	global-caret-strip-ci	moderate
global:^DI	global	^DI	54	code-model/routine-globals.tsv	global_name	DI	global-caret-strip-ci	moderate
global:^DIA	global	^DIA	5	code-model/routine-globals.tsv	global_name	DIA	global-caret-strip-ci	moderate
global:^DIABETES	global	^DIABETES	3				none	undetermined
global:^DIAC	global	^DIAC	8	code-model/routine-globals.tsv	global_name	DIAC	global-caret-strip-ci	moderate
global:^DIAC1	global	^DIAC1	18				none	undetermined
global:^DIACX	global	^DIACX	1				none	undetermined
global:^DIAGNOSTIC	global	^DIAGNOSTIC	14				none	undetermined
global:^DIALOG	global	^DIALOG	82				none	undetermined
global:^DIALOGZ	global	^DIALOGZ	8				none	undetermined
global:^DIALOZ	global	^DIALOZ	1				none	undetermined
global:^DIAR	global	^DIAR	1	code-model/routine-globals.tsv	global_name	DIAR	global-caret-strip-ci	moderate
global:^DIARRHEA	global	^DIARRHEA	2				none	undetermined
global:^DIAUTL	global	^DIAUTL	23				none	undetermined
global:^DIAXU	global	^DIAXU	35				none	undetermined
global:^DIAZEPAM	global	^DIAZEPAM	8				none	undetermined
global:^DIB	global	^DIB	6				none	undetermined
global:^DIBT	global	^DIBT	10	code-model/routine-globals.tsv	global_name	DIBT	global-caret-strip-ci	moderate
global:^DIBTED	global	^DIBTED	7				none	undetermined
global:^DIBUCAINE	global	^DIBUCAINE	2				none	undetermined
global:^DIC	global	^DIC	627	code-model/routine-globals.tsv	global_name	DIC	global-caret-strip-ci	moderate
global:^DIC1	global	^DIC1	52				none	undetermined
global:^DICATT	global	^DICATT	1				none	undetermined
global:^DICD	global	^DICD	5				none	undetermined
global:^DICM1	global	^DICM1	5				none	undetermined
global:^DICN	global	^DICN	31				none	undetermined
global:^DICOM	global	^DICOM	11				none	undetermined
global:^DICQ	global	^DICQ	5				none	undetermined
global:^DICR	global	^DICR	14				none	undetermined
global:^DICRW	global	^DICRW	3				none	undetermined
global:^DICYCLOMINE	global	^DICYCLOMINE	4				none	undetermined
global:^DID	global	^DID	71				none	undetermined
global:^DIE	global	^DIE	272	code-model/routine-globals.tsv	global_name	DIE	global-caret-strip-ci	moderate
global:^DIE0	global	^DIE0	3				none	undetermined
global:^DIET	global	^DIET	1				none	undetermined
global:^DIEZ	global	^DIEZ	8				none	undetermined
global:^DIFG	global	^DIFG	8				none	undetermined
global:^DIFGB	global	^DIFGB	1				none	undetermined
global:^DIFGG	global	^DIFGG	3				none	undetermined
global:^DIFM	global	^DIFM	2				none	undetermined
global:^DIFROM	global	^DIFROM	1				none	undetermined
global:^DIFSBLD	global	^DIFSBLD	1				none	undetermined
global:^DIGITAL	global	^DIGITAL	28				none	undetermined
global:^DIGOXIN	global	^DIGOXIN	28				none	undetermined
global:^DII	global	^DII	1				none	undetermined
global:^DIK	global	^DIK	133				none	undetermined
global:^DIKCBLD	global	^DIKCBLD	9				none	undetermined
global:^DIKZ	global	^DIKZ	4				none	undetermined
global:^DILAT	global	^DILAT	2				none	undetermined
global:^DILF	global	^DILF	111				none	undetermined
global:^DILFD	global	^DILFD	85				none	undetermined
global:^DILIST	global	^DILIST	1				none	undetermined
global:^DILTIAZEM	global	^DILTIAZEM	2				none	undetermined
global:^DIM	global	^DIM	9				none	undetermined
global:^DINIT	global	^DINIT	1				none	undetermined
global:^DIO2	global	^DIO2	7				none	undetermined
global:^DIOZ	global	^DIOZ	13				none	undetermined
global:^DIP	global	^DIP	58				none	undetermined
global:^DIP4	global	^DIP4	1				none	undetermined
global:^DIPHENHYDRAMINE	global	^DIPHENHYDRAMINE	10				none	undetermined
global:^DIPT	global	^DIPT	13	code-model/routine-globals.tsv	global_name	DIPT	global-caret-strip-ci	moderate
global:^DIPZ	global	^DIPZ	6				none	undetermined
global:^DIQ	global	^DIQ	102				none	undetermined
global:^DIQ1	global	^DIQ1	38				none	undetermined
global:^DIR	global	^DIR	80	code-model/routine-globals.tsv	global_name	DIR	global-caret-strip-ci	moderate
global:^DIRECT	global	^DIRECT	9				none	undetermined
global:^DIRECTION	global	^DIRECTION	3				none	undetermined
global:^DIS	global	^DIS	5				none	undetermined
global:^DISCHARGE	global	^DISCHARGE	7				none	undetermined
global:^DISCONTINUED	global	^DISCONTINUED	3				none	undetermined
global:^DISEASE	global	^DISEASE	2				none	undetermined
global:^DISK	global	^DISK	2				none	undetermined
global:^DISPENS	global	^DISPENS	1				none	undetermined
global:^DISPLAY	global	^DISPLAY	1				none	undetermined
global:^DIST	global	^DIST	8	code-model/routine-globals.tsv	global_name	DIST	global-caret-strip-ci	moderate
global:^DISUSER	global	^DISUSER	2				none	undetermined
global:^DISV	global	^DISV	54	code-model/routine-globals.tsv	global_name	DISV	global-caret-strip-ci	moderate
global:^DISZ	global	^DISZ	3				none	undetermined
global:^DISZ0003	global	^DISZ0003	1				none	undetermined
global:^DISZ0004	global	^DISZ0004	1				none	undetermined
global:^DIT	global	^DIT	2	code-model/routine-globals.tsv	global_name	DIT	global-caret-strip-ci	moderate
global:^DIT0	global	^DIT0	9				none	undetermined
global:^DITP	global	^DITP	8				none	undetermined
global:^DIU	global	^DIU	11				none	undetermined
global:^DIU2	global	^DIU2	11				none	undetermined
global:^DIUSER	global	^DIUSER	2				none	undetermined
global:^DIUTC	global	^DIUTC	17				none	undetermined
global:^DIUTL	global	^DIUTL	5				none	undetermined
global:^DIV	global	^DIV	12				none	undetermined
global:^DIVA	global	^DIVA	1				none	undetermined
global:^DIVALPROEX	global	^DIVALPROEX	1				none	undetermined
global:^DIVISION	global	^DIVISION	8				none	undetermined
global:^DIWE	global	^DIWE	5				none	undetermined
global:^DIWF	global	^DIWF	16				none	undetermined
global:^DIWP	global	^DIWP	24				none	undetermined
global:^DIWW	global	^DIWW	7				none	undetermined
global:^DIZ	global	^DIZ	140	code-model/routine-globals.tsv	global_name	DIZ	global-caret-strip-ci	moderate
global:^DIZZINESS	global	^DIZZINESS	1				none	undetermined
global:^DM005711	global	^DM005711	1				none	undetermined
global:^DMC	global	^DMC	1				none	undetermined
global:^DMSQ	global	^DMSQ	93	code-model/routine-globals.tsv	global_name	DMSQ	global-caret-strip-ci	moderate
global:^DMSQD	global	^DMSQD	12				none	undetermined
global:^DMSQE	global	^DMSQE	5				none	undetermined
global:^DMSQF	global	^DMSQF	7				none	undetermined
global:^DMSQS	global	^DMSQS	18				none	undetermined
global:^DMSQU	global	^DMSQU	28				none	undetermined
global:^DNS	global	^DNS	110				none	undetermined
global:^DOB	global	^DOB	16				none	undetermined
global:^DOC	global	^DOC	9				none	undetermined
global:^DOCNAM	global	^DOCNAM	1				none	undetermined
global:^DOCUSATE	global	^DOCUSATE	1				none	undetermined
global:^DOD	global	^DOD	4				none	undetermined
global:^DOE	global	^DOE	2				none	undetermined
global:^DOM	global	^DOM	3				none	undetermined
global:^DOPT	global	^DOPT	6	code-model/routine-globals.tsv	global_name	DOPT	global-caret-strip-ci	moderate
global:^DOSAGE	global	^DOSAGE	12				none	undetermined
global:^DOSE	global	^DOSE	17				none	undetermined
global:^DOSV	global	^DOSV	3	code-model/routine-globals.tsv	global_name	DOSV	global-caret-strip-ci	moderate
global:^DOVER	global	^DOVER	3				none	undetermined
global:^DPT	global	^DPT	120	code-model/routine-globals.tsv	global_name	DPT	global-caret-strip-ci	moderate
global:^DPTLK	global	^DPTLK	2				none	undetermined
global:^DR	global	^DR	13				none	undetermined
global:^DR018	global	^DR018	2				none	undetermined
global:^DRCT	global	^DRCT	12				none	undetermined
global:^DRESSING	global	^DRESSING	4				none	undetermined
global:^DRI	global	^DRI	2				none	undetermined
global:^DRUG	global	^DRUG	3				none	undetermined
global:^DRUGID	global	^DRUGID	4				none	undetermined
global:^DRUGS	global	^DRUGS	2				none	undetermined
global:^DS	global	^DS	22				none	undetermined
global:^DSI	global	^DSI	1	code-model/routine-globals.tsv	global_name	DSI	global-caret-strip-ci	moderate
global:^DT	global	^DT	3				none	undetermined
global:^DU	global	^DU	22				none	undetermined
global:^DUE	global	^DUE	14				none	undetermined
global:^DURATION	global	^DURATION	4				none	undetermined
global:^DUZ	global	^DUZ	1				none	undetermined
global:^DVB	global	^DVB	37	code-model/routine-globals.tsv	global_name	DVB	global-caret-strip-ci	moderate
global:^DVBA	global	^DVBA	2				none	undetermined
global:^DVBP	global	^DVBP	2	code-model/routine-globals.tsv	global_name	DVBP	global-caret-strip-ci	moderate
global:^DX900	global	^DX900	3				none	undetermined
global:^DYSPNEA	global	^DYSPNEA	2				none	undetermined
global:^DZ	global	^DZ	4				none	undetermined
global:^E200	global	^E200	3				none	undetermined
global:^E955	global	^E955	1				none	undetermined
global:^EA	global	^EA	22				none	undetermined
global:^EASTERN	global	^EASTERN	3				none	undetermined
global:^EC	global	^EC	2	code-model/routine-globals.tsv	global_name	EC	global-caret-strip-ci	moderate
global:^ECC	global	^ECC	1	code-model/routine-globals.tsv	global_name	ECC	global-caret-strip-ci	moderate
global:^ECD	global	^ECD	1	code-model/routine-globals.tsv	global_name	ECD	global-caret-strip-ci	moderate
global:^ECH	global	^ECH	1	code-model/routine-globals.tsv	global_name	ECH	global-caret-strip-ci	moderate
global:^ECJ	global	^ECJ	1	code-model/routine-globals.tsv	global_name	ECJ	global-caret-strip-ci	moderate
global:^ECL	global	^ECL	1	code-model/routine-globals.tsv	global_name	ECL	global-caret-strip-ci	moderate
global:^ECME	global	^ECME	1				none	undetermined
global:^ECR	global	^ECR	1	code-model/routine-globals.tsv	global_name	ECR	global-caret-strip-ci	moderate
global:^ECX	global	^ECX	1	code-model/routine-globals.tsv	global_name	ECX	global-caret-strip-ci	moderate
global:^ED	global	^ED	2				none	undetermined
global:^EDIT	global	^EDIT	2				none	undetermined
global:^EDMONDS	global	^EDMONDS	3				none	undetermined
global:^EDP	global	^EDP	19	code-model/routine-globals.tsv	global_name	EDP	global-caret-strip-ci	moderate
global:^EDPB	global	^EDPB	21	code-model/routine-globals.tsv	global_name	EDPB	global-caret-strip-ci	moderate
global:^EDPBKS	global	^EDPBKS	13				none	undetermined
global:^EDPFMON	global	^EDPFMON	3				none	undetermined
global:^EDT	global	^EDT	3				none	undetermined
global:^EFAVIRENZ	global	^EFAVIRENZ	4				none	undetermined
global:^EIGHT	global	^EIGHT	2				none	undetermined
global:^EKTACHEM	global	^EKTACHEM	1				none	undetermined
global:^EL	global	^EL	1				none	undetermined
global:^ELECTROCARDIOGRAM	global	^ELECTROCARDIOGRAM	4				none	undetermined
global:^ELECTRONICALLY	global	^ELECTRONICALLY	1				none	undetermined
global:^ELIGIBILITY	global	^ELIGIBILITY	2				none	undetermined
global:^EMERGENCY	global	^EMERGENCY	1				none	undetermined
global:^EMERGENT	global	^EMERGENT	1				none	undetermined
global:^EMP	global	^EMP	37				none	undetermined
global:^EMPLOYEE	global	^EMPLOYEE	1				none	undetermined
global:^EN	global	^EN	39				none	undetermined
global:^ENALAPRILAT	global	^ENALAPRILAT	2				none	undetermined
global:^ENAR	global	^ENAR	12	code-model/routine-globals.tsv	global_name	ENAR	global-caret-strip-ci	moderate
global:^ENBCPM1	global	^ENBCPM1	4				none	undetermined
global:^ENCSN	global	^ENCSN	2	code-model/routine-globals.tsv	global_name	ENCSN	global-caret-strip-ci	moderate
global:^ENCTBAR	global	^ENCTBAR	2				none	undetermined
global:^ENDDATETIME	global	^ENDDATETIME	1				none	undetermined
global:^ENDO	global	^ENDO	1				none	undetermined
global:^ENDOSCO	global	^ENDOSCO	4				none	undetermined
global:^ENDOSCOPIC	global	^ENDOSCOPIC	5				none	undetermined
global:^ENEQ	global	^ENEQ	9				none	undetermined
global:^ENEQ1	global	^ENEQ1	16				none	undetermined
global:^ENEQNX1	global	^ENEQNX1	2				none	undetermined
global:^ENEQNX4	global	^ENEQNX4	2				none	undetermined
global:^ENEQNX5	global	^ENEQNX5	2				none	undetermined
global:^ENEQP	global	^ENEQP	2				none	undetermined
global:^ENEQPMP	global	^ENEQPMP	6				none	undetermined
global:^ENEQPMP1	global	^ENEQPMP1	6				none	undetermined
global:^ENEQPMP2	global	^ENEQPMP2	4				none	undetermined
global:^ENEQPMR1	global	^ENEQPMR1	2				none	undetermined
global:^ENEQPMR2	global	^ENEQPMR2	2				none	undetermined
global:^ENEQPMR3	global	^ENEQPMR3	2				none	undetermined
global:^ENEQPMR4	global	^ENEQPMR4	4				none	undetermined
global:^ENEQPMS	global	^ENEQPMS	2				none	undetermined
global:^ENEQPMS1	global	^ENEQPMS1	4				none	undetermined
global:^ENEQPMS4	global	^ENEQPMS4	2				none	undetermined
global:^ENEQRP	global	^ENEQRP	1				none	undetermined
global:^ENEQRP1	global	^ENEQRP1	6				none	undetermined
global:^ENEQRP2	global	^ENEQRP2	2				none	undetermined
global:^ENEQRP3	global	^ENEQRP3	2				none	undetermined
global:^ENEQRPI	global	^ENEQRPI	14				none	undetermined
global:^ENERGIZER	global	^ENERGIZER	2				none	undetermined
global:^ENFSA	global	^ENFSA	10				none	undetermined
global:^ENFSA1	global	^ENFSA1	8				none	undetermined
global:^ENG	global	^ENG	65	code-model/routine-globals.tsv	global_name	ENG	global-caret-strip-ci	moderate
global:^ENGLEBACH	global	^ENGLEBACH	2				none	undetermined
global:^ENGLISH	global	^ENGLISH	3				none	undetermined
global:^ENGS	global	^ENGS	2	code-model/routine-globals.tsv	global_name	ENGS	global-caret-strip-ci	moderate
global:^ENITRN	global	^ENITRN	2				none	undetermined
global:^ENITRRH	global	^ENITRRH	4				none	undetermined
global:^ENITUTL	global	^ENITUTL	4				none	undetermined
global:^ENJ	global	^ENJ	2				none	undetermined
global:^ENLBL10	global	^ENLBL10	2				none	undetermined
global:^ENLBL11	global	^ENLBL11	2				none	undetermined
global:^ENLBL12	global	^ENLBL12	4				none	undetermined
global:^ENLBL15	global	^ENLBL15	2				none	undetermined
global:^ENLBL3	global	^ENLBL3	4				none	undetermined
global:^ENLBL4	global	^ENLBL4	8				none	undetermined
global:^ENLBL5	global	^ENLBL5	4				none	undetermined
global:^ENLBL6	global	^ENLBL6	4				none	undetermined
global:^ENLIB2	global	^ENLIB2	6				none	undetermined
global:^ENMAN	global	^ENMAN	14				none	undetermined
global:^ENPL11	global	^ENPL11	2				none	undetermined
global:^ENPL2	global	^ENPL2	4				none	undetermined
global:^ENPL3A	global	^ENPL3A	2				none	undetermined
global:^ENPL4	global	^ENPL4	2				none	undetermined
global:^ENPL5	global	^ENPL5	2				none	undetermined
global:^ENPL6	global	^ENPL6	2				none	undetermined
global:^ENPROJ	global	^ENPROJ	20				none	undetermined
global:^ENPRP	global	^ENPRP	4				none	undetermined
global:^ENSA	global	^ENSA	2				none	undetermined
global:^ENSA1	global	^ENSA1	4				none	undetermined
global:^ENSP	global	^ENSP	46				none	undetermined
global:^ENSP1	global	^ENSP1	2				none	undetermined
global:^ENSP2	global	^ENSP2	2				none	undetermined
global:^ENSP4	global	^ENSP4	2				none	undetermined
global:^ENSP5	global	^ENSP5	6				none	undetermined
global:^ENSP6	global	^ENSP6	10				none	undetermined
global:^ENTERED	global	^ENTERED	8				none	undetermined
global:^ENWARD	global	^ENWARD	4				none	undetermined
global:^ENWARD1	global	^ENWARD1	2				none	undetermined
global:^ENWO	global	^ENWO	4				none	undetermined
global:^ENWO1	global	^ENWO1	8				none	undetermined
global:^ENWO2	global	^ENWO2	2				none	undetermined
global:^ENWOCOMP	global	^ENWOCOMP	2				none	undetermined
global:^ENWONEW	global	^ENWONEW	4				none	undetermined
global:^ENWONEW1	global	^ENWONEW1	2				none	undetermined
global:^ENWOST	global	^ENWOST	8				none	undetermined
global:^EPI	global	^EPI	3				none	undetermined
global:^EQ	global	^EQ	8				none	undetermined
global:^ER	global	^ER	6				none	undetermined
global:^ERR	global	^ERR	4				none	undetermined
global:^ERROR	global	^ERROR	1				none	undetermined
global:^ERYTHROMYCIN	global	^ERYTHROMYCIN	3				none	undetermined
global:^ESCHERICHIA	global	^ESCHERICHIA	6				none	undetermined
global:^ESOPHAGITIS	global	^ESOPHAGITIS	2				none	undetermined
global:^ESPFM	global	^ESPFM	1				none	undetermined
global:^EST	global	^EST	1				none	undetermined
global:^ESTIMATED	global	^ESTIMATED	3				none	undetermined
global:^ESTRADIOL	global	^ESTRADIOL	1				none	undetermined
global:^ET	global	^ET	1				none	undetermined
global:^ETOO	global	^ETOO	1				none	undetermined
global:^ETX110	global	^ETX110	4				none	undetermined
global:^EV223	global	^EV223	2				none	undetermined
global:^EVE	global	^EVE	1				none	undetermined
global:^EVERY	global	^EVERY	2				none	undetermined
global:^EXCEPTION	global	^EXCEPTION	10				none	undetermined
global:^EXDT	global	^EXDT	4				none	undetermined
global:^EXMPTDT	global	^EXMPTDT	2				none	undetermined
global:^EXP	global	^EXP	2				none	undetermined
global:^EXPANSION	global	^EXPANSION	16				none	undetermined
global:^EXPIRATION	global	^EXPIRATION	2				none	undetermined
global:^EXRXPOST	global	^EXRXPOST	1				none	undetermined
global:^EXT	global	^EXT	2				none	undetermined
global:^EXTERNAL	global	^EXTERNAL	3				none	undetermined
global:^EXTRA	global	^EXTRA	1				none	undetermined
global:^F0121	global	^F0121	1				none	undetermined
global:^FA	global	^FA	7				none	undetermined
global:^FAC	global	^FAC	1				none	undetermined
global:^FACILITY	global	^FACILITY	3				none	undetermined
global:^FAMOTIDINE	global	^FAMOTIDINE	3				none	undetermined
global:^FARGO	global	^FARGO	1				none	undetermined
global:^FB	global	^FB	7	code-model/routine-globals.tsv	global_name	FB	global-caret-strip-ci	moderate
global:^FB583	global	^FB583	3	code-model/routine-globals.tsv	global_name	FB583	global-caret-strip-ci	moderate
global:^FB7078	global	^FB7078	2	code-model/routine-globals.tsv	global_name	FB7078	global-caret-strip-ci	moderate
global:^FBAA	global	^FBAA	9	code-model/routine-globals.tsv	global_name	FBAA	global-caret-strip-ci	moderate
global:^FBAAA	global	^FBAAA	15	code-model/routine-globals.tsv	global_name	FBAAA	global-caret-strip-ci	moderate
global:^FBAABPG	global	^FBAABPG	1				none	undetermined
global:^FBAAC	global	^FBAAC	10	code-model/routine-globals.tsv	global_name	FBAAC	global-caret-strip-ci	moderate
global:^FBAACNH	global	^FBAACNH	2	code-model/routine-globals.tsv	global_name	FBAACNH	global-caret-strip-ci	moderate
global:^FBAAI	global	^FBAAI	11	code-model/routine-globals.tsv	global_name	FBAAI	global-caret-strip-ci	moderate
global:^FBAAUTL3	global	^FBAAUTL3	1				none	undetermined
global:^FBAAV	global	^FBAAV	3	code-model/routine-globals.tsv	global_name	FBAAV	global-caret-strip-ci	moderate
global:^FBARCH0	global	^FBARCH0	4				none	undetermined
global:^FBBPG7Y	global	^FBBPG7Y	1				none	undetermined
global:^FD	global	^FD	32				none	undetermined
global:^FD7305	global	^FD7305	1				none	undetermined
global:^FDA	global	^FDA	2				none	undetermined
global:^FDAMOXICILLIN	global	^FDAMOXICILLIN	1				none	undetermined
global:^FDONE	global	^FDONE	2				none	undetermined
global:^FDQTY	global	^FDQTY	1				none	undetermined
global:^FDRX	global	^FDRX	1				none	undetermined
global:^FDTAKE	global	^FDTAKE	1				none	undetermined
global:^FEB	global	^FEB	12				none	undetermined
global:^FELIX	global	^FELIX	1				none	undetermined
global:^FELODIPINE	global	^FELODIPINE	1				none	undetermined
global:^FEMALE	global	^FEMALE	2				none	undetermined
global:^FEMORAL	global	^FEMORAL	3				none	undetermined
global:^FERRIES	global	^FERRIES	2				none	undetermined
global:^FEVER	global	^FEVER	1				none	undetermined
global:^FH	global	^FH	16	code-model/routine-globals.tsv	global_name	FH	global-caret-strip-ci	moderate
global:^FH55PRE	global	^FH55PRE	1				none	undetermined
global:^FH55PST	global	^FH55PST	1				none	undetermined
global:^FHING	global	^FHING	1	code-model/routine-globals.tsv	global_name	FHING	global-caret-strip-ci	moderate
global:^FHPT	global	^FHPT	2	code-model/routine-globals.tsv	global_name	FHPT	global-caret-strip-ci	moderate
global:^FHUM	global	^FHUM	1	code-model/routine-globals.tsv	global_name	FHUM	global-caret-strip-ci	moderate
global:^FHWHEA	global	^FHWHEA	1				none	undetermined
global:^FI	global	^FI	8				none	undetermined
global:^FID	global	^FID	8				none	undetermined
global:^FIDATA	global	^FIDATA	1				none	undetermined
global:^FIELD3	global	^FIELD3	1				none	undetermined
global:^FIFTYTHREE	global	^FIFTYTHREE	1				none	undetermined
global:^FIL	global	^FIL	1				none	undetermined
global:^FILE	global	^FILE	16	code-model/routine-globals.tsv	global_name	FILE	global-caret-strip-ci	moderate
global:^FILENUM	global	^FILENUM	2				none	undetermined
global:^FILL	global	^FILL	6				none	undetermined
global:^FILLING	global	^FILLING	1				none	undetermined
global:^FILM	global	^FILM	1				none	undetermined
global:^FIVE	global	^FIVE	2				none	undetermined
global:^FL	global	^FL	3				none	undetermined
global:^FLDS	global	^FLDS	3				none	undetermined
global:^FLORIDA	global	^FLORIDA	3				none	undetermined
global:^FLUNISOLIDE	global	^FLUNISOLIDE	3				none	undetermined
global:^FM	global	^FM	2				none	undetermined
global:^FMDATE	global	^FMDATE	2				none	undetermined
global:^FMEMPLOYEE	global	^FMEMPLOYEE	3				none	undetermined
global:^FMPATIENT	global	^FMPATIENT	1				none	undetermined
global:^FMPERSON	global	^FMPERSON	12				none	undetermined
global:^FMS	global	^FMS	17				none	undetermined
global:^FO	global	^FO	15				none	undetermined
global:^FO20	global	^FO20	3				none	undetermined
global:^FO250	global	^FO250	2				none	undetermined
global:^FO251	global	^FO251	1				none	undetermined
global:^FO279	global	^FO279	1				none	undetermined
global:^FO335	global	^FO335	1				none	undetermined
global:^FO363	global	^FO363	1				none	undetermined
global:^FO391	global	^FO391	1				none	undetermined
global:^FO419	global	^FO419	1				none	undetermined
global:^FO447	global	^FO447	1				none	undetermined
global:^FO475	global	^FO475	2				none	undetermined
global:^FO503	global	^FO503	1				none	undetermined
global:^FO531	global	^FO531	1				none	undetermined
global:^FO60	global	^FO60	1				none	undetermined
global:^FO70	global	^FO70	6				none	undetermined
global:^FOAM	global	^FOAM	2				none	undetermined
global:^FOR	global	^FOR	13				none	undetermined
global:^FORTAZ	global	^FORTAZ	1				none	undetermined
global:^FOSINOPRIL	global	^FOSINOPRIL	6				none	undetermined
global:^FOURZEROONE	global	^FOURZEROONE	1				none	undetermined
global:^FP	global	^FP	4				none	undetermined
global:^FR	global	^FR	18				none	undetermined
global:^FRANK	global	^FRANK	6				none	undetermined
global:^FROM	global	^FROM	6				none	undetermined
global:^FS	global	^FS	89				none	undetermined
global:^FT	global	^FT	22				none	undetermined
global:^FUROSEMID	global	^FUROSEMID	1				none	undetermined
global:^FUROSEMIDE	global	^FUROSEMIDE	4				none	undetermined
global:^G0104	global	^G0104	1				none	undetermined
global:^GA	global	^GA	2				none	undetermined
global:^GA301	global	^GA301	2				none	undetermined
global:^GA400	global	^GA400	1				none	undetermined
global:^GA900	global	^GA900	1				none	undetermined
global:^GABAPENTI	global	^GABAPENTI	1				none	undetermined
global:^GABAPENTIN	global	^GABAPENTIN	3				none	undetermined
global:^GAMMA	global	^GAMMA	1				none	undetermined
global:^GAUZE	global	^GAUZE	2				none	undetermined
global:^GBL	global	^GBL	12				none	undetermined
global:^GE	global	^GE	1				none	undetermined
global:^GECS	global	^GECS	7	code-model/routine-globals.tsv	global_name	GECS	global-caret-strip-ci	moderate
global:^GECSA	global	^GECSA	2				none	undetermined
global:^GECSBATC	global	^GECSBATC	1				none	undetermined
global:^GECSCALL	global	^GECSCALL	34				none	undetermined
global:^GECSE1	global	^GECSE1	2				none	undetermined
global:^GECSEDIT	global	^GECSEDIT	2				none	undetermined
global:^GECSMUT1	global	^GECSMUT1	4				none	undetermined
global:^GECSMUT2	global	^GECSMUT2	1				none	undetermined
global:^GECSREP0	global	^GECSREP0	3				none	undetermined
global:^GECSSDCT	global	^GECSSDCT	4				none	undetermined
global:^GECSSGET	global	^GECSSGET	2				none	undetermined
global:^GECSSTAA	global	^GECSSTAA	3				none	undetermined
global:^GECSSTTM	global	^GECSSTTM	1				none	undetermined
global:^GECSUFM1	global	^GECSUFM1	1				none	undetermined
global:^GECSUFMS	global	^GECSUFMS	1				none	undetermined
global:^GECSVFY	global	^GECSVFY	1				none	undetermined
global:^GECSXBL1	global	^GECSXBL1	1				none	undetermined
global:^GECSXBLD	global	^GECSXBLD	1				none	undetermined
global:^GECSXMAP	global	^GECSXMAP	2				none	undetermined
global:^GECXBLD	global	^GECXBLD	1				none	undetermined
global:^GEMFIBROZIL	global	^GEMFIBROZIL	5				none	undetermined
global:^GENERAL	global	^GENERAL	12				none	undetermined
global:^GENERATE	global	^GENERATE	1				none	undetermined
global:^GENERIC	global	^GENERIC	40				none	undetermined
global:^GENTAMICIN	global	^GENTAMICIN	6				none	undetermined
global:^GENTMCN	global	^GENTMCN	6				none	undetermined
global:^GERIATRICS	global	^GERIATRICS	3				none	undetermined
global:^GETSIZE	global	^GETSIZE	1				none	undetermined
global:^GETSTYLE	global	^GETSTYLE	1				none	undetermined
global:^GGTP	global	^GGTP	1				none	undetermined
global:^GI	global	^GI	11				none	undetermined
global:^GIM	global	^GIM	1				none	undetermined
global:^GLB	global	^GLB	6				none	undetermined
global:^GLOBAL	global	^GLOBAL	17				none	undetermined
global:^GLU	global	^GLU	1				none	undetermined
global:^GLUCOSE	global	^GLUCOSE	21				none	undetermined
global:^GLUCOSE1	global	^GLUCOSE1	8				none	undetermined
global:^GLYBURIDE	global	^GLYBURIDE	12				none	undetermined
global:^GM	global	^GM	2				none	undetermined
global:^GMA	global	^GMA	7				none	undetermined
global:^GMPL	global	^GMPL	36	code-model/routine-globals.tsv	global_name	GMPL	global-caret-strip-ci	moderate
global:^GMPLBLD2	global	^GMPLBLD2	1				none	undetermined
global:^GMPLPXRM	global	^GMPLPXRM	1				none	undetermined
global:^GMPLUTL3	global	^GMPLUTL3	1				none	undetermined
global:^GMR	global	^GMR	79	code-model/routine-globals.tsv	global_name	GMR	global-caret-strip-ci	moderate
global:^GMRA	global	^GMRA	7				none	undetermined
global:^GMRADPT	global	^GMRADPT	1				none	undetermined
global:^GMRAPEM0	global	^GMRAPEM0	1				none	undetermined
global:^GMRAUTL2	global	^GMRAUTL2	1				none	undetermined
global:^GMRC	global	^GMRC	32				none	undetermined
global:^GMRC123P	global	^GMRC123P	2				none	undetermined
global:^GMRCACTM	global	^GMRCACTM	2				none	undetermined
global:^GMRCASV	global	^GMRCASV	2				none	undetermined
global:^GMRCDRFR	global	^GMRCDRFR	2				none	undetermined
global:^GMRCDST	global	^GMRCDST	2				none	undetermined
global:^GMRCGUIA	global	^GMRCGUIA	4				none	undetermined
global:^GMRCP	global	^GMRCP	3				none	undetermined
global:^GMRCP99	global	^GMRCP99	1				none	undetermined
global:^GMRCPRO	global	^GMRCPRO	2				none	undetermined
global:^GMRCR	global	^GMRCR	3				none	undetermined
global:^GMRCSLM1	global	^GMRCSLM1	1				none	undetermined
global:^GMRCSLM2	global	^GMRCSLM2	1				none	undetermined
global:^GMRCUTL1	global	^GMRCUTL1	1				none	undetermined
global:^GMRD	global	^GMRD	58	code-model/routine-globals.tsv	global_name	GMRD	global-caret-strip-ci	moderate
global:^GMRGRUT0	global	^GMRGRUT0	1				none	undetermined
global:^GMRV	global	^GMRV	6				none	undetermined
global:^GMRVCAQU	global	^GMRVCAQU	1				none	undetermined
global:^GMRVPXRM	global	^GMRVPXRM	2				none	undetermined
global:^GMRYED0	global	^GMRYED0	3				none	undetermined
global:^GMRYFLW0	global	^GMRYFLW0	1				none	undetermined
global:^GMRYRP0	global	^GMRYRP0	3				none	undetermined
global:^GMRYRP1	global	^GMRYRP1	2				none	undetermined
global:^GMRYRP2	global	^GMRYRP2	8				none	undetermined
global:^GMRYSE0	global	^GMRYSE0	1				none	undetermined
global:^GMRYUT0	global	^GMRYUT0	2				none	undetermined
global:^GMT	global	^GMT	23	code-model/routine-globals.tsv	global_name	GMT	global-caret-strip-ci	moderate
global:^GMTSDVR	global	^GMTSDVR	1				none	undetermined
global:^GMTSOBJ	global	^GMTSOBJ	4				none	undetermined
global:^GMTSP58	global	^GMTSP58	4				none	undetermined
global:^GMTSPXFP	global	^GMTSPXFP	2				none	undetermined
global:^GMTSUP	global	^GMTSUP	8				none	undetermined
global:^GMVDCSAV	global	^GMVDCSAV	2				none	undetermined
global:^GMVGETD	global	^GMVGETD	8				none	undetermined
global:^GMVGETQ	global	^GMVGETQ	2				none	undetermined
global:^GMVGGR1	global	^GMVGGR1	6				none	undetermined
global:^GMVPAR	global	^GMVPAR	12				none	undetermined
global:^GMVRPCHL	global	^GMVRPCHL	18				none	undetermined
global:^GMVRPCM	global	^GMVRPCM	78				none	undetermined
global:^GMVRPCU	global	^GMVRPCU	12				none	undetermined
global:^GMVUTL1	global	^GMVUTL1	3				none	undetermined
global:^GMVUTL3	global	^GMVUTL3	2				none	undetermined
global:^GMVUTL7	global	^GMVUTL7	5				none	undetermined
global:^GMVUTL8	global	^GMVUTL8	6				none	undetermined
global:^GRAM	global	^GRAM	5				none	undetermined
global:^GRAPHICS	global	^GRAPHICS	3				none	undetermined
global:^GREEN	global	^GREEN	1				none	undetermined
global:^GREENFIELD	global	^GREENFIELD	1				none	undetermined
global:^GRISEOFULVIN	global	^GRISEOFULVIN	1				none	undetermined
global:^GROUP	global	^GROUP	1				none	undetermined
global:^GS	global	^GS	4				none	undetermined
global:^GS1	global	^GS1	4				none	undetermined
global:^GS20F004P	global	^GS20F004P	6				none	undetermined
global:^GTS	global	^GTS	20				none	undetermined
global:^GUID	global	^GUID	1				none	undetermined
global:^GULF	global	^GULF	3				none	undetermined
global:^HC	global	^HC	5				none	undetermined
global:^HCO3	global	^HCO3	2				none	undetermined
global:^HDCOM	global	^HDCOM	4				none	undetermined
global:^HDDT	global	^HDDT	4				none	undetermined
global:^HDISVAP1	global	^HDISVAP1	1				none	undetermined
global:^HDL	global	^HDL	6				none	undetermined
global:^HDR	global	^HDR	3				none	undetermined
global:^HDRPREF	global	^HDRPREF	3				none	undetermined
global:^HDRPRES	global	^HDRPRES	2				none	undetermined
global:^HEADRICK	global	^HEADRICK	1				none	undetermined
global:^HEALTH	global	^HEALTH	2				none	undetermined
global:^HEART	global	^HEART	1				none	undetermined
global:^HEAVY	global	^HEAVY	2				none	undetermined
global:^HEIGHT	global	^HEIGHT	7				none	undetermined
global:^HELP	global	^HELP	1				none	undetermined
global:^HEMOGLOBIN	global	^HEMOGLOBIN	5				none	undetermined
global:^HEMORRHAGE	global	^HEMORRHAGE	2				none	undetermined
global:^HFS	global	^HFS	10				none	undetermined
global:^HIBCC	global	^HIBCC	4				none	undetermined
global:^HIGH	global	^HIGH	12				none	undetermined
global:^HINES	global	^HINES	34				none	undetermined
global:^HIP	global	^HIP	2				none	undetermined
global:^HISPANIC	global	^HISPANIC	4				none	undetermined
global:^HISTORY	global	^HISTORY	42				none	undetermined
global:^HL	global	^HL	55	code-model/routine-globals.tsv	global_name	HL	global-caret-strip-ci	moderate
global:^HL7	global	^HL7	26				none	undetermined
global:^HL70356	global	^HL70356	4				none	undetermined
global:^HL70357	global	^HL70357	8				none	undetermined
global:^HL70364	global	^HL70364	21				none	undetermined
global:^HL72	global	^HL72	2				none	undetermined
global:^HLA	global	^HLA	8	code-model/routine-globals.tsv	global_name	HLA	global-caret-strip-ci	moderate
global:^HLAPI2	global	^HLAPI2	3				none	undetermined
global:^HLB	global	^HLB	17	code-model/routine-globals.tsv	global_name	HLB	global-caret-strip-ci	moderate
global:^HLC	global	^HLC	2	code-model/routine-globals.tsv	global_name	HLC	global-caret-strip-ci	moderate
global:^HLCS	global	^HLCS	89	code-model/routine-globals.tsv	global_name	HLCS	global-caret-strip-ci	moderate
global:^HLCS2	global	^HLCS2	14				none	undetermined
global:^HLCSLM	global	^HLCSLM	1				none	undetermined
global:^HLCSOUT	global	^HLCSOUT	2				none	undetermined
global:^HLCSTCP	global	^HLCSTCP	3				none	undetermined
global:^HLCSUTL	global	^HLCSUTL	1				none	undetermined
global:^HLD	global	^HLD	34	code-model/routine-globals.tsv	global_name	HLD	global-caret-strip-ci	moderate
global:^HLFN	global	^HLFN	2				none	undetermined
global:^HLFNC	global	^HLFNC	147				none	undetermined
global:^HLFNC2	global	^HLFNC2	71				none	undetermined
global:^HLMA	global	^HLMA	116	code-model/routine-globals.tsv	global_name	HLMA	global-caret-strip-ci	moderate
global:^HLMA1	global	^HLMA1	36				none	undetermined
global:^HLMA3	global	^HLMA3	1				none	undetermined
global:^HLOAPI	global	^HLOAPI	176				none	undetermined
global:^HLOAPI1	global	^HLOAPI1	36				none	undetermined
global:^HLOAPI2	global	^HLOAPI2	29				none	undetermined
global:^HLOAPI3	global	^HLOAPI3	34				none	undetermined
global:^HLOAPI4	global	^HLOAPI4	24				none	undetermined
global:^HLOAPP	global	^HLOAPP	2				none	undetermined
global:^HLOASUB	global	^HLOASUB	18				none	undetermined
global:^HLOASUB1	global	^HLOASUB1	9				none	undetermined
global:^HLOCNRT	global	^HLOCNRT	13				none	undetermined
global:^HLOCVU	global	^HLOCVU	3				none	undetermined
global:^HLODEM1	global	^HLODEM1	16				none	undetermined
global:^HLODEM10	global	^HLODEM10	2				none	undetermined
global:^HLODEM2	global	^HLODEM2	5				none	undetermined
global:^HLODEM3	global	^HLODEM3	2				none	undetermined
global:^HLODEM4	global	^HLODEM4	1				none	undetermined
global:^HLODEM5	global	^HLODEM5	12				none	undetermined
global:^HLODEM6	global	^HLODEM6	1				none	undetermined
global:^HLODEM7	global	^HLODEM7	4				none	undetermined
global:^HLODEM8	global	^HLODEM8	3				none	undetermined
global:^HLOMSG	global	^HLOMSG	11				none	undetermined
global:^HLOPOST	global	^HLOPOST	2				none	undetermined
global:^HLOPRS	global	^HLOPRS	144				none	undetermined
global:^HLOPRS1	global	^HLOPRS1	2				none	undetermined
global:^HLOPRS2	global	^HLOPRS2	19				none	undetermined
global:^HLOQUE	global	^HLOQUE	14				none	undetermined
global:^HLOSRVR	global	^HLOSRVR	14				none	undetermined
global:^HLOSTRAC	global	^HLOSTRAC	2				none	undetermined
global:^HLOSUB	global	^HLOSUB	2				none	undetermined
global:^HLOSUB1	global	^HLOSUB1	1				none	undetermined
global:^HLOTLNK	global	^HLOTLNK	7				none	undetermined
global:^HLOTRACE	global	^HLOTRACE	3				none	undetermined
global:^HLOZTST	global	^HLOZTST	4				none	undetermined
global:^HLOZTST1	global	^HLOZTST1	1				none	undetermined
global:^HLS	global	^HLS	3	code-model/routine-globals.tsv	global_name	HLS	global-caret-strip-ci	moderate
global:^HLSTATS	global	^HLSTATS	1	code-model/routine-globals.tsv	global_name	HLSTATS	global-caret-strip-ci	moderate
global:^HLSUB	global	^HLSUB	99				none	undetermined
global:^HLTF	global	^HLTF	30				none	undetermined
global:^HLTMP	global	^HLTMP	6	code-model/routine-globals.tsv	global_name	HLTMP	global-caret-strip-ci	moderate
global:^HLTUIL	global	^HLTUIL	2				none	undetermined
global:^HLUCM	global	^HLUCM	6				none	undetermined
global:^HLUTIL	global	^HLUTIL	135				none	undetermined
global:^HLUTIL2	global	^HLUTIL2	1				none	undetermined
global:^HLUTIL3	global	^HLUTIL3	21				none	undetermined
global:^HNC	global	^HNC	1				none	undetermined
global:^HODGKINS	global	^HODGKINS	4				none	undetermined
global:^HONORABLE	global	^HONORABLE	9				none	undetermined
global:^HOSPITAL	global	^HOSPITAL	2				none	undetermined
global:^HOUSE	global	^HOUSE	9				none	undetermined
global:^HOUSEBOUND	global	^HOUSEBOUND	1				none	undetermined
global:^HOWARD	global	^HOWARD	2				none	undetermined
global:^HP0124	global	^HP0124	3				none	undetermined
global:^HS051	global	^HS051	1				none	undetermined
global:^HS501	global	^HS501	5				none	undetermined
global:^HS503	global	^HS503	1				none	undetermined
global:^HS851	global	^HS851	1				none	undetermined
global:^HSPRN	global	^HSPRN	1				none	undetermined
global:^HT	global	^HT	6				none	undetermined
global:^HTAPPL	global	^HTAPPL	4				none	undetermined
global:^HTLF	global	^HTLF	2				none	undetermined
global:^HUMANITARIAN	global	^HUMANITARIAN	2				none	undetermined
global:^HUNTINGTON	global	^HUNTINGTON	24				none	undetermined
global:^HYDROCO	global	^HYDROCO	3				none	undetermined
global:^HYDROCODONE	global	^HYDROCODONE	3				none	undetermined
global:^HYDROMORPHONE	global	^HYDROMORPHONE	1				none	undetermined
global:^HYPROMELLOSE	global	^HYPROMELLOSE	1				none	undetermined
global:^I0006	global	^I0006	1				none	undetermined
global:^I01	global	^I01	2				none	undetermined
global:^I0153	global	^I0153	1				none	undetermined
global:^I0164	global	^I0164	2				none	undetermined
global:^I0198	global	^I0198	1				none	undetermined
global:^I12	global	^I12	14				none	undetermined
global:^I13	global	^I13	13				none	undetermined
global:^I14	global	^I14	5				none	undetermined
global:^I9	global	^I9	16				none	undetermined
global:^IA	global	^IA	4				none	undetermined
global:^IB	global	^IB	5	code-model/routine-globals.tsv	global_name	IB	global-caret-strip-ci	moderate
global:^IBBAPI	global	^IBBAPI	2				none	undetermined
global:^IBBDOC	global	^IBBDOC	1				none	undetermined
global:^IBCN	global	^IBCN	12	code-model/routine-globals.tsv	global_name	IBCN	global-caret-strip-ci	moderate
global:^IBCNETST	global	^IBCNETST	2				none	undetermined
global:^IBCXLDT	global	^IBCXLDT	1				none	undetermined
global:^IBD	global	^IBD	12	code-model/routine-globals.tsv	global_name	IBD	global-caret-strip-ci	moderate
global:^IBDF18A	global	^IBDF18A	1				none	undetermined
global:^IBDF18B	global	^IBDF18B	1				none	undetermined
global:^IBDF18C	global	^IBDF18C	2				none	undetermined
global:^IBDF18D	global	^IBDF18D	1				none	undetermined
global:^IBDF18E	global	^IBDF18E	1				none	undetermined
global:^IBDFDEA	global	^IBDFDEA	1				none	undetermined
global:^IBDFRPC	global	^IBDFRPC	2				none	undetermined
global:^IBDFRPC1	global	^IBDFRPC1	2				none	undetermined
global:^IBDFRPC3	global	^IBDFRPC3	1				none	undetermined
global:^IBDFRPC4	global	^IBDFRPC4	2				none	undetermined
global:^IBE	global	^IBE	31	code-model/routine-globals.tsv	global_name	IBE	global-caret-strip-ci	moderate
global:^IBG	global	^IBG	4				none	undetermined
global:^IBMH	global	^IBMH	1	code-model/routine-globals.tsv	global_name	IBMH	global-caret-strip-ci	moderate
global:^IBOLK	global	^IBOLK	2				none	undetermined
global:^IBRSUTL	global	^IBRSUTL	11				none	undetermined
global:^IBRUTL	global	^IBRUTL	1				none	undetermined
global:^IBSICU	global	^IBSICU	3				none	undetermined
global:^IBUC	global	^IBUC	1	code-model/routine-globals.tsv	global_name	IBUC	global-caret-strip-ci	moderate
global:^IBUPROFEN	global	^IBUPROFEN	2				none	undetermined
global:^IC	global	^IC	1				none	undetermined
global:^ICCBBA	global	^ICCBBA	4				none	undetermined
global:^ICD	global	^ICD	4	code-model/routine-globals.tsv	global_name	ICD	global-caret-strip-ci	moderate
global:^ICD9	global	^ICD9	15	code-model/routine-globals.tsv	global_name	ICD9	global-caret-strip-ci	moderate
global:^ICDCODE	global	^ICDCODE	2				none	undetermined
global:^ICDEX	global	^ICDEX	5				none	undetermined
global:^ICN	global	^ICN	2				none	undetermined
global:^ICPT	global	^ICPT	8	code-model/routine-globals.tsv	global_name	ICPT	global-caret-strip-ci	moderate
global:^ICPTCOD	global	^ICPTCOD	1				none	undetermined
global:^ID	global	^ID	5				none	undetermined
global:^IDAHO	global	^IDAHO	1				none	undetermined
global:^IDIO	global	^IDIO	2				none	undetermined
global:^IDOSEDOCTOR	global	^IDOSEDOCTOR	2				none	undetermined
global:^IDPOUT	global	^IDPOUT	1				none	undetermined
global:^IEN	global	^IEN	50				none	undetermined
global:^IENS	global	^IENS	1				none	undetermined
global:^IFC	global	^IFC	15				none	undetermined
global:^IFCAP	global	^IFCAP	3				none	undetermined
global:^IFCAPNIF	global	^IFCAPNIF	2				none	undetermined
global:^II	global	^II	6				none	undetermined
global:^IIPT	global	^IIPT	3				none	undetermined
global:^IL	global	^IL	1				none	undetermined
global:^IMAGPATIENT	global	^IMAGPATIENT	1				none	undetermined
global:^IMMUNIZATION	global	^IMMUNIZATION	2				none	undetermined
global:^IMPAIRED	global	^IMPAIRED	1				none	undetermined
global:^IMPRESSION	global	^IMPRESSION	21				none	undetermined
global:^IN	global	^IN	36				none	undetermined
global:^INACTIVE	global	^INACTIVE	5				none	undetermined
global:^INCLUDE	global	^INCLUDE	3				none	undetermined
global:^INDEX	global	^INDEX	1				none	undetermined
global:^INELIGIBLE	global	^INELIGIBLE	1				none	undetermined
global:^INETMM	global	^INETMM	2				none	undetermined
global:^INFORMATION	global	^INFORMATION	8				none	undetermined
global:^INFORMATIONAL	global	^INFORMATIONAL	2				none	undetermined
global:^INFUSE	global	^INFUSE	2				none	undetermined
global:^INGREDIENT	global	^INGREDIENT	4				none	undetermined
global:^INIT	global	^INIT	5				none	undetermined
global:^INITIATE	global	^INITIATE	5				none	undetermined
global:^INJ	global	^INJ	1				none	undetermined
global:^INJEC	global	^INJEC	1				none	undetermined
global:^INJECT	global	^INJECT	4				none	undetermined
global:^INJURY	global	^INJURY	2				none	undetermined
global:^INPATIENT	global	^INPATIENT	6				none	undetermined
global:^INSPECTOR	global	^INSPECTOR	76				none	undetermined
global:^INSTRUCTED	global	^INSTRUCTED	1				none	undetermined
global:^INSULIN	global	^INSULIN	10				none	undetermined
global:^INSURANCE	global	^INSURANCE	1				none	undetermined
global:^INTERNAL	global	^INTERNAL	3				none	undetermined
global:^INTERNET	global	^INTERNET	1				none	undetermined
global:^INTERWARD	global	^INTERWARD	12				none	undetermined
global:^INTRAMUSCULAR	global	^INTRAMUSCULAR	1				none	undetermined
global:^INTRAVASCULAR	global	^INTRAVASCULAR	1				none	undetermined
global:^INTRAVENOUS	global	^INTRAVENOUS	2				none	undetermined
global:^INTRO	global	^INTRO	1				none	undetermined
global:^INV	global	^INV	3				none	undetermined
global:^IP	global	^IP	9				none	undetermined
global:^IPP	global	^IPP	2				none	undetermined
global:^IPRATRO	global	^IPRATRO	1				none	undetermined
global:^IPRATROPIUM	global	^IPRATROPIUM	3				none	undetermined
global:^IQUAL	global	^IQUAL	1				none	undetermined
global:^IR	global	^IR	1				none	undetermined
global:^IRM	global	^IRM	4				none	undetermined
global:^IRT	global	^IRT	1				none	undetermined
global:^IRTPHYSICIAN	global	^IRTPHYSICIAN	9				none	undetermined
global:^ISITE	global	^ISITE	1				none	undetermined
global:^ISOL	global	^ISOL	6				none	undetermined
global:^ISOLAT	global	^ISOLAT	2				none	undetermined
global:^ISOSORBIDE	global	^ISOSORBIDE	2				none	undetermined
global:^ISSUE	global	^ISSUE	2				none	undetermined
global:^ITEM	global	^ITEM	2				none	undetermined
global:^ITYP	global	^ITYP	1				none	undetermined
global:^IV	global	^IV	15				none	undetermined
global:^IVMB453	global	^IVMB453	6				none	undetermined
global:^IVMB453A	global	^IVMB453A	2				none	undetermined
global:^IVMDZ10U	global	^IVMDZ10U	1				none	undetermined
global:^IVMGA	global	^IVMGA	4				none	undetermined
global:^IX	global	^IX	11				none	undetermined
global:^JACKSONVILLE	global	^JACKSONVILLE	1				none	undetermined
global:^JAN	global	^JAN	39				none	undetermined
global:^JESSE	global	^JESSE	2				none	undetermined
global:^JOB	global	^JOB	2				none	undetermined
global:^JOHN	global	^JOHN	2				none	undetermined
global:^JOHNSON	global	^JOHNSON	1				none	undetermined
global:^JONES	global	^JONES	3				none	undetermined
global:^JOSEPH	global	^JOSEPH	1				none	undetermined
global:^JR	global	^JR	23				none	undetermined
global:^JR1000P00	global	^JR1000P00	2				none	undetermined
global:^JUL	global	^JUL	8				none	undetermined
global:^JUN	global	^JUN	13				none	undetermined
global:^K00056W	global	^K00056W	1				none	undetermined
global:^K00332T	global	^K00332T	1				none	undetermined
global:^K003Q1U	global	^K003Q1U	1				none	undetermined
global:^K003Q2J	global	^K003Q2J	1				none	undetermined
global:^K003Q2K	global	^K003Q2K	1				none	undetermined
global:^K003Q2L	global	^K003Q2L	1				none	undetermined
global:^K003Q2M	global	^K003Q2M	1				none	undetermined
global:^K003Q34	global	^K003Q34	1				none	undetermined
global:^K1019A3	global	^K1019A3	2				none	undetermined
global:^K102XVU	global	^K102XVU	2				none	undetermined
global:^K13	global	^K13	39				none	undetermined
global:^K2005J1	global	^K2005J1	1				none	undetermined
global:^K200IJZ	global	^K200IJZ	2				none	undetermined
global:^K200UFP	global	^K200UFP	1				none	undetermined
global:^K201DVP	global	^K201DVP	2				none	undetermined
global:^K201SKQ	global	^K201SKQ	2				none	undetermined
global:^K202CZT	global	^K202CZT	1				none	undetermined
global:^K202W8Y	global	^K202W8Y	1				none	undetermined
global:^K22	global	^K22	1				none	undetermined
global:^K3031MN	global	^K3031MN	1				none	undetermined
global:^K303N9U	global	^K303N9U	1				none	undetermined
global:^K4039QG	global	^K4039QG	1				none	undetermined
global:^K404G8T	global	^K404G8T	1				none	undetermined
global:^K504M36	global	^K504M36	1				none	undetermined
global:^K603ZDN	global	^K603ZDN	1				none	undetermined
global:^K60605W	global	^K60605W	1				none	undetermined
global:^K703LJV	global	^K703LJV	1				none	undetermined
global:^K703LK3	global	^K703LK3	1				none	undetermined
global:^K703PY7	global	^K703PY7	2				none	undetermined
global:^K703ZCI	global	^K703ZCI	1				none	undetermined
global:^K7048VZ	global	^K7048VZ	1				none	undetermined
global:^K705EN1	global	^K705EN1	1				none	undetermined
global:^K706EKQ	global	^K706EKQ	1				none	undetermined
global:^K71	global	^K71	1				none	undetermined
global:^K804PWN	global	^K804PWN	2				none	undetermined
global:^K805PMS	global	^K805PMS	1				none	undetermined
global:^K806B1J	global	^K806B1J	1				none	undetermined
global:^K9011UM	global	^K9011UM	1				none	undetermined
global:^K901RM2	global	^K901RM2	2				none	undetermined
global:^K904WUE	global	^K904WUE	1				none	undetermined
global:^KA1000R00	global	^KA1000R00	2				none	undetermined
global:^KANAMCN	global	^KANAMCN	1				none	undetermined
global:^KANAMYCIN	global	^KANAMYCIN	1				none	undetermined
global:^KC	global	^KC	1				none	undetermined
global:^KC2566	global	^KC2566	2				none	undetermined
global:^KETOROLAC	global	^KETOROLAC	2				none	undetermined
global:^KIDS	global	^KIDS	1				none	undetermined
global:^KILLME	global	^KILLME	2				none	undetermined
global:^KLEBSIELLA	global	^KLEBSIELLA	1				none	undetermined
global:^KMPBEMRT	global	^KMPBEMRT	1				none	undetermined
global:^KMPCSMRT	global	^KMPCSMRT	1				none	undetermined
global:^KMPD	global	^KMPD	38	code-model/routine-globals.tsv	global_name	KMPD	global-caret-strip-ci	moderate
global:^KMPDSS	global	^KMPDSS	6				none	undetermined
global:^KMPDTP1	global	^KMPDTP1	2				none	undetermined
global:^KMPDTP2	global	^KMPDTP2	2				none	undetermined
global:^KMPDTP3	global	^KMPDTP3	2				none	undetermined
global:^KMPDTP4	global	^KMPDTP4	2				none	undetermined
global:^KMPDTP5	global	^KMPDTP5	2				none	undetermined
global:^KMPDTP6	global	^KMPDTP6	2				none	undetermined
global:^KMPDTP7	global	^KMPDTP7	2				none	undetermined
global:^KMPDTU11	global	^KMPDTU11	14				none	undetermined
global:^KMPETMRT	global	^KMPETMRT	1				none	undetermined
global:^KMPHLMRT	global	^KMPHLMRT	1				none	undetermined
global:^KMPKMPUTMP	global	^KMPKMPUTMP	1				none	undetermined
global:^KMPMCMRT	global	^KMPMCMRT	1				none	undetermined
global:^KMPR	global	^KMPR	10	code-model/routine-globals.tsv	global_name	KMPR	global-caret-strip-ci	moderate
global:^KMPRPN03	global	^KMPRPN03	2				none	undetermined
global:^KMPS	global	^KMPS	1	code-model/routine-globals.tsv	global_name	KMPS	global-caret-strip-ci	moderate
global:^KMPSTMRT	global	^KMPSTMRT	1				none	undetermined
global:^KMPTCMRT	global	^KMPTCMRT	1				none	undetermined
global:^KMPTMP	global	^KMPTMP	111	code-model/routine-globals.tsv	global_name	KMPTMP	global-caret-strip-ci	moderate
global:^KMPV	global	^KMPV	14	code-model/routine-globals.tsv	global_name	KMPV	global-caret-strip-ci	moderate
global:^KMPVCBG	global	^KMPVCBG	2				none	undetermined
global:^KMPVLM	global	^KMPVLM	11				none	undetermined
global:^KMPVVMCM	global	^KMPVVMCM	1				none	undetermined
global:^KMPVVTCM	global	^KMPVVTCM	1				none	undetermined
global:^KNEE	global	^KNEE	10				none	undetermined
global:^KY	global	^KY	6				none	undetermined
global:^L0139	global	^L0139	1				none	undetermined
global:^LA	global	^LA	139	code-model/routine-globals.tsv	global_name	LA	global-caret-strip-ci	moderate
global:^LA66	global	^LA66	2				none	undetermined
global:^LA67	global	^LA67	4				none	undetermined
global:^LA68	global	^LA68	2				none	undetermined
global:^LA7	global	^LA7	1				none	undetermined
global:^LA7HDR	global	^LA7HDR	16				none	undetermined
global:^LA7LAB	global	^LA7LAB	1				none	undetermined
global:^LA7LOG	global	^LA7LOG	1				none	undetermined
global:^LA7POC	global	^LA7POC	1				none	undetermined
global:^LA7PURG	global	^LA7PURG	2				none	undetermined
global:^LA7QRY	global	^LA7QRY	3				none	undetermined
global:^LA7UID	global	^LA7UID	1				none	undetermined
global:^LA7UIO	global	^LA7UIO	3				none	undetermined
global:^LA7V	global	^LA7V	62				none	undetermined
global:^LA7VHL	global	^LA7VHL	2				none	undetermined
global:^LA7VIN	global	^LA7VIN	5				none	undetermined
global:^LAB	global	^LAB	104	code-model/routine-globals.tsv	global_name	LAB	global-caret-strip-ci	moderate
global:^LABORATORY	global	^LABORATORY	2				none	undetermined
global:^LABORER	global	^LABORER	3				none	undetermined
global:^LABTECH	global	^LABTECH	1				none	undetermined
global:^LABTEST	global	^LABTEST	1				none	undetermined
global:^LABUSER	global	^LABUSER	3				none	undetermined
global:^LAC	global	^LAC	3	code-model/routine-globals.tsv	global_name	LAC	global-caret-strip-ci	moderate
global:^LACOLTSE	global	^LACOLTSE	2				none	undetermined
global:^LADOWN	global	^LADOWN	1				none	undetermined
global:^LAH	global	^LAH	90	code-model/routine-globals.tsv	global_name	LAH	global-caret-strip-ci	moderate
global:^LAHM	global	^LAHM	5	code-model/routine-globals.tsv	global_name	LAHM	global-caret-strip-ci	moderate
global:^LAJOB1	global	^LAJOB1	1				none	undetermined
global:^LAKELAND	global	^LAKELAND	2				none	undetermined
global:^LAM	global	^LAM	2	code-model/routine-globals.tsv	global_name	LAM	global-caret-strip-ci	moderate
global:^LAMIV10	global	^LAMIV10	3				none	undetermined
global:^LAMIV11	global	^LAMIV11	4				none	undetermined
global:^LAMIV12	global	^LAMIV12	4				none	undetermined
global:^LAMIVTKC	global	^LAMIVTKC	3				none	undetermined
global:^LAMIVTLE	global	^LAMIVTLE	1				none	undetermined
global:^LAMIVTLX	global	^LAMIVTLX	2				none	undetermined
global:^LAMSBLD	global	^LAMSBLD	1				none	undetermined
global:^LAMSP	global	^LAMSP	1				none	undetermined
global:^LAR	global	^LAR	35	code-model/routine-globals.tsv	global_name	LAR	global-caret-strip-ci	moderate
global:^LARCY	global	^LARCY	2				none	undetermined
global:^LASET	global	^LASET	13				none	undetermined
global:^LAST	global	^LAST	4				none	undetermined
global:^LASTNAME	global	^LASTNAME	1				none	undetermined
global:^LATHAM	global	^LATHAM	18				none	undetermined
global:^LBS	global	^LBS	8				none	undetermined
global:^LDH	global	^LDH	2				none	undetermined
global:^LDL	global	^LDL	6				none	undetermined
global:^LDT	global	^LDT	12				none	undetermined
global:^LEADWIRE	global	^LEADWIRE	1				none	undetermined
global:^LEDITEST	global	^LEDITEST	1				none	undetermined
global:^LEE	global	^LEE	1				none	undetermined
global:^LEFT	global	^LEFT	7				none	undetermined
global:^LEPTOSPIROS	global	^LEPTOSPIROS	1				none	undetermined
global:^LEVOFLOXACIN	global	^LEVOFLOXACIN	9				none	undetermined
global:^LEVOTHYROXINE	global	^LEVOTHYROXINE	4				none	undetermined
global:^LEXINGTON	global	^LEXINGTON	2				none	undetermined
global:^LEXTRAN	global	^LEXTRAN	1				none	undetermined
global:^LEXU	global	^LEXU	2	code-model/routine-globals.tsv	global_name	LEXU	global-caret-strip-ci	moderate
global:^LGMR120	global	^LGMR120	6				none	undetermined
global:^LH0	global	^LH0	7				none	undetermined
global:^LH30	global	^LH30	6				none	undetermined
global:^LISINOPRIL	global	^LISINOPRIL	6				none	undetermined
global:^LIST	global	^LIST	1				none	undetermined
global:^LL	global	^LL	3				none	undetermined
global:^LN	global	^LN	207				none	undetermined
global:^LO	global	^LO	3				none	undetermined
global:^LOAD	global	^LOAD	2				none	undetermined
global:^LOC	global	^LOC	4				none	undetermined
global:^LOCALHOST	global	^LOCALHOST	2				none	undetermined
global:^LOCATION	global	^LOCATION	21				none	undetermined
global:^LOG	global	^LOG	2				none	undetermined
global:^LOMUSTINE	global	^LOMUSTINE	1				none	undetermined
global:^LONG	global	^LONG	2				none	undetermined
global:^LONGLY	global	^LONGLY	1				none	undetermined
global:^LOOP	global	^LOOP	13				none	undetermined
global:^LOPERAMID	global	^LOPERAMID	1				none	undetermined
global:^LOPERAMIDE	global	^LOPERAMIDE	1				none	undetermined
global:^LOT	global	^LOT	4				none	undetermined
global:^LOUISVILLE	global	^LOUISVILLE	4				none	undetermined
global:^LOVASTATIN	global	^LOVASTATIN	12				none	undetermined
global:^LR	global	^LR	189	code-model/routine-globals.tsv	global_name	LR	global-caret-strip-ci	moderate
global:^LR132P	global	^LR132P	1				none	undetermined
global:^LR215	global	^LR215	1				none	undetermined
global:^LR281	global	^LR281	2				none	undetermined
global:^LR290	global	^LR290	2				none	undetermined
global:^LR7OR1	global	^LR7OR1	3				none	undetermined
global:^LR7OSAP4	global	^LR7OSAP4	2				none	undetermined
global:^LRAA	global	^LRAA	2				none	undetermined
global:^LRAC	global	^LRAC	1				none	undetermined
global:^LRACFR	global	^LRACFR	2				none	undetermined
global:^LRACSUM	global	^LRACSUM	1				none	undetermined
global:^LRAD	global	^LRAD	2				none	undetermined
global:^LRAN	global	^LRAN	2				none	undetermined
global:^LRAPKOEU	global	^LRAPKOEU	1				none	undetermined
global:^LRARCHD	global	^LRARCHD	1				none	undetermined
global:^LRARCHIV	global	^LRARCHIV	3				none	undetermined
global:^LRARIPOS	global	^LRARIPOS	1				none	undetermined
global:^LRARIPRE	global	^LRARIPRE	1				none	undetermined
global:^LRARLMW	global	^LRARLMW	1				none	undetermined
global:^LRARU	global	^LRARU	2				none	undetermined
global:^LRARU1	global	^LRARU1	2				none	undetermined
global:^LRARVER	global	^LRARVER	1				none	undetermined
global:^LRARWKD	global	^LRARWKD	1				none	undetermined
global:^LRBL	global	^LRBL	1				none	undetermined
global:^LRBLD	global	^LRBLD	6				none	undetermined
global:^LRBLDC	global	^LRBLDC	8				none	undetermined
global:^LRBLDED	global	^LRBLDED	1				none	undetermined
global:^LRBLDG	global	^LRBLDG	2				none	undetermined
global:^LRBLDL	global	^LRBLDL	2				none	undetermined
global:^LRBLDLG	global	^LRBLDLG	1				none	undetermined
global:^LRBLDPK	global	^LRBLDPK	1				none	undetermined
global:^LRBLDPT	global	^LRBLDPT	1				none	undetermined
global:^LRBLDR	global	^LRBLDR	1				none	undetermined
global:^LRBLDRR1	global	^LRBLDRR1	2				none	undetermined
global:^LRBLDT	global	^LRBLDT	1				none	undetermined
global:^LRBLJ	global	^LRBLJ	1				none	undetermined
global:^LRBLJA	global	^LRBLJA	2				none	undetermined
global:^LRBLJCK	global	^LRBLJCK	1				none	undetermined
global:^LRBLJD	global	^LRBLJD	3				none	undetermined
global:^LRBLJD1	global	^LRBLJD1	1				none	undetermined
global:^LRBLJDM	global	^LRBLJDM	1				none	undetermined
global:^LRBLJED	global	^LRBLJED	4				none	undetermined
global:^LRBLJL	global	^LRBLJL	6				none	undetermined
global:^LRBLJL1	global	^LRBLJL1	4				none	undetermined
global:^LRBLJLG	global	^LRBLJLG	5				none	undetermined
global:^LRBLJM	global	^LRBLJM	1				none	undetermined
global:^LRBLP	global	^LRBLP	1				none	undetermined
global:^LRBLPC	global	^LRBLPC	1				none	undetermined
global:^LRBLPCS	global	^LRBLPCS	1				none	undetermined
global:^LRBLPCS1	global	^LRBLPCS1	1				none	undetermined
global:^LRBLPE	global	^LRBLPE	2				none	undetermined
global:^LRBLPED	global	^LRBLPED	1				none	undetermined
global:^LRBLPUS	global	^LRBLPUS	3				none	undetermined
global:^LRBLPUS1	global	^LRBLPUS1	3				none	undetermined
global:^LRBLPX	global	^LRBLPX	2				none	undetermined
global:^LRBLPX1	global	^LRBLPX1	4				none	undetermined
global:^LRBLU	global	^LRBLU	3				none	undetermined
global:^LRCAPS	global	^LRCAPS	1				none	undetermined
global:^LRCH	global	^LRCH	1				none	undetermined
global:^LRD	global	^LRD	3	code-model/routine-globals.tsv	global_name	LRD	global-caret-strip-ci	moderate
global:^LREPIRP	global	^LREPIRP	1				none	undetermined
global:^LRFRSLT	global	^LRFRSLT	2				none	undetermined
global:^LRHY	global	^LRHY	70	code-model/routine-globals.tsv	global_name	LRHY	global-caret-strip-ci	moderate
global:^LRHY0	global	^LRHY0	2				none	undetermined
global:^LRHY01	global	^LRHY01	1				none	undetermined
global:^LRHYAFT	global	^LRHYAFT	1				none	undetermined
global:^LRHYBC1	global	^LRHYBC1	1				none	undetermined
global:^LRHYF1	global	^LRHYF1	1				none	undetermined
global:^LRHYU	global	^LRHYU	2				none	undetermined
global:^LRINTEG	global	^LRINTEG	1				none	undetermined
global:^LRKILL	global	^LRKILL	3				none	undetermined
global:^LRLAB	global	^LRLAB	8				none	undetermined
global:^LRMIBUG	global	^LRMIBUG	1				none	undetermined
global:^LRMISR	global	^LRMISR	2				none	undetermined
global:^LRO	global	^LRO	38	code-model/routine-globals.tsv	global_name	LRO	global-caret-strip-ci	moderate
global:^LRPARAM	global	^LRPARAM	8				none	undetermined
global:^LRPATIENT	global	^LRPATIENT	23				none	undetermined
global:^LRPROVI	global	^LRPROVI	2				none	undetermined
global:^LRPROVIDER	global	^LRPROVIDER	25				none	undetermined
global:^LRPX	global	^LRPX	8				none	undetermined
global:^LRPXAPI	global	^LRPXAPI	2				none	undetermined
global:^LRPXRM	global	^LRPXRM	2				none	undetermined
global:^LRRP2	global	^LRRP2	5				none	undetermined
global:^LRRPU	global	^LRRPU	1				none	undetermined
global:^LRU	global	^LRU	14				none	undetermined
global:^LRUA	global	^LRUA	1				none	undetermined
global:^LRUG	global	^LRUG	2				none	undetermined
global:^LRUPACA	global	^LRUPACA	1				none	undetermined
global:^LRUSER	global	^LRUSER	132				none	undetermined
global:^LRWD	global	^LRWD	1				none	undetermined
global:^LRX	global	^LRX	6				none	undetermined
global:^LRX6	global	^LRX6	1				none	undetermined
global:^LRXREF	global	^LRXREF	3				none	undetermined
global:^LRZTEST	global	^LRZTEST	1				none	undetermined
global:^LSFD	global	^LSFD	4				none	undetermined
global:^LT	global	^LT	2				none	undetermined
global:^LYFE	global	^LYFE	4				none	undetermined
global:^LZ	global	^LZ	1				none	undetermined
global:^M01	global	^M01	3				none	undetermined
global:^M02	global	^M02	2				none	undetermined
global:^M05	global	^M05	4				none	undetermined
global:^M08	global	^M08	2				none	undetermined
global:^M10	global	^M10	21				none	undetermined
global:^M11	global	^M11	22				none	undetermined
global:^MA	global	^MA	1				none	undetermined
global:^MAD	global	^MAD	31				none	undetermined
global:^MAG	global	^MAG	37	code-model/routine-globals.tsv	global_name	MAG	global-caret-strip-ci	moderate
global:^MAGBAPI	global	^MAGBAPI	16				none	undetermined
global:^MAGCRPT	global	^MAGCRPT	2				none	undetermined
global:^MAGD	global	^MAGD	23	code-model/routine-globals.tsv	global_name	MAGD	global-caret-strip-ci	moderate
global:^MAGDAIRC	global	^MAGDAIRC	1				none	undetermined
global:^MAGDDEL1	global	^MAGDDEL1	1				none	undetermined
global:^MAGDDEL2	global	^MAGDDEL2	1				none	undetermined
global:^MAGDDEL3	global	^MAGDDEL3	1				none	undetermined
global:^MAGDDR2	global	^MAGDDR2	1				none	undetermined
global:^MAGDHL7	global	^MAGDHL7	6	code-model/routine-globals.tsv	global_name	MAGDHL7	global-caret-strip-ci	moderate
global:^MAGDHLS	global	^MAGDHLS	2				none	undetermined
global:^MAGDICOM	global	^MAGDICOM	38	code-model/routine-globals.tsv	global_name	MAGDICOM	global-caret-strip-ci	moderate
global:^MAGDINPT	global	^MAGDINPT	7				none	undetermined
global:^MAGDIR3	global	^MAGDIR3	16				none	undetermined
global:^MAGDIR4A	global	^MAGDIR4A	9				none	undetermined
global:^MAGDISP	global	^MAGDISP	2				none	undetermined
global:^MAGDLOGN	global	^MAGDLOGN	1				none	undetermined
global:^MAGDMFB	global	^MAGDMFB	1				none	undetermined
global:^MAGDMLOG	global	^MAGDMLOG	2				none	undetermined
global:^MAGDOUTP	global	^MAGDOUTP	6	code-model/routine-globals.tsv	global_name	MAGDOUTP	global-caret-strip-ci	moderate
global:^MAGDQR04	global	^MAGDQR04	1				none	undetermined
global:^MAGDQR21	global	^MAGDQR21	2				none	undetermined
global:^MAGDRAHL	global	^MAGDRAHL	2				none	undetermined
global:^MAGDRPC9	global	^MAGDRPC9	1				none	undetermined
global:^MAGDTCP1	global	^MAGDTCP1	1				none	undetermined
global:^MAGDTCP2	global	^MAGDTCP2	1				none	undetermined
global:^MAGDWLST	global	^MAGDWLST	3				none	undetermined
global:^MAGGSQI	global	^MAGGSQI	1				none	undetermined
global:^MAGGTU6	global	^MAGGTU6	1				none	undetermined
global:^MAGMIM	global	^MAGMIM	3				none	undetermined
global:^MAGNESIUM	global	^MAGNESIUM	7				none	undetermined
global:^MAGNETIC	global	^MAGNETIC	5				none	undetermined
global:^MAGQBPG1	global	^MAGQBPG1	6				none	undetermined
global:^MAGQBPRG	global	^MAGQBPRG	2				none	undetermined
global:^MAGQUEUE	global	^MAGQUEUE	2	code-model/routine-globals.tsv	global_name	MAGQUEUE	global-caret-strip-ci	moderate
global:^MAGS2BSE	global	^MAGS2BSE	2				none	undetermined
global:^MAGSUM	global	^MAGSUM	2				none	undetermined
global:^MAIDEN	global	^MAIDEN	3				none	undetermined
global:^MAIL	global	^MAIL	5				none	undetermined
global:^MAJOR	global	^MAJOR	3				none	undetermined
global:^MAL	global	^MAL	4				none	undetermined
global:^MALE	global	^MALE	8				none	undetermined
global:^MAMMOGRAM	global	^MAMMOGRAM	1				none	undetermined
global:^MANUAL	global	^MANUAL	6				none	undetermined
global:^MANUFACTURER	global	^MANUFACTURER	8				none	undetermined
global:^MAR	global	^MAR	21				none	undetermined
global:^MARRIED	global	^MARRIED	4				none	undetermined
global:^MARTINEZ	global	^MARTINEZ	8				none	undetermined
global:^MARTINSBURG	global	^MARTINSBURG	6				none	undetermined
global:^MASSACHUSETTS	global	^MASSACHUSETTS	1				none	undetermined
global:^MAXIMUM	global	^MAXIMUM	3				none	undetermined
global:^MAY	global	^MAY	19				none	undetermined
global:^MB	global	^MB	2				none	undetermined
global:^MCAR	global	^MCAR	8	code-model/routine-globals.tsv	global_name	MCAR	global-caret-strip-ci	moderate
global:^MCAR7A	global	^MCAR7A	1				none	undetermined
global:^MCARDBL	global	^MCARDBL	1				none	undetermined
global:^MCCF	global	^MCCF	2				none	undetermined
global:^MCMAG	global	^MCMAG	3				none	undetermined
global:^MCNP	global	^MCNP	1	code-model/routine-globals.tsv	global_name	MCNP	global-caret-strip-ci	moderate
global:^MCOR	global	^MCOR	3				none	undetermined
global:^MD	global	^MD	20				none	undetermined
global:^MDAPI1	global	^MDAPI1	2				none	undetermined
global:^MDARSET	global	^MDARSET	2				none	undetermined
global:^MDC	global	^MDC	12	code-model/routine-globals.tsv	global_name	MDC	global-caret-strip-ci	moderate
global:^MDCLIO1	global	^MDCLIO1	3				none	undetermined
global:^MDCONUTL	global	^MDCONUTL	2				none	undetermined
global:^MDCPHL7A	global	^MDCPHL7A	1				none	undetermined
global:^MDCPVDEF	global	^MDCPVDEF	6				none	undetermined
global:^MDCVT	global	^MDCVT	10				none	undetermined
global:^MDCVT1	global	^MDCVT1	2				none	undetermined
global:^MDD	global	^MDD	4	code-model/routine-globals.tsv	global_name	MDD	global-caret-strip-ci	moderate
global:^MDDEVCL	global	^MDDEVCL	2				none	undetermined
global:^MDHL7A	global	^MDHL7A	3				none	undetermined
global:^MDHL7XXX	global	^MDHL7XXX	2				none	undetermined
global:^MDK	global	^MDK	3	code-model/routine-globals.tsv	global_name	MDK	global-caret-strip-ci	moderate
global:^MDM	global	^MDM	3				none	undetermined
global:^MDPROVIDER	global	^MDPROVIDER	2				none	undetermined
global:^MDRPCNT	global	^MDRPCNT	6				none	undetermined
global:^MDRPCW	global	^MDRPCW	6				none	undetermined
global:^MDRPCW1	global	^MDRPCW1	3				none	undetermined
global:^MDS	global	^MDS	12	code-model/routine-globals.tsv	global_name	MDS	global-caret-strip-ci	moderate
global:^MDSTATU	global	^MDSTATU	2				none	undetermined
global:^MDSTUDL	global	^MDSTUDL	2				none	undetermined
global:^MDSTUDW	global	^MDSTUDW	2				none	undetermined
global:^MDTERM	global	^MDTERM	1				none	undetermined
global:^MDWCAN	global	^MDWCAN	2				none	undetermined
global:^MDWOR	global	^MDWOR	2				none	undetermined
global:^MDWORC	global	^MDWORC	2				none	undetermined
global:^MDWORSR	global	^MDWORSR	4				none	undetermined
global:^MDWSETUP	global	^MDWSETUP	2				none	undetermined
global:^MEANS	global	^MEANS	3				none	undetermined
global:^MED	global	^MED	18				none	undetermined
global:^MEDICAL	global	^MEDICAL	2				none	undetermined
global:^MEDICINE	global	^MEDICINE	9				none	undetermined
global:^MENU	global	^MENU	3				none	undetermined
global:^MEPER	global	^MEPER	1				none	undetermined
global:^MEPERIDINE	global	^MEPERIDINE	11				none	undetermined
global:^MEQ	global	^MEQ	1				none	undetermined
global:^MESA	global	^MESA	1				none	undetermined
global:^MESSAGE	global	^MESSAGE	1				none	undetermined
global:^METFORMIN	global	^METFORMIN	8				none	undetermined
global:^METHADONE	global	^METHADONE	2				none	undetermined
global:^METHCLN	global	^METHCLN	1				none	undetermined
global:^METHICILLIN	global	^METHICILLIN	1				none	undetermined
global:^METHOD	global	^METHOD	6				none	undetermined
global:^MEZLOCILLIN	global	^MEZLOCILLIN	3				none	undetermined
global:^MF	global	^MF	13				none	undetermined
global:^MFH	global	^MFH	16				none	undetermined
global:^MFK	global	^MFK	3				none	undetermined
global:^MFN	global	^MFN	5				none	undetermined
global:^MFS	global	^MFS	1				none	undetermined
global:^MG	global	^MG	32				none	undetermined
global:^MHCVSS	global	^MHCVSS	3				none	undetermined
global:^MHVPATIENT	global	^MHVPATIENT	2				none	undetermined
global:^MI	global	^MI	4				none	undetermined
global:^MIC	global	^MIC	2				none	undetermined
global:^MICRO	global	^MICRO	9				none	undetermined
global:^MICROBIOLOGY	global	^MICROBIOLOGY	2				none	undetermined
global:^MICROORGANISM	global	^MICROORGANISM	3				none	undetermined
global:^MICROSCOPIC	global	^MICROSCOPIC	2				none	undetermined
global:^MICU	global	^MICU	4				none	undetermined
global:^MIDAZOLAM	global	^MIDAZOLAM	8				none	undetermined
global:^MIDNIGHT	global	^MIDNIGHT	1				none	undetermined
global:^MILD	global	^MILD	1				none	undetermined
global:^MILE	global	^MILE	1				none	undetermined
global:^MILEAGE	global	^MILEAGE	2				none	undetermined
global:^MILES	global	^MILES	4				none	undetermined
global:^MILK	global	^MILK	4				none	undetermined
global:^MILLIGRAMS	global	^MILLIGRAMS	1				none	undetermined
global:^MILWAUKEE	global	^MILWAUKEE	2				none	undetermined
global:^MINOR	global	^MINOR	1				none	undetermined
global:^MINOXIDIL	global	^MINOXIDIL	1				none	undetermined
global:^MJCF	global	^MJCF	2				none	undetermined
global:^ML	global	^ML	22				none	undetermined
global:^MMRS	global	^MMRS	24	code-model/routine-globals.tsv	global_name	MMRS	global-caret-strip-ci	moderate
global:^MMRSCDI2	global	^MMRSCDI2	1				none	undetermined
global:^MO	global	^MO	6				none	undetermined
global:^MODIFIERS	global	^MODIFIERS	20				none	undetermined
global:^MODULE	global	^MODULE	1				none	undetermined
global:^MOMSMITH	global	^MOMSMITH	1				none	undetermined
global:^MORPHINE	global	^MORPHINE	5				none	undetermined
global:^MOST	global	^MOST	3				none	undetermined
global:^MOUTH	global	^MOUTH	2				none	undetermined
global:^MOXIFLOXACIN	global	^MOXIFLOXACIN	2				none	undetermined
global:^MPI	global	^MPI	50				none	undetermined
global:^MPIF	global	^MPIF	114	code-model/routine-globals.tsv	global_name	MPIF	global-caret-strip-ci	moderate
global:^MPIF001	global	^MPIF001	18				none	undetermined
global:^MPIFA31B	global	^MPIFA31B	1				none	undetermined
global:^MPIFA40	global	^MPIFA40	1				none	undetermined
global:^MPIFAPI	global	^MPIFAPI	8				none	undetermined
global:^MPIFDNL	global	^MPIFDNL	2				none	undetermined
global:^MPIFRES	global	^MPIFRES	5				none	undetermined
global:^MPIMAIDEN	global	^MPIMAIDEN	4				none	undetermined
global:^MPIPATIENT	global	^MPIPATIENT	8				none	undetermined
global:^MPISAQ	global	^MPISAQ	1				none	undetermined
global:^MR	global	^MR	8	code-model/routine-globals.tsv	global_name	MR	global-caret-strip-ci	moderate
global:^MRD	global	^MRD	1				none	undetermined
global:^MRI	global	^MRI	1				none	undetermined
global:^MRT	global	^MRT	4				none	undetermined
global:^MS102	global	^MS102	1				none	undetermined
global:^MS200	global	^MS200	1				none	undetermined
global:^MS400	global	^MS400	2				none	undetermined
global:^MSA	global	^MSA	1				none	undetermined
global:^MSH	global	^MSH	1				none	undetermined
global:^MST	global	^MST	1				none	undetermined
global:^MT	global	^MT	8				none	undetermined
global:^MULTIPLE	global	^MULTIPLE	4				none	undetermined
global:^MUMPS	global	^MUMPS	121				none	undetermined
global:^MUP	global	^MUP	10				none	undetermined
global:^MVIFATHER	global	^MVIFATHER	1				none	undetermined
global:^MVIMAIDEN	global	^MVIMAIDEN	11				none	undetermined
global:^MVIMOTHER	global	^MVIMOTHER	1				none	undetermined
global:^MVIMOTHERSMAIDEN	global	^MVIMOTHERSMAIDEN	1				none	undetermined
global:^MVIPATIENT	global	^MVIPATIENT	32				none	undetermined
global:^MVISPOUSE	global	^MVISPOUSE	1				none	undetermined
global:^MVIUSER	global	^MVIUSER	3				none	undetermined
global:^MW	global	^MW	4				none	undetermined
global:^MWI	global	^MWI	4				none	undetermined
global:^MXMLDOM	global	^MXMLDOM	55				none	undetermined
global:^MXMLPRS0	global	^MXMLPRS0	1				none	undetermined
global:^MXMLPRSE	global	^MXMLPRSE	4				none	undetermined
global:^MXMLTEST	global	^MXMLTEST	1				none	undetermined
global:^MXMLUTL	global	^MXMLUTL	11				none	undetermined
global:^MY	global	^MY	7				none	undetermined
global:^MYC	global	^MYC	1				none	undetermined
global:^MYDATA	global	^MYDATA	1				none	undetermined
global:^MYFILE	global	^MYFILE	1				none	undetermined
global:^MYGLOBAL	global	^MYGLOBAL	3				none	undetermined
global:^MYROUTIN	global	^MYROUTIN	5				none	undetermined
global:^MYRPC	global	^MYRPC	1				none	undetermined
global:^MYRTN	global	^MYRTN	1				none	undetermined
global:^N01	global	^N01	1				none	undetermined
global:^N5	global	^N5	1				none	undetermined
global:^NAME	global	^NAME	547				none	undetermined
global:^NAPHAZOLINE	global	^NAPHAZOLINE	4				none	undetermined
global:^NARR	global	^NARR	3				none	undetermined
global:^NASAL	global	^NASAL	1				none	undetermined
global:^NAT	global	^NAT	1				none	undetermined
global:^NB	global	^NB	2				none	undetermined
global:^NCH	global	^NCH	4				none	undetermined
global:^NCMD	global	^NCMD	6				none	undetermined
global:^NCP	global	^NCP	1				none	undetermined
global:^NCY	global	^NCY	1				none	undetermined
global:^ND	global	^ND	18				none	undetermined
global:^NDC	global	^NDC	22				none	undetermined
global:^NDD	global	^NDD	1				none	undetermined
global:^NDF	global	^NDF	2				none	undetermined
global:^NE	global	^NE	69				none	undetermined
global:^NEISSERIA	global	^NEISSERIA	6				none	undetermined
global:^NEM	global	^NEM	1				none	undetermined
global:^NEOMYCIN	global	^NEOMYCIN	1				none	undetermined
global:^NEOMYCN	global	^NEOMYCN	5				none	undetermined
global:^NET	global	^NET	1				none	undetermined
global:^NETWORK	global	^NETWORK	1				none	undetermined
global:^NEUR	global	^NEUR	2				none	undetermined
global:^NEUROLOGY	global	^NEUROLOGY	15				none	undetermined
global:^NEW	global	^NEW	57				none	undetermined
global:^NEWORD	global	^NEWORD	1				none	undetermined
global:^NEWPERSON	global	^NEWPERSON	1				none	undetermined
global:^NF	global	^NF	2				none	undetermined
global:^NH	global	^NH	1				none	undetermined
global:^NHCU	global	^NHCU	3				none	undetermined
global:^NHRIC	global	^NHRIC	4				none	undetermined
global:^NI	global	^NI	48				none	undetermined
global:^NIF	global	^NIF	2				none	undetermined
global:^NIFEDIPIN	global	^NIFEDIPIN	1				none	undetermined
global:^NIFEDIPINE	global	^NIFEDIPINE	4				none	undetermined
global:^NIP004	global	^NIP004	1				none	undetermined
global:^NLT	global	^NLT	6				none	undetermined
global:^NM	global	^NM	15				none	undetermined
global:^NO	global	^NO	966				none	undetermined
global:^NODATE	global	^NODATE	11				none	undetermined
global:^NODE	global	^NODE	1				none	undetermined
global:^NON	global	^NON	49				none	undetermined
global:^NONE	global	^NONE	1				none	undetermined
global:^NORMAL	global	^NORMAL	7				none	undetermined
global:^NORTH	global	^NORTH	2				none	undetermined
global:^NOT	global	^NOT	13				none	undetermined
global:^NOTIFICATION	global	^NOTIFICATION	1				none	undetermined
global:^NOTIFY	global	^NOTIFY	2				none	undetermined
global:^NOUN	global	^NOUN	4				none	undetermined
global:^NOV	global	^NOV	23				none	undetermined
global:^NOW	global	^NOW	4				none	undetermined
global:^NPCD	global	^NPCD	4				none	undetermined
global:^NPI	global	^NPI	26				none	undetermined
global:^NSC	global	^NSC	21				none	undetermined
global:^NSP	global	^NSP	1				none	undetermined
global:^NT200	global	^NT200	1				none	undetermined
global:^NT300	global	^NT300	1				none	undetermined
global:^NT900	global	^NT900	2				none	undetermined
global:^NTF	global	^NTF	1				none	undetermined
global:^NUCLEAR	global	^NUCLEAR	3				none	undetermined
global:^NUM	global	^NUM	1				none	undetermined
global:^NUPA	global	^NUPA	2	code-model/routine-globals.tsv	global_name	NUPA	global-caret-strip-ci	moderate
global:^NUR	global	^NUR	1				none	undetermined
global:^NURAAU0	global	^NURAAU0	1				none	undetermined
global:^NURAAU2	global	^NURAAU2	4				none	undetermined
global:^NURACE0	global	^NURACE0	2				none	undetermined
global:^NURACEW	global	^NURACEW	2				none	undetermined
global:^NURACEW0	global	^NURACEW0	2				none	undetermined
global:^NURACHDC	global	^NURACHDC	2				none	undetermined
global:^NURADMIN	global	^NURADMIN	13				none	undetermined
global:^NURAED0	global	^NURAED0	15				none	undetermined
global:^NURAED1	global	^NURAED1	1				none	undetermined
global:^NURAFSD	global	^NURAFSD	1				none	undetermined
global:^NURAMB3	global	^NURAMB3	1				none	undetermined
global:^NURAMH9	global	^NURAMH9	2				none	undetermined
global:^NURAMHE	global	^NURAMHE	1				none	undetermined
global:^NURARCR0	global	^NURARCR0	2				none	undetermined
global:^NURARNCT	global	^NURARNCT	1				none	undetermined
global:^NURARWL1	global	^NURARWL1	2				none	undetermined
global:^NURARWL7	global	^NURARWL7	2				none	undetermined
global:^NURCCPE	global	^NURCCPE	1				none	undetermined
global:^NURCES0	global	^NURCES0	1				none	undetermined
global:^NURCEVE0	global	^NURCEVE0	1				none	undetermined
global:^NURCEVP0	global	^NURCEVP0	1				none	undetermined
global:^NURCHSUM	global	^NURCHSUM	1				none	undetermined
global:^NURCPP0	global	^NURCPP0	1				none	undetermined
global:^NURCPPS1	global	^NURCPPS1	1				none	undetermined
global:^NURCRL0	global	^NURCRL0	1				none	undetermined
global:^NURCVED0	global	^NURCVED0	1				none	undetermined
global:^NURCVED2	global	^NURCVED2	44				none	undetermined
global:^NURCVPR0	global	^NURCVPR0	5				none	undetermined
global:^NURCVUT0	global	^NURCVUT0	3				none	undetermined
global:^NURCYED0	global	^NURCYED0	3				none	undetermined
global:^NURCYRP0	global	^NURCYRP0	6				none	undetermined
global:^NURQ	global	^NURQ	3	code-model/routine-globals.tsv	global_name	NURQ	global-caret-strip-ci	moderate
global:^NURQEDT0	global	^NURQEDT0	7				none	undetermined
global:^NURQEDT1	global	^NURQEDT1	1				none	undetermined
global:^NURQUTL1	global	^NURQUTL1	3				none	undetermined
global:^NURS	global	^NURS	2				none	undetermined
global:^NURSA	global	^NURSA	4	code-model/routine-globals.tsv	global_name	NURSA	global-caret-strip-ci	moderate
global:^NURSADEL	global	^NURSADEL	2				none	undetermined
global:^NURSAFU0	global	^NURSAFU0	5				none	undetermined
global:^NURSAFUD	global	^NURSAFUD	4				none	undetermined
global:^NURSAGSP	global	^NURSAGSP	1				none	undetermined
global:^NURSAL0	global	^NURSAL0	1				none	undetermined
global:^NURSAWL0	global	^NURSAWL0	1				none	undetermined
global:^NURSC	global	^NURSC	1	code-model/routine-globals.tsv	global_name	NURSC	global-caret-strip-ci	moderate
global:^NURSCPL	global	^NURSCPL	6				none	undetermined
global:^NURSCPLC	global	^NURSCPLC	1				none	undetermined
global:^NURSCPLD	global	^NURSCPLD	1				none	undetermined
global:^NURSCPLE	global	^NURSCPLE	3				none	undetermined
global:^NURSCPLU	global	^NURSCPLU	2				none	undetermined
global:^NURSCUTL	global	^NURSCUTL	4				none	undetermined
global:^NURSE	global	^NURSE	3				none	undetermined
global:^NURSEP31	global	^NURSEP31	1				none	undetermined
global:^NURSEP3I	global	^NURSEP3I	1				none	undetermined
global:^NURSEPCA	global	^NURSEPCA	1				none	undetermined
global:^NURSEPD0	global	^NURSEPD0	1				none	undetermined
global:^NURSEPD2	global	^NURSEPD2	1				none	undetermined
global:^NURSEPIN	global	^NURSEPIN	1				none	undetermined
global:^NURSEPML	global	^NURSEPML	1				none	undetermined
global:^NURSEXP	global	^NURSEXP	1				none	undetermined
global:^NURSF	global	^NURSF	19	code-model/routine-globals.tsv	global_name	NURSF	global-caret-strip-ci	moderate
global:^NURSFMU	global	^NURSFMU	4				none	undetermined
global:^NURSING	global	^NURSING	6				none	undetermined
global:^NVA	global	^NVA	2				none	undetermined
global:^NVE	global	^NVE	1				none	undetermined
global:^NVSPRTU	global	^NVSPRTU	5				none	undetermined
global:^NW	global	^NW	14				none	undetermined
global:^NXJ3	global	^NXJ3	1				none	undetermined
global:^NXT	global	^NXT	8				none	undetermined
global:^NY	global	^NY	4				none	undetermined
global:^O01	global	^O01	18				none	undetermined
global:^O02	global	^O02	1				none	undetermined
global:^O05	global	^O05	2				none	undetermined
global:^O11	global	^O11	5				none	undetermined
global:^O13	global	^O13	39				none	undetermined
global:^O14	global	^O14	15				none	undetermined
global:^OAK	global	^OAK	1				none	undetermined
global:^OCT	global	^OCT	23				none	undetermined
global:^OCXCACHE	global	^OCXCACHE	9				none	undetermined
global:^OCXOERR	global	^OCXOERR	6				none	undetermined
global:^OEF	global	^OEF	2				none	undetermined
global:^OERR	global	^OERR	8				none	undetermined
global:^OEX	global	^OEX	5				none	undetermined
global:^OFFICE	global	^OFFICE	30				none	undetermined
global:^OFM	global	^OFM	10	code-model/routine-globals.tsv	global_name	OFM	global-caret-strip-ci	moderate
global:^OHIO	global	^OHIO	4				none	undetermined
global:^OIF	global	^OIF	3				none	undetermined
global:^OK	global	^OK	3				none	undetermined
global:^OKAY	global	^OKAY	1				none	undetermined
global:^OL	global	^OL	1				none	undetermined
global:^OMEPRAZOLE	global	^OMEPRAZOLE	1				none	undetermined
global:^ON	global	^ON	7				none	undetermined
global:^ONCE	global	^ONCE	7				none	undetermined
global:^ONCO	global	^ONCO	67	code-model/routine-globals.tsv	global_name	ONCO	global-caret-strip-ci	moderate
global:^ONCOLOGY	global	^ONCOLOGY	2				none	undetermined
global:^ONE	global	^ONE	173				none	undetermined
global:^ONEHUNDREDONE	global	^ONEHUNDREDONE	5				none	undetermined
global:^ONETWO	global	^ONETWO	1				none	undetermined
global:^ONETWOSIX	global	^ONETWOSIX	6				none	undetermined
global:^ONSC	global	^ONSC	3				none	undetermined
global:^OOPS	global	^OOPS	9	code-model/routine-globals.tsv	global_name	OOPS	global-caret-strip-ci	moderate
global:^OOPSEMPLOYEE	global	^OOPSEMPLOYEE	1				none	undetermined
global:^OP	global	^OP	7				none	undetermined
global:^OP500	global	^OP500	1				none	undetermined
global:^OP600	global	^OP600	1				none	undetermined
global:^OPEN	global	^OPEN	3				none	undetermined
global:^OPERATING	global	^OPERATING	1				none	undetermined
global:^OPMOTHER	global	^OPMOTHER	2				none	undetermined
global:^OPPATIENT	global	^OPPATIENT	2				none	undetermined
global:^OPPROVIDER	global	^OPPROVIDER	6				none	undetermined
global:^OPPROVIDER1	global	^OPPROVIDER1	3				none	undetermined
global:^OPPROVIDER2	global	^OPPROVIDER2	3				none	undetermined
global:^OPT	global	^OPT	3				none	undetermined
global:^OPTION	global	^OPTION	5				none	undetermined
global:^OPTOMETRY	global	^OPTOMETRY	3				none	undetermined
global:^OR	global	^OR	84	code-model/routine-globals.tsv	global_name	OR	global-caret-strip-ci	moderate
global:^OR1	global	^OR1	3				none	undetermined
global:^OR3CONV1	global	^OR3CONV1	1				none	undetermined
global:^ORA	global	^ORA	1	code-model/routine-globals.tsv	global_name	ORA	global-caret-strip-ci	moderate
global:^ORACCES2	global	^ORACCES2	1				none	undetermined
global:^ORACCESS	global	^ORACCESS	1				none	undetermined
global:^ORAL	global	^ORAL	21				none	undetermined
global:^ORAM	global	^ORAM	6	code-model/routine-globals.tsv	global_name	ORAM	global-caret-strip-ci	moderate
global:^ORB3	global	^ORB3	2				none	undetermined
global:^ORB31	global	^ORB31	8				none	undetermined
global:^ORB3F1	global	^ORB3F1	5				none	undetermined
global:^ORB3FUP1	global	^ORB3FUP1	8				none	undetermined
global:^ORB3FUP2	global	^ORB3FUP2	24				none	undetermined
global:^ORB3TIM1	global	^ORB3TIM1	2				none	undetermined
global:^ORB3TIM2	global	^ORB3TIM2	1				none	undetermined
global:^ORCD	global	^ORCD	3				none	undetermined
global:^ORCMGMCK	global	^ORCMGMCK	2				none	undetermined
global:^ORD	global	^ORD	49	code-model/routine-globals.tsv	global_name	ORD	global-caret-strip-ci	moderate
global:^ORDD100	global	^ORDD100	8				none	undetermined
global:^ORDD100A	global	^ORDD100A	4				none	undetermined
global:^ORDD43	global	^ORDD43	1				none	undetermined
global:^ORDEBUG	global	^ORDEBUG	1				none	undetermined
global:^ORDER	global	^ORDER	11				none	undetermined
global:^ORERR	global	^ORERR	6				none	undetermined
global:^ORF	global	^ORF	2				none	undetermined
global:^ORGANISM	global	^ORGANISM	9				none	undetermined
global:^ORGKEY	global	^ORGKEY	1				none	undetermined
global:^ORKCHK	global	^ORKCHK	9				none	undetermined
global:^ORM	global	^ORM	21				none	undetermined
global:^ORMRA	global	^ORMRA	1				none	undetermined
global:^ORMTIME	global	^ORMTIME	1				none	undetermined
global:^ORN	global	^ORN	1				none	undetermined
global:^ORPXRM	global	^ORPXRM	4				none	undetermined
global:^ORQ1	global	^ORQ1	4				none	undetermined
global:^ORQOR2	global	^ORQOR2	3				none	undetermined
global:^ORQPT	global	^ORQPT	1				none	undetermined
global:^ORQPTQ1	global	^ORQPTQ1	1				none	undetermined
global:^ORQQCN	global	^ORQQCN	1				none	undetermined
global:^ORQQLR1	global	^ORQQLR1	12				none	undetermined
global:^ORQQPXRM	global	^ORQQPXRM	1				none	undetermined
global:^ORQQVI3	global	^ORQQVI3	1				none	undetermined
global:^ORR	global	^ORR	6				none	undetermined
global:^ORS	global	^ORS	1				none	undetermined
global:^ORSMART	global	^ORSMART	4				none	undetermined
global:^ORU	global	^ORU	18				none	undetermined
global:^ORUHDR	global	^ORUHDR	1				none	undetermined
global:^ORUTL	global	^ORUTL	1				none	undetermined
global:^ORWCV	global	^ORWCV	1				none	undetermined
global:^ORWDAL32	global	^ORWDAL32	2				none	undetermined
global:^ORWDPLM2	global	^ORWDPLM2	1				none	undetermined
global:^ORWDXA1	global	^ORWDXA1	1				none	undetermined
global:^ORWORR	global	^ORWORR	1				none	undetermined
global:^ORWTIU	global	^ORWTIU	1				none	undetermined
global:^ORWTPR	global	^ORWTPR	1				none	undetermined
global:^ORX2	global	^ORX2	5				none	undetermined
global:^ORX8	global	^ORX8	2				none	undetermined
global:^OS6745	global	^OS6745	2				none	undetermined
global:^OS790	global	^OS790	2				none	undetermined
global:^OT	global	^OT	11				none	undetermined
global:^OT250	global	^OT250	1				none	undetermined
global:^OTH	global	^OTH	6				none	undetermined
global:^OTHER	global	^OTHER	38				none	undetermined
global:^OTHERPKG	global	^OTHERPKG	2				none	undetermined
global:^OUTPAT	global	^OUTPAT	3				none	undetermined
global:^OUTPATIENT	global	^OUTPATIENT	47				none	undetermined
global:^OXYCO	global	^OXYCO	1				none	undetermined
global:^OXYCODONE	global	^OXYCODONE	5				none	undetermined
global:^OXYGEN	global	^OXYGEN	1				none	undetermined
global:^P13	global	^P13	1				none	undetermined
global:^P2	global	^P2	8				none	undetermined
global:^P2O01	global	^P2O01	2				none	undetermined
global:^P3	global	^P3	7				none	undetermined
global:^P4	global	^P4	5				none	undetermined
global:^P5	global	^P5	2				none	undetermined
global:^P6	global	^P6	2				none	undetermined
global:^P92A8769LN	global	^P92A8769LN	2				none	undetermined
global:^PA	global	^PA	2				none	undetermined
global:^PACK	global	^PACK	12				none	undetermined
global:^PACKAGE	global	^PACKAGE	2				none	undetermined
global:^PACS	global	^PACS	1				none	undetermined
global:^PAGE	global	^PAGE	5				none	undetermined
global:^PAIN	global	^PAIN	11				none	undetermined
global:^PALM	global	^PALM	2				none	undetermined
global:^PALO	global	^PALO	28				none	undetermined
global:^PANTOPRAZOLE	global	^PANTOPRAZOLE	1				none	undetermined
global:^PAR	global	^PAR	1				none	undetermined
global:^PARALYSIS	global	^PARALYSIS	6				none	undetermined
global:^PARMACIST	global	^PARMACIST	1				none	undetermined
global:^PARTIAL	global	^PARTIAL	5				none	undetermined
global:^PASSWORD	global	^PASSWORD	1				none	undetermined
global:^PASTE	global	^PASTE	1				none	undetermined
global:^PAT	global	^PAT	5				none	undetermined
global:^PATHOLOGY	global	^PATHOLOGY	1				none	undetermined
global:^PATIENT	global	^PATIENT	31				none	undetermined
global:^PATIENTEIGHT	global	^PATIENTEIGHT	8				none	undetermined
global:^PATNAME	global	^PATNAME	3				none	undetermined
global:^PATS	global	^PATS	1				none	undetermined
global:^PATTIES	global	^PATTIES	1				none	undetermined
global:^PAYABLE	global	^PAYABLE	1				none	undetermined
global:^PBMVENDOR	global	^PBMVENDOR	16				none	undetermined
global:^PC	global	^PC	6				none	undetermined
global:^PCMM	global	^PCMM	4				none	undetermined
global:^PCO2	global	^PCO2	1				none	undetermined
global:^PCP	global	^PCP	6				none	undetermined
global:^PD	global	^PD	14				none	undetermined
global:^PENDING	global	^PENDING	15				none	undetermined
global:^PENICILLIN	global	^PENICILLIN	10				none	undetermined
global:^PENICLN	global	^PENICLN	4				none	undetermined
global:^PEPS	global	^PEPS	1				none	undetermined
global:^PERIOD	global	^PERIOD	1				none	undetermined
global:^PERIPHERAL	global	^PERIPHERAL	3				none	undetermined
global:^PERSON	global	^PERSON	10				none	undetermined
global:^PF	global	^PF	1				none	undetermined
global:^PFAS	global	^PFAS	3				none	undetermined
global:^PFT	global	^PFT	4				none	undetermined
global:^PG	global	^PG	3				none	undetermined
global:^PGX	global	^PGX	4				none	undetermined
global:^PH	global	^PH	82				none	undetermined
global:^PH000	global	^PH000	1				none	undetermined
global:^PHARMACIST	global	^PHARMACIST	3				none	undetermined
global:^PHARNAM	global	^PHARNAM	1				none	undetermined
global:^PHD	global	^PHD	9				none	undetermined
global:^PHOENIX	global	^PHOENIX	2				none	undetermined
global:^PHONE	global	^PHONE	8				none	undetermined
global:^PHYSICIAN	global	^PHYSICIAN	13				none	undetermined
global:^PI	global	^PI	58				none	undetermined
global:^PID	global	^PID	3				none	undetermined
global:^PIPERACILLIN	global	^PIPERACILLIN	3				none	undetermined
global:^PKG	global	^PKG	3				none	undetermined
global:^PKGID999	global	^PKGID999	1				none	undetermined
global:^PL	global	^PL	1				none	undetermined
global:^PLACE	global	^PLACE	2				none	undetermined
global:^PLATELETS	global	^PLATELETS	6				none	undetermined
global:^PLEURAL	global	^PLEURAL	2				none	undetermined
global:^PMIS	global	^PMIS	4				none	undetermined
global:^PN	global	^PN	13				none	undetermined
global:^PO	global	^PO	9				none	undetermined
global:^PO2	global	^PO2	1				none	undetermined
global:^PO4	global	^PO4	1				none	undetermined
global:^POLICY	global	^POLICY	4				none	undetermined
global:^POLYPROPYLENE	global	^POLYPROPYLENE	2				none	undetermined
global:^PORTRAIT	global	^PORTRAIT	1				none	undetermined
global:^POS	global	^POS	1				none	undetermined
global:^POSSIBLE	global	^POSSIBLE	1				none	undetermined
global:^POTASSIUM	global	^POTASSIUM	20				none	undetermined
global:^POW	global	^POW	2				none	undetermined
global:^PPD	global	^PPD	2				none	undetermined
global:^PQ	global	^PQ	12				none	undetermined
global:^PQ1	global	^PQ1	1				none	undetermined
global:^PR	global	^PR	14				none	undetermined
global:^PRA	global	^PRA	1				none	undetermined
global:^PRAS	global	^PRAS	1				none	undetermined
global:^PRC	global	^PRC	38	code-model/routine-globals.tsv	global_name	PRC	global-caret-strip-ci	moderate
global:^PRC229	global	^PRC229	1				none	undetermined
global:^PRCA	global	^PRCA	15	code-model/routine-globals.tsv	global_name	PRCA	global-caret-strip-ci	moderate
global:^PRCAAPI	global	^PRCAAPI	2				none	undetermined
global:^PRCAFN	global	^PRCAFN	9				none	undetermined
global:^PRCAK	global	^PRCAK	3	code-model/routine-globals.tsv	global_name	PRCAK	global-caret-strip-ci	moderate
global:^PRCALST	global	^PRCALST	1				none	undetermined
global:^PRCASV1	global	^PRCASV1	1				none	undetermined
global:^PRCASVC	global	^PRCASVC	8				none	undetermined
global:^PRCASVC1	global	^PRCASVC1	1				none	undetermined
global:^PRCAUT2	global	^PRCAUT2	4				none	undetermined
global:^PRCCL406	global	^PRCCL406	1				none	undetermined
global:^PRCD	global	^PRCD	2	code-model/routine-globals.tsv	global_name	PRCD	global-caret-strip-ci	moderate
global:^PRCG237P	global	^PRCG237P	6				none	undetermined
global:^PRCHLO	global	^PRCHLO	9				none	undetermined
global:^PRCN	global	^PRCN	46	code-model/routine-globals.tsv	global_name	PRCN	global-caret-strip-ci	moderate
global:^PRCN2237	global	^PRCN2237	1				none	undetermined
global:^PRCNCMRP	global	^PRCNCMRP	2				none	undetermined
global:^PRCNCNCL	global	^PRCNCNCL	4				none	undetermined
global:^PRCNDISP	global	^PRCNDISP	2				none	undetermined
global:^PRCNEQAP	global	^PRCNEQAP	1				none	undetermined
global:^PRCNOTHR	global	^PRCNOTHR	1				none	undetermined
global:^PRCNPEDT	global	^PRCNPEDT	2				none	undetermined
global:^PRCNPPM	global	^PRCNPPM	1				none	undetermined
global:^PRCNREQE	global	^PRCNREQE	1				none	undetermined
global:^PRCNREQN	global	^PRCNREQN	1				none	undetermined
global:^PRCNRPT	global	^PRCNRPT	2				none	undetermined
global:^PRCNRSMT	global	^PRCNRSMT	2				none	undetermined
global:^PRCNSERP	global	^PRCNSERP	1				none	undetermined
global:^PRCNSTAT	global	^PRCNSTAT	3				none	undetermined
global:^PRCNTIPP	global	^PRCNTIPP	2				none	undetermined
global:^PRCNTIPR	global	^PRCNTIPR	1				none	undetermined
global:^PRCNTIWH	global	^PRCNTIWH	1				none	undetermined
global:^PRCNUTL	global	^PRCNUTL	7				none	undetermined
global:^PRCNUTL1	global	^PRCNUTL1	1				none	undetermined
global:^PRCP	global	^PRCP	5	code-model/routine-globals.tsv	global_name	PRCP	global-caret-strip-ci	moderate
global:^PRCPRCOM	global	^PRCPRCOM	1				none	undetermined
global:^PRCS	global	^PRCS	3	code-model/routine-globals.tsv	global_name	PRCS	global-caret-strip-ci	moderate
global:^PRCSP13	global	^PRCSP13	2				none	undetermined
global:^PRCST212	global	^PRCST212	3				none	undetermined
global:^PRCT	global	^PRCT	11	code-model/routine-globals.tsv	global_name	PRCT	global-caret-strip-ci	moderate
global:^PRCTBAR	global	^PRCTBAR	2				none	undetermined
global:^PRCVRE1	global	^PRCVRE1	1				none	undetermined
global:^PREDNISOLONE	global	^PREDNISOLONE	2				none	undetermined
global:^PREDNISONE	global	^PREDNISONE	2				none	undetermined
global:^PREVIOUS	global	^PREVIOUS	4				none	undetermined
global:^PRF	global	^PRF	13				none	undetermined
global:^PRFA	global	^PRFA	2				none	undetermined
global:^PRIM	global	^PRIM	2				none	undetermined
global:^PRIMARY	global	^PRIMARY	1				none	undetermined
global:^PRINT	global	^PRINT	5				none	undetermined
global:^PRISONER	global	^PRISONER	4				none	undetermined
global:^PRN	global	^PRN	18				none	undetermined
global:^PROCEDURE	global	^PROCEDURE	34				none	undetermined
global:^PROFESSIONAL	global	^PROFESSIONAL	7				none	undetermined
global:^PROGRE	global	^PROGRE	2				none	undetermined
global:^PROGRESS	global	^PROGRESS	1				none	undetermined
global:^PROPOXYPHENE	global	^PROPOXYPHENE	2				none	undetermined
global:^PROSTHET	global	^PROSTHET	12				none	undetermined
global:^PROSTHETICS	global	^PROSTHETICS	4				none	undetermined
global:^PROTEIN	global	^PROTEIN	2				none	undetermined
global:^PROTEUS	global	^PROTEUS	2				none	undetermined
global:^PROV	global	^PROV	3				none	undetermined
global:^PROVIDENCE	global	^PROVIDENCE	1				none	undetermined
global:^PROVIDER	global	^PROVIDER	70				none	undetermined
global:^PROVIDER1	global	^PROVIDER1	6				none	undetermined
global:^PROVIDERTWO	global	^PROVIDERTWO	4				none	undetermined
global:^PROXY	global	^PROXY	7				none	undetermined
global:^PRPF	global	^PRPF	4	code-model/routine-globals.tsv	global_name	PRPF	global-caret-strip-ci	moderate
global:^PRPFCVT	global	^PRPFCVT	1				none	undetermined
global:^PRPFINIT	global	^PRPFINIT	3				none	undetermined
global:^PRPFT	global	^PRPFT	1	code-model/routine-globals.tsv	global_name	PRPFT	global-caret-strip-ci	moderate
global:^PRQ	global	^PRQ	3				none	undetermined
global:^PRQS	global	^PRQS	3				none	undetermined
global:^PRS8	global	^PRS8	1				none	undetermined
global:^PRSADP	global	^PRSADP	1				none	undetermined
global:^PRSADP2	global	^PRSADP2	4				none	undetermined
global:^PRSADPA	global	^PRSADPA	4				none	undetermined
global:^PRSAEDL	global	^PRSAEDL	2				none	undetermined
global:^PRSAEDR	global	^PRSAEDR	1				none	undetermined
global:^PRSALVB	global	^PRSALVB	3				none	undetermined
global:^PRSALVL	global	^PRSALVL	3				none	undetermined
global:^PRSAOTL	global	^PRSAOTL	3				none	undetermined
global:^PRSAOTR	global	^PRSAOTR	1				none	undetermined
global:^PRSAPT1	global	^PRSAPT1	3				none	undetermined
global:^PRSASU	global	^PRSASU	3				none	undetermined
global:^PRSATAPE	global	^PRSATAPE	2				none	undetermined
global:^PRSATD1	global	^PRSATD1	2				none	undetermined
global:^PRSATE2	global	^PRSATE2	2				none	undetermined
global:^PRSATL	global	^PRSATL	4				none	undetermined
global:^PRSATPG	global	^PRSATPG	3				none	undetermined
global:^PRSATPL	global	^PRSATPL	2				none	undetermined
global:^PRSATPX	global	^PRSATPX	4				none	undetermined
global:^PRSATVC	global	^PRSATVC	1				none	undetermined
global:^PRSDFIL	global	^PRSDFIL	1				none	undetermined
global:^PRSDPRNT	global	^PRSDPRNT	4				none	undetermined
global:^PRSDPROC	global	^PRSDPROC	1				none	undetermined
global:^PRSDV450	global	^PRSDV450	2				none	undetermined
global:^PRSE	global	^PRSE	27	code-model/routine-globals.tsv	global_name	PRSE	global-caret-strip-ci	moderate
global:^PRSECAL	global	^PRSECAL	1				none	undetermined
global:^PRSEDEL	global	^PRSEDEL	1				none	undetermined
global:^PRSEDEL1	global	^PRSEDEL1	1				none	undetermined
global:^PRSEED0	global	^PRSEED0	5				none	undetermined
global:^PRSEED1	global	^PRSEED1	1				none	undetermined
global:^PRSEED10	global	^PRSEED10	1				none	undetermined
global:^PRSEED13	global	^PRSEED13	1				none	undetermined
global:^PRSEED14	global	^PRSEED14	1				none	undetermined
global:^PRSEED4	global	^PRSEED4	7				none	undetermined
global:^PRSEED5	global	^PRSEED5	1				none	undetermined
global:^PRSEED6	global	^PRSEED6	1				none	undetermined
global:^PRSEED8	global	^PRSEED8	1				none	undetermined
global:^PRSEEMP	global	^PRSEEMP	1				none	undetermined
global:^PRSEEMP1	global	^PRSEEMP1	1				none	undetermined
global:^PRSEPMC	global	^PRSEPMC	1				none	undetermined
global:^PRSEPMD4	global	^PRSEPMD4	1				none	undetermined
global:^PRSEPMD5	global	^PRSEPMD5	1				none	undetermined
global:^PRSEPOL0	global	^PRSEPOL0	1				none	undetermined
global:^PRSERSTR	global	^PRSERSTR	1				none	undetermined
global:^PRSP	global	^PRSP	1	code-model/routine-globals.tsv	global_name	PRSP	global-caret-strip-ci	moderate
global:^PRSPC	global	^PRSPC	11	code-model/routine-globals.tsv	global_name	PRSPC	global-caret-strip-ci	moderate
global:^PRSRAU1	global	^PRSRAU1	2				none	undetermined
global:^PRSREX1	global	^PRSREX1	2				none	undetermined
global:^PRSRL1	global	^PRSRL1	3				none	undetermined
global:^PRSRL2	global	^PRSRL2	1				none	undetermined
global:^PRSRL4	global	^PRSRL4	1				none	undetermined
global:^PRSROT1	global	^PRSROT1	2				none	undetermined
global:^PRSRTLPR	global	^PRSRTLPR	1				none	undetermined
global:^PRTDEF	global	^PRTDEF	1				none	undetermined
global:^PRTDEL	global	^PRTDEL	1				none	undetermined
global:^PRY	global	^PRY	6				none	undetermined
global:^PS	global	^PS	242	code-model/routine-globals.tsv	global_name	PS	global-caret-strip-ci	moderate
global:^PSARWS	global	^PSARWS	2				none	undetermined
global:^PSB	global	^PSB	18	code-model/routine-globals.tsv	global_name	PSB	global-caret-strip-ci	moderate
global:^PSBIPM	global	^PSBIPM	6				none	undetermined
global:^PSD	global	^PSD	2	code-model/routine-globals.tsv	global_name	PSD	global-caret-strip-ci	moderate
global:^PSDCOR	global	^PSDCOR	3				none	undetermined
global:^PSDRUG	global	^PSDRUG	104	code-model/routine-globals.tsv	global_name	PSDRUG	global-caret-strip-ci	moderate
global:^PSDSET	global	^PSDSET	4				none	undetermined
global:^PSDTER	global	^PSDTER	1				none	undetermined
global:^PSEUDOEPHEDRINE	global	^PSEUDOEPHEDRINE	1				none	undetermined
global:^PSEUDOMONAS	global	^PSEUDOMONAS	2				none	undetermined
global:^PSG	global	^PSG	1	code-model/routine-globals.tsv	global_name	PSG	global-caret-strip-ci	moderate
global:^PSGFILD0	global	^PSGFILD0	1				none	undetermined
global:^PSGMMAR	global	^PSGMMAR	1				none	undetermined
global:^PSGSICH1	global	^PSGSICH1	4				none	undetermined
global:^PSGW	global	^PSGW	2				none	undetermined
global:^PSGWBOI	global	^PSGWBOI	1				none	undetermined
global:^PSGWBOS	global	^PSGWBOS	1				none	undetermined
global:^PSGWEE	global	^PSGWEE	5				none	undetermined
global:^PSGWPI1	global	^PSGWPI1	1				none	undetermined
global:^PSGWPIS	global	^PSGWPIS	1				none	undetermined
global:^PSGWSET	global	^PSGWSET	5				none	undetermined
global:^PSGWUAS	global	^PSGWUAS	1				none	undetermined
global:^PSI	global	^PSI	11	code-model/routine-globals.tsv	global_name	PSI	global-caret-strip-ci	moderate
global:^PSIM	global	^PSIM	9				none	undetermined
global:^PSIV	global	^PSIV	8				none	undetermined
global:^PSIZE	global	^PSIZE	4				none	undetermined
global:^PSJ53P1	global	^PSJ53P1	8				none	undetermined
global:^PSJ53P46	global	^PSJ53P46	3				none	undetermined
global:^PSJ59P5	global	^PSJ59P5	16				none	undetermined
global:^PSJALG	global	^PSJALG	2				none	undetermined
global:^PSJBCMA	global	^PSJBCMA	1				none	undetermined
global:^PSJBCMA1	global	^PSJBCMA1	1				none	undetermined
global:^PSJBCMA2	global	^PSJBCMA2	1				none	undetermined
global:^PSJLMHED	global	^PSJLMHED	1				none	undetermined
global:^PSJLMUTL	global	^PSJLMUTL	1				none	undetermined
global:^PSJPXRM1	global	^PSJPXRM1	2				none	undetermined
global:^PSN50612	global	^PSN50612	4				none	undetermined
global:^PSN50625	global	^PSN50625	4				none	undetermined
global:^PSN50626	global	^PSN50626	4				none	undetermined
global:^PSN50627	global	^PSN50627	4				none	undetermined
global:^PSN5067	global	^PSN5067	4				none	undetermined
global:^PSN50P41	global	^PSN50P41	24				none	undetermined
global:^PSN50P6	global	^PSN50P6	8				none	undetermined
global:^PSN50P65	global	^PSN50P65	12				none	undetermined
global:^PSN50P67	global	^PSN50P67	4				none	undetermined
global:^PSN50P68	global	^PSN50P68	8				none	undetermined
global:^PSN56	global	^PSN56	8				none	undetermined
global:^PSNAPIS	global	^PSNAPIS	137				none	undetermined
global:^PSNDF	global	^PSNDF	14	code-model/routine-globals.tsv	global_name	PSNDF	global-caret-strip-ci	moderate
global:^PSNDI	global	^PSNDI	12				none	undetermined
global:^PSO	global	^PSO	30				none	undetermined
global:^PSO5241	global	^PSO5241	7				none	undetermined
global:^PSO5252	global	^PSO5252	4				none	undetermined
global:^PSO525AP	global	^PSO525AP	4				none	undetermined
global:^PSO5291	global	^PSO5291	4				none	undetermined
global:^PSO52API	global	^PSO52API	12				none	undetermined
global:^PSO52EX	global	^PSO52EX	12				none	undetermined
global:^PSO53	global	^PSO53	4				none	undetermined
global:^PSO59	global	^PSO59	4				none	undetermined
global:^PSOASAP	global	^PSOASAP	44				none	undetermined
global:^PSOCLUTL	global	^PSOCLUTL	1				none	undetermined
global:^PSODDPR4	global	^PSODDPR4	1				none	undetermined
global:^PSODEM	global	^PSODEM	1				none	undetermined
global:^PSODI	global	^PSODI	17				none	undetermined
global:^PSODRG	global	^PSODRG	1				none	undetermined
global:^PSOFUNC	global	^PSOFUNC	1				none	undetermined
global:^PSOLLU2	global	^PSOLLU2	6				none	undetermined
global:^PSOLSET	global	^PSOLSET	6				none	undetermined
global:^PSOORDER	global	^PSOORDER	4				none	undetermined
global:^PSOORRL	global	^PSOORRL	1				none	undetermined
global:^PSOP	global	^PSOP	1				none	undetermined
global:^PSOPXRM1	global	^PSOPXRM1	4				none	undetermined
global:^PSORENW	global	^PSORENW	1				none	undetermined
global:^PSOSIGDS	global	^PSOSIGDS	2				none	undetermined
global:^PSOTPHL2	global	^PSOTPHL2	9				none	undetermined
global:^PSOZRXU0	global	^PSOZRXU0	1				none	undetermined
global:^PSRX	global	^PSRX	70	code-model/routine-globals.tsv	global_name	PSRX	global-caret-strip-ci	moderate
global:^PSS32P3	global	^PSS32P3	4				none	undetermined
global:^PSS32P5	global	^PSS32P5	4				none	undetermined
global:^PSS50	global	^PSS50	192				none	undetermined
global:^PSS50P4	global	^PSS50P4	4				none	undetermined
global:^PSS50P66	global	^PSS50P66	16				none	undetermined
global:^PSS50P7	global	^PSS50P7	28				none	undetermined
global:^PSS51	global	^PSS51	20				none	undetermined
global:^PSS51P1	global	^PSS51P1	36				none	undetermined
global:^PSS51P15	global	^PSS51P15	8				none	undetermined
global:^PSS51P2	global	^PSS51P2	12				none	undetermined
global:^PSS51P5	global	^PSS51P5	8				none	undetermined
global:^PSS52P6	global	^PSS52P6	32				none	undetermined
global:^PSS52P7	global	^PSS52P7	28				none	undetermined
global:^PSS54	global	^PSS54	8				none	undetermined
global:^PSS55	global	^PSS55	20				none	undetermined
global:^PSS55MIS	global	^PSS55MIS	4				none	undetermined
global:^PSS59P7	global	^PSS59P7	4				none	undetermined
global:^PSS781	global	^PSS781	9				none	undetermined
global:^PSSADRPT	global	^PSSADRPT	1				none	undetermined
global:^PSSDI	global	^PSSDI	36				none	undetermined
global:^PSSDSAPD	global	^PSSDSAPD	15				none	undetermined
global:^PSSDSAPI	global	^PSSDSAPI	4				none	undetermined
global:^PSSDSFDB	global	^PSSDSFDB	1				none	undetermined
global:^PSSFILED	global	^PSSFILED	1				none	undetermined
global:^PSSFILES	global	^PSSFILES	4				none	undetermined
global:^PSSHDPG1	global	^PSSHDPG1	1				none	undetermined
global:^PSSHRIT	global	^PSSHRIT	3				none	undetermined
global:^PSSHRQ2	global	^PSSHRQ2	4				none	undetermined
global:^PSSIIRPT	global	^PSSIIRPT	1				none	undetermined
global:^PSSIVDRG	global	^PSSIVDRG	2				none	undetermined
global:^PSSLDOSE	global	^PSSLDOSE	1				none	undetermined
global:^PSSMEDRQ	global	^PSSMEDRQ	1				none	undetermined
global:^PSSMIRPT	global	^PSSMIRPT	1				none	undetermined
global:^PSSMRRDG	global	^PSSMRRDG	1				none	undetermined
global:^PSSPGX	global	^PSSPGX	4				none	undetermined
global:^PSSPGXOR	global	^PSSPGXOR	1				none	undetermined
global:^PSSPGXPR	global	^PSSPGXPR	1				none	undetermined
global:^PSSPRMIX	global	^PSSPRMIX	2				none	undetermined
global:^PSSPRUTL	global	^PSSPRUTL	1				none	undetermined
global:^PSSSCHRP	global	^PSSSCHRP	1				none	undetermined
global:^PSSTRENG	global	^PSSTRENG	1				none	undetermined
global:^PSSWMAP	global	^PSSWMAP	2				none	undetermined
global:^PSU	global	^PSU	1				none	undetermined
global:^PSX550	global	^PSX550	8				none	undetermined
global:^PSXRTR	global	^PSXRTR	1				none	undetermined
global:^PSYCHIATRY	global	^PSYCHIATRY	2				none	undetermined
global:^PT	global	^PT	4				none	undetermined
global:^PTIEN	global	^PTIEN	8				none	undetermined
global:^PTTEST001	global	^PTTEST001	1				none	undetermined
global:^PTYPE	global	^PTYPE	4				none	undetermined
global:^PULM	global	^PULM	2				none	undetermined
global:^PULMON	global	^PULMON	6				none	undetermined
global:^PULMONARY	global	^PULMONARY	6				none	undetermined
global:^PULSE	global	^PULSE	19				none	undetermined
global:^PUPPY	global	^PUPPY	2				none	undetermined
global:^PV	global	^PV	2				none	undetermined
global:^PV1	global	^PV1	2				none	undetermined
global:^PX	global	^PX	4	code-model/routine-globals.tsv	global_name	PX	global-caret-strip-ci	moderate
global:^PXAPI	global	^PXAPI	17				none	undetermined
global:^PXCA	global	^PXCA	3				none	undetermined
global:^PXCAEP	global	^PXCAEP	2				none	undetermined
global:^PXCE	global	^PXCE	1				none	undetermined
global:^PXCOMPACTIB	global	^PXCOMPACTIB	1				none	undetermined
global:^PXD	global	^PXD	54	code-model/routine-globals.tsv	global_name	PXD	global-caret-strip-ci	moderate
global:^PXPXRM	global	^PXPXRM	4				none	undetermined
global:^PXRM	global	^PXRM	2	code-model/routine-globals.tsv	global_name	PXRM	global-caret-strip-ci	moderate
global:^PXRMD	global	^PXRMD	3	code-model/routine-globals.tsv	global_name	PXRMD	global-caret-strip-ci	moderate
global:^PXRMETX	global	^PXRMETX	1				none	undetermined
global:^PXRMINDX	global	^PXRMINDX	107	code-model/routine-globals.tsv	global_name	PXRMINDX	global-caret-strip-ci	moderate
global:^PXRMISE	global	^PXRMISE	2				none	undetermined
global:^PXRMXPR	global	^PXRMXPR	2				none	undetermined
global:^PXRMXX	global	^PXRMXX	2				none	undetermined
global:^PXUTL1	global	^PXUTL1	2				none	undetermined
global:^Q02	global	^Q02	6				none	undetermined
global:^Q06	global	^Q06	2				none	undetermined
global:^Q1	global	^Q1	2				none	undetermined
global:^Q11	global	^Q11	2				none	undetermined
global:^Q13	global	^Q13	12				none	undetermined
global:^Q22	global	^Q22	17				none	undetermined
global:^Q24H	global	^Q24H	2				none	undetermined
global:^Q27	global	^Q27	1				none	undetermined
global:^Q4	global	^Q4	7				none	undetermined
global:^Q46H	global	^Q46H	3				none	undetermined
global:^Q48H	global	^Q48H	2				none	undetermined
global:^Q4H	global	^Q4H	6				none	undetermined
global:^Q6H	global	^Q6H	1				none	undetermined
global:^Q8H	global	^Q8H	1				none	undetermined
global:^QA	global	^QA	19	code-model/routine-globals.tsv	global_name	QA	global-caret-strip-ci	moderate
global:^QACI1	global	^QACI1	1				none	undetermined
global:^QACI2	global	^QACI2	2				none	undetermined
global:^QACI2B	global	^QACI2B	4				none	undetermined
global:^QACI5	global	^QACI5	1				none	undetermined
global:^QACVDEM	global	^QACVDEM	1				none	undetermined
global:^QACVEMPX	global	^QACVEMPX	5				none	undetermined
global:^QACVKHLD	global	^QACVKHLD	1				none	undetermined
global:^QAM	global	^QAM	4				none	undetermined
global:^QAMUTL	global	^QAMUTL	4				none	undetermined
global:^QAOSXTRN	global	^QAOSXTRN	2				none	undetermined
global:^QAQADLAU	global	^QAQADLAU	1				none	undetermined
global:^QAQAHOC0	global	^QAQAHOC0	1				none	undetermined
global:^QAQAHOCZ	global	^QAQAHOCZ	2				none	undetermined
global:^QAQAPGRP	global	^QAQAPGRP	3				none	undetermined
global:^QAQAUDIT	global	^QAQAUDIT	1				none	undetermined
global:^QAQAUTL	global	^QAQAUTL	2				none	undetermined
global:^QAQAXREF	global	^QAQAXREF	2				none	undetermined
global:^QAQDATE	global	^QAQDATE	3				none	undetermined
global:^QAQSELCT	global	^QAQSELCT	1				none	undetermined
global:^QBP	global	^QBP	6				none	undetermined
global:^QD	global	^QD	7				none	undetermined
global:^QID	global	^QID	2				none	undetermined
global:^QPM	global	^QPM	4				none	undetermined
global:^QRT00000019368	global	^QRT00000019368	2				none	undetermined
global:^QRT00000019369	global	^QRT00000019369	3				none	undetermined
global:^QRY	global	^QRY	6				none	undetermined
global:^QT	global	^QT	1				none	undetermined
global:^QTY	global	^QTY	16				none	undetermined
global:^QU	global	^QU	2				none	undetermined
global:^QUAL	global	^QUAL	1				none	undetermined
global:^QUALITY	global	^QUALITY	6				none	undetermined
global:^QUANTITY	global	^QUANTITY	5				none	undetermined
global:^QUESTIONABLE	global	^QUESTIONABLE	1				none	undetermined
global:^QUETIAPINE	global	^QUETIAPINE	1				none	undetermined
global:^R01	global	^R01	42				none	undetermined
global:^R04	global	^R04	1				none	undetermined
global:^R06	global	^R06	1				none	undetermined
global:^RA	global	^RA	11	code-model/routine-globals.tsv	global_name	RA	global-caret-strip-ci	moderate
global:^RA1000C00	global	^RA1000C00	2				none	undetermined
global:^RAD	global	^RAD	13	code-model/routine-globals.tsv	global_name	RAD	global-caret-strip-ci	moderate
global:^RAD2	global	^RAD2	1				none	undetermined
global:^RADFOUR	global	^RADFOUR	15				none	undetermined
global:^RADIOLOGICAL	global	^RADIOLOGICAL	1				none	undetermined
global:^RADIOLOGY	global	^RADIOLOGY	26				none	undetermined
global:^RADLQ1	global	^RADLQ1	1				none	undetermined
global:^RADPATIENT	global	^RADPATIENT	2				none	undetermined
global:^RADPROVIDER	global	^RADPROVIDER	14				none	undetermined
global:^RADPT	global	^RADPT	5	code-model/routine-globals.tsv	global_name	RADPT	global-caret-strip-ci	moderate
global:^RADTHREE	global	^RADTHREE	18				none	undetermined
global:^RAFLH	global	^RAFLH	10				none	undetermined
global:^RAHLROUT	global	^RAHLROUT	12				none	undetermined
global:^RAHLTCPB	global	^RAHLTCPB	2				none	undetermined
global:^RAMAIN2	global	^RAMAIN2	3				none	undetermined
global:^RAMAINP	global	^RAMAINP	1				none	undetermined
global:^RAMIS	global	^RAMIS	9	code-model/routine-globals.tsv	global_name	RAMIS	global-caret-strip-ci	moderate
global:^RANITIDINE	global	^RANITIDINE	21				none	undetermined
global:^RAO	global	^RAO	2	code-model/routine-globals.tsv	global_name	RAO	global-caret-strip-ci	moderate
global:^RAO7PC4	global	^RAO7PC4	1				none	undetermined
global:^RAORDQ	global	^RAORDQ	2				none	undetermined
global:^RAPSET1	global	^RAPSET1	3				none	undetermined
global:^RAPXRM	global	^RAPXRM	2				none	undetermined
global:^RAR	global	^RAR	1				none	undetermined
global:^RARECOV	global	^RARECOV	2				none	undetermined
global:^RARESTOR	global	^RARESTOR	1				none	undetermined
global:^RARIC	global	^RARIC	1				none	undetermined
global:^RARPT	global	^RARPT	10	code-model/routine-globals.tsv	global_name	RARPT	global-caret-strip-ci	moderate
global:^RAS	global	^RAS	4				none	undetermined
global:^RASH	global	^RASH	4				none	undetermined
global:^RATE	global	^RATE	1				none	undetermined
global:^RAUTL14	global	^RAUTL14	1				none	undetermined
global:^RC	global	^RC	4	code-model/routine-globals.tsv	global_name	RC	global-caret-strip-ci	moderate
global:^RCD	global	^RCD	3	code-model/routine-globals.tsv	global_name	RCD	global-caret-strip-ci	moderate
global:^RCY	global	^RCY	1	code-model/routine-globals.tsv	global_name	RCY	global-caret-strip-ci	moderate
global:^RD	global	^RD	3				none	undetermined
global:^RDE	global	^RDE	4				none	undetermined
global:^RDS	global	^RDS	3				none	undetermined
global:^RE	global	^RE	31				none	undetermined
global:^RE101	global	^RE101	1				none	undetermined
global:^RE102	global	^RE102	3				none	undetermined
global:^RE105	global	^RE105	1				none	undetermined
global:^RE400	global	^RE400	2				none	undetermined
global:^REA	global	^REA	4				none	undetermined
global:^REALLYLONGSURNAMEXXXX	global	^REALLYLONGSURNAMEXXXX	1				none	undetermined
global:^REASON	global	^REASON	1				none	undetermined
global:^RECEIVED	global	^RECEIVED	2				none	undetermined
global:^RECEIVING	global	^RECEIVING	2				none	undetermined
global:^RECIPIENT	global	^RECIPIENT	1				none	undetermined
global:^REDACTED	global	^REDACTED	20				none	undetermined
global:^REF	global	^REF	6				none	undetermined
global:^REFERENCE	global	^REFERENCE	8				none	undetermined
global:^REFILL	global	^REFILL	4				none	undetermined
global:^REGION	global	^REGION	2				none	undetermined
global:^REGIONAL	global	^REGIONAL	3				none	undetermined
global:^REGULAR	global	^REGULAR	15				none	undetermined
global:^REJECTED	global	^REJECTED	1				none	undetermined
global:^RELDT	global	^RELDT	12				none	undetermined
global:^RELEASE	global	^RELEASE	1				none	undetermined
global:^RELEASED	global	^RELEASED	4				none	undetermined
global:^REMARK	global	^REMARK	1				none	undetermined
global:^REMARKS	global	^REMARKS	4				none	undetermined
global:^REMIN	global	^REMIN	1				none	undetermined
global:^RENEWED	global	^RENEWED	3				none	undetermined
global:^REP	global	^REP	7				none	undetermined
global:^REPORT	global	^REPORT	28				none	undetermined
global:^REQUIRED	global	^REQUIRED	13				none	undetermined
global:^RESIDENT	global	^RESIDENT	2				none	undetermined
global:^RESJOB	global	^RESJOB	2				none	undetermined
global:^RESPIRATORY	global	^RESPIRATORY	2				none	undetermined
global:^RESTRICT	global	^RESTRICT	1				none	undetermined
global:^RESTRICTED	global	^RESTRICTED	1				none	undetermined
global:^RESUBMIT	global	^RESUBMIT	1				none	undetermined
global:^RESUBMITTED	global	^RESUBMITTED	2				none	undetermined
global:^RETURN	global	^RETURN	2				none	undetermined
global:^RETURNED	global	^RETURNED	2				none	undetermined
global:^RF	global	^RF	10				none	undetermined
global:^RFM	global	^RFM	4				none	undetermined
global:^RG	global	^RG	52				none	undetermined
global:^RGEQ	global	^RGEQ	1	code-model/routine-globals.tsv	global_name	RGEQ	global-caret-strip-ci	moderate
global:^RGEQASN	global	^RGEQASN	3	code-model/routine-globals.tsv	global_name	RGEQASN	global-caret-strip-ci	moderate
global:^RGEQEXC	global	^RGEQEXC	1	code-model/routine-globals.tsv	global_name	RGEQEXC	global-caret-strip-ci	moderate
global:^RGHL7	global	^RGHL7	5	code-model/routine-globals.tsv	global_name	RGHL7	global-caret-strip-ci	moderate
global:^RGHLLOG	global	^RGHLLOG	3				none	undetermined
global:^RGMTUT98	global	^RGMTUT98	2				none	undetermined
global:^RGSITE	global	^RGSITE	3	code-model/routine-globals.tsv	global_name	RGSITE	global-caret-strip-ci	moderate
global:^RGSTAT	global	^RGSTAT	1	code-model/routine-globals.tsv	global_name	RGSTAT	global-caret-strip-ci	moderate
global:^RGVCCMR2	global	^RGVCCMR2	1				none	undetermined
global:^RHEUM	global	^RHEUM	2				none	undetermined
global:^RI	global	^RI	1				none	undetermined
global:^RICH	global	^RICH	3				none	undetermined
global:^RIGHT	global	^RIGHT	6				none	undetermined
global:^RL	global	^RL	2				none	undetermined
global:^RMPO	global	^RMPO	1	code-model/routine-globals.tsv	global_name	RMPO	global-caret-strip-ci	moderate
global:^RMPR	global	^RMPR	1	code-model/routine-globals.tsv	global_name	RMPR	global-caret-strip-ci	moderate
global:^RMPRSIT	global	^RMPRSIT	1				none	undetermined
global:^RMS	global	^RMS	2				none	undetermined
global:^RN	global	^RN	3				none	undetermined
global:^ROBERT	global	^ROBERT	2				none	undetermined
global:^ROI	global	^ROI	1				none	undetermined
global:^RON	global	^RON	1				none	undetermined
global:^ROOM	global	^ROOM	4				none	undetermined
global:^ROR	global	^ROR	6	code-model/routine-globals.tsv	global_name	ROR	global-caret-strip-ci	moderate
global:^RORDATA	global	^RORDATA	8	code-model/routine-globals.tsv	global_name	RORDATA	global-caret-strip-ci	moderate
global:^ROREVT0	global	^ROREVT0	2				none	undetermined
global:^ROREVT01	global	^ROREVT01	10				none	undetermined
global:^ROU	global	^ROU	8				none	undetermined
global:^ROUTE	global	^ROUTE	4				none	undetermined
global:^ROUTINE	global	^ROUTINE	48	code-model/routine-globals.tsv	global_name	ROUTINE	global-caret-strip-ci	moderate
global:^RPH	global	^RPH	1				none	undetermined
global:^RS	global	^RS	3				none	undetermined
global:^RS300	global	^RS300	1				none	undetermined
global:^RSC	global	^RSC	2				none	undetermined
global:^RSP	global	^RSP	5				none	undetermined
global:^RT	global	^RT	3	code-model/routine-globals.tsv	global_name	RT	global-caret-strip-ci	moderate
global:^RT10351	global	^RT10351	2				none	undetermined
global:^RTCC	global	^RTCC	1				none	undetermined
global:^RTCH	global	^RTCH	1				none	undetermined
global:^RTCL	global	^RTCL	1				none	undetermined
global:^RTCM	global	^RTCM	1				none	undetermined
global:^RTCP	global	^RTCP	1				none	undetermined
global:^RTCR	global	^RTCR	1				none	undetermined
global:^RTCS	global	^RTCS	1				none	undetermined
global:^RTCU	global	^RTCU	1				none	undetermined
global:^RTCX	global	^RTCX	1				none	undetermined
global:^RTH	global	^RTH	2	code-model/routine-globals.tsv	global_name	RTH	global-caret-strip-ci	moderate
global:^RTN	global	^RTN	1				none	undetermined
global:^RTSDT	global	^RTSDT	12				none	undetermined
global:^RTV	global	^RTV	7	code-model/routine-globals.tsv	global_name	RTV	global-caret-strip-ci	moderate
global:^RUBY	global	^RUBY	1				none	undetermined
global:^RUN	global	^RUN	1				none	undetermined
global:^RVW	global	^RVW	3				none	undetermined
global:^RX	global	^RX	33				none	undetermined
global:^RX01	global	^RX01	1				none	undetermined
global:^RX02	global	^RX02	1				none	undetermined
global:^RX03	global	^RX03	1				none	undetermined
global:^RX04	global	^RX04	1				none	undetermined
global:^RX05	global	^RX05	1				none	undetermined
global:^RX06	global	^RX06	1				none	undetermined
global:^RX07	global	^RX07	1				none	undetermined
global:^RX08	global	^RX08	1				none	undetermined
global:^RX09	global	^RX09	1				none	undetermined
global:^RX10	global	^RX10	1				none	undetermined
global:^RXCOB	global	^RXCOB	1				none	undetermined
global:^RXCT	global	^RXCT	8				none	undetermined
global:^RXP	global	^RXP	4				none	undetermined
global:^S0013	global	^S0013	1				none	undetermined
global:^S0054	global	^S0054	1				none	undetermined
global:^S12	global	^S12	1				none	undetermined
global:^S13	global	^S13	1				none	undetermined
global:^S14	global	^S14	2				none	undetermined
global:^S15	global	^S15	1				none	undetermined
global:^S17	global	^S17	1				none	undetermined
global:^SALT	global	^SALT	1				none	undetermined
global:^SAM	global	^SAM	4				none	undetermined
global:^SAMPLE	global	^SAMPLE	3				none	undetermined
global:^SAN	global	^SAN	5				none	undetermined
global:^SANTA	global	^SANTA	4				none	undetermined
global:^SC	global	^SC	99	code-model/routine-globals.tsv	global_name	SC	global-caret-strip-ci	moderate
global:^SC100	global	^SC100	3				none	undetermined
global:^SC50	global	^SC50	2				none	undetermined
global:^SC60	global	^SC60	8				none	undetermined
global:^SC70	global	^SC70	3				none	undetermined
global:^SC90	global	^SC90	2				none	undetermined
global:^SCAN	global	^SCAN	2				none	undetermined
global:^SCAPMCA	global	^SCAPMCA	2				none	undetermined
global:^SCC	global	^SCC	2				none	undetermined
global:^SCE	global	^SCE	6	code-model/routine-globals.tsv	global_name	SCE	global-caret-strip-ci	moderate
global:^SCH	global	^SCH	4				none	undetermined
global:^SCHEDULED	global	^SCHEDULED	2				none	undetermined
global:^SCLAVO	global	^SCLAVO	1				none	undetermined
global:^SCMCMHU1	global	^SCMCMHU1	2				none	undetermined
global:^SCMCTSK	global	^SCMCTSK	1				none	undetermined
global:^SCPT	global	^SCPT	4	code-model/routine-globals.tsv	global_name	SCPT	global-caret-strip-ci	moderate
global:^SCT	global	^SCT	51				none	undetermined
global:^SCTM	global	^SCTM	6	code-model/routine-globals.tsv	global_name	SCTM	global-caret-strip-ci	moderate
global:^SD	global	^SD	66	code-model/routine-globals.tsv	global_name	SD	global-caret-strip-ci	moderate
global:^SDACS	global	^SDACS	1				none	undetermined
global:^SDAM	global	^SDAM	5	code-model/routine-globals.tsv	global_name	SDAM	global-caret-strip-ci	moderate
global:^SDAM1	global	^SDAM1	2				none	undetermined
global:^SDAM10	global	^SDAM10	1				none	undetermined
global:^SDAM3	global	^SDAM3	2				none	undetermined
global:^SDAM5	global	^SDAM5	2				none	undetermined
global:^SDAMA201	global	^SDAMA201	9				none	undetermined
global:^SDAMA202	global	^SDAMA202	2				none	undetermined
global:^SDAMA203	global	^SDAMA203	3				none	undetermined
global:^SDAMA204	global	^SDAMA204	6				none	undetermined
global:^SDAMA301	global	^SDAMA301	11				none	undetermined
global:^SDAMEP	global	^SDAMEP	4				none	undetermined
global:^SDAMQ	global	^SDAMQ	2				none	undetermined
global:^SDAMQ1	global	^SDAMQ1	3				none	undetermined
global:^SDAMQ3	global	^SDAMQ3	1				none	undetermined
global:^SDAMQ4	global	^SDAMQ4	1				none	undetermined
global:^SDAMQ5	global	^SDAMQ5	1				none	undetermined
global:^SDAMU	global	^SDAMU	3				none	undetermined
global:^SDASE	global	^SDASE	1				none	undetermined
global:^SDASF	global	^SDASF	1	code-model/routine-globals.tsv	global_name	SDASF	global-caret-strip-ci	moderate
global:^SDAUDIT	global	^SDAUDIT	12	code-model/routine-globals.tsv	global_name	SDAUDIT	global-caret-strip-ci	moderate
global:^SDCO21	global	^SDCO21	1				none	undetermined
global:^SDCWL3	global	^SDCWL3	2				none	undetermined
global:^SDD	global	^SDD	7	code-model/routine-globals.tsv	global_name	SDD	global-caret-strip-ci	moderate
global:^SDDFN	global	^SDDFN	8				none	undetermined
global:^SDEC	global	^SDEC	193	code-model/routine-globals.tsv	global_name	SDEC	global-caret-strip-ci	moderate
global:^SDEC03	global	^SDEC03	9				none	undetermined
global:^SDMHAD	global	^SDMHAD	1				none	undetermined
global:^SDMHAD1	global	^SDMHAD1	2				none	undetermined
global:^SDMHAP	global	^SDMHAP	1				none	undetermined
global:^SDMHAP1	global	^SDMHAP1	1				none	undetermined
global:^SDMHNS	global	^SDMHNS	3				none	undetermined
global:^SDMHNS1	global	^SDMHNS1	2				none	undetermined
global:^SDMHPRO	global	^SDMHPRO	1				none	undetermined
global:^SDMHPRO1	global	^SDMHPRO1	1				none	undetermined
global:^SDOE	global	^SDOE	40				none	undetermined
global:^SDOEOE	global	^SDOEOE	6				none	undetermined
global:^SDOERPC	global	^SDOERPC	1				none	undetermined
global:^SDQ	global	^SDQ	203				none	undetermined
global:^SDQUT	global	^SDQUT	125				none	undetermined
global:^SDRPA04	global	^SDRPA04	1				none	undetermined
global:^SDRPA06	global	^SDRPA06	1				none	undetermined
global:^SDRRC15	global	^SDRRC15	1				none	undetermined
global:^SDRRC16	global	^SDRRC16	1				none	undetermined
global:^SDRRC17	global	^SDRRC17	1				none	undetermined
global:^SDRRC18	global	^SDRRC18	1				none	undetermined
global:^SDRRC20	global	^SDRRC20	1				none	undetermined
global:^SDRRINQ	global	^SDRRINQ	1				none	undetermined
global:^SDRRISRA	global	^SDRRISRA	1				none	undetermined
global:^SDRRISRD	global	^SDRRISRD	1				none	undetermined
global:^SDRRISRL	global	^SDRRISRL	1				none	undetermined
global:^SDRRISRU	global	^SDRRISRU	2				none	undetermined
global:^SDRRISRX	global	^SDRRISRX	1				none	undetermined
global:^SDRROR	global	^SDRROR	3				none	undetermined
global:^SDSC	global	^SDSC	67	code-model/routine-globals.tsv	global_name	SDSC	global-caret-strip-ci	moderate
global:^SDSCAPI	global	^SDSCAPI	2				none	undetermined
global:^SDSCCHK	global	^SDSCCHK	1				none	undetermined
global:^SDSCEDT	global	^SDSCEDT	2				none	undetermined
global:^SDSCLM	global	^SDSCLM	4				none	undetermined
global:^SDSCLM1	global	^SDSCLM1	4				none	undetermined
global:^SDSCLST	global	^SDSCLST	5				none	undetermined
global:^SDSCMSR	global	^SDSCMSR	1				none	undetermined
global:^SDSCNSCP	global	^SDSCNSCP	1				none	undetermined
global:^SDSCOMP	global	^SDSCOMP	2				none	undetermined
global:^SDSCPRM	global	^SDSCPRM	1				none	undetermined
global:^SDSCPRV	global	^SDSCPRV	1				none	undetermined
global:^SDSCRP1	global	^SDSCRP1	1				none	undetermined
global:^SDSCRP2	global	^SDSCRP2	1				none	undetermined
global:^SDSCRPT1	global	^SDSCRPT1	5				none	undetermined
global:^SDSCSSD	global	^SDSCSSD	1				none	undetermined
global:^SDSCUSR	global	^SDSCUSR	1				none	undetermined
global:^SDUTL2	global	^SDUTL2	4				none	undetermined
global:^SDUTL3	global	^SDUTL3	15				none	undetermined
global:^SDV	global	^SDV	2	code-model/routine-globals.tsv	global_name	SDV	global-caret-strip-ci	moderate
global:^SDVER	global	^SDVER	1				none	undetermined
global:^SDVSIT2	global	^SDVSIT2	1				none	undetermined
global:^SDWL	global	^SDWL	119	code-model/routine-globals.tsv	global_name	SDWL	global-caret-strip-ci	moderate
global:^SECURITY	global	^SECURITY	6				none	undetermined
global:^SELECT	global	^SELECT	2				none	undetermined
global:^SELF	global	^SELF	8				none	undetermined
global:^SEP	global	^SEP	8				none	undetermined
global:^SEQ	global	^SEQ	5				none	undetermined
global:^SEQUENCE	global	^SEQUENCE	2				none	undetermined
global:^SER	global	^SER	7				none	undetermined
global:^SERTRA	global	^SERTRA	1				none	undetermined
global:^SERTRALINE	global	^SERTRALINE	1				none	undetermined
global:^SERUM	global	^SERUM	8				none	undetermined
global:^SERVICE	global	^SERVICE	15				none	undetermined
global:^SEVEN	global	^SEVEN	1				none	undetermined
global:^SEVENTEEN	global	^SEVENTEEN	6				none	undetermined
global:^SEVENTWONINE	global	^SEVENTWONINE	9				none	undetermined
global:^SEX	global	^SEX	8				none	undetermined
global:^SF03	global	^SF03	2				none	undetermined
global:^SFCS	global	^SFCS	2				none	undetermined
global:^SFPR	global	^SFPR	2				none	undetermined
global:^SGOT	global	^SGOT	13				none	undetermined
global:^SGPT	global	^SGPT	12				none	undetermined
global:^SHAMUKHAMEDOV	global	^SHAMUKHAMEDOV	1				none	undetermined
global:^SHARING	global	^SHARING	2				none	undetermined
global:^SHAVKAT	global	^SHAVKAT	1				none	undetermined
global:^SHB	global	^SHB	2				none	undetermined
global:^SHD	global	^SHD	1				none	undetermined
global:^SHINGLES	global	^SHINGLES	1				none	undetermined
global:^SHOULDER	global	^SHOULDER	1				none	undetermined
global:^SHOW	global	^SHOW	1				none	undetermined
global:^SI	global	^SI	1				none	undetermined
global:^SICU	global	^SICU	3				none	undetermined
global:^SIMETHICONE	global	^SIMETHICONE	1				none	undetermined
global:^SIMPSON	global	^SIMPSON	1				none	undetermined
global:^SIMVASTATIN	global	^SIMVASTATIN	21				none	undetermined
global:^SINGLE	global	^SINGLE	8				none	undetermined
global:^SITE	global	^SITE	2				none	undetermined
global:^SITEID	global	^SITEID	1				none	undetermined
global:^SITENAME	global	^SITENAME	1				none	undetermined
global:^SITTING	global	^SITTING	3				none	undetermined
global:^SIU	global	^SIU	3				none	undetermined
global:^SIXTY	global	^SIXTY	9				none	undetermined
global:^SKIN	global	^SKIN	2				none	undetermined
global:^SL	global	^SL	3				none	undetermined
global:^SMITH	global	^SMITH	5				none	undetermined
global:^SO	global	^SO	6				none	undetermined
global:^SO7	global	^SO7	2				none	undetermined
global:^SOAP	global	^SOAP	1				none	undetermined
global:^SODIUM	global	^SODIUM	42				none	undetermined
global:^SOFTWARE	global	^SOFTWARE	2				none	undetermined
global:^SOL	global	^SOL	3				none	undetermined
global:^SOME	global	^SOME	1				none	undetermined
global:^SOWKHIRM	global	^SOWKHIRM	1				none	undetermined
global:^SP	global	^SP	2				none	undetermined
global:^SPEC	global	^SPEC	9				none	undetermined
global:^SPECIAL	global	^SPECIAL	1				none	undetermined
global:^SPLINT	global	^SPLINT	1				none	undetermined
global:^SPONGE	global	^SPONGE	4				none	undetermined
global:^SPOOL	global	^SPOOL	1	code-model/routine-globals.tsv	global_name	SPOOL	global-caret-strip-ci	moderate
global:^SPOOLER	global	^SPOOLER	1				none	undetermined
global:^SPT	global	^SPT	2				none	undetermined
global:^SR	global	^SR	30				none	undetermined
global:^SRA	global	^SRA	2				none	undetermined
global:^SRAFY	global	^SRAFY	12				none	undetermined
global:^SRAM	global	^SRAM	2				none	undetermined
global:^SRAPURGE	global	^SRAPURGE	4				none	undetermined
global:^SRATT	global	^SRATT	2				none	undetermined
global:^SRAW	global	^SRAW	2				none	undetermined
global:^SRB	global	^SRB	1				none	undetermined
global:^SRCAN	global	^SRCAN	2				none	undetermined
global:^SRCO	global	^SRCO	1				none	undetermined
global:^SRF	global	^SRF	20	code-model/routine-globals.tsv	global_name	SRF	global-caret-strip-ci	moderate
global:^SRO	global	^SRO	1	code-model/routine-globals.tsv	global_name	SRO	global-caret-strip-ci	moderate
global:^SRONIN	global	^SRONIN	1				none	undetermined
global:^SROVAR	global	^SROVAR	2				none	undetermined
global:^SRP	global	^SRP	1	code-model/routine-globals.tsv	global_name	SRP	global-caret-strip-ci	moderate
global:^SRS	global	^SRS	1	code-model/routine-globals.tsv	global_name	SRS	global-caret-strip-ci	moderate
global:^SRT	global	^SRT	1	code-model/routine-globals.tsv	global_name	SRT	global-caret-strip-ci	moderate
global:^SRU	global	^SRU	1	code-model/routine-globals.tsv	global_name	SRU	global-caret-strip-ci	moderate
global:^SS	global	^SS	28				none	undetermined
global:^SS10	global	^SS10	1				none	undetermined
global:^SS12	global	^SS12	1				none	undetermined
global:^SS16	global	^SS16	1				none	undetermined
global:^SS16P8L	global	^SS16P8L	1				none	undetermined
global:^SSA	global	^SSA	1				none	undetermined
global:^SSD	global	^SSD	1				none	undetermined
global:^SSDEND	global	^SSDEND	1				none	undetermined
global:^SSN	global	^SSN	31				none	undetermined
global:^SSR	global	^SSR	1				none	undetermined
global:^ST	global	^ST	91				none	undetermined
global:^ST847	global	^ST847	2				none	undetermined
global:^STAFF	global	^STAFF	14				none	undetermined
global:^STANDARD	global	^STANDARD	2				none	undetermined
global:^STANDING	global	^STANDING	3				none	undetermined
global:^START	global	^START	1				none	undetermined
global:^STARTDATETIME	global	^STARTDATETIME	1				none	undetermined
global:^STATE	global	^STATE	7				none	undetermined
global:^STATUS	global	^STATUS	6				none	undetermined
global:^STATUS1	global	^STATUS1	1				none	undetermined
global:^STATUS2	global	^STATUS2	1				none	undetermined
global:^STATUS30	global	^STATUS30	1				none	undetermined
global:^STIEN	global	^STIEN	4				none	undetermined
global:^STKS	global	^STKS	4				none	undetermined
global:^STL	global	^STL	1				none	undetermined
global:^STRAWBERRIES	global	^STRAWBERRIES	1				none	undetermined
global:^STREET	global	^STREET	5				none	undetermined
global:^STRENGTH	global	^STRENGTH	16				none	undetermined
global:^STREP	global	^STREP	2				none	undetermined
global:^STREPTOCOCCUS	global	^STREPTOCOCCUS	1				none	undetermined
global:^STRIP	global	^STRIP	1				none	undetermined
global:^SUB	global	^SUB	6				none	undetermined
global:^SUBJECT	global	^SUBJECT	2				none	undetermined
global:^SUBTYPE	global	^SUBTYPE	3				none	undetermined
global:^SUITE	global	^SUITE	4				none	undetermined
global:^SULFASA	global	^SULFASA	1				none	undetermined
global:^SULFASALAZINE	global	^SULFASALAZINE	1				none	undetermined
global:^SULFISOXAZOLE	global	^SULFISOXAZOLE	1				none	undetermined
global:^SUP	global	^SUP	3				none	undetermined
global:^SUPER	global	^SUPER	1				none	undetermined
global:^SUPERIVOR	global	^SUPERIVOR	1				none	undetermined
global:^SUPERV	global	^SUPERV	1				none	undetermined
global:^SUPERVISOR	global	^SUPERVISOR	1				none	undetermined
global:^SUPPORT	global	^SUPPORT	13				none	undetermined
global:^SUR	global	^SUR	1				none	undetermined
global:^SURG	global	^SURG	2				none	undetermined
global:^SURGERY	global	^SURGERY	6				none	undetermined
global:^SURGICAL	global	^SURGICAL	1				none	undetermined
global:^SURPAT	global	^SURPAT	1				none	undetermined
global:^SURPATIENT	global	^SURPATIENT	10				none	undetermined
global:^SURVEYOR	global	^SURVEYOR	2				none	undetermined
global:^SWELLING	global	^SWELLING	2				none	undetermined
global:^SX	global	^SX	1				none	undetermined
global:^SYR	global	^SYR	1				none	undetermined
global:^SYRING	global	^SYRING	2				none	undetermined
global:^SYRINGE	global	^SYRINGE	3				none	undetermined
global:^SYS	global	^SYS	7	code-model/routine-globals.tsv	global_name	SYS	global-caret-strip-ci	moderate
global:^T02	global	^T02	4				none	undetermined
global:^TA	global	^TA	1				none	undetermined
global:^TAB	global	^TAB	24				none	undetermined
global:^TABLET	global	^TABLET	3				none	undetermined
global:^TADD	global	^TADD	3				none	undetermined
global:^TAK	global	^TAK	1				none	undetermined
global:^TAKE	global	^TAKE	23				none	undetermined
global:^TAMPA	global	^TAMPA	3				none	undetermined
global:^TASKMAN	global	^TASKMAN	1				none	undetermined
global:^TAXI	global	^TAXI	5				none	undetermined
global:^TB	global	^TB	6				none	undetermined
global:^TCM	global	^TCM	7				none	undetermined
global:^TCSP	global	^TCSP	3				none	undetermined
global:^TECH	global	^TECH	22				none	undetermined
global:^TED	global	^TED	4				none	undetermined
global:^TEMAZEPAM	global	^TEMAZEPAM	2				none	undetermined
global:^TEMP	global	^TEMP	1	code-model/routine-globals.tsv	global_name	TEMP	global-caret-strip-ci	moderate
global:^TEMPERATURE	global	^TEMPERATURE	7				none	undetermined
global:^TEN	global	^TEN	2				none	undetermined
global:^TERAZOSIN	global	^TERAZOSIN	1				none	undetermined
global:^TERMINATED	global	^TERMINATED	4				none	undetermined
global:^TEST	global	^TEST	32				none	undetermined
global:^TESTA	global	^TESTA	1				none	undetermined
global:^TESTER	global	^TESTER	1				none	undetermined
global:^TESTING	global	^TESTING	10				none	undetermined
global:^TESTMAN	global	^TESTMAN	4				none	undetermined
global:^TESTONE	global	^TESTONE	1				none	undetermined
global:^TETANUS	global	^TETANUS	2				none	undetermined
global:^TETRACYCLINE	global	^TETRACYCLINE	2				none	undetermined
global:^TETRCLN	global	^TETRCLN	5				none	undetermined
global:^TEXT	global	^TEXT	4				none	undetermined
global:^TFL	global	^TFL	6				none	undetermined
global:^THING	global	^THING	2				none	undetermined
global:^THIORIDAZINE	global	^THIORIDAZINE	1				none	undetermined
global:^THISISFAK	global	^THISISFAK	1				none	undetermined
global:^THREE	global	^THREE	14				none	undetermined
global:^THROAT	global	^THROAT	3				none	undetermined
global:^TIME	global	^TIME	1				none	undetermined
global:^TINNITUS	global	^TINNITUS	5				none	undetermined
global:^TISS	global	^TISS	1				none	undetermined
global:^TITLE	global	^TITLE	1				none	undetermined
global:^TIU	global	^TIU	16	code-model/routine-globals.tsv	global_name	TIU	global-caret-strip-ci	moderate
global:^TIU189	global	^TIU189	1				none	undetermined
global:^TIUCCRHL	global	^TIUCCRHL	5				none	undetermined
global:^TIUCHLP	global	^TIUCHLP	1				none	undetermined
global:^TIUCNFIX	global	^TIUCNFIX	3				none	undetermined
global:^TIUCROBJ	global	^TIUCROBJ	1				none	undetermined
global:^TIUDD61	global	^TIUDD61	1				none	undetermined
global:^TIUFIX1	global	^TIUFIX1	7				none	undetermined
global:^TIUFIX2	global	^TIUFIX2	2				none	undetermined
global:^TIUHL7	global	^TIUHL7	4				none	undetermined
global:^TIUHL7P1	global	^TIUHL7P1	6				none	undetermined
global:^TIULMED	global	^TIULMED	3				none	undetermined
global:^TIULO	global	^TIULO	4				none	undetermined
global:^TIUMOBJ	global	^TIUMOBJ	1				none	undetermined
global:^TIUPATIENT	global	^TIUPATIENT	2				none	undetermined
global:^TIUPNFIX	global	^TIUPNFIX	3				none	undetermined
global:^TIUPROVIDER	global	^TIUPROVIDER	2				none	undetermined
global:^TIUPUTU	global	^TIUPUTU	2				none	undetermined
global:^TIUSRVLO	global	^TIUSRVLO	1				none	undetermined
global:^TIUSRVT3	global	^TIUSRVT3	1				none	undetermined
global:^TIUTIUS	global	^TIUTIUS	7				none	undetermined
global:^TJ	global	^TJ	3				none	undetermined
global:^TLS	global	^TLS	2				none	undetermined
global:^TMP	global	^TMP	7397	code-model/routine-globals.tsv	global_name	TMP	global-caret-strip-ci	moderate
global:^TN10	global	^TN10	1				none	undetermined
global:^TN101	global	^TN101	2				none	undetermined
global:^TN102	global	^TN102	3				none	undetermined
global:^TN403	global	^TN403	1				none	undetermined
global:^TOBRMCN	global	^TOBRMCN	3				none	undetermined
global:^TOM	global	^TOM	2				none	undetermined
global:^TONE	global	^TONE	1				none	undetermined
global:^TOO	global	^TOO	2				none	undetermined
global:^TOP	global	^TOP	1				none	undetermined
global:^TOT	global	^TOT	1				none	undetermined
global:^TOTAL	global	^TOTAL	2				none	undetermined
global:^TP	global	^TP	12				none	undetermined
global:^TPBRX	global	^TPBRX	4				none	undetermined
global:^TRADE	global	^TRADE	4				none	undetermined
global:^TRANSACTION	global	^TRANSACTION	8				none	undetermined
global:^TRANSFER	global	^TRANSFER	9				none	undetermined
global:^TRANSITIONAL	global	^TRANSITIONAL	1				none	undetermined
global:^TRANSMISSION	global	^TRANSMISSION	4				none	undetermined
global:^TRANSMIT	global	^TRANSMIT	4				none	undetermined
global:^TRANSMITTED	global	^TRANSMITTED	1				none	undetermined
global:^TRAPATNM	global	^TRAPATNM	1				none	undetermined
global:^TRIGGER	global	^TRIGGER	33				none	undetermined
global:^TRIGLYCERIDE	global	^TRIGLYCERIDE	5				none	undetermined
global:^TRIGLYCERIDES	global	^TRIGLYCERIDES	1				none	undetermined
global:^TRMSULF	global	^TRMSULF	2				none	undetermined
global:^TROY	global	^TROY	21				none	undetermined
global:^TS	global	^TS	10				none	undetermined
global:^TUBE	global	^TUBE	1				none	undetermined
global:^TUBEX	global	^TUBEX	1				none	undetermined
global:^TUSCAN	global	^TUSCAN	4				none	undetermined
global:^TWO	global	^TWO	50				none	undetermined
global:^TX	global	^TX	98				none	undetermined
global:^TYPE	global	^TYPE	12				none	undetermined
global:^UB	global	^UB	1				none	undetermined
global:^UJ32018960	global	^UJ32018960	5				none	undetermined
global:^UNC	global	^UNC	2				none	undetermined
global:^UNIEN	global	^UNIEN	4				none	undetermined
global:^UNIT	global	^UNIT	1				none	undetermined
global:^UNITED	global	^UNITED	5				none	undetermined
global:^UNITS	global	^UNITS	16				none	undetermined
global:^UNK	global	^UNK	4				none	undetermined
global:^UNKNOWN	global	^UNKNOWN	13				none	undetermined
global:^UNLISTED	global	^UNLISTED	2				none	undetermined
global:^UP	global	^UP	2				none	undetermined
global:^UPD	global	^UPD	2				none	undetermined
global:^UPDATE	global	^UPDATE	4				none	undetermined
global:^UR	global	^UR	2				none	undetermined
global:^UREA	global	^UREA	1				none	undetermined
global:^URIC	global	^URIC	2				none	undetermined
global:^URINE	global	^URINE	5				none	undetermined
global:^UROLOGY	global	^UROLOGY	1				none	undetermined
global:^US	global	^US	27				none	undetermined
global:^USA	global	^USA	155				none	undetermined
global:^USC	global	^USC	2	code-model/routine-globals.tsv	global_name	USC	global-caret-strip-ci	moderate
global:^USDHHS	global	^USDHHS	13				none	undetermined
global:^USER	global	^USER	9				none	undetermined
global:^USER1	global	^USER1	6				none	undetermined
global:^USEROPTION	global	^USEROPTION	1				none	undetermined
global:^USING	global	^USING	1				none	undetermined
global:^USPS	global	^USPS	1				none	undetermined
global:^USR	global	^USR	12	code-model/routine-globals.tsv	global_name	USR	global-caret-strip-ci	moderate
global:^USRPROV	global	^USRPROV	1				none	undetermined
global:^USSSA	global	^USSSA	21				none	undetermined
global:^USVAMC	global	^USVAMC	3				none	undetermined
global:^USVBA	global	^USVBA	1				none	undetermined
global:^USVHA	global	^USVHA	105				none	undetermined
global:^UTAH	global	^UTAH	1				none	undetermined
global:^UTIL	global	^UTIL	2				none	undetermined
global:^UTILITY	global	^UTILITY	224	code-model/routine-globals.tsv	global_name	UTILITY	global-caret-strip-ci	moderate
global:^UU	global	^UU	1				none	undetermined
global:^UU13098225	global	^UU13098225	1				none	undetermined
global:^V1	global	^V1	1				none	undetermined
global:^V10	global	^V10	1				none	undetermined
global:^V70	global	^V70	1				none	undetermined
global:^V797P	global	^V797P	6				none	undetermined
global:^VA	global	^VA	194	code-model/routine-globals.tsv	global_name	VA	global-caret-strip-ci	moderate
global:^VA080	global	^VA080	108				none	undetermined
global:^VA60	global	^VA60	8				none	undetermined
global:^VA62	global	^VA62	30				none	undetermined
global:^VAABC	global	^VAABC	6				none	undetermined
global:^VADC	global	^VADC	16				none	undetermined
global:^VADPT	global	^VADPT	106				none	undetermined
global:^VADPT2	global	^VADPT2	4				none	undetermined
global:^VADPT6	global	^VADPT6	4				none	undetermined
global:^VAFC	global	^VAFC	36				none	undetermined
global:^VAFCPID	global	^VAFCPID	1				none	undetermined
global:^VAFCQRY	global	^VAFCQRY	19				none	undetermined
global:^VAFCTFU	global	^VAFCTFU	3				none	undetermined
global:^VAFCTFU1	global	^VAFCTFU1	4				none	undetermined
global:^VAFHLEVN	global	^VAFHLEVN	1				none	undetermined
global:^VAFHLPID	global	^VAFHLPID	3				none	undetermined
global:^VAFHLPV1	global	^VAFHLPV1	4				none	undetermined
global:^VAFHLZCL	global	^VAFHLZCL	1				none	undetermined
global:^VAFHLZEL	global	^VAFHLZEL	1				none	undetermined
global:^VAFHLZMH	global	^VAFHLZMH	1				none	undetermined
global:^VAFMON	global	^VAFMON	4				none	undetermined
global:^VALM	global	^VALM	33				none	undetermined
global:^VALM1	global	^VALM1	117				none	undetermined
global:^VALM10	global	^VALM10	117				none	undetermined
global:^VALM2	global	^VALM2	18				none	undetermined
global:^VALM4	global	^VALM4	6				none	undetermined
global:^VALMW3	global	^VALMW3	1				none	undetermined
global:^VALMWB	global	^VALMWB	2				none	undetermined
global:^VALPROIC	global	^VALPROIC	1				none	undetermined
global:^VALUE	global	^VALUE	6				none	undetermined
global:^VAMC	global	^VAMC	21				none	undetermined
global:^VAMCSITE	global	^VAMCSITE	11				none	undetermined
global:^VAMCSITE1	global	^VAMCSITE1	3				none	undetermined
global:^VAMCSITE2	global	^VAMCSITE2	2				none	undetermined
global:^VANCMCN	global	^VANCMCN	1				none	undetermined
global:^VANCOMYCIN	global	^VANCOMYCIN	1				none	undetermined
global:^VANLT	global	^VANLT	53				none	undetermined
global:^VAQADS01	global	^VAQADS01	1				none	undetermined
global:^VAQREQ06	global	^VAQREQ06	2				none	undetermined
global:^VAQUIN01	global	^VAQUIN01	3				none	undetermined
global:^VAS	global	^VAS	6	code-model/routine-globals.tsv	global_name	VAS	global-caret-strip-ci	moderate
global:^VASITE	global	^VASITE	20				none	undetermined
global:^VASITE0	global	^VASITE0	2				none	undetermined
global:^VASQIP	global	^VASQIP	1				none	undetermined
global:^VAT	global	^VAT	7	code-model/routine-globals.tsv	global_name	VAT	global-caret-strip-ci	moderate
global:^VAXYZ	global	^VAXYZ	50				none	undetermined
global:^VC	global	^VC	1				none	undetermined
global:^VCM	global	^VCM	1				none	undetermined
global:^VDE	global	^VDE	2				none	undetermined
global:^VDEFCONT	global	^VDEFCONT	3				none	undetermined
global:^VDEFEL	global	^VDEFEL	15				none	undetermined
global:^VDEFHL7	global	^VDEFHL7	19	code-model/routine-globals.tsv	global_name	VDEFHL7	global-caret-strip-ci	moderate
global:^VDEFMON	global	^VDEFMON	4				none	undetermined
global:^VDEFQM	global	^VDEFQM	5				none	undetermined
global:^VDEFREQ	global	^VDEFREQ	8				none	undetermined
global:^VDEFVU	global	^VDEFVU	3				none	undetermined
global:^VENDOR	global	^VENDOR	12				none	undetermined
global:^VERB	global	^VERB	4				none	undetermined
global:^VERIFIED	global	^VERIFIED	3				none	undetermined
global:^VERIFY	global	^VERIFY	7				none	undetermined
global:^VET	global	^VET	3				none	undetermined
global:^VETERAN	global	^VETERAN	6				none	undetermined
global:^VEXHRX	global	^VEXHRX	10	code-model/routine-globals.tsv	global_name	VEXHRX	global-caret-strip-ci	moderate
global:^VEXYZ3IN	global	^VEXYZ3IN	1				none	undetermined
global:^VHA	global	^VHA	6				none	undetermined
global:^VI	global	^VI	6				none	undetermined
global:^VIAA	global	^VIAA	1	code-model/routine-globals.tsv	global_name	VIAA	global-caret-strip-ci	moderate
global:^VIAATRI	global	^VIAATRI	14				none	undetermined
global:^VIC	global	^VIC	12	code-model/routine-globals.tsv	global_name	VIC	global-caret-strip-ci	moderate
global:^VIETNAM	global	^VIETNAM	3				none	undetermined
global:^VIRUS	global	^VIRUS	2				none	undetermined
global:^VISIT	global	^VISIT	12				none	undetermined
global:^VISTA	global	^VISTA	11				none	undetermined
global:^VISTA49	global	^VISTA49	7				none	undetermined
global:^VITAL	global	^VITAL	2				none	undetermined
global:^VITPROVIDER	global	^VITPROVIDER	6				none	undetermined
global:^VITUSER	global	^VITUSER	6				none	undetermined
global:^VMS	global	^VMS	2				none	undetermined
global:^VN	global	^VN	21				none	undetermined
global:^VOL	global	^VOL	3				none	undetermined
global:^VOLMAN	global	^VOLMAN	4				none	undetermined
global:^VOLMAN2	global	^VOLMAN2	2				none	undetermined
global:^VOUCH	global	^VOUCH	1				none	undetermined
global:^VPID	global	^VPID	2				none	undetermined
global:^VPM	global	^VPM	1				none	undetermined
global:^VPR	global	^VPR	17	code-model/routine-globals.tsv	global_name	VPR	global-caret-strip-ci	moderate
global:^VPRC	global	^VPRC	1	code-model/routine-globals.tsv	global_name	VPRC	global-caret-strip-ci	moderate
global:^VPRD	global	^VPRD	5				none	undetermined
global:^VPRDCRC	global	^VPRDCRC	2				none	undetermined
global:^VPRDJ	global	^VPRDJ	3				none	undetermined
global:^VPRHS	global	^VPRHS	57				none	undetermined
global:^VPRSDAL	global	^VPRSDAL	1				none	undetermined
global:^VPRSDAQ	global	^VPRSDAQ	1				none	undetermined
global:^VPRZCTP	global	^VPRZCTP	7				none	undetermined
global:^VQQ	global	^VQQ	1				none	undetermined
global:^VR	global	^VR	1				none	undetermined
global:^VRAD	global	^VRAD	2				none	undetermined
global:^VRP	global	^VRP	4				none	undetermined
global:^VRQ	global	^VRQ	7				none	undetermined
global:^VSIT	global	^VSIT	10	code-model/routine-globals.tsv	global_name	VSIT	global-caret-strip-ci	moderate
global:^VSITKIL	global	^VSITKIL	1				none	undetermined
global:^VSITPOST	global	^VSITPOST	1				none	undetermined
global:^VT101	global	^VT101	1				none	undetermined
global:^VT400	global	^VT400	1				none	undetermined
global:^VT502	global	^VT502	1				none	undetermined
global:^VTB255	global	^VTB255	2				none	undetermined
global:^WA	global	^WA	1				none	undetermined
global:^WAIT	global	^WAIT	1				none	undetermined
global:^WARD	global	^WARD	23				none	undetermined
global:^WAREHOUSEMAN	global	^WAREHOUSEMAN	1				none	undetermined
global:^WARFARIN	global	^WARFARIN	5				none	undetermined
global:^WAS	global	^WAS	8				none	undetermined
global:^WASHINGTON	global	^WASHINGTON	2				none	undetermined
global:^WEIGHT	global	^WEIGHT	24				none	undetermined
global:^WHEELCHAIR	global	^WHEELCHAIR	1				none	undetermined
global:^WHITE	global	^WHITE	34				none	undetermined
global:^WHLC	global	^WHLC	1				none	undetermined
global:^WHO	global	^WHO	1				none	undetermined
global:^WHPROVIDER	global	^WHPROVIDER	1				none	undetermined
global:^WID	global	^WID	4				none	undetermined
global:^WIIACT4	global	^WIIACT4	1				none	undetermined
global:^WIIGATD	global	^WIIGATD	1				none	undetermined
global:^WIILM	global	^WIILM	4				none	undetermined
global:^WIILM01	global	^WIILM01	5				none	undetermined
global:^WIILM02	global	^WIILM02	2				none	undetermined
global:^WIILM03	global	^WIILM03	1				none	undetermined
global:^WIILM04	global	^WIILM04	1				none	undetermined
global:^WIISERV	global	^WIISERV	1				none	undetermined
global:^WILL	global	^WILL	9				none	undetermined
global:^WINDOW	global	^WINDOW	1				none	undetermined
global:^WORCHESTER	global	^WORCHESTER	1				none	undetermined
global:^WORLD	global	^WORLD	9				none	undetermined
global:^WPC	global	^WPC	4				none	undetermined
global:^WPN	global	^WPN	75				none	undetermined
global:^WRIST	global	^WRIST	3				none	undetermined
global:^WRITE	global	^WRITE	3				none	undetermined
global:^WT	global	^WT	12				none	undetermined
global:^WV	global	^WV	4	code-model/routine-globals.tsv	global_name	WV	global-caret-strip-ci	moderate
global:^WY	global	^WY	1				none	undetermined
global:^WYETH	global	^WYETH	1				none	undetermined
global:^X12	global	^X12	1				none	undetermined
global:^XA	global	^XA	25				none	undetermined
global:^XA105	global	^XA105	1				none	undetermined
global:^XDRDADDS	global	^XDRDADDS	2				none	undetermined
global:^XDRDEDT	global	^XDRDEDT	1				none	undetermined
global:^XDRDVAL	global	^XDRDVAL	4				none	undetermined
global:^XDRM	global	^XDRM	2	code-model/routine-globals.tsv	global_name	XDRM	global-caret-strip-ci	moderate
global:^XDRMAINI	global	^XDRMAINI	1				none	undetermined
global:^XDRMERG	global	^XDRMERG	9				none	undetermined
global:^XDRMERG2	global	^XDRMERG2	1				none	undetermined
global:^XDRMERGB	global	^XDRMERGB	4				none	undetermined
global:^XDRMVFY	global	^XDRMVFY	1				none	undetermined
global:^XDRU1	global	^XDRU1	1				none	undetermined
global:^XGE	global	^XGE	2				none	undetermined
global:^XGF	global	^XGF	216				none	undetermined
global:^XGFDEMO	global	^XGFDEMO	2				none	undetermined
global:^XGLMSG	global	^XGLMSG	2	code-model/routine-globals.tsv	global_name	XGLMSG	global-caret-strip-ci	moderate
global:^XGRON	global	^XGRON	3				none	undetermined
global:^XINDEX	global	^XINDEX	78				none	undetermined
global:^XIPUTIL	global	^XIPUTIL	29				none	undetermined
global:^XLF	global	^XLF	1				none	undetermined
global:^XLFCRC	global	^XLFCRC	24				none	undetermined
global:^XLFD	global	^XLFD	1				none	undetermined
global:^XLFDT	global	^XLFDT	257				none	undetermined
global:^XLFHYPER	global	^XLFHYPER	62				none	undetermined
global:^XLFIPV	global	^XLFIPV	57				none	undetermined
global:^XLFJSON	global	^XLFJSON	20				none	undetermined
global:^XLFMSMT	global	^XLFMSMT	40				none	undetermined
global:^XLFMTH	global	^XLFMTH	195				none	undetermined
global:^XLFNAME	global	^XLFNAME	121				none	undetermined
global:^XLFNAME2	global	^XLFNAME2	12				none	undetermined
global:^XLFNSLK	global	^XLFNSLK	40				none	undetermined
global:^XLFSHAN	global	^XLFSHAN	61				none	undetermined
global:^XLFSTR	global	^XLFSTR	102	code-model/routine-globals.tsv	global_name	XLFSTR	global-caret-strip-ci	moderate
global:^XLFUTL	global	^XLFUTL	39				none	undetermined
global:^XLM	global	^XLM	1	code-model/routine-globals.tsv	global_name	XLM	global-caret-strip-ci	moderate
global:^XM	global	^XM	61				none	undetermined
global:^XMA	global	^XMA	3				none	undetermined
global:^XMA0	global	^XMA0	9				none	undetermined
global:^XMA02	global	^XMA02	1				none	undetermined
global:^XMA03	global	^XMA03	3				none	undetermined
global:^XMA11	global	^XMA11	3				none	undetermined
global:^XMA11A	global	^XMA11A	3				none	undetermined
global:^XMA1B	global	^XMA1B	9				none	undetermined
global:^XMA1C	global	^XMA1C	6				none	undetermined
global:^XMA2	global	^XMA2	6				none	undetermined
global:^XMA21	global	^XMA21	16				none	undetermined
global:^XMA2B	global	^XMA2B	1				none	undetermined
global:^XMA2R	global	^XMA2R	6				none	undetermined
global:^XMA3	global	^XMA3	4				none	undetermined
global:^XMAD2	global	^XMAD2	3				none	undetermined
global:^XMADGO	global	^XMADGO	3				none	undetermined
global:^XMAFTP	global	^XMAFTP	2				none	undetermined
global:^XMAH	global	^XMAH	3				none	undetermined
global:^XMAH1	global	^XMAH1	5				none	undetermined
global:^XMAHOST	global	^XMAHOST	1				none	undetermined
global:^XMAI2	global	^XMAI2	1				none	undetermined
global:^XMAPHOST	global	^XMAPHOST	4				none	undetermined
global:^XMB	global	^XMB	62	code-model/routine-globals.tsv	global_name	XMB	global-caret-strip-ci	moderate
global:^XMBGRP	global	^XMBGRP	6				none	undetermined
global:^XMBPOST	global	^XMBPOST	46	code-model/routine-globals.tsv	global_name	XMBPOST	global-caret-strip-ci	moderate
global:^XMBS	global	^XMBS	8	code-model/routine-globals.tsv	global_name	XMBS	global-caret-strip-ci	moderate
global:^XMBX	global	^XMBX	5	code-model/routine-globals.tsv	global_name	XMBX	global-caret-strip-ci	moderate
global:^XMC	global	^XMC	2				none	undetermined
global:^XMC1	global	^XMC1	4				none	undetermined
global:^XMC11	global	^XMC11	3				none	undetermined
global:^XMCB	global	^XMCB	4				none	undetermined
global:^XMCD	global	^XMCD	3				none	undetermined
global:^XMCE	global	^XMCE	4				none	undetermined
global:^XMCP	global	^XMCP	1				none	undetermined
global:^XMCQ	global	^XMCQ	2				none	undetermined
global:^XMCQA	global	^XMCQA	2				none	undetermined
global:^XMCQH	global	^XMCQH	1				none	undetermined
global:^XMCTLK	global	^XMCTLK	4				none	undetermined
global:^XMCU1	global	^XMCU1	12				none	undetermined
global:^XMCX	global	^XMCX	3				none	undetermined
global:^XMCXT	global	^XMCXT	1				none	undetermined
global:^XMD	global	^XMD	35	code-model/routine-globals.tsv	global_name	XMD	global-caret-strip-ci	moderate
global:^XMDIR1	global	^XMDIR1	1				none	undetermined
global:^XMDIR1B	global	^XMDIR1B	1				none	undetermined
global:^XMDIRQST	global	^XMDIRQST	5				none	undetermined
global:^XMGAPI0	global	^XMGAPI0	6				none	undetermined
global:^XMGAPI1	global	^XMGAPI1	3				none	undetermined
global:^XMGAPI2	global	^XMGAPI2	3				none	undetermined
global:^XMGAPI3	global	^XMGAPI3	4				none	undetermined
global:^XMHIG	global	^XMHIG	1				none	undetermined
global:^XMHIU	global	^XMHIU	1				none	undetermined
global:^XMJBL	global	^XMJBL	1				none	undetermined
global:^XMJBM	global	^XMJBM	1				none	undetermined
global:^XMJBN	global	^XMJBN	1				none	undetermined
global:^XMJMBULL	global	^XMJMBULL	1				none	undetermined
global:^XMJMD	global	^XMJMD	2				none	undetermined
global:^XMJMF	global	^XMJMF	2				none	undetermined
global:^XMJMS	global	^XMJMS	2				none	undetermined
global:^XMJMSA	global	^XMJMSA	1				none	undetermined
global:^XMJMT	global	^XMJMT	1				none	undetermined
global:^XMKP	global	^XMKP	3				none	undetermined
global:^XMKPL	global	^XMKPL	5				none	undetermined
global:^XMKPLQ	global	^XMKPLQ	10				none	undetermined
global:^XMKPO	global	^XMKPO	6				none	undetermined
global:^XMKPR	global	^XMKPR	1				none	undetermined
global:^XML	global	^XML	4				none	undetermined
global:^XMLTCP	global	^XMLTCP	2				none	undetermined
global:^XMMGR	global	^XMMGR	2				none	undetermined
global:^XMMHAYES	global	^XMMHAYES	4				none	undetermined
global:^XMP2	global	^XMP2	4				none	undetermined
global:^XMPG	global	^XMPG	4				none	undetermined
global:^XMPH	global	^XMPH	1				none	undetermined
global:^XMR	global	^XMR	8				none	undetermined
global:^XMRENT	global	^XMRENT	3				none	undetermined
global:^XMRONT	global	^XMRONT	3				none	undetermined
global:^XMRPCTS	global	^XMRPCTS	1				none	undetermined
global:^XMRPCTS0	global	^XMRPCTS0	1				none	undetermined
global:^XMRTCP	global	^XMRTCP	13				none	undetermined
global:^XMRUCX	global	^XMRUCX	25				none	undetermined
global:^XMS	global	^XMS	2				none	undetermined
global:^XMS1	global	^XMS1	6				none	undetermined
global:^XMS3	global	^XMS3	3				none	undetermined
global:^XMTDL	global	^XMTDL	5				none	undetermined
global:^XMTDL1	global	^XMTDL1	2				none	undetermined
global:^XMTDO	global	^XMTDO	3				none	undetermined
global:^XMTDT	global	^XMTDT	2				none	undetermined
global:^XMTP	global	^XMTP	1	code-model/routine-globals.tsv	global_name	XMTP	global-caret-strip-ci	moderate
global:^XMUCHRIS	global	^XMUCHRIS	1				none	undetermined
global:^XMUDCHK	global	^XMUDCHK	1				none	undetermined
global:^XMUPIN	global	^XMUPIN	3				none	undetermined
global:^XMUSTCOM1	global	^XMUSTCOM1	1				none	undetermined
global:^XMUT1	global	^XMUT1	2				none	undetermined
global:^XMUT1A	global	^XMUT1A	2				none	undetermined
global:^XMUT2	global	^XMUT2	1				none	undetermined
global:^XMUT4	global	^XMUT4	1				none	undetermined
global:^XMUT5	global	^XMUT5	1				none	undetermined
global:^XMUT5C	global	^XMUT5C	2				none	undetermined
global:^XMUT5Q	global	^XMUT5Q	1				none	undetermined
global:^XMUT5Q1	global	^XMUT5Q1	1				none	undetermined
global:^XMUT5R2	global	^XMUT5R2	6				none	undetermined
global:^XMUT7	global	^XMUT7	3				none	undetermined
global:^XMUTERM	global	^XMUTERM	4				none	undetermined
global:^XMVGROUP	global	^XMVGROUP	4				none	undetermined
global:^XMVSURR	global	^XMVSURR	2				none	undetermined
global:^XMVVITA	global	^XMVVITA	6				none	undetermined
global:^XMVVITAE	global	^XMVVITAE	9				none	undetermined
global:^XMXAPI	global	^XMXAPI	57				none	undetermined
global:^XMXAPIB	global	^XMXAPIB	37				none	undetermined
global:^XMXAPIG	global	^XMXAPIG	12				none	undetermined
global:^XMXAPIU	global	^XMXAPIU	12				none	undetermined
global:^XMXEDIT	global	^XMXEDIT	27				none	undetermined
global:^XMXSEC	global	^XMXSEC	90				none	undetermined
global:^XMXSEC1	global	^XMXSEC1	30				none	undetermined
global:^XMXSEC2	global	^XMXSEC2	9				none	undetermined
global:^XMXSEND	global	^XMXSEND	1				none	undetermined
global:^XMXUTIL	global	^XMXUTIL	48				none	undetermined
global:^XMXUTIL1	global	^XMXUTIL1	42				none	undetermined
global:^XMXUTIL2	global	^XMXUTIL2	63				none	undetermined
global:^XMXUTIL3	global	^XMXUTIL3	15				none	undetermined
global:^XMZ	global	^XMZ	2				none	undetermined
global:^XOB	global	^XOB	1	code-model/routine-globals.tsv	global_name	XOB	global-caret-strip-ci	moderate
global:^XOBVLIB	global	^XOBVLIB	32				none	undetermined
global:^XOBVTCP	global	^XOBVTCP	2				none	undetermined
global:^XOBWLIB	global	^XOBWLIB	4				none	undetermined
global:^XPAR	global	^XPAR	85				none	undetermined
global:^XPAREDIT	global	^XPAREDIT	42				none	undetermined
global:^XPD	global	^XPD	2	code-model/routine-globals.tsv	global_name	XPD	global-caret-strip-ci	moderate
global:^XPDANLYZ1	global	^XPDANLYZ1	2				none	undetermined
global:^XPDANLYZ2	global	^XPDANLYZ2	1				none	undetermined
global:^XPDANLYZ3	global	^XPDANLYZ3	1				none	undetermined
global:^XPDANLYZ4	global	^XPDANLYZ4	1				none	undetermined
global:^XPDANLYZ5	global	^XPDANLYZ5	6				none	undetermined
global:^XPDANLYZ6	global	^XPDANLYZ6	2				none	undetermined
global:^XPDID	global	^XPDID	20				none	undetermined
global:^XPDIJ	global	^XPDIJ	4				none	undetermined
global:^XPDIP	global	^XPDIP	6				none	undetermined
global:^XPDIPM	global	^XPDIPM	2				none	undetermined
global:^XPDKEY	global	^XPDKEY	13				none	undetermined
global:^XPDMENU	global	^XPDMENU	25				none	undetermined
global:^XPDPROT	global	^XPDPROT	21				none	undetermined
global:^XPDUT	global	^XPDUT	1				none	undetermined
global:^XPDUTL	global	^XPDUTL	107				none	undetermined
global:^XQ	global	^XQ	1				none	undetermined
global:^XQ1	global	^XQ1	17				none	undetermined
global:^XQ12	global	^XQ12	4				none	undetermined
global:^XQ83	global	^XQ83	5				none	undetermined
global:^XQ92	global	^XQ92	3				none	undetermined
global:^XQAL	global	^XQAL	5				none	undetermined
global:^XQALBUT	global	^XQALBUT	1				none	undetermined
global:^XQALBUTL	global	^XQALBUTL	54				none	undetermined
global:^XQALERT	global	^XQALERT	49				none	undetermined
global:^XQALFWD	global	^XQALFWD	5				none	undetermined
global:^XQALSURO	global	^XQALSURO	33				none	undetermined
global:^XQCHK	global	^XQCHK	15				none	undetermined
global:^XQDATE	global	^XQDATE	4				none	undetermined
global:^XQH	global	^XQH	19				none	undetermined
global:^XQH4	global	^XQH4	6				none	undetermined
global:^XQOR	global	^XQOR	49				none	undetermined
global:^XQORM	global	^XQORM	21				none	undetermined
global:^XQORM1	global	^XQORM1	12				none	undetermined
global:^XS678	global	^XS678	1				none	undetermined
global:^XT	global	^XT	17	code-model/routine-globals.tsv	global_name	XT	global-caret-strip-ci	moderate
global:^XTBASE	global	^XTBASE	1				none	undetermined
global:^XTEDTVXD	global	^XTEDTVXD	1				none	undetermined
global:^XTEMP	global	^XTEMP	2	code-model/routine-globals.tsv	global_name	XTEMP	global-caret-strip-ci	moderate
global:^XTER	global	^XTER	10				none	undetermined
global:^XTERPUR	global	^XTERPUR	6				none	undetermined
global:^XTFCE	global	^XTFCE	2				none	undetermined
global:^XTFCR	global	^XTFCR	2				none	undetermined
global:^XTHC10	global	^XTHC10	4				none	undetermined
global:^XTHCURL	global	^XTHCURL	16				none	undetermined
global:^XTHCUTL	global	^XTHCUTL	5				none	undetermined
global:^XTID	global	^XTID	62	code-model/routine-globals.tsv	global_name	XTID	global-caret-strip-ci	moderate
global:^XTIDTRM	global	^XTIDTRM	37				none	undetermined
global:^XTKERM4	global	^XTKERM4	8				none	undetermined
global:^XTKERMIT	global	^XTKERMIT	12				none	undetermined
global:^XTLATSET	global	^XTLATSET	1				none	undetermined
global:^XTLKDICL	global	^XTLKDICL	2				none	undetermined
global:^XTLKEFOP	global	^XTLKEFOP	1				none	undetermined
global:^XTLKKWL	global	^XTLKKWL	3				none	undetermined
global:^XTLKKWLD	global	^XTLKKWLD	5				none	undetermined
global:^XTLKMGR	global	^XTLKMGR	50				none	undetermined
global:^XTLKWIC	global	^XTLKWIC	9				none	undetermined
global:^XTMP	global	^XTMP	395	code-model/routine-globals.tsv	global_name	XTMP	global-caret-strip-ci	moderate
global:^XTMUNIT	global	^XTMUNIT	36				none	undetermined
global:^XTMUNIT1	global	^XTMUNIT1	1				none	undetermined
global:^XTMZZUT1	global	^XTMZZUT1	5				none	undetermined
global:^XTMZZUT5	global	^XTMZZUT5	6				none	undetermined
global:^XTNTEG	global	^XTNTEG	1				none	undetermined
global:^XTRCMP	global	^XTRCMP	4				none	undetermined
global:^XTRGRPE	global	^XTRGRPE	2				none	undetermined
global:^XTSUMBLD	global	^XTSUMBLD	53				none	undetermined
global:^XTU	global	^XTU	1				none	undetermined
global:^XTV	global	^XTV	27	code-model/routine-globals.tsv	global_name	XTV	global-caret-strip-ci	moderate
global:^XTVCHG	global	^XTVCHG	2				none	undetermined
global:^XTVNUM	global	^XTVNUM	2				none	undetermined
global:^XTVSLAPI	global	^XTVSLAPI	1				none	undetermined
global:^XTVSLM	global	^XTVSLM	1				none	undetermined
global:^XTVSLP	global	^XTVSLP	1				none	undetermined
global:^XTVSLPDC	global	^XTVSLPDC	1				none	undetermined
global:^XTVSRFL	global	^XTVSRFL	4				none	undetermined
global:^XTVSRFL1	global	^XTVSRFL1	4				none	undetermined
global:^XTVSSVR	global	^XTVSSVR	10				none	undetermined
global:^XU	global	^XU	2				none	undetermined
global:^XUA4A71	global	^XUA4A71	3				none	undetermined
global:^XUA4A72	global	^XUA4A72	9				none	undetermined
global:^XUAF4	global	^XUAF4	101				none	undetermined
global:^XUCM	global	^XUCM	17				none	undetermined
global:^XUCORE	global	^XUCORE	2				none	undetermined
global:^XUCP	global	^XUCP	3				none	undetermined
global:^XUCS	global	^XUCS	4	code-model/routine-globals.tsv	global_name	XUCS	global-caret-strip-ci	moderate
global:^XUCSPRG	global	^XUCSPRG	1				none	undetermined
global:^XUDHGUI	global	^XUDHGUI	15				none	undetermined
global:^XUDHSET	global	^XUDHSET	3				none	undetermined
global:^XUEDITOPT	global	^XUEDITOPT	1				none	undetermined
global:^XUFILE0	global	^XUFILE0	1				none	undetermined
global:^XUFILE3	global	^XUFILE3	2				none	undetermined
global:^XUFILEO	global	^XUFILEO	1				none	undetermined
global:^XUHUI	global	^XUHUI	9				none	undetermined
global:^XUINCON	global	^XUINCON	3				none	undetermined
global:^XULMU	global	^XULMU	41				none	undetermined
global:^XUMAINT	global	^XUMAINT	2				none	undetermined
global:^XUMF	global	^XUMF	3				none	undetermined
global:^XUMFI	global	^XUMFI	6				none	undetermined
global:^XUMFP	global	^XUMFP	17				none	undetermined
global:^XUMFP4C	global	^XUMFP4C	2				none	undetermined
global:^XUMVIENU	global	^XUMVIENU	1				none	undetermined
global:^XUNTEG	global	^XUNTEG	1				none	undetermined
global:^XUP	global	^XUP	77				none	undetermined
global:^XUPARAM	global	^XUPARAM	17				none	undetermined
global:^XUPROD	global	^XUPROD	3				none	undetermined
global:^XUPROG	global	^XUPROG	5				none	undetermined
global:^XUPROGMODE	global	^XUPROGMODE	2				none	undetermined
global:^XUPS	global	^XUPS	6				none	undetermined
global:^XUPSQRY	global	^XUPSQRY	3				none	undetermined
global:^XUS	global	^XUS	15				none	undetermined
global:^XUS1	global	^XUS1	1				none	undetermined
global:^XUS1A	global	^XUS1A	8				none	undetermined
global:^XUS2	global	^XUS2	3				none	undetermined
global:^XUSAP	global	^XUSAP	8				none	undetermined
global:^XUSCLEAN	global	^XUSCLEAN	19				none	undetermined
global:^XUSEC	global	^XUSEC	21	code-model/routine-globals.tsv	global_name	XUSEC	global-caret-strip-ci	moderate
global:^XUSEHRM1	global	^XUSEHRM1	1				none	undetermined
global:^XUSER	global	^XUSER	68				none	undetermined
global:^XUSERNEW	global	^XUSERNEW	9				none	undetermined
global:^XUSESIG	global	^XUSESIG	7				none	undetermined
global:^XUSESIG1	global	^XUSESIG1	19				none	undetermined
global:^XUSHSH	global	^XUSHSH	46				none	undetermined
global:^XUSHSHP	global	^XUSHSHP	14				none	undetermined
global:^XUSITEMGR	global	^XUSITEMGR	2				none	undetermined
global:^XUSNPI	global	^XUSNPI	32				none	undetermined
global:^XUSNPI1	global	^XUSNPI1	4				none	undetermined
global:^XUSNPIED	global	^XUSNPIED	5				none	undetermined
global:^XUSNPIX1	global	^XUSNPIX1	1				none	undetermined
global:^XUSPURGE	global	^XUSPURGE	1				none	undetermined
global:^XUSPY	global	^XUSPY	2				none	undetermined
global:^XUSRB	global	^XUSRB	41				none	undetermined
global:^XUSRB1	global	^XUSRB1	14				none	undetermined
global:^XUSRB2	global	^XUSRB2	9				none	undetermined
global:^XUSRB4	global	^XUSRB4	5				none	undetermined
global:^XUSTAX	global	^XUSTAX	12				none	undetermined
global:^XUSUDO	global	^XUSUDO	25				none	undetermined
global:^XUTIO	global	^XUTIO	2				none	undetermined
global:^XUTL	global	^XUTL	110	code-model/routine-globals.tsv	global_name	XUTL	global-caret-strip-ci	moderate
global:^XUTLS	global	^XUTLS	16				none	undetermined
global:^XUTMDEVQ	global	^XUTMDEVQ	77				none	undetermined
global:^XUTMOPT	global	^XUTMOPT	16				none	undetermined
global:^XUTMTP	global	^XUTMTP	4				none	undetermined
global:^XUUSER	global	^XUUSER	4				none	undetermined
global:^XUVERIFY	global	^XUVERIFY	13				none	undetermined
global:^XUWORKDY	global	^XUWORKDY	33				none	undetermined
global:^XWB	global	^XWB	18	code-model/routine-globals.tsv	global_name	XWB	global-caret-strip-ci	moderate
global:^XWB2HL7	global	^XWB2HL7	2				none	undetermined
global:^XWBBRK	global	^XWBBRK	12				none	undetermined
global:^XWBBRK2	global	^XWBBRK2	8				none	undetermined
global:^XWBDRPC	global	^XWBDRPC	1				none	undetermined
global:^XWBHDL977	global	^XWBHDL977	2				none	undetermined
global:^XWBLIB	global	^XWBLIB	24				none	undetermined
global:^XWBSEC	global	^XWBSEC	13				none	undetermined
global:^XWBTCP	global	^XWBTCP	4				none	undetermined
global:^XWBTCPC	global	^XWBTCPC	16				none	undetermined
global:^XWBTCPM	global	^XWBTCPM	13				none	undetermined
global:^XWBTCPM1	global	^XWBTCPM1	1				none	undetermined
global:^XWBTCPMT	global	^XWBTCPMT	2				none	undetermined
global:^XWBVLL	global	^XWBVLL	2				none	undetermined
global:^XX	global	^XX	6				none	undetermined
global:^XXAPP	global	^XXAPP	3				none	undetermined
global:^XXEDIT	global	^XXEDIT	1				none	undetermined
global:^XXSCAN	global	^XXSCAN	11				none	undetermined
global:^XXX	global	^XXX	9				none	undetermined
global:^XXX2M3F1	global	^XXX2M3F1	1				none	undetermined
global:^XXX2M3F2	global	^XXX2M3F2	1				none	undetermined
global:^XXXX	global	^XXXX	2				none	undetermined
global:^XXXXX	global	^XXXXX	1				none	undetermined
global:^XXXXXXX	global	^XXXXXXX	1				none	undetermined
global:^XXXXXXXXXXX	global	^XXXXXXXXXXX	3				none	undetermined
global:^XYZ	global	^XYZ	11				none	undetermined
global:^XYZDEF	global	^XYZDEF	1				none	undetermined
global:^XZ	global	^XZ	14				none	undetermined
global:^YES	global	^YES	22				none	undetermined
global:^YIHISTF	global	^YIHISTF	1				none	undetermined
global:^YORTY	global	^YORTY	1				none	undetermined
global:^YSASSEL	global	^YSASSEL	1				none	undetermined
global:^YSCL	global	^YSCL	1	code-model/routine-globals.tsv	global_name	YSCL	global-caret-strip-ci	moderate
global:^YTD	global	^YTD	1	code-model/routine-globals.tsv	global_name	YTD	global-caret-strip-ci	moderate
global:^YTQHL7	global	^YTQHL7	1				none	undetermined
global:^YTQPXRM6	global	^YTQPXRM6	2				none	undetermined
global:^Z04	global	^Z04	1				none	undetermined
global:^ZBROWSE	global	^ZBROWSE	2				none	undetermined
global:^ZIP	global	^ZIP	9				none	undetermined
global:^ZIR	global	^ZIR	2				none	undetermined
global:^ZISPL	global	^ZISPL	6				none	undetermined
global:^ZIU	global	^ZIU	6				none	undetermined
global:^ZLRMISR	global	^ZLRMISR	1				none	undetermined
global:^ZO	global	^ZO	2				none	undetermined
global:^ZOSF	global	^ZOSF	1				none	undetermined
global:^ZPC	global	^ZPC	1				none	undetermined
global:^ZQORM	global	^ZQORM	1				none	undetermined
global:^ZSLOT0	global	^ZSLOT0	11				none	undetermined
global:^ZSLOTP	global	^ZSLOTP	4				none	undetermined
global:^ZSQ	global	^ZSQ	1				none	undetermined
global:^ZSTU	global	^ZSTU	3				none	undetermined
global:^ZTCPU	global	^ZTCPU	5				none	undetermined
global:^ZTEDIT	global	^ZTEDIT	1				none	undetermined
global:^ZTM6	global	^ZTM6	1				none	undetermined
global:^ZTMB	global	^ZTMB	8				none	undetermined
global:^ZTMCHK	global	^ZTMCHK	2				none	undetermined
global:^ZTMGRSET	global	^ZTMGRSET	5				none	undetermined
global:^ZTMKU	global	^ZTMKU	6				none	undetermined
global:^ZTMMGR	global	^ZTMMGR	2				none	undetermined
global:^ZTMON	global	^ZTMON	3				none	undetermined
global:^ZTMZT	global	^ZTMZT	1				none	undetermined
global:^ZTRTHV	global	^ZTRTHV	1				none	undetermined
global:^ZU	global	^ZU	6				none	undetermined
global:^ZXGP	global	^ZXGP	1				none	undetermined
global:^ZXGPOS	global	^ZXGPOS	1				none	undetermined
global:^ZXGPRE	global	^ZXGPRE	1				none	undetermined
global:^ZZ	global	^ZZ	138				none	undetermined
global:^ZZALBERT	global	^ZZALBERT	2				none	undetermined
global:^ZZCED	global	^ZZCED	1				none	undetermined
global:^ZZCHRIS	global	^ZZCHRIS	1				none	undetermined
global:^ZZCT	global	^ZZCT	1				none	undetermined
global:^ZZD	global	^ZZD	1				none	undetermined
global:^ZZHDR	global	^ZZHDR	1				none	undetermined
global:^ZZHL7RA	global	^ZZHL7RA	1				none	undetermined
global:^ZZIT	global	^ZZIT	2				none	undetermined
global:^ZZITA	global	^ZZITA	1				none	undetermined
global:^ZZLEVEL3B	global	^ZZLEVEL3B	1				none	undetermined
global:^ZZLUKTOOLS	global	^ZZLUKTOOLS	1				none	undetermined
global:^ZZRAHL7	global	^ZZRAHL7	1				none	undetermined
global:^ZZREPORT	global	^ZZREPORT	1				none	undetermined
global:^ZZSLOT	global	^ZZSLOT	6				none	undetermined
global:^ZZSONPAD	global	^ZZSONPAD	1				none	undetermined
global:^ZZSRABA	global	^ZZSRABA	2				none	undetermined
global:^ZZSRVTST	global	^ZZSRVTST	1				none	undetermined
global:^ZZTEST	global	^ZZTEST	3				none	undetermined
global:^ZZTEST1	global	^ZZTEST1	3				none	undetermined
global:^ZZTEST2	global	^ZZTEST2	3				none	undetermined
global:^ZZTEST4	global	^ZZTEST4	1				none	undetermined
global:^ZZTEXT	global	^ZZTEXT	1				none	undetermined
global:^ZZTKINIT	global	^ZZTKINIT	1				none	undetermined
global:^ZZTSTPM	global	^ZZTSTPM	1				none	undetermined
global:^ZZTSTSM	global	^ZZTSTSM	2				none	undetermined
global:^ZZUSER2	global	^ZZUSER2	4				none	undetermined
global:^ZZVALM2T	global	^ZZVALM2T	10				none	undetermined
global:^ZZYZOPT	global	^ZZYZOPT	2				none	undetermined
global:^ZZZDEMO	global	^ZZZDEMO	7				none	undetermined
global:^ZZZNOTHING	global	^ZZZNOTHING	1				none	undetermined
hl7_segment:AL1	hl7_segment	AL1	36				none	undetermined
hl7_segment:DG1	hl7_segment	DG1	128				none	undetermined
hl7_segment:EVN	hl7_segment	EVN	160				none	undetermined
hl7_segment:IN1	hl7_segment	IN1	15				none	undetermined
hl7_segment:MFE	hl7_segment	MFE	130				none	undetermined
hl7_segment:MFI	hl7_segment	MFI	58				none	undetermined
hl7_segment:MSA	hl7_segment	MSA	671				none	undetermined
hl7_segment:MSH	hl7_segment	MSH	1522				none	undetermined
hl7_segment:NK1	hl7_segment	NK1	114				none	undetermined
hl7_segment:NTE	hl7_segment	NTE	690				none	undetermined
hl7_segment:OBR	hl7_segment	OBR	1144				none	undetermined
hl7_segment:OBX	hl7_segment	OBX	2309				none	undetermined
hl7_segment:ORC	hl7_segment	ORC	614				none	undetermined
hl7_segment:PID	hl7_segment	PID	2248				none	undetermined
hl7_segment:PV1	hl7_segment	PV1	474				none	undetermined
hl7_segment:PV2	hl7_segment	PV2	51				none	undetermined
hl7_segment:QRD	hl7_segment	QRD	95				none	undetermined
hl7_segment:RXA	hl7_segment	RXA	19				none	undetermined
hl7_segment:RXD	hl7_segment	RXD	89				none	undetermined
hl7_segment:RXE	hl7_segment	RXE	276				none	undetermined
hl7_segment:RXO	hl7_segment	RXO	24				none	undetermined
hl7_segment:RXR	hl7_segment	RXR	36				none	undetermined
hl7_segment:SCH	hl7_segment	SCH	130				none	undetermined
mail_group:A6SD	mail_group	A6SD	1				none	undetermined
mail_group:AUTORENEWAL	mail_group	AUTORENEWAL	2				none	undetermined
mail_group:CIRN	mail_group	CIRN	2				none	undetermined
mail_group:CLOZAPINE	mail_group	CLOZAPINE	2				none	undetermined
mail_group:DMR	mail_group	DMR	11				none	undetermined
mail_group:DMX	mail_group	DMX	6				none	undetermined
mail_group:DOMAIN	mail_group	DOMAIN	2				none	undetermined
mail_group:FEE	mail_group	FEE	42				none	undetermined
mail_group:FILEMAN	mail_group	FILEMAN	7				none	undetermined
mail_group:FMS	mail_group	FMS	1				none	undetermined
mail_group:GROUPNAME	mail_group	GROUPNAME	1				none	undetermined
mail_group:HL	mail_group	HL	1				none	undetermined
mail_group:HUMOR	mail_group	HUMOR	2				none	undetermined
mail_group:HUMOUR	mail_group	HUMOUR	1				none	undetermined
mail_group:IB	mail_group	IB	1				none	undetermined
mail_group:IMG	mail_group	IMG	1				none	undetermined
mail_group:IRM	mail_group	IRM	3				none	undetermined
mail_group:ISC	mail_group	ISC	9				none	undetermined
mail_group:KERNEL	mail_group	KERNEL	6				none	undetermined
mail_group:LAB	mail_group	LAB	1				none	undetermined
mail_group:LABORATORY	mail_group	LABORATORY	3				none	undetermined
mail_group:LIM	mail_group	LIM	4				none	undetermined
mail_group:LMI	mail_group	LMI	25				none	undetermined
mail_group:LRJ	mail_group	LRJ	1				none	undetermined
mail_group:MAG	mail_group	MAG	1				none	undetermined
mail_group:MAGDBB	mail_group	MAGDBB	2				none	undetermined
mail_group:MAILGROUP	mail_group	MAILGROUP	5				none	undetermined
mail_group:MAS	mail_group	MAS	3				none	undetermined
mail_group:NPI	mail_group	NPI	1				none	undetermined
mail_group:PATCH	mail_group	PATCH	5				none	undetermined
mail_group:PCWMCCR	mail_group	PCWMCCR	2				none	undetermined
mail_group:POSTMASTER	mail_group	POSTMASTER	1				none	undetermined
mail_group:PSA	mail_group	PSA	4				none	undetermined
mail_group:PSI	mail_group	PSI	2				none	undetermined
mail_group:PSS	mail_group	PSS	4				none	undetermined
mail_group:RAD	mail_group	RAD	2				none	undetermined
mail_group:RCDPE	mail_group	RCDPE	3				none	undetermined
mail_group:SD	mail_group	SD	1				none	undetermined
mail_group:SRA	mail_group	SRA	2				none	undetermined
mail_group:SUPPORT	mail_group	SUPPORT	14				none	undetermined
mail_group:TCSP	mail_group	TCSP	7				none	undetermined
mail_group:TEAM1	mail_group	TEAM1	6				none	undetermined
mail_group:WII	mail_group	WII	2				none	undetermined
option:DILIST	option	DILIST	3	code-model/options.tsv	name	DILIST	exact-name-ci	high
option:ENBCNXCMR	option	ENBCNXCMR	2	code-model/options.tsv	name	ENBCNXCMR	exact-name-ci	high
option:ENEQHID	option	ENEQHID	1	code-model/options.tsv	name	ENEQHID	exact-name-ci	high
option:ENMM MGR	option	ENMM MGR	6	code-model/options.tsv	name	ENMM MGR	exact-name-ci	high
option:ENPLM02	option	ENPLM02	2	code-model/options.tsv	name	ENPLM02	exact-name-ci	high
option:ENPLM03	option	ENPLM03	2	code-model/options.tsv	name	ENPLM03	exact-name-ci	high
option:ENPLM09	option	ENPLM09	2	code-model/options.tsv	name	ENPLM09	exact-name-ci	high
option:ENPLM11	option	ENPLM11	2	code-model/options.tsv	name	ENPLM11	exact-name-ci	high
option:ENPLM16	option	ENPLM16	2	code-model/options.tsv	name	ENPLM16	exact-name-ci	high
option:ENWOWARD	option	ENWOWARD	2	code-model/options.tsv	name	ENWOWARD	exact-name-ci	high
option:EVE	option	EVE	1	code-model/options.tsv	name	EVE	exact-name-ci	high
option:FB PAID TO IB	option	FB PAID TO IB	1	code-model/options.tsv	name	FB PAID TO IB	exact-name-ci	high
option:GMPL MGT MENU	option	GMPL MGT MENU	2	code-model/options.tsv	name	GMPL MGT MENU	exact-name-ci	high
option:GMRA SITE FILE	option	GMRA SITE FILE	8	code-model/options.tsv	name	GMRA SITE FILE	exact-name-ci	high
option:GMTS HS BY LOC	option	GMTS HS BY LOC	2	code-model/options.tsv	name	GMTS HS BY LOC	exact-name-ci	high
option:GMTS TASK STARTUP	option	GMTS TASK STARTUP	2	code-model/options.tsv	name	GMTS TASK STARTUP	exact-name-ci	high
option:HL EDIT APPL PARAM	option	HL EDIT APPL PARAM	1	code-model/options.tsv	name	HL EDIT APPL PARAM	exact-name-ci	high
option:HL EDIT LOGICAL LINKS	option	HL EDIT LOGICAL LINKS	1	code-model/options.tsv	name	HL EDIT LOGICAL LINKS	exact-name-ci	high
option:IBCNE PURGE IIV DATA	option	IBCNE PURGE IIV DATA	1	code-model/options.tsv	name	IBCNE PURGE IIV DATA	exact-name-ci	high
option:LA7TASK NIGHTY	option	LA7TASK NIGHTY	3	code-model/options.tsv	name	LA7TASK NIGHTY	exact-name-ci	high
option:LR INTEGRITY LOAD	option	LR INTEGRITY LOAD	1	code-model/options.tsv	name	LR INTEGRITY LOAD	exact-name-ci	high
option:LRAR ARCHIVE MAIN MENU	option	LRAR ARCHIVE MAIN MENU	1	code-model/options.tsv	name	LRAR ARCHIVE MAIN MENU	exact-name-ci	high
option:LRAR ARCHIVE PURGE	option	LRAR ARCHIVE PURGE	1	code-model/options.tsv	name	LRAR ARCHIVE PURGE	exact-name-ci	high
option:LRBLPET	option	LRBLPET	2	code-model/options.tsv	name	LRBLPET	exact-name-ci	high
option:LRTASK DAILY INTERIM 1	option	LRTASK DAILY INTERIM 1	1	code-model/options.tsv	name	LRTASK DAILY INTERIM 1	exact-name-ci	high
option:LRTASK ROLLOVER	option	LRTASK ROLLOVER	1	code-model/options.tsv	name	LRTASK ROLLOVER	exact-name-ci	high
option:LRUMD	option	LRUMD	1	code-model/options.tsv	name	LRUMD	exact-name-ci	high
option:MAG JB OFFLINE	option	MAG JB OFFLINE	1	code-model/options.tsv	name	MAG JB OFFLINE	exact-name-ci	high
option:MAG WINDOWS	option	MAG WINDOWS	4	code-model/options.tsv	name	MAG WINDOWS	exact-name-ci	high
option:MAGD DICOM MENU	option	MAGD DICOM MENU	2	code-model/options.tsv	name	MAGD DICOM MENU	exact-name-ci	high
option:MAGJ VISTARAD WINDOWS	option	MAGJ VISTARAD WINDOWS	2	code-model/options.tsv	name	MAGJ VISTARAD WINDOWS	exact-name-ci	high
option:NUPA PURGE SAVED NOTES	option	NUPA PURGE SAVED NOTES	1	code-model/options.tsv	name	NUPA PURGE SAVED NOTES	exact-name-ci	high
option:OOPS SCHEDULED XMIT 2162 DATA	option	OOPS SCHEDULED XMIT 2162 DATA	2	code-model/options.tsv	name	OOPS SCHEDULED XMIT 2162 DATA	exact-name-ci	high
option:OR EPCS USERS PARAMETER	option	OR EPCS USERS PARAMETER	3	code-model/options.tsv	name	OR EPCS USERS PARAMETER	exact-name-ci	high
option:ORB3 ARCHIVE PERIOD	option	ORB3 ARCHIVE PERIOD	1	code-model/options.tsv	name	ORB3 ARCHIVE PERIOD	exact-name-ci	high
option:ORB3 DEFAULT RECIPIENTS	option	ORB3 DEFAULT RECIPIENTS	1	code-model/options.tsv	name	ORB3 DEFAULT RECIPIENTS	exact-name-ci	high
option:ORB3 FORWARD BACKUP REVIEWER	option	ORB3 FORWARD BACKUP REVIEWER	1	code-model/options.tsv	name	ORB3 FORWARD BACKUP REVIEWER	exact-name-ci	high
option:ORB3 FORWARD SUPERVISOR	option	ORB3 FORWARD SUPERVISOR	1	code-model/options.tsv	name	ORB3 FORWARD SUPERVISOR	exact-name-ci	high
option:ORB3 FORWARD SURROGATES	option	ORB3 FORWARD SURROGATES	1	code-model/options.tsv	name	ORB3 FORWARD SURROGATES	exact-name-ci	high
option:ORB3 PROCESSING FLAG	option	ORB3 PROCESSING FLAG	1	code-model/options.tsv	name	ORB3 PROCESSING FLAG	exact-name-ci	high
option:ORB3 PROVIDER RECIPIENTS	option	ORB3 PROVIDER RECIPIENTS	1	code-model/options.tsv	name	ORB3 PROVIDER RECIPIENTS	exact-name-ci	high
option:ORK ORDER CHK MGMT MENU	option	ORK ORDER CHK MGMT MENU	7	code-model/options.tsv	name	ORK ORDER CHK MGMT MENU	exact-name-ci	high
option:ORK PROCESSING FLAG	option	ORK PROCESSING FLAG	1	code-model/options.tsv	name	ORK PROCESSING FLAG	exact-name-ci	high
option:ORRCM REPORTING	option	ORRCM REPORTING	2	code-model/options.tsv	name	ORRCM REPORTING	exact-name-ci	high
option:PSS DRUG DOSING LOOKUP	option	PSS DRUG DOSING LOOKUP	1	code-model/options.tsv	name	PSS DRUG DOSING LOOKUP	exact-name-ci	high
option:PX COMPACT ACT EOC DISPLAY	option	PX COMPACT ACT EOC DISPLAY	1	code-model/options.tsv	name	PX COMPACT ACT EOC DISPLAY	exact-name-ci	high
option:PX HF MEASUREMENT REPAIR	option	PX HF MEASUREMENT REPAIR	2	code-model/options.tsv	name	PX HF MEASUREMENT REPAIR	exact-name-ci	high
option:PXQ USER REVIEW	option	PXQ USER REVIEW	1	code-model/options.tsv	name	PXQ USER REVIEW	exact-name-ci	high
option:PXRM INDEX BUILD	option	PXRM INDEX BUILD	1	code-model/options.tsv	name	PXRM INDEX BUILD	exact-name-ci	high
option:PXRM INDEX MANAGEMENT	option	PXRM INDEX MANAGEMENT	4	code-model/options.tsv	name	PXRM INDEX MANAGEMENT	exact-name-ci	high
option:QAM TASKED AUTO ENROLL RUN	option	QAM TASKED AUTO ENROLL RUN	1	code-model/options.tsv	name	QAM TASKED AUTO ENROLL RUN	exact-name-ci	high
option:SDECRPC	option	SDECRPC	1	code-model/options.tsv	name	SDECRPC	exact-name-ci	high
option:TIU DEFINE CONSULTS	option	TIU DEFINE CONSULTS	1	code-model/options.tsv	name	TIU DEFINE CONSULTS	exact-name-ci	high
option:TIU MISMATCHED ID NOTES	option	TIU MISMATCHED ID NOTES	1	code-model/options.tsv	name	TIU MISMATCHED ID NOTES	exact-name-ci	high
option:TIU TEXT EVENT EDIT	option	TIU TEXT EVENT EDIT	4	code-model/options.tsv	name	TIU TEXT EVENT EDIT	exact-name-ci	high
option:WII ADT SERVER	option	WII ADT SERVER	1	code-model/options.tsv	name	WII ADT SERVER	exact-name-ci	high
option:WII REVIEW ADT EVENTS	option	WII REVIEW ADT EVENTS	1	code-model/options.tsv	name	WII REVIEW ADT EVENTS	exact-name-ci	high
option:XMCLEAN	option	XMCLEAN	2	code-model/options.tsv	name	XMCLEAN	exact-name-ci	high
option:XMHELPUSER	option	XMHELPUSER	1	code-model/options.tsv	name	XMHELPUSER	exact-name-ci	high
option:XMPURGE	option	XMPURGE	3	code-model/options.tsv	name	XMPURGE	exact-name-ci	high
option:XMQACTIVE	option	XMQACTIVE	1	code-model/options.tsv	name	XMQACTIVE	exact-name-ci	high
option:XOBV VISTALINK TESTER	option	XOBV VISTALINK TESTER	1	code-model/options.tsv	name	XOBV VISTALINK TESTER	exact-name-ci	high
option:XPDANLYZ	option	XPDANLYZ	1	code-model/options.tsv	name	XPDANLYZ	exact-name-ci	high
option:XQAL SET BACKUP REVIEWER	option	XQAL SET BACKUP REVIEWER	1	code-model/options.tsv	name	XQAL SET BACKUP REVIEWER	exact-name-ci	high
option:XQALERT	option	XQALERT	1	code-model/options.tsv	name	XQALERT	exact-name-ci	high
option:XQALERT BY USER DELETE	option	XQALERT BY USER DELETE	1	code-model/options.tsv	name	XQALERT BY USER DELETE	exact-name-ci	high
option:XQALERT DELETE OLD	option	XQALERT DELETE OLD	10	code-model/options.tsv	name	XQALERT DELETE OLD	exact-name-ci	high
option:XQDIAGMENU	option	XQDIAGMENU	1	code-model/options.tsv	name	XQDIAGMENU	exact-name-ci	high
option:XU FIRST LINE PRINT	option	XU FIRST LINE PRINT	15	code-model/options.tsv	name	XU FIRST LINE PRINT	exact-name-ci	high
option:XUINQUIRE	option	XUINQUIRE	4	code-model/options.tsv	name	XUINQUIRE	exact-name-ci	high
option:XUPRGL	option	XUPRGL	4	code-model/options.tsv	name	XUPRGL	exact-name-ci	high
option:XUPRROU	option	XUPRROU	3	code-model/options.tsv	name	XUPRROU	exact-name-ci	high
option:XUTM MGR	option	XUTM MGR	2	code-model/options.tsv	name	XUTM MGR	exact-name-ci	high
option:XUTM SCHEDULE	option	XUTM SCHEDULE	3	code-model/options.tsv	name	XUTM SCHEDULE	exact-name-ci	high
option:XUUSERACC	option	XUUSERACC	2	code-model/options.tsv	name	XUUSERACC	exact-name-ci	high
option:YS BROKER1	option	YS BROKER1	2	code-model/options.tsv	name	YS BROKER1	exact-name-ci	high
option:ZTMQUEUABLE OPTIONS	option	ZTMQUEUABLE OPTIONS	1	code-model/options.tsv	name	ZTMQUEUABLE OPTIONS	exact-name-ci	high
option:ZZSERVER	option	ZZSERVER	1	code-model/options.tsv	name	ZZSERVER	exact-name-ci	high
package_namespace:DG	package_namespace	DG	1216	code-model/package-namespace.tsv	package	Registration	namespace-ci	moderate
package_namespace:DGPM	package_namespace	DGPM	58				none	undetermined
package_namespace:DI	package_namespace	DI	413	code-model/package-namespace.tsv	package	VA FileMan	namespace-ci	moderate
package_namespace:GMPL	package_namespace	GMPL	331	code-model/package-namespace.tsv	package	Problem List	namespace-ci	moderate
package_namespace:GMRC	package_namespace	GMRC	450	code-model/package-namespace.tsv	package	Consult Request Tracking	namespace-ci	moderate
package_namespace:GMTS	package_namespace	GMTS	1233	code-model/package-namespace.tsv	package	Health Summary	namespace-ci	moderate
package_namespace:HL	package_namespace	HL	1402	code-model/package-namespace.tsv	package	Health Level Seven	namespace-ci	moderate
package_namespace:LR	package_namespace	LR	1884	code-model/package-namespace.tsv	package	Lab Service	namespace-ci	moderate
package_namespace:PSB	package_namespace	PSB	228	code-model/package-namespace.tsv	package	Barcode Medication Administration	namespace-ci	moderate
package_namespace:PSJ	package_namespace	PSJ	639	code-model/package-namespace.tsv	package	Inpatient Medications	namespace-ci	moderate
package_namespace:PSO	package_namespace	PSO	1994	code-model/package-namespace.tsv	package	Outpatient Pharmacy	namespace-ci	moderate
package_namespace:PX	package_namespace	PX	141	code-model/package-namespace.tsv	package	PCE Patient Care Encounter	namespace-ci	moderate
package_namespace:PXRM	package_namespace	PXRM	465	code-model/package-namespace.tsv	package	Clinical Reminders	namespace-ci	moderate
package_namespace:RA	package_namespace	RA	2171	code-model/package-namespace.tsv	package	Radiology Nuclear Medicine	namespace-ci	moderate
package_namespace:SD	package_namespace	SD	938	code-model/package-namespace.tsv	package	Scheduling	namespace-ci	moderate
package_namespace:TIU	package_namespace	TIU	2737	code-model/package-namespace.tsv	package	Text Integration Utility	namespace-ci	moderate
package_namespace:XM	package_namespace	XM	384	code-model/package-namespace.tsv	package	MailMan	namespace-ci	moderate
package_namespace:XU	package_namespace	XU	935	code-model/package-namespace.tsv	package	Kernel	namespace-ci	moderate
package_namespace:YS	package_namespace	YS	279	code-model/package-namespace.tsv	package	Mental Health	namespace-ci	moderate
routine:%CD	routine	%CD	1				none	undetermined
routine:%DT	routine	%DT	109	code-model/routines.tsv	routine_name	%DT	exact-name-ci	high
routine:%DTC	routine	%DTC	54	code-model/routines.tsv	routine_name	%DTC	exact-name-ci	high
routine:%ER	routine	%ER	1				none	undetermined
routine:%GD	routine	%GD	1				none	undetermined
routine:%GTI	routine	%GTI	1				none	undetermined
routine:%GTO	routine	%GTO	1				none	undetermined
routine:%INDEX	routine	%INDEX	3				none	undetermined
routine:%PARTSIZ	routine	%PARTSIZ	2				none	undetermined
routine:%RCR	routine	%RCR	6	code-model/routines.tsv	routine_name	%RCR	exact-name-ci	high
routine:%RD	routine	%RD	1				none	undetermined
routine:%RR	routine	%RR	1				none	undetermined
routine:%RS	routine	%RS	1				none	undetermined
routine:%SS	routine	%SS	4				none	undetermined
routine:%ZIS	routine	%ZIS	63				none	undetermined
routine:%ZISC	routine	%ZISC	16				none	undetermined
routine:%ZISH	routine	%ZISH	95	code-model/routines.tsv	routine_name	%ZISH	exact-name-ci	high
routine:%ZISP	routine	%ZISP	11				none	undetermined
routine:%ZISS	routine	%ZISS	35				none	undetermined
routine:%ZISTCP	routine	%ZISTCP	11				none	undetermined
routine:%ZISUTL	routine	%ZISUTL	49				none	undetermined
routine:%ZOSV	routine	%ZOSV	74	code-model/routines.tsv	routine_name	%ZOSV	exact-name-ci	high
routine:%ZTBKC	routine	%ZTBKC	1				none	undetermined
routine:%ZTER	routine	%ZTER	26				none	undetermined
routine:%ZTLOAD	routine	%ZTLOAD	86				none	undetermined
routine:%ZTMS	routine	%ZTMS	1				none	undetermined
routine:%ZTP1	routine	%ZTP1	1				none	undetermined
routine:%ZTPP	routine	%ZTPP	2				none	undetermined
routine:%ZTRDEL	routine	%ZTRDEL	2				none	undetermined
routine:A01	routine	A01	5				none	undetermined
routine:A03	routine	A03	2				none	undetermined
routine:A04	routine	A04	3				none	undetermined
routine:A08	routine	A08	12				none	undetermined
routine:A1	routine	A1	5				none	undetermined
routine:A19	routine	A19	2				none	undetermined
routine:A2	routine	A2	3				none	undetermined
routine:A24	routine	A24	8				none	undetermined
routine:A28	routine	A28	5				none	undetermined
routine:A3	routine	A3	1				none	undetermined
routine:A31	routine	A31	16				none	undetermined
routine:A37	routine	A37	3				none	undetermined
routine:A40	routine	A40	4				none	undetermined
routine:A43	routine	A43	5				none	undetermined
routine:A47	routine	A47	2				none	undetermined
routine:A6AKIT	routine	A6AKIT	2				none	undetermined
routine:AA	routine	AA	45				none	undetermined
routine:AAAABBBB	routine	AAAABBBB	2				none	undetermined
routine:ACCOUNT	routine	ACCOUNT	2				none	undetermined
routine:ACCOUNTS	routine	ACCOUNTS	1				none	undetermined
routine:ACK	routine	ACK	2				none	undetermined
routine:ACKQAG01	routine	ACKQAG01	8	code-model/routines.tsv	routine_name	ACKQAG01	exact-name-ci	high
routine:ACKQAG02	routine	ACKQAG02	7	code-model/routines.tsv	routine_name	ACKQAG02	exact-name-ci	high
routine:ACKQAG03	routine	ACKQAG03	5	code-model/routines.tsv	routine_name	ACKQAG03	exact-name-ci	high
routine:ACKQAG04	routine	ACKQAG04	6	code-model/routines.tsv	routine_name	ACKQAG04	exact-name-ci	high
routine:ACKQAG05	routine	ACKQAG05	15	code-model/routines.tsv	routine_name	ACKQAG05	exact-name-ci	high
routine:ACKQAG06	routine	ACKQAG06	6	code-model/routines.tsv	routine_name	ACKQAG06	exact-name-ci	high
routine:ACL	routine	ACL	24				none	undetermined
routine:ACTION	routine	ACTION	1				none	undetermined
routine:ACTIVE	routine	ACTIVE	2				none	undetermined
routine:ADD1	routine	ADD1	1				none	undetermined
routine:ADDED	routine	ADDED	2				none	undetermined
routine:ADDENDED	routine	ADDENDED	2				none	undetermined
routine:ADDRESS	routine	ADDRESS	1				none	undetermined
routine:ADT	routine	ADT	2				none	undetermined
routine:ADVANT	routine	ADVANT	1				none	undetermined
routine:AE	routine	AE	12				none	undetermined
routine:AEROSOL	routine	AEROSOL	3				none	undetermined
routine:AH200	routine	AH200	1				none	undetermined
routine:AL	routine	AL	70				none	undetermined
routine:ALBANY	routine	ALBANY	1				none	undetermined
routine:ALF	routine	ALF	1				none	undetermined
routine:ALKALINE	routine	ALKALINE	1				none	undetermined
routine:ALL	routine	ALL	6				none	undetermined
routine:AM	routine	AM	1				none	undetermined
routine:AM10	routine	AM10	1				none	undetermined
routine:AM900	routine	AM900	3				none	undetermined
routine:AMB	routine	AMB	1				none	undetermined
routine:AMERICAN	routine	AMERICAN	4				none	undetermined
routine:AMINO	routine	AMINO	2				none	undetermined
routine:AMOUNT	routine	AMOUNT	3				none	undetermined
routine:AND	routine	AND	2				none	undetermined
routine:ANTHRAX	routine	ANTHRAX	1				none	undetermined
routine:ANYWHERE	routine	ANYWHERE	1				none	undetermined
routine:AO	routine	AO	1				none	undetermined
routine:AP	routine	AP	5				none	undetermined
routine:APP	routine	APP	1				none	undetermined
routine:APT	routine	APT	2				none	undetermined
routine:AR	routine	AR	4				none	undetermined
routine:ARHBQQ	routine	ARHBQQ	16				none	undetermined
routine:ARKANSAS	routine	ARKANSAS	1				none	undetermined
routine:AS	routine	AS	1				none	undetermined
routine:AS4	routine	AS4	1				none	undetermined
routine:ASDF	routine	ASDF	1				none	undetermined
routine:AUPNVSIT	routine	AUPNVSIT	4	code-model/routines.tsv	routine_name	AUPNVSIT	exact-name-ci	high
routine:AUT	routine	AUT	5				none	undetermined
routine:AUTO	routine	AUTO	2				none	undetermined
routine:AV	routine	AV	2				none	undetermined
routine:AYCBCDT2	routine	AYCBCDT2	2				none	undetermined
routine:AYCBCEN	routine	AYCBCEN	4				none	undetermined
routine:AYCBEGT	routine	AYCBEGT	2				none	undetermined
routine:AYCBEGT4	routine	AYCBEGT4	4				none	undetermined
routine:AYCBENA1	routine	AYCBENA1	2				none	undetermined
routine:AYCBLTR1	routine	AYCBLTR1	8				none	undetermined
routine:AYCBLTR2	routine	AYCBLTR2	3				none	undetermined
routine:AYCBLTR8	routine	AYCBLTR8	3				none	undetermined
routine:AYCBLTR9	routine	AYCBLTR9	3				none	undetermined
routine:AYCBLTRU	routine	AYCBLTRU	1				none	undetermined
routine:AYCBLTRV	routine	AYCBLTRV	2				none	undetermined
routine:AYCBLTRW	routine	AYCBLTRW	3				none	undetermined
routine:AYCBPRI2	routine	AYCBPRI2	6				none	undetermined
routine:AYCBPRIO	routine	AYCBPRIO	2				none	undetermined
routine:AZ	routine	AZ	5				none	undetermined
routine:BED	routine	BED	11				none	undetermined
routine:BID	routine	BID	1				none	undetermined
routine:BILLED	routine	BILLED	1				none	undetermined
routine:BLOOD	routine	BLOOD	8				none	undetermined
routine:BP	routine	BP	30				none	undetermined
routine:BPSBUTL	routine	BPSBUTL	11	code-model/routines.tsv	routine_name	BPSBUTL	exact-name-ci	high
routine:BPSECMP2	routine	BPSECMP2	2	code-model/routines.tsv	routine_name	BPSECMP2	exact-name-ci	high
routine:BPSMHDR	routine	BPSMHDR	4	code-model/routines.tsv	routine_name	BPSMHDR	exact-name-ci	high
routine:BPSNCPD3	routine	BPSNCPD3	4	code-model/routines.tsv	routine_name	BPSNCPD3	exact-name-ci	high
routine:BPSNCPD9	routine	BPSNCPD9	2	code-model/routines.tsv	routine_name	BPSNCPD9	exact-name-ci	high
routine:BPSNCPDP	routine	BPSNCPDP	2	code-model/routines.tsv	routine_name	BPSNCPDP	exact-name-ci	high
routine:BPSOS2	routine	BPSOS2	4	code-model/routines.tsv	routine_name	BPSOS2	exact-name-ci	high
routine:BPSOSRX	routine	BPSOSRX	2	code-model/routines.tsv	routine_name	BPSOSRX	exact-name-ci	high
routine:BPSUTIL	routine	BPSUTIL	6	code-model/routines.tsv	routine_name	BPSUTIL	exact-name-ci	high
routine:BPSUTIL2	routine	BPSUTIL2	4	code-model/routines.tsv	routine_name	BPSUTIL2	exact-name-ci	high
routine:BS	routine	BS	1				none	undetermined
routine:BS5	routine	BS5	4				none	undetermined
routine:BY	routine	BY	3				none	undetermined
routine:C09	routine	C09	8				none	undetermined
routine:C4	routine	C4	63				none	undetermined
routine:CA	routine	CA	51				none	undetermined
routine:CAP	routine	CAP	1				none	undetermined
routine:CAPSULE	routine	CAPSULE	3				none	undetermined
routine:CARRIER	routine	CARRIER	2				none	undetermined
routine:CATEGORY	routine	CATEGORY	1				none	undetermined
routine:CC	routine	CC	5				none	undetermined
routine:CD	routine	CD	1				none	undetermined
routine:CDC	routine	CDC	12				none	undetermined
routine:CERT	routine	CERT	1				none	undetermined
routine:CFD	routine	CFD	1				none	undetermined
routine:CHANGE	routine	CHANGE	3				none	undetermined
routine:CI0	routine	CI0	11				none	undetermined
routine:CID	routine	CID	20				none	undetermined
routine:CITY	routine	CITY	5				none	undetermined
routine:CLAIM	routine	CLAIM	1				none	undetermined
routine:CLASS	routine	CLASS	8				none	undetermined
routine:CLEANUP	routine	CLEANUP	1				none	undetermined
routine:CLERK	routine	CLERK	1				none	undetermined
routine:CLINIC	routine	CLINIC	12				none	undetermined
routine:CLINIC1	routine	CLINIC1	1				none	undetermined
routine:CLINIC2	routine	CLINIC2	1				none	undetermined
routine:CLK	routine	CLK	4				none	undetermined
routine:CLN	routine	CLN	4				none	undetermined
routine:CLNT	routine	CLNT	1				none	undetermined
routine:CMDCDT	routine	CMDCDT	4				none	undetermined
routine:CMIND	routine	CMIND	4				none	undetermined
routine:CMOP	routine	CMOP	2				none	undetermined
routine:CN	routine	CN	1				none	undetermined
routine:CN101	routine	CN101	17				none	undetermined
routine:CN103	routine	CN103	1				none	undetermined
routine:CN302	routine	CN302	8				none	undetermined
routine:CN400	routine	CN400	2				none	undetermined
routine:CN609	routine	CN609	2				none	undetermined
routine:CO	routine	CO	1				none	undetermined
routine:COB	routine	COB	1				none	undetermined
routine:COM	routine	COM	3				none	undetermined
routine:COMMIT	routine	COMMIT	32				none	undetermined
routine:COMPLETE	routine	COMPLETE	4				none	undetermined
routine:CONTAINS	routine	CONTAINS	3				none	undetermined
routine:COPY	routine	COPY	1				none	undetermined
routine:COURIER	routine	COURIER	1				none	undetermined
routine:CP	routine	CP	1				none	undetermined
routine:CPHAR	routine	CPHAR	1				none	undetermined
routine:CPRS	routine	CPRS	3				none	undetermined
routine:CPT	routine	CPT	20				none	undetermined
routine:CPT4	routine	CPT4	4				none	undetermined
routine:CR	routine	CR	3				none	undetermined
routine:CST	routine	CST	1				none	undetermined
routine:CSU	routine	CSU	6				none	undetermined
routine:CURRENT	routine	CURRENT	1				none	undetermined
routine:CV	routine	CV	2				none	undetermined
routine:CV200	routine	CV200	1				none	undetermined
routine:CV300	routine	CV300	1				none	undetermined
routine:CV702	routine	CV702	1				none	undetermined
routine:CX	routine	CX	21				none	undetermined
routine:D1	routine	D1	3				none	undetermined
routine:DAILY	routine	DAILY	6				none	undetermined
routine:DATE	routine	DATE	15				none	undetermined
routine:DAUGHTER	routine	DAUGHTER	3				none	undetermined
routine:DAY	routine	DAY	1				none	undetermined
routine:DC	routine	DC	2				none	undetermined
routine:DD	routine	DD	1				none	undetermined
routine:DDBR	routine	DDBR	27	code-model/routines.tsv	routine_name	DDBR	exact-name-ci	high
routine:DDBRT	routine	DDBRT	10	code-model/routines.tsv	routine_name	DDBRT	exact-name-ci	high
routine:DDBRZIS	routine	DDBRZIS	19	code-model/routines.tsv	routine_name	DDBRZIS	exact-name-ci	high
routine:DDD	routine	DDD	23	code-model/routines.tsv	routine_name	DDD	exact-name-ci	high
routine:DDE	routine	DDE	83	code-model/routines.tsv	routine_name	DDE	exact-name-ci	high
routine:DDGF	routine	DDGF	3	code-model/routines.tsv	routine_name	DDGF	exact-name-ci	high
routine:DDIOL	routine	DDIOL	80	code-model/routines.tsv	routine_name	DDIOL	exact-name-ci	high
routine:DDMAP	routine	DDMAP	1	code-model/routines.tsv	routine_name	DDMAP	exact-name-ci	high
routine:DDMO	routine	DDMO	1				none	undetermined
routine:DDMOD	routine	DDMOD	72	code-model/routines.tsv	routine_name	DDMOD	exact-name-ci	high
routine:DDMP	routine	DDMP	16	code-model/routines.tsv	routine_name	DDMP	exact-name-ci	high
routine:DDS	routine	DDS	38	code-model/routines.tsv	routine_name	DDS	exact-name-ci	high
routine:DDSUTL	routine	DDSUTL	28	code-model/routines.tsv	routine_name	DDSUTL	exact-name-ci	high
routine:DDSVAL	routine	DDSVAL	28	code-model/routines.tsv	routine_name	DDSVAL	exact-name-ci	high
routine:DDSVALF	routine	DDSVALF	19	code-model/routines.tsv	routine_name	DDSVALF	exact-name-ci	high
routine:DDXP	routine	DDXP	18	code-model/routines.tsv	routine_name	DDXP	exact-name-ci	high
routine:DE101	routine	DE101	1				none	undetermined
routine:DE700	routine	DE700	2				none	undetermined
routine:DE900	routine	DE900	1				none	undetermined
routine:DEC	routine	DEC	1				none	undetermined
routine:DEF	routine	DEF	2				none	undetermined
routine:DEM	routine	DEM	4				none	undetermined
routine:DENTAR	routine	DENTAR	1	code-model/routines.tsv	routine_name	DENTAR	exact-name-ci	high
routine:DEST	routine	DEST	1				none	undetermined
routine:DEVVLD	routine	DEVVLD	4				none	undetermined
routine:DEXTROSE	routine	DEXTROSE	2				none	undetermined
routine:DFN	routine	DFN	4				none	undetermined
routine:DG53836P	routine	DG53836P	1	code-model/routines.tsv	routine_name	DG53836P	exact-name-ci	high
routine:DG993BO	routine	DG993BO	1				none	undetermined
routine:DGBTRDV	routine	DGBTRDV	1	code-model/routines.tsv	routine_name	DGBTRDV	exact-name-ci	high
routine:DGCV	routine	DGCV	1	code-model/routines.tsv	routine_name	DGCV	exact-name-ci	high
routine:DGEN	routine	DGEN	4	code-model/routines.tsv	routine_name	DGEN	exact-name-ci	high
routine:DGENA	routine	DGENA	2	code-model/routines.tsv	routine_name	DGENA	exact-name-ci	high
routine:DGENA1A	routine	DGENA1A	1	code-model/routines.tsv	routine_name	DGENA1A	exact-name-ci	high
routine:DGENA2	routine	DGENA2	1	code-model/routines.tsv	routine_name	DGENA2	exact-name-ci	high
routine:DGENA6	routine	DGENA6	3	code-model/routines.tsv	routine_name	DGENA6	exact-name-ci	high
routine:DGENELA4	routine	DGENELA4	6	code-model/routines.tsv	routine_name	DGENELA4	exact-name-ci	high
routine:DGENL2	routine	DGENL2	1	code-model/routines.tsv	routine_name	DGENL2	exact-name-ci	high
routine:DGMSTAPI	routine	DGMSTAPI	1	code-model/routines.tsv	routine_name	DGMSTAPI	exact-name-ci	high
routine:DGMTUB	routine	DGMTUB	2	code-model/routines.tsv	routine_name	DGMTUB	exact-name-ci	high
routine:DGPFAPIH	routine	DGPFAPIH	12	code-model/routines.tsv	routine_name	DGPFAPIH	exact-name-ci	high
routine:DGPFAPIU	routine	DGPFAPIU	12	code-model/routines.tsv	routine_name	DGPFAPIU	exact-name-ci	high
routine:DGPLBL1	routine	DGPLBL1	8	code-model/routines.tsv	routine_name	DGPLBL1	exact-name-ci	high
routine:DGPTDDCR	routine	DGPTDDCR	8	code-model/routines.tsv	routine_name	DGPTDDCR	exact-name-ci	high
routine:DGPXRM	routine	DGPXRM	2				none	undetermined
routine:DGRP61	routine	DGRP61	1	code-model/routines.tsv	routine_name	DGRP61	exact-name-ci	high
routine:DGRPDB	routine	DGRPDB	1	code-model/routines.tsv	routine_name	DGRPDB	exact-name-ci	high
routine:DGRPE	routine	DGRPE	1	code-model/routines.tsv	routine_name	DGRPE	exact-name-ci	high
routine:DGRPMS	routine	DGRPMS	1	code-model/routines.tsv	routine_name	DGRPMS	exact-name-ci	high
routine:DGRUGMFU	routine	DGRUGMFU	1	code-model/routines.tsv	routine_name	DGRUGMFU	exact-name-ci	high
routine:DGSEC4	routine	DGSEC4	1	code-model/routines.tsv	routine_name	DGSEC4	exact-name-ci	high
routine:DI	routine	DI	48	code-model/routines.tsv	routine_name	DI	exact-name-ci	high
routine:DIABETES	routine	DIABETES	1				none	undetermined
routine:DIAC1	routine	DIAC1	18	code-model/routines.tsv	routine_name	DIAC1	exact-name-ci	high
routine:DIACX	routine	DIACX	1	code-model/routines.tsv	routine_name	DIACX	exact-name-ci	high
routine:DIALOG	routine	DIALOG	82	code-model/routines.tsv	routine_name	DIALOG	exact-name-ci	high
routine:DIALOGZ	routine	DIALOGZ	8	code-model/routines.tsv	routine_name	DIALOGZ	exact-name-ci	high
routine:DIALOZ	routine	DIALOZ	1				none	undetermined
routine:DIARRHEA	routine	DIARRHEA	1				none	undetermined
routine:DIAUTL	routine	DIAUTL	23	code-model/routines.tsv	routine_name	DIAUTL	exact-name-ci	high
routine:DIAXU	routine	DIAXU	35	code-model/routines.tsv	routine_name	DIAXU	exact-name-ci	high
routine:DIB	routine	DIB	6	code-model/routines.tsv	routine_name	DIB	exact-name-ci	high
routine:DIBTED	routine	DIBTED	7	code-model/routines.tsv	routine_name	DIBTED	exact-name-ci	high
routine:DIC	routine	DIC	234	code-model/routines.tsv	routine_name	DIC	exact-name-ci	high
routine:DIC1	routine	DIC1	52	code-model/routines.tsv	routine_name	DIC1	exact-name-ci	high
routine:DICATT	routine	DICATT	1	code-model/routines.tsv	routine_name	DICATT	exact-name-ci	high
routine:DICD	routine	DICD	5	code-model/routines.tsv	routine_name	DICD	exact-name-ci	high
routine:DICM1	routine	DICM1	5	code-model/routines.tsv	routine_name	DICM1	exact-name-ci	high
routine:DICN	routine	DICN	31	code-model/routines.tsv	routine_name	DICN	exact-name-ci	high
routine:DICQ	routine	DICQ	5	code-model/routines.tsv	routine_name	DICQ	exact-name-ci	high
routine:DICR	routine	DICR	14	code-model/routines.tsv	routine_name	DICR	exact-name-ci	high
routine:DICRW	routine	DICRW	3	code-model/routines.tsv	routine_name	DICRW	exact-name-ci	high
routine:DID	routine	DID	71	code-model/routines.tsv	routine_name	DID	exact-name-ci	high
routine:DIE	routine	DIE	187	code-model/routines.tsv	routine_name	DIE	exact-name-ci	high
routine:DIEZ	routine	DIEZ	3	code-model/routines.tsv	routine_name	DIEZ	exact-name-ci	high
routine:DIFG	routine	DIFG	1	code-model/routines.tsv	routine_name	DIFG	exact-name-ci	high
routine:DIFGB	routine	DIFGB	1	code-model/routines.tsv	routine_name	DIFGB	exact-name-ci	high
routine:DIFGG	routine	DIFGG	3	code-model/routines.tsv	routine_name	DIFGG	exact-name-ci	high
routine:DIFM	routine	DIFM	2				none	undetermined
routine:DIFROM	routine	DIFROM	1	code-model/routines.tsv	routine_name	DIFROM	exact-name-ci	high
routine:DIFSBLD	routine	DIFSBLD	1				none	undetermined
routine:DIGOXIN	routine	DIGOXIN	9				none	undetermined
routine:DII	routine	DII	1	code-model/routines.tsv	routine_name	DII	exact-name-ci	high
routine:DIK	routine	DIK	110	code-model/routines.tsv	routine_name	DIK	exact-name-ci	high
routine:DIKCBLD	routine	DIKCBLD	1	code-model/routines.tsv	routine_name	DIKCBLD	exact-name-ci	high
routine:DIKZ	routine	DIKZ	2	code-model/routines.tsv	routine_name	DIKZ	exact-name-ci	high
routine:DILF	routine	DILF	111	code-model/routines.tsv	routine_name	DILF	exact-name-ci	high
routine:DILFD	routine	DILFD	85	code-model/routines.tsv	routine_name	DILFD	exact-name-ci	high
routine:DIO2	routine	DIO2	7	code-model/routines.tsv	routine_name	DIO2	exact-name-ci	high
routine:DIOZ	routine	DIOZ	9	code-model/routines.tsv	routine_name	DIOZ	exact-name-ci	high
routine:DIP	routine	DIP	57	code-model/routines.tsv	routine_name	DIP	exact-name-ci	high
routine:DIP4	routine	DIP4	1	code-model/routines.tsv	routine_name	DIP4	exact-name-ci	high
routine:DIPT	routine	DIPT	5	code-model/routines.tsv	routine_name	DIPT	exact-name-ci	high
routine:DIPZ	routine	DIPZ	3	code-model/routines.tsv	routine_name	DIPZ	exact-name-ci	high
routine:DIQ	routine	DIQ	97	code-model/routines.tsv	routine_name	DIQ	exact-name-ci	high
routine:DIQ1	routine	DIQ1	38	code-model/routines.tsv	routine_name	DIQ1	exact-name-ci	high
routine:DIR	routine	DIR	12	code-model/routines.tsv	routine_name	DIR	exact-name-ci	high
routine:DIRECT	routine	DIRECT	3				none	undetermined
routine:DIS	routine	DIS	5	code-model/routines.tsv	routine_name	DIS	exact-name-ci	high
routine:DISK	routine	DISK	2				none	undetermined
routine:DIT	routine	DIT	1	code-model/routines.tsv	routine_name	DIT	exact-name-ci	high
routine:DITP	routine	DITP	8	code-model/routines.tsv	routine_name	DITP	exact-name-ci	high
routine:DIU	routine	DIU	11	code-model/routines.tsv	routine_name	DIU	exact-name-ci	high
routine:DIU2	routine	DIU2	11	code-model/routines.tsv	routine_name	DIU2	exact-name-ci	high
routine:DIUSER	routine	DIUSER	2				none	undetermined
routine:DIUTC	routine	DIUTC	17	code-model/routines.tsv	routine_name	DIUTC	exact-name-ci	high
routine:DIUTL	routine	DIUTL	5	code-model/routines.tsv	routine_name	DIUTL	exact-name-ci	high
routine:DIV	routine	DIV	8	code-model/routines.tsv	routine_name	DIV	exact-name-ci	high
routine:DIVISION	routine	DIVISION	7				none	undetermined
routine:DIWE	routine	DIWE	5	code-model/routines.tsv	routine_name	DIWE	exact-name-ci	high
routine:DIWF	routine	DIWF	7	code-model/routines.tsv	routine_name	DIWF	exact-name-ci	high
routine:DMSQ	routine	DMSQ	12	code-model/routines.tsv	routine_name	DMSQ	exact-name-ci	high
routine:DMSQD	routine	DMSQD	12	code-model/routines.tsv	routine_name	DMSQD	exact-name-ci	high
routine:DMSQE	routine	DMSQE	5	code-model/routines.tsv	routine_name	DMSQE	exact-name-ci	high
routine:DMSQF	routine	DMSQF	7	code-model/routines.tsv	routine_name	DMSQF	exact-name-ci	high
routine:DMSQS	routine	DMSQS	18	code-model/routines.tsv	routine_name	DMSQS	exact-name-ci	high
routine:DMSQU	routine	DMSQU	28	code-model/routines.tsv	routine_name	DMSQU	exact-name-ci	high
routine:DNS	routine	DNS	15				none	undetermined
routine:DOB	routine	DOB	9				none	undetermined
routine:DOCNAM	routine	DOCNAM	1				none	undetermined
routine:DOSAGE	routine	DOSAGE	4				none	undetermined
routine:DOSE	routine	DOSE	12				none	undetermined
routine:DOVER	routine	DOVER	2				none	undetermined
routine:DPTLK	routine	DPTLK	2	code-model/routines.tsv	routine_name	DPTLK	exact-name-ci	high
routine:DR	routine	DR	13				none	undetermined
routine:DR018	routine	DR018	2				none	undetermined
routine:DRCT	routine	DRCT	8				none	undetermined
routine:DRUGID	routine	DRUGID	4				none	undetermined
routine:DS	routine	DS	7				none	undetermined
routine:DT	routine	DT	1				none	undetermined
routine:DU	routine	DU	1				none	undetermined
routine:DUE	routine	DUE	6				none	undetermined
routine:DVBA	routine	DVBA	2				none	undetermined
routine:DX900	routine	DX900	2				none	undetermined
routine:EA	routine	EA	5				none	undetermined
routine:EC	routine	EC	1				none	undetermined
routine:EDPBKS	routine	EDPBKS	13	code-model/routines.tsv	routine_name	EDPBKS	exact-name-ci	high
routine:EDPFMON	routine	EDPFMON	3	code-model/routines.tsv	routine_name	EDPFMON	exact-name-ci	high
routine:EDT	routine	EDT	3				none	undetermined
routine:EIGHT	routine	EIGHT	2				none	undetermined
routine:EN	routine	EN	39	code-model/routines.tsv	routine_name	EN	exact-name-ci	high
routine:ENAR	routine	ENAR	12	code-model/routines.tsv	routine_name	ENAR	exact-name-ci	high
routine:ENBCPM1	routine	ENBCPM1	4	code-model/routines.tsv	routine_name	ENBCPM1	exact-name-ci	high
routine:ENCTBAR	routine	ENCTBAR	2	code-model/routines.tsv	routine_name	ENCTBAR	exact-name-ci	high
routine:ENEQ	routine	ENEQ	9	code-model/routines.tsv	routine_name	ENEQ	exact-name-ci	high
routine:ENEQ1	routine	ENEQ1	16	code-model/routines.tsv	routine_name	ENEQ1	exact-name-ci	high
routine:ENEQNX1	routine	ENEQNX1	2	code-model/routines.tsv	routine_name	ENEQNX1	exact-name-ci	high
routine:ENEQNX4	routine	ENEQNX4	2	code-model/routines.tsv	routine_name	ENEQNX4	exact-name-ci	high
routine:ENEQNX5	routine	ENEQNX5	2	code-model/routines.tsv	routine_name	ENEQNX5	exact-name-ci	high
routine:ENEQP	routine	ENEQP	2	code-model/routines.tsv	routine_name	ENEQP	exact-name-ci	high
routine:ENEQPMP	routine	ENEQPMP	6	code-model/routines.tsv	routine_name	ENEQPMP	exact-name-ci	high
routine:ENEQPMP1	routine	ENEQPMP1	6	code-model/routines.tsv	routine_name	ENEQPMP1	exact-name-ci	high
routine:ENEQPMP2	routine	ENEQPMP2	4	code-model/routines.tsv	routine_name	ENEQPMP2	exact-name-ci	high
routine:ENEQPMR1	routine	ENEQPMR1	2	code-model/routines.tsv	routine_name	ENEQPMR1	exact-name-ci	high
routine:ENEQPMR2	routine	ENEQPMR2	2	code-model/routines.tsv	routine_name	ENEQPMR2	exact-name-ci	high
routine:ENEQPMR3	routine	ENEQPMR3	2	code-model/routines.tsv	routine_name	ENEQPMR3	exact-name-ci	high
routine:ENEQPMR4	routine	ENEQPMR4	4	code-model/routines.tsv	routine_name	ENEQPMR4	exact-name-ci	high
routine:ENEQPMS	routine	ENEQPMS	2	code-model/routines.tsv	routine_name	ENEQPMS	exact-name-ci	high
routine:ENEQPMS1	routine	ENEQPMS1	4	code-model/routines.tsv	routine_name	ENEQPMS1	exact-name-ci	high
routine:ENEQPMS4	routine	ENEQPMS4	2	code-model/routines.tsv	routine_name	ENEQPMS4	exact-name-ci	high
routine:ENEQRP	routine	ENEQRP	1	code-model/routines.tsv	routine_name	ENEQRP	exact-name-ci	high
routine:ENEQRP1	routine	ENEQRP1	6	code-model/routines.tsv	routine_name	ENEQRP1	exact-name-ci	high
routine:ENEQRP2	routine	ENEQRP2	2	code-model/routines.tsv	routine_name	ENEQRP2	exact-name-ci	high
routine:ENEQRP3	routine	ENEQRP3	2	code-model/routines.tsv	routine_name	ENEQRP3	exact-name-ci	high
routine:ENEQRPI	routine	ENEQRPI	14	code-model/routines.tsv	routine_name	ENEQRPI	exact-name-ci	high
routine:ENFSA	routine	ENFSA	10	code-model/routines.tsv	routine_name	ENFSA	exact-name-ci	high
routine:ENFSA1	routine	ENFSA1	8	code-model/routines.tsv	routine_name	ENFSA1	exact-name-ci	high
routine:ENG	routine	ENG	2				none	undetermined
routine:ENGLISH	routine	ENGLISH	1				none	undetermined
routine:ENITRN	routine	ENITRN	2				none	undetermined
routine:ENITRRH	routine	ENITRRH	4				none	undetermined
routine:ENITUTL	routine	ENITUTL	4				none	undetermined
routine:ENJ	routine	ENJ	2	code-model/routines.tsv	routine_name	ENJ	exact-name-ci	high
routine:ENLBL10	routine	ENLBL10	2	code-model/routines.tsv	routine_name	ENLBL10	exact-name-ci	high
routine:ENLBL11	routine	ENLBL11	2	code-model/routines.tsv	routine_name	ENLBL11	exact-name-ci	high
routine:ENLBL12	routine	ENLBL12	4	code-model/routines.tsv	routine_name	ENLBL12	exact-name-ci	high
routine:ENLBL15	routine	ENLBL15	2	code-model/routines.tsv	routine_name	ENLBL15	exact-name-ci	high
routine:ENLBL3	routine	ENLBL3	4	code-model/routines.tsv	routine_name	ENLBL3	exact-name-ci	high
routine:ENLBL4	routine	ENLBL4	8	code-model/routines.tsv	routine_name	ENLBL4	exact-name-ci	high
routine:ENLBL5	routine	ENLBL5	4	code-model/routines.tsv	routine_name	ENLBL5	exact-name-ci	high
routine:ENLBL6	routine	ENLBL6	4	code-model/routines.tsv	routine_name	ENLBL6	exact-name-ci	high
routine:ENLIB2	routine	ENLIB2	6	code-model/routines.tsv	routine_name	ENLIB2	exact-name-ci	high
routine:ENMAN	routine	ENMAN	14	code-model/routines.tsv	routine_name	ENMAN	exact-name-ci	high
routine:ENPL11	routine	ENPL11	2	code-model/routines.tsv	routine_name	ENPL11	exact-name-ci	high
routine:ENPL2	routine	ENPL2	4	code-model/routines.tsv	routine_name	ENPL2	exact-name-ci	high
routine:ENPL3A	routine	ENPL3A	2	code-model/routines.tsv	routine_name	ENPL3A	exact-name-ci	high
routine:ENPL4	routine	ENPL4	2	code-model/routines.tsv	routine_name	ENPL4	exact-name-ci	high
routine:ENPL5	routine	ENPL5	2	code-model/routines.tsv	routine_name	ENPL5	exact-name-ci	high
routine:ENPL6	routine	ENPL6	2	code-model/routines.tsv	routine_name	ENPL6	exact-name-ci	high
routine:ENPROJ	routine	ENPROJ	20	code-model/routines.tsv	routine_name	ENPROJ	exact-name-ci	high
routine:ENPRP	routine	ENPRP	4	code-model/routines.tsv	routine_name	ENPRP	exact-name-ci	high
routine:ENSA	routine	ENSA	2	code-model/routines.tsv	routine_name	ENSA	exact-name-ci	high
routine:ENSA1	routine	ENSA1	4	code-model/routines.tsv	routine_name	ENSA1	exact-name-ci	high
routine:ENSP	routine	ENSP	46	code-model/routines.tsv	routine_name	ENSP	exact-name-ci	high
routine:ENSP1	routine	ENSP1	2	code-model/routines.tsv	routine_name	ENSP1	exact-name-ci	high
routine:ENSP2	routine	ENSP2	2	code-model/routines.tsv	routine_name	ENSP2	exact-name-ci	high
routine:ENSP4	routine	ENSP4	2				none	undetermined
routine:ENSP5	routine	ENSP5	6	code-model/routines.tsv	routine_name	ENSP5	exact-name-ci	high
routine:ENSP6	routine	ENSP6	10	code-model/routines.tsv	routine_name	ENSP6	exact-name-ci	high
routine:ENWARD	routine	ENWARD	4	code-model/routines.tsv	routine_name	ENWARD	exact-name-ci	high
routine:ENWARD1	routine	ENWARD1	2	code-model/routines.tsv	routine_name	ENWARD1	exact-name-ci	high
routine:ENWO	routine	ENWO	4	code-model/routines.tsv	routine_name	ENWO	exact-name-ci	high
routine:ENWO1	routine	ENWO1	8	code-model/routines.tsv	routine_name	ENWO1	exact-name-ci	high
routine:ENWO2	routine	ENWO2	2	code-model/routines.tsv	routine_name	ENWO2	exact-name-ci	high
routine:ENWOCOMP	routine	ENWOCOMP	2	code-model/routines.tsv	routine_name	ENWOCOMP	exact-name-ci	high
routine:ENWONEW	routine	ENWONEW	4	code-model/routines.tsv	routine_name	ENWONEW	exact-name-ci	high
routine:ENWONEW1	routine	ENWONEW1	2	code-model/routines.tsv	routine_name	ENWONEW1	exact-name-ci	high
routine:ENWOST	routine	ENWOST	8	code-model/routines.tsv	routine_name	ENWOST	exact-name-ci	high
routine:ER	routine	ER	3				none	undetermined
routine:ERR	routine	ERR	1				none	undetermined
routine:ERROR	routine	ERROR	1				none	undetermined
routine:EST	routine	EST	1				none	undetermined
routine:ET	routine	ET	1				none	undetermined
routine:EV223	routine	EV223	2				none	undetermined
routine:EVERY	routine	EVERY	2				none	undetermined
routine:EXDT	routine	EXDT	4				none	undetermined
routine:EXTERNAL	routine	EXTERNAL	3				none	undetermined
routine:EXTRA	routine	EXTRA	1				none	undetermined
routine:FAC	routine	FAC	1				none	undetermined
routine:FACILITY	routine	FACILITY	3				none	undetermined
routine:FBAABPG	routine	FBAABPG	1	code-model/routines.tsv	routine_name	FBAABPG	exact-name-ci	high
routine:FBAAUTL3	routine	FBAAUTL3	1	code-model/routines.tsv	routine_name	FBAAUTL3	exact-name-ci	high
routine:FBARCH0	routine	FBARCH0	4	code-model/routines.tsv	routine_name	FBARCH0	exact-name-ci	high
routine:FBBPG7Y	routine	FBBPG7Y	1	code-model/routines.tsv	routine_name	FBBPG7Y	exact-name-ci	high
routine:FD	routine	FD	4				none	undetermined
routine:FERRIES	routine	FERRIES	2				none	undetermined
routine:FEVER	routine	FEVER	1				none	undetermined
routine:FI	routine	FI	7				none	undetermined
routine:FIL	routine	FIL	1				none	undetermined
routine:FILE	routine	FILE	3				none	undetermined
routine:FILENUM	routine	FILENUM	1				none	undetermined
routine:FILL	routine	FILL	1				none	undetermined
routine:FILLING	routine	FILLING	1				none	undetermined
routine:FIVE	routine	FIVE	2				none	undetermined
routine:FL	routine	FL	3				none	undetermined
routine:FLDS	routine	FLDS	3				none	undetermined
routine:FM	routine	FM	1				none	undetermined
routine:FMDATE	routine	FMDATE	2				none	undetermined
routine:FR	routine	FR	7				none	undetermined
routine:FRANK	routine	FRANK	6				none	undetermined
routine:FS	routine	FS	30				none	undetermined
routine:G0104	routine	G0104	1				none	undetermined
routine:GA	routine	GA	2				none	undetermined
routine:GA301	routine	GA301	2				none	undetermined
routine:GA400	routine	GA400	1				none	undetermined
routine:GA900	routine	GA900	1				none	undetermined
routine:GE	routine	GE	1				none	undetermined
routine:GECSA	routine	GECSA	2	code-model/routines.tsv	routine_name	GECSA	exact-name-ci	high
routine:GECSCALL	routine	GECSCALL	34	code-model/routines.tsv	routine_name	GECSCALL	exact-name-ci	high
routine:GECSE1	routine	GECSE1	2	code-model/routines.tsv	routine_name	GECSE1	exact-name-ci	high
routine:GECSEDIT	routine	GECSEDIT	2	code-model/routines.tsv	routine_name	GECSEDIT	exact-name-ci	high
routine:GECSMUT1	routine	GECSMUT1	4	code-model/routines.tsv	routine_name	GECSMUT1	exact-name-ci	high
routine:GECSMUT2	routine	GECSMUT2	1	code-model/routines.tsv	routine_name	GECSMUT2	exact-name-ci	high
routine:GECSREP0	routine	GECSREP0	3	code-model/routines.tsv	routine_name	GECSREP0	exact-name-ci	high
routine:GECSSDCT	routine	GECSSDCT	4	code-model/routines.tsv	routine_name	GECSSDCT	exact-name-ci	high
routine:GECSSGET	routine	GECSSGET	2	code-model/routines.tsv	routine_name	GECSSGET	exact-name-ci	high
routine:GECSSTAA	routine	GECSSTAA	3	code-model/routines.tsv	routine_name	GECSSTAA	exact-name-ci	high
routine:GECSSTTM	routine	GECSSTTM	1	code-model/routines.tsv	routine_name	GECSSTTM	exact-name-ci	high
routine:GECSUFM1	routine	GECSUFM1	1	code-model/routines.tsv	routine_name	GECSUFM1	exact-name-ci	high
routine:GECSUFMS	routine	GECSUFMS	1	code-model/routines.tsv	routine_name	GECSUFMS	exact-name-ci	high
routine:GECSVFY	routine	GECSVFY	1	code-model/routines.tsv	routine_name	GECSVFY	exact-name-ci	high
routine:GECSXBL1	routine	GECSXBL1	1	code-model/routines.tsv	routine_name	GECSXBL1	exact-name-ci	high
routine:GECSXBLD	routine	GECSXBLD	1	code-model/routines.tsv	routine_name	GECSXBLD	exact-name-ci	high
routine:GECSXMAP	routine	GECSXMAP	2	code-model/routines.tsv	routine_name	GECSXMAP	exact-name-ci	high
routine:GECXBLD	routine	GECXBLD	1				none	undetermined
routine:GENERAL	routine	GENERAL	10				none	undetermined
routine:GENERIC	routine	GENERIC	8				none	undetermined
routine:GETSIZE	routine	GETSIZE	1				none	undetermined
routine:GETSTYLE	routine	GETSTYLE	1				none	undetermined
routine:GLUCOSE	routine	GLUCOSE	9				none	undetermined
routine:GM	routine	GM	1				none	undetermined
routine:GMPLBLD2	routine	GMPLBLD2	1	code-model/routines.tsv	routine_name	GMPLBLD2	exact-name-ci	high
routine:GMPLPXRM	routine	GMPLPXRM	1	code-model/routines.tsv	routine_name	GMPLPXRM	exact-name-ci	high
routine:GMPLUTL3	routine	GMPLUTL3	1	code-model/routines.tsv	routine_name	GMPLUTL3	exact-name-ci	high
routine:GMR	routine	GMR	37				none	undetermined
routine:GMRA	routine	GMRA	7				none	undetermined
routine:GMRAPEM0	routine	GMRAPEM0	1	code-model/routines.tsv	routine_name	GMRAPEM0	exact-name-ci	high
routine:GMRAUTL2	routine	GMRAUTL2	1	code-model/routines.tsv	routine_name	GMRAUTL2	exact-name-ci	high
routine:GMRC	routine	GMRC	18				none	undetermined
routine:GMRC123P	routine	GMRC123P	2	code-model/routines.tsv	routine_name	GMRC123P	exact-name-ci	high
routine:GMRCACTM	routine	GMRCACTM	2	code-model/routines.tsv	routine_name	GMRCACTM	exact-name-ci	high
routine:GMRCASV	routine	GMRCASV	2	code-model/routines.tsv	routine_name	GMRCASV	exact-name-ci	high
routine:GMRCDRFR	routine	GMRCDRFR	2	code-model/routines.tsv	routine_name	GMRCDRFR	exact-name-ci	high
routine:GMRCDST	routine	GMRCDST	1	code-model/routines.tsv	routine_name	GMRCDST	exact-name-ci	high
routine:GMRCGUIA	routine	GMRCGUIA	4	code-model/routines.tsv	routine_name	GMRCGUIA	exact-name-ci	high
routine:GMRCP	routine	GMRCP	3	code-model/routines.tsv	routine_name	GMRCP	exact-name-ci	high
routine:GMRCP99	routine	GMRCP99	1	code-model/routines.tsv	routine_name	GMRCP99	exact-name-ci	high
routine:GMRCPRO	routine	GMRCPRO	2				none	undetermined
routine:GMRCR	routine	GMRCR	3	code-model/routines.tsv	routine_name	GMRCR	exact-name-ci	high
routine:GMRCSLM1	routine	GMRCSLM1	1	code-model/routines.tsv	routine_name	GMRCSLM1	exact-name-ci	high
routine:GMRCSLM2	routine	GMRCSLM2	1	code-model/routines.tsv	routine_name	GMRCSLM2	exact-name-ci	high
routine:GMRCUTL1	routine	GMRCUTL1	1	code-model/routines.tsv	routine_name	GMRCUTL1	exact-name-ci	high
routine:GMRGRUT0	routine	GMRGRUT0	1	code-model/routines.tsv	routine_name	GMRGRUT0	exact-name-ci	high
routine:GMRVCAQU	routine	GMRVCAQU	1	code-model/routines.tsv	routine_name	GMRVCAQU	exact-name-ci	high
routine:GMRVPXRM	routine	GMRVPXRM	2				none	undetermined
routine:GMRYED0	routine	GMRYED0	3	code-model/routines.tsv	routine_name	GMRYED0	exact-name-ci	high
routine:GMRYFLW0	routine	GMRYFLW0	1	code-model/routines.tsv	routine_name	GMRYFLW0	exact-name-ci	high
routine:GMRYRP0	routine	GMRYRP0	3	code-model/routines.tsv	routine_name	GMRYRP0	exact-name-ci	high
routine:GMRYRP1	routine	GMRYRP1	2	code-model/routines.tsv	routine_name	GMRYRP1	exact-name-ci	high
routine:GMRYRP2	routine	GMRYRP2	4	code-model/routines.tsv	routine_name	GMRYRP2	exact-name-ci	high
routine:GMRYSE0	routine	GMRYSE0	1	code-model/routines.tsv	routine_name	GMRYSE0	exact-name-ci	high
routine:GMRYUT0	routine	GMRYUT0	2	code-model/routines.tsv	routine_name	GMRYUT0	exact-name-ci	high
routine:GMTSDVR	routine	GMTSDVR	1	code-model/routines.tsv	routine_name	GMTSDVR	exact-name-ci	high
routine:GMTSOBJ	routine	GMTSOBJ	4	code-model/routines.tsv	routine_name	GMTSOBJ	exact-name-ci	high
routine:GMTSP58	routine	GMTSP58	4				none	undetermined
routine:GMTSUP	routine	GMTSUP	8	code-model/routines.tsv	routine_name	GMTSUP	exact-name-ci	high
routine:GMVDCSAV	routine	GMVDCSAV	2	code-model/routines.tsv	routine_name	GMVDCSAV	exact-name-ci	high
routine:GMVGETD	routine	GMVGETD	8	code-model/routines.tsv	routine_name	GMVGETD	exact-name-ci	high
routine:GMVGETQ	routine	GMVGETQ	2	code-model/routines.tsv	routine_name	GMVGETQ	exact-name-ci	high
routine:GMVGGR1	routine	GMVGGR1	6	code-model/routines.tsv	routine_name	GMVGGR1	exact-name-ci	high
routine:GMVPAR	routine	GMVPAR	12	code-model/routines.tsv	routine_name	GMVPAR	exact-name-ci	high
routine:GMVRPCHL	routine	GMVRPCHL	18	code-model/routines.tsv	routine_name	GMVRPCHL	exact-name-ci	high
routine:GMVRPCM	routine	GMVRPCM	78	code-model/routines.tsv	routine_name	GMVRPCM	exact-name-ci	high
routine:GMVRPCU	routine	GMVRPCU	12	code-model/routines.tsv	routine_name	GMVRPCU	exact-name-ci	high
routine:GMVUTL1	routine	GMVUTL1	3	code-model/routines.tsv	routine_name	GMVUTL1	exact-name-ci	high
routine:GMVUTL3	routine	GMVUTL3	2	code-model/routines.tsv	routine_name	GMVUTL3	exact-name-ci	high
routine:GMVUTL7	routine	GMVUTL7	5	code-model/routines.tsv	routine_name	GMVUTL7	exact-name-ci	high
routine:GMVUTL8	routine	GMVUTL8	6	code-model/routines.tsv	routine_name	GMVUTL8	exact-name-ci	high
routine:HDCOM	routine	HDCOM	4				none	undetermined
routine:HDISVAP1	routine	HDISVAP1	1	code-model/routines.tsv	routine_name	HDISVAP1	exact-name-ci	high
routine:HDL	routine	HDL	6				none	undetermined
routine:HFS	routine	HFS	10				none	undetermined
routine:HINES	routine	HINES	6				none	undetermined
routine:HISTORY	routine	HISTORY	42				none	undetermined
routine:HL	routine	HL	1				none	undetermined
routine:HL7	routine	HL7	1				none	undetermined
routine:HLAPI2	routine	HLAPI2	3				none	undetermined
routine:HLCS2	routine	HLCS2	14	code-model/routines.tsv	routine_name	HLCS2	exact-name-ci	high
routine:HLCSLM	routine	HLCSLM	1	code-model/routines.tsv	routine_name	HLCSLM	exact-name-ci	high
routine:HLCSTCP	routine	HLCSTCP	3	code-model/routines.tsv	routine_name	HLCSTCP	exact-name-ci	high
routine:HLCSUTL	routine	HLCSUTL	1	code-model/routines.tsv	routine_name	HLCSUTL	exact-name-ci	high
routine:HLFN	routine	HLFN	2				none	undetermined
routine:HLFNC	routine	HLFNC	147	code-model/routines.tsv	routine_name	HLFNC	exact-name-ci	high
routine:HLFNC2	routine	HLFNC2	71	code-model/routines.tsv	routine_name	HLFNC2	exact-name-ci	high
routine:HLMA	routine	HLMA	90	code-model/routines.tsv	routine_name	HLMA	exact-name-ci	high
routine:HLMA1	routine	HLMA1	36	code-model/routines.tsv	routine_name	HLMA1	exact-name-ci	high
routine:HLMA3	routine	HLMA3	1	code-model/routines.tsv	routine_name	HLMA3	exact-name-ci	high
routine:HLOAPI	routine	HLOAPI	176	code-model/routines.tsv	routine_name	HLOAPI	exact-name-ci	high
routine:HLOAPI1	routine	HLOAPI1	36	code-model/routines.tsv	routine_name	HLOAPI1	exact-name-ci	high
routine:HLOAPI2	routine	HLOAPI2	29	code-model/routines.tsv	routine_name	HLOAPI2	exact-name-ci	high
routine:HLOAPI3	routine	HLOAPI3	34	code-model/routines.tsv	routine_name	HLOAPI3	exact-name-ci	high
routine:HLOAPI4	routine	HLOAPI4	24	code-model/routines.tsv	routine_name	HLOAPI4	exact-name-ci	high
routine:HLOAPP	routine	HLOAPP	2	code-model/routines.tsv	routine_name	HLOAPP	exact-name-ci	high
routine:HLOASUB	routine	HLOASUB	18	code-model/routines.tsv	routine_name	HLOASUB	exact-name-ci	high
routine:HLOASUB1	routine	HLOASUB1	9	code-model/routines.tsv	routine_name	HLOASUB1	exact-name-ci	high
routine:HLOCNRT	routine	HLOCNRT	13	code-model/routines.tsv	routine_name	HLOCNRT	exact-name-ci	high
routine:HLOCVU	routine	HLOCVU	3	code-model/routines.tsv	routine_name	HLOCVU	exact-name-ci	high
routine:HLODEM1	routine	HLODEM1	16				none	undetermined
routine:HLODEM10	routine	HLODEM10	2				none	undetermined
routine:HLODEM2	routine	HLODEM2	5				none	undetermined
routine:HLODEM3	routine	HLODEM3	2				none	undetermined
routine:HLODEM4	routine	HLODEM4	1				none	undetermined
routine:HLODEM5	routine	HLODEM5	12				none	undetermined
routine:HLODEM6	routine	HLODEM6	1				none	undetermined
routine:HLODEM7	routine	HLODEM7	4				none	undetermined
routine:HLODEM8	routine	HLODEM8	3				none	undetermined
routine:HLOMSG	routine	HLOMSG	10	code-model/routines.tsv	routine_name	HLOMSG	exact-name-ci	high
routine:HLOPRS	routine	HLOPRS	144	code-model/routines.tsv	routine_name	HLOPRS	exact-name-ci	high
routine:HLOPRS1	routine	HLOPRS1	2	code-model/routines.tsv	routine_name	HLOPRS1	exact-name-ci	high
routine:HLOPRS2	routine	HLOPRS2	19	code-model/routines.tsv	routine_name	HLOPRS2	exact-name-ci	high
routine:HLOQUE	routine	HLOQUE	14	code-model/routines.tsv	routine_name	HLOQUE	exact-name-ci	high
routine:HLOSRVR	routine	HLOSRVR	14	code-model/routines.tsv	routine_name	HLOSRVR	exact-name-ci	high
routine:HLOSTRAC	routine	HLOSTRAC	1	code-model/routines.tsv	routine_name	HLOSTRAC	exact-name-ci	high
routine:HLOSUB	routine	HLOSUB	2				none	undetermined
routine:HLOSUB1	routine	HLOSUB1	1				none	undetermined
routine:HLOTLNK	routine	HLOTLNK	7	code-model/routines.tsv	routine_name	HLOTLNK	exact-name-ci	high
routine:HLOTRACE	routine	HLOTRACE	1	code-model/routines.tsv	routine_name	HLOTRACE	exact-name-ci	high
routine:HLOZTST	routine	HLOZTST	4				none	undetermined
routine:HLOZTST1	routine	HLOZTST1	1				none	undetermined
routine:HLSUB	routine	HLSUB	99	code-model/routines.tsv	routine_name	HLSUB	exact-name-ci	high
routine:HLTF	routine	HLTF	30	code-model/routines.tsv	routine_name	HLTF	exact-name-ci	high
routine:HLTUIL	routine	HLTUIL	2				none	undetermined
routine:HLUCM	routine	HLUCM	6	code-model/routines.tsv	routine_name	HLUCM	exact-name-ci	high
routine:HLUTIL	routine	HLUTIL	135	code-model/routines.tsv	routine_name	HLUTIL	exact-name-ci	high
routine:HLUTIL2	routine	HLUTIL2	1	code-model/routines.tsv	routine_name	HLUTIL2	exact-name-ci	high
routine:HLUTIL3	routine	HLUTIL3	21	code-model/routines.tsv	routine_name	HLUTIL3	exact-name-ci	high
routine:HNC	routine	HNC	1				none	undetermined
routine:HS051	routine	HS051	1				none	undetermined
routine:HS501	routine	HS501	5				none	undetermined
routine:HS503	routine	HS503	1				none	undetermined
routine:HT	routine	HT	3				none	undetermined
routine:HTAPPL	routine	HTAPPL	2				none	undetermined
routine:HTLF	routine	HTLF	2				none	undetermined
routine:I01	routine	I01	2				none	undetermined
routine:I0153	routine	I0153	1				none	undetermined
routine:I0164	routine	I0164	1				none	undetermined
routine:I12	routine	I12	14				none	undetermined
routine:I13	routine	I13	13				none	undetermined
routine:I14	routine	I14	5				none	undetermined
routine:I9	routine	I9	9				none	undetermined
routine:IA	routine	IA	4				none	undetermined
routine:IB	routine	IB	5				none	undetermined
routine:IBBAPI	routine	IBBAPI	2	code-model/routines.tsv	routine_name	IBBAPI	exact-name-ci	high
routine:IBCNETST	routine	IBCNETST	2	code-model/routines.tsv	routine_name	IBCNETST	exact-name-ci	high
routine:IBD	routine	IBD	2				none	undetermined
routine:IBDFRPC	routine	IBDFRPC	2	code-model/routines.tsv	routine_name	IBDFRPC	exact-name-ci	high
routine:IBDFRPC1	routine	IBDFRPC1	2	code-model/routines.tsv	routine_name	IBDFRPC1	exact-name-ci	high
routine:IBDFRPC3	routine	IBDFRPC3	1	code-model/routines.tsv	routine_name	IBDFRPC3	exact-name-ci	high
routine:IBDFRPC4	routine	IBDFRPC4	2	code-model/routines.tsv	routine_name	IBDFRPC4	exact-name-ci	high
routine:IBG	routine	IBG	2				none	undetermined
routine:IBOLK	routine	IBOLK	2	code-model/routines.tsv	routine_name	IBOLK	exact-name-ci	high
routine:IBRSUTL	routine	IBRSUTL	11	code-model/routines.tsv	routine_name	IBRSUTL	exact-name-ci	high
routine:IBRUTL	routine	IBRUTL	1	code-model/routines.tsv	routine_name	IBRUTL	exact-name-ci	high
routine:ICD	routine	ICD	2				none	undetermined
routine:ICD9	routine	ICD9	3				none	undetermined
routine:ICDCODE	routine	ICDCODE	2	code-model/routines.tsv	routine_name	ICDCODE	exact-name-ci	high
routine:ICDEX	routine	ICDEX	5	code-model/routines.tsv	routine_name	ICDEX	exact-name-ci	high
routine:ICPTCOD	routine	ICPTCOD	1	code-model/routines.tsv	routine_name	ICPTCOD	exact-name-ci	high
routine:ID	routine	ID	2				none	undetermined
routine:IDAHO	routine	IDAHO	1				none	undetermined
routine:IEN	routine	IEN	4				none	undetermined
routine:IFC	routine	IFC	15				none	undetermined
routine:IFCAP	routine	IFCAP	2				none	undetermined
routine:IFCAPNIF	routine	IFCAPNIF	2				none	undetermined
routine:II	routine	II	2				none	undetermined
routine:IIPT	routine	IIPT	3				none	undetermined
routine:IL	routine	IL	1				none	undetermined
routine:IN	routine	IN	17				none	undetermined
routine:INACTIVE	routine	INACTIVE	2				none	undetermined
routine:INCLUDE	routine	INCLUDE	2				none	undetermined
routine:INETMM	routine	INETMM	2				none	undetermined
routine:INITIATE	routine	INITIATE	1				none	undetermined
routine:INTERNET	routine	INTERNET	1				none	undetermined
routine:INV	routine	INV	2				none	undetermined
routine:IPP	routine	IPP	2				none	undetermined
routine:IR	routine	IR	1				none	undetermined
routine:IRM	routine	IRM	3				none	undetermined
routine:ITEM	routine	ITEM	1				none	undetermined
routine:IV	routine	IV	8				none	undetermined
routine:IVMB453	routine	IVMB453	6				none	undetermined
routine:IVMB453A	routine	IVMB453A	2				none	undetermined
routine:IVMDZ10U	routine	IVMDZ10U	1				none	undetermined
routine:IX	routine	IX	6				none	undetermined
routine:JAN	routine	JAN	1				none	undetermined
routine:JOHN	routine	JOHN	2				none	undetermined
routine:JOSEPH	routine	JOSEPH	1				none	undetermined
routine:JUL	routine	JUL	8				none	undetermined
routine:JUN	routine	JUN	1				none	undetermined
routine:K13	routine	K13	39				none	undetermined
routine:K22	routine	K22	1				none	undetermined
routine:KC2566	routine	KC2566	2				none	undetermined
routine:KMPBEMRT	routine	KMPBEMRT	1	code-model/routines.tsv	routine_name	KMPBEMRT	exact-name-ci	high
routine:KMPCSMRT	routine	KMPCSMRT	1	code-model/routines.tsv	routine_name	KMPCSMRT	exact-name-ci	high
routine:KMPDSS	routine	KMPDSS	6	code-model/routines.tsv	routine_name	KMPDSS	exact-name-ci	high
routine:KMPDTP1	routine	KMPDTP1	2	code-model/routines.tsv	routine_name	KMPDTP1	exact-name-ci	high
routine:KMPDTP2	routine	KMPDTP2	2	code-model/routines.tsv	routine_name	KMPDTP2	exact-name-ci	high
routine:KMPDTP3	routine	KMPDTP3	2	code-model/routines.tsv	routine_name	KMPDTP3	exact-name-ci	high
routine:KMPDTP4	routine	KMPDTP4	2	code-model/routines.tsv	routine_name	KMPDTP4	exact-name-ci	high
routine:KMPDTP5	routine	KMPDTP5	2	code-model/routines.tsv	routine_name	KMPDTP5	exact-name-ci	high
routine:KMPDTP6	routine	KMPDTP6	2	code-model/routines.tsv	routine_name	KMPDTP6	exact-name-ci	high
routine:KMPDTP7	routine	KMPDTP7	2	code-model/routines.tsv	routine_name	KMPDTP7	exact-name-ci	high
routine:KMPDTU11	routine	KMPDTU11	14	code-model/routines.tsv	routine_name	KMPDTU11	exact-name-ci	high
routine:KMPETMRT	routine	KMPETMRT	1	code-model/routines.tsv	routine_name	KMPETMRT	exact-name-ci	high
routine:KMPHLMRT	routine	KMPHLMRT	1	code-model/routines.tsv	routine_name	KMPHLMRT	exact-name-ci	high
routine:KMPMCMRT	routine	KMPMCMRT	1	code-model/routines.tsv	routine_name	KMPMCMRT	exact-name-ci	high
routine:KMPRPN03	routine	KMPRPN03	2	code-model/routines.tsv	routine_name	KMPRPN03	exact-name-ci	high
routine:KMPSTMRT	routine	KMPSTMRT	1	code-model/routines.tsv	routine_name	KMPSTMRT	exact-name-ci	high
routine:KMPTCMRT	routine	KMPTCMRT	1	code-model/routines.tsv	routine_name	KMPTCMRT	exact-name-ci	high
routine:KMPVCBG	routine	KMPVCBG	2	code-model/routines.tsv	routine_name	KMPVCBG	exact-name-ci	high
routine:KMPVLM	routine	KMPVLM	11	code-model/routines.tsv	routine_name	KMPVLM	exact-name-ci	high
routine:KMPVVMCM	routine	KMPVVMCM	1				none	undetermined
routine:KMPVVTCM	routine	KMPVVTCM	1				none	undetermined
routine:KY	routine	KY	6				none	undetermined
routine:LA	routine	LA	3				none	undetermined
routine:LA66	routine	LA66	2				none	undetermined
routine:LA67	routine	LA67	4				none	undetermined
routine:LA68	routine	LA68	2				none	undetermined
routine:LA7HDR	routine	LA7HDR	15	code-model/routines.tsv	routine_name	LA7HDR	exact-name-ci	high
routine:LA7LOG	routine	LA7LOG	1	code-model/routines.tsv	routine_name	LA7LOG	exact-name-ci	high
routine:LA7POC	routine	LA7POC	1	code-model/routines.tsv	routine_name	LA7POC	exact-name-ci	high
routine:LA7PURG	routine	LA7PURG	2	code-model/routines.tsv	routine_name	LA7PURG	exact-name-ci	high
routine:LA7QRY	routine	LA7QRY	3	code-model/routines.tsv	routine_name	LA7QRY	exact-name-ci	high
routine:LA7UID	routine	LA7UID	1	code-model/routines.tsv	routine_name	LA7UID	exact-name-ci	high
routine:LA7UIO	routine	LA7UIO	3	code-model/routines.tsv	routine_name	LA7UIO	exact-name-ci	high
routine:LA7VHL	routine	LA7VHL	2	code-model/routines.tsv	routine_name	LA7VHL	exact-name-ci	high
routine:LA7VIN	routine	LA7VIN	5	code-model/routines.tsv	routine_name	LA7VIN	exact-name-ci	high
routine:LAB	routine	LAB	2	code-model/routines.tsv	routine_name	LAB	exact-name-ci	high
routine:LABTEST	routine	LABTEST	1	code-model/routines.tsv	routine_name	LABTEST	exact-name-ci	high
routine:LAJOB1	routine	LAJOB1	1	code-model/routines.tsv	routine_name	LAJOB1	exact-name-ci	high
routine:LAKELAND	routine	LAKELAND	2				none	undetermined
routine:LAMIV10	routine	LAMIV10	1	code-model/routines.tsv	routine_name	LAMIV10	exact-name-ci	high
routine:LAMIV11	routine	LAMIV11	1	code-model/routines.tsv	routine_name	LAMIV11	exact-name-ci	high
routine:LAMIV12	routine	LAMIV12	3	code-model/routines.tsv	routine_name	LAMIV12	exact-name-ci	high
routine:LAMIVTKC	routine	LAMIVTKC	3	code-model/routines.tsv	routine_name	LAMIVTKC	exact-name-ci	high
routine:LAMIVTLX	routine	LAMIVTLX	2	code-model/routines.tsv	routine_name	LAMIVTLX	exact-name-ci	high
routine:LAMSBLD	routine	LAMSBLD	1	code-model/routines.tsv	routine_name	LAMSBLD	exact-name-ci	high
routine:LAMSP	routine	LAMSP	1	code-model/routines.tsv	routine_name	LAMSP	exact-name-ci	high
routine:LARCY	routine	LARCY	2				none	undetermined
routine:LASET	routine	LASET	11	code-model/routines.tsv	routine_name	LASET	exact-name-ci	high
routine:LAST	routine	LAST	2				none	undetermined
routine:LASTNAME	routine	LASTNAME	1				none	undetermined
routine:LATHAM	routine	LATHAM	16				none	undetermined
routine:LDL	routine	LDL	6				none	undetermined
routine:LEDITEST	routine	LEDITEST	1				none	undetermined
routine:LEFT	routine	LEFT	5				none	undetermined
routine:LEXTRAN	routine	LEXTRAN	1	code-model/routines.tsv	routine_name	LEXTRAN	exact-name-ci	high
routine:LEXU	routine	LEXU	2	code-model/routines.tsv	routine_name	LEXU	exact-name-ci	high
routine:LGMR120	routine	LGMR120	3				none	undetermined
routine:LL	routine	LL	3				none	undetermined
routine:LN	routine	LN	141				none	undetermined
routine:LOC	routine	LOC	3				none	undetermined
routine:LOCATION	routine	LOCATION	18				none	undetermined
routine:LOT	routine	LOT	3				none	undetermined
routine:LR215	routine	LR215	1	code-model/routines.tsv	routine_name	LR215	exact-name-ci	high
routine:LR281	routine	LR281	2				none	undetermined
routine:LR290	routine	LR290	2				none	undetermined
routine:LR7OSAP4	routine	LR7OSAP4	2	code-model/routines.tsv	routine_name	LR7OSAP4	exact-name-ci	high
routine:LRAA	routine	LRAA	2				none	undetermined
routine:LRAC	routine	LRAC	1	code-model/routines.tsv	routine_name	LRAC	exact-name-ci	high
routine:LRACFR	routine	LRACFR	2	code-model/routines.tsv	routine_name	LRACFR	exact-name-ci	high
routine:LRACSUM	routine	LRACSUM	1	code-model/routines.tsv	routine_name	LRACSUM	exact-name-ci	high
routine:LRAN	routine	LRAN	2				none	undetermined
routine:LRAPKOEU	routine	LRAPKOEU	1	code-model/routines.tsv	routine_name	LRAPKOEU	exact-name-ci	high
routine:LRARCHD	routine	LRARCHD	1	code-model/routines.tsv	routine_name	LRARCHD	exact-name-ci	high
routine:LRARCHIV	routine	LRARCHIV	3	code-model/routines.tsv	routine_name	LRARCHIV	exact-name-ci	high
routine:LRARLMW	routine	LRARLMW	1	code-model/routines.tsv	routine_name	LRARLMW	exact-name-ci	high
routine:LRARU	routine	LRARU	2	code-model/routines.tsv	routine_name	LRARU	exact-name-ci	high
routine:LRARU1	routine	LRARU1	2	code-model/routines.tsv	routine_name	LRARU1	exact-name-ci	high
routine:LRARVER	routine	LRARVER	1	code-model/routines.tsv	routine_name	LRARVER	exact-name-ci	high
routine:LRARWKD	routine	LRARWKD	1	code-model/routines.tsv	routine_name	LRARWKD	exact-name-ci	high
routine:LRBLD	routine	LRBLD	5	code-model/routines.tsv	routine_name	LRBLD	exact-name-ci	high
routine:LRBLDC	routine	LRBLDC	1	code-model/routines.tsv	routine_name	LRBLDC	exact-name-ci	high
routine:LRBLDED	routine	LRBLDED	1	code-model/routines.tsv	routine_name	LRBLDED	exact-name-ci	high
routine:LRBLDG	routine	LRBLDG	2				none	undetermined
routine:LRBLDL	routine	LRBLDL	2	code-model/routines.tsv	routine_name	LRBLDL	exact-name-ci	high
routine:LRBLDLG	routine	LRBLDLG	1	code-model/routines.tsv	routine_name	LRBLDLG	exact-name-ci	high
routine:LRBLDRR1	routine	LRBLDRR1	2	code-model/routines.tsv	routine_name	LRBLDRR1	exact-name-ci	high
routine:LRBLDT	routine	LRBLDT	1	code-model/routines.tsv	routine_name	LRBLDT	exact-name-ci	high
routine:LRBLJA	routine	LRBLJA	2	code-model/routines.tsv	routine_name	LRBLJA	exact-name-ci	high
routine:LRBLJD	routine	LRBLJD	2	code-model/routines.tsv	routine_name	LRBLJD	exact-name-ci	high
routine:LRBLJD1	routine	LRBLJD1	1	code-model/routines.tsv	routine_name	LRBLJD1	exact-name-ci	high
routine:LRBLJDM	routine	LRBLJDM	1	code-model/routines.tsv	routine_name	LRBLJDM	exact-name-ci	high
routine:LRBLJL	routine	LRBLJL	1	code-model/routines.tsv	routine_name	LRBLJL	exact-name-ci	high
routine:LRBLJLG	routine	LRBLJLG	1	code-model/routines.tsv	routine_name	LRBLJLG	exact-name-ci	high
routine:LRBLJM	routine	LRBLJM	1	code-model/routines.tsv	routine_name	LRBLJM	exact-name-ci	high
routine:LRBLP	routine	LRBLP	1	code-model/routines.tsv	routine_name	LRBLP	exact-name-ci	high
routine:LRBLPC	routine	LRBLPC	1	code-model/routines.tsv	routine_name	LRBLPC	exact-name-ci	high
routine:LRBLPCS	routine	LRBLPCS	1	code-model/routines.tsv	routine_name	LRBLPCS	exact-name-ci	high
routine:LRBLPUS	routine	LRBLPUS	3	code-model/routines.tsv	routine_name	LRBLPUS	exact-name-ci	high
routine:LRBLPX1	routine	LRBLPX1	2	code-model/routines.tsv	routine_name	LRBLPX1	exact-name-ci	high
routine:LRBLU	routine	LRBLU	3	code-model/routines.tsv	routine_name	LRBLU	exact-name-ci	high
routine:LREPIRP	routine	LREPIRP	1	code-model/routines.tsv	routine_name	LREPIRP	exact-name-ci	high
routine:LRFRSLT	routine	LRFRSLT	2	code-model/routines.tsv	routine_name	LRFRSLT	exact-name-ci	high
routine:LRHY0	routine	LRHY0	2	code-model/routines.tsv	routine_name	LRHY0	exact-name-ci	high
routine:LRHY01	routine	LRHY01	1	code-model/routines.tsv	routine_name	LRHY01	exact-name-ci	high
routine:LRHYAFT	routine	LRHYAFT	1	code-model/routines.tsv	routine_name	LRHYAFT	exact-name-ci	high
routine:LRHYBC1	routine	LRHYBC1	1	code-model/routines.tsv	routine_name	LRHYBC1	exact-name-ci	high
routine:LRHYF1	routine	LRHYF1	1	code-model/routines.tsv	routine_name	LRHYF1	exact-name-ci	high
routine:LRHYU	routine	LRHYU	2	code-model/routines.tsv	routine_name	LRHYU	exact-name-ci	high
routine:LRKILL	routine	LRKILL	3	code-model/routines.tsv	routine_name	LRKILL	exact-name-ci	high
routine:LRLAB	routine	LRLAB	6				none	undetermined
routine:LRMIBUG	routine	LRMIBUG	1	code-model/routines.tsv	routine_name	LRMIBUG	exact-name-ci	high
routine:LRMISR	routine	LRMISR	2	code-model/routines.tsv	routine_name	LRMISR	exact-name-ci	high
routine:LRPARAM	routine	LRPARAM	7	code-model/routines.tsv	routine_name	LRPARAM	exact-name-ci	high
routine:LRPROVI	routine	LRPROVI	2				none	undetermined
routine:LRPX	routine	LRPX	8	code-model/routines.tsv	routine_name	LRPX	exact-name-ci	high
routine:LRPXAPI	routine	LRPXAPI	2	code-model/routines.tsv	routine_name	LRPXAPI	exact-name-ci	high
routine:LRPXRM	routine	LRPXRM	2	code-model/routines.tsv	routine_name	LRPXRM	exact-name-ci	high
routine:LRRP2	routine	LRRP2	5	code-model/routines.tsv	routine_name	LRRP2	exact-name-ci	high
routine:LRRPU	routine	LRRPU	1	code-model/routines.tsv	routine_name	LRRPU	exact-name-ci	high
routine:LRU	routine	LRU	14	code-model/routines.tsv	routine_name	LRU	exact-name-ci	high
routine:LRUSER	routine	LRUSER	125				none	undetermined
routine:LRWD	routine	LRWD	1	code-model/routines.tsv	routine_name	LRWD	exact-name-ci	high
routine:LRX	routine	LRX	6	code-model/routines.tsv	routine_name	LRX	exact-name-ci	high
routine:LRX6	routine	LRX6	1				none	undetermined
routine:LRXREF	routine	LRXREF	2	code-model/routines.tsv	routine_name	LRXREF	exact-name-ci	high
routine:LRZTEST	routine	LRZTEST	1				none	undetermined
routine:M01	routine	M01	3				none	undetermined
routine:M02	routine	M02	2				none	undetermined
routine:M05	routine	M05	4				none	undetermined
routine:M08	routine	M08	2				none	undetermined
routine:MAD	routine	MAD	31				none	undetermined
routine:MAGBAPI	routine	MAGBAPI	6	code-model/routines.tsv	routine_name	MAGBAPI	exact-name-ci	high
routine:MAGCRPT	routine	MAGCRPT	2	code-model/routines.tsv	routine_name	MAGCRPT	exact-name-ci	high
routine:MAGD	routine	MAGD	5				none	undetermined
routine:MAGDDEL1	routine	MAGDDEL1	1				none	undetermined
routine:MAGDDEL2	routine	MAGDDEL2	1				none	undetermined
routine:MAGDDEL3	routine	MAGDDEL3	1				none	undetermined
routine:MAGDDR2	routine	MAGDDR2	1				none	undetermined
routine:MAGDHLS	routine	MAGDHLS	2	code-model/routines.tsv	routine_name	MAGDHLS	exact-name-ci	high
routine:MAGDIR3	routine	MAGDIR3	16				none	undetermined
routine:MAGDIR4A	routine	MAGDIR4A	9				none	undetermined
routine:MAGDLOGN	routine	MAGDLOGN	1				none	undetermined
routine:MAGDQR04	routine	MAGDQR04	1	code-model/routines.tsv	routine_name	MAGDQR04	exact-name-ci	high
routine:MAGDQR21	routine	MAGDQR21	2	code-model/routines.tsv	routine_name	MAGDQR21	exact-name-ci	high
routine:MAGDRAHL	routine	MAGDRAHL	2	code-model/routines.tsv	routine_name	MAGDRAHL	exact-name-ci	high
routine:MAGDRPC9	routine	MAGDRPC9	1	code-model/routines.tsv	routine_name	MAGDRPC9	exact-name-ci	high
routine:MAGGSQI	routine	MAGGSQI	1	code-model/routines.tsv	routine_name	MAGGSQI	exact-name-ci	high
routine:MAGGTU6	routine	MAGGTU6	1	code-model/routines.tsv	routine_name	MAGGTU6	exact-name-ci	high
routine:MAGMIM	routine	MAGMIM	1				none	undetermined
routine:MAGNETIC	routine	MAGNETIC	1				none	undetermined
routine:MAGQBPG1	routine	MAGQBPG1	2	code-model/routines.tsv	routine_name	MAGQBPG1	exact-name-ci	high
routine:MAGS2BSE	routine	MAGS2BSE	2	code-model/routines.tsv	routine_name	MAGS2BSE	exact-name-ci	high
routine:MAIDEN	routine	MAIDEN	3				none	undetermined
routine:MAIL	routine	MAIL	4				none	undetermined
routine:MALE	routine	MALE	4				none	undetermined
routine:MAR	routine	MAR	1				none	undetermined
routine:MAXIMUM	routine	MAXIMUM	3				none	undetermined
routine:MAY	routine	MAY	4				none	undetermined
routine:MCAR7A	routine	MCAR7A	1	code-model/routines.tsv	routine_name	MCAR7A	exact-name-ci	high
routine:MCARDBL	routine	MCARDBL	1	code-model/routines.tsv	routine_name	MCARDBL	exact-name-ci	high
routine:MCOR	routine	MCOR	3	code-model/routines.tsv	routine_name	MCOR	exact-name-ci	high
routine:MD	routine	MD	1				none	undetermined
routine:MDAPI1	routine	MDAPI1	2	code-model/routines.tsv	routine_name	MDAPI1	exact-name-ci	high
routine:MDARSET	routine	MDARSET	2	code-model/routines.tsv	routine_name	MDARSET	exact-name-ci	high
routine:MDC	routine	MDC	8				none	undetermined
routine:MDCLIO1	routine	MDCLIO1	3	code-model/routines.tsv	routine_name	MDCLIO1	exact-name-ci	high
routine:MDCONUTL	routine	MDCONUTL	2	code-model/routines.tsv	routine_name	MDCONUTL	exact-name-ci	high
routine:MDCPHL7A	routine	MDCPHL7A	1	code-model/routines.tsv	routine_name	MDCPHL7A	exact-name-ci	high
routine:MDCPVDEF	routine	MDCPVDEF	6	code-model/routines.tsv	routine_name	MDCPVDEF	exact-name-ci	high
routine:MDCVT	routine	MDCVT	10	code-model/routines.tsv	routine_name	MDCVT	exact-name-ci	high
routine:MDCVT1	routine	MDCVT1	2	code-model/routines.tsv	routine_name	MDCVT1	exact-name-ci	high
routine:MDDEVCL	routine	MDDEVCL	2	code-model/routines.tsv	routine_name	MDDEVCL	exact-name-ci	high
routine:MDHL7A	routine	MDHL7A	3	code-model/routines.tsv	routine_name	MDHL7A	exact-name-ci	high
routine:MDHL7XXX	routine	MDHL7XXX	2	code-model/routines.tsv	routine_name	MDHL7XXX	exact-name-ci	high
routine:MDRPCNT	routine	MDRPCNT	6	code-model/routines.tsv	routine_name	MDRPCNT	exact-name-ci	high
routine:MDRPCW	routine	MDRPCW	6	code-model/routines.tsv	routine_name	MDRPCW	exact-name-ci	high
routine:MDRPCW1	routine	MDRPCW1	3	code-model/routines.tsv	routine_name	MDRPCW1	exact-name-ci	high
routine:MDSTATU	routine	MDSTATU	2	code-model/routines.tsv	routine_name	MDSTATU	exact-name-ci	high
routine:MDSTUDL	routine	MDSTUDL	2	code-model/routines.tsv	routine_name	MDSTUDL	exact-name-ci	high
routine:MDSTUDW	routine	MDSTUDW	2	code-model/routines.tsv	routine_name	MDSTUDW	exact-name-ci	high
routine:MDTERM	routine	MDTERM	1	code-model/routines.tsv	routine_name	MDTERM	exact-name-ci	high
routine:MDWCAN	routine	MDWCAN	2	code-model/routines.tsv	routine_name	MDWCAN	exact-name-ci	high
routine:MDWOR	routine	MDWOR	2	code-model/routines.tsv	routine_name	MDWOR	exact-name-ci	high
routine:MDWORC	routine	MDWORC	2	code-model/routines.tsv	routine_name	MDWORC	exact-name-ci	high
routine:MDWORSR	routine	MDWORSR	4	code-model/routines.tsv	routine_name	MDWORSR	exact-name-ci	high
routine:MDWSETUP	routine	MDWSETUP	2	code-model/routines.tsv	routine_name	MDWSETUP	exact-name-ci	high
routine:MEANS	routine	MEANS	2				none	undetermined
routine:MED	routine	MED	1				none	undetermined
routine:MESSAGE	routine	MESSAGE	1				none	undetermined
routine:MF	routine	MF	3				none	undetermined
routine:MG	routine	MG	5				none	undetermined
routine:MI	routine	MI	1				none	undetermined
routine:MICU	routine	MICU	1				none	undetermined
routine:MIDNIGHT	routine	MIDNIGHT	1				none	undetermined
routine:MILE	routine	MILE	1				none	undetermined
routine:MILEAGE	routine	MILEAGE	2				none	undetermined
routine:MILES	routine	MILES	3				none	undetermined
routine:MILK	routine	MILK	2				none	undetermined
routine:MJCF	routine	MJCF	2				none	undetermined
routine:ML	routine	ML	3				none	undetermined
routine:MMRSCDI2	routine	MMRSCDI2	1	code-model/routines.tsv	routine_name	MMRSCDI2	exact-name-ci	high
routine:MO	routine	MO	6				none	undetermined
routine:MOMSMITH	routine	MOMSMITH	1				none	undetermined
routine:MOST	routine	MOST	3				none	undetermined
routine:MPI	routine	MPI	18				none	undetermined
routine:MPIF	routine	MPIF	41				none	undetermined
routine:MPIF001	routine	MPIF001	18	code-model/routines.tsv	routine_name	MPIF001	exact-name-ci	high
routine:MPIFA31B	routine	MPIFA31B	1	code-model/routines.tsv	routine_name	MPIFA31B	exact-name-ci	high
routine:MPIFA40	routine	MPIFA40	1	code-model/routines.tsv	routine_name	MPIFA40	exact-name-ci	high
routine:MPIFAPI	routine	MPIFAPI	8	code-model/routines.tsv	routine_name	MPIFAPI	exact-name-ci	high
routine:MPIFDNL	routine	MPIFDNL	2	code-model/routines.tsv	routine_name	MPIFDNL	exact-name-ci	high
routine:MPISAQ	routine	MPISAQ	1				none	undetermined
routine:MR	routine	MR	7				none	undetermined
routine:MRT	routine	MRT	4				none	undetermined
routine:MS102	routine	MS102	1				none	undetermined
routine:MS200	routine	MS200	1				none	undetermined
routine:MS400	routine	MS400	2				none	undetermined
routine:MSH	routine	MSH	1				none	undetermined
routine:MST	routine	MST	1				none	undetermined
routine:MUMPS	routine	MUMPS	109				none	undetermined
routine:MUP	routine	MUP	10				none	undetermined
routine:MW	routine	MW	4				none	undetermined
routine:MWI	routine	MWI	4				none	undetermined
routine:MXMLDOM	routine	MXMLDOM	55	code-model/routines.tsv	routine_name	MXMLDOM	exact-name-ci	high
routine:MXMLPRS0	routine	MXMLPRS0	1	code-model/routines.tsv	routine_name	MXMLPRS0	exact-name-ci	high
routine:MXMLPRSE	routine	MXMLPRSE	3	code-model/routines.tsv	routine_name	MXMLPRSE	exact-name-ci	high
routine:MXMLTEST	routine	MXMLTEST	1	code-model/routines.tsv	routine_name	MXMLTEST	exact-name-ci	high
routine:MXMLUTL	routine	MXMLUTL	11	code-model/routines.tsv	routine_name	MXMLUTL	exact-name-ci	high
routine:MY	routine	MY	6				none	undetermined
routine:MYROUTIN	routine	MYROUTIN	5				none	undetermined
routine:MYRTN	routine	MYRTN	1				none	undetermined
routine:N01	routine	N01	1				none	undetermined
routine:NAME	routine	NAME	14				none	undetermined
routine:NCMD	routine	NCMD	6				none	undetermined
routine:ND	routine	ND	8				none	undetermined
routine:NDC	routine	NDC	14				none	undetermined
routine:NDF	routine	NDF	2				none	undetermined
routine:NE	routine	NE	48				none	undetermined
routine:NEW	routine	NEW	8				none	undetermined
routine:NH	routine	NH	1				none	undetermined
routine:NHRIC	routine	NHRIC	2				none	undetermined
routine:NI	routine	NI	24				none	undetermined
routine:NO	routine	NO	92				none	undetermined
routine:NODE	routine	NODE	1				none	undetermined
routine:NON	routine	NON	6				none	undetermined
routine:NONE	routine	NONE	1				none	undetermined
routine:NOT	routine	NOT	6				none	undetermined
routine:NOTIFY	routine	NOTIFY	2				none	undetermined
routine:NOUN	routine	NOUN	4				none	undetermined
routine:NOW	routine	NOW	2				none	undetermined
routine:NPI	routine	NPI	13				none	undetermined
routine:NSC	routine	NSC	20				none	undetermined
routine:NT200	routine	NT200	1				none	undetermined
routine:NT300	routine	NT300	1				none	undetermined
routine:NT900	routine	NT900	1				none	undetermined
routine:NUCLEAR	routine	NUCLEAR	3				none	undetermined
routine:NURAAU0	routine	NURAAU0	1	code-model/routines.tsv	routine_name	NURAAU0	exact-name-ci	high
routine:NURAAU2	routine	NURAAU2	4	code-model/routines.tsv	routine_name	NURAAU2	exact-name-ci	high
routine:NURACE0	routine	NURACE0	2	code-model/routines.tsv	routine_name	NURACE0	exact-name-ci	high
routine:NURACEW	routine	NURACEW	2	code-model/routines.tsv	routine_name	NURACEW	exact-name-ci	high
routine:NURACEW0	routine	NURACEW0	2	code-model/routines.tsv	routine_name	NURACEW0	exact-name-ci	high
routine:NURACHDC	routine	NURACHDC	2	code-model/routines.tsv	routine_name	NURACHDC	exact-name-ci	high
routine:NURADMIN	routine	NURADMIN	13	code-model/routines.tsv	routine_name	NURADMIN	exact-name-ci	high
routine:NURAED0	routine	NURAED0	15	code-model/routines.tsv	routine_name	NURAED0	exact-name-ci	high
routine:NURAFSD	routine	NURAFSD	1	code-model/routines.tsv	routine_name	NURAFSD	exact-name-ci	high
routine:NURAMB3	routine	NURAMB3	1	code-model/routines.tsv	routine_name	NURAMB3	exact-name-ci	high
routine:NURAMH9	routine	NURAMH9	2	code-model/routines.tsv	routine_name	NURAMH9	exact-name-ci	high
routine:NURAMHE	routine	NURAMHE	1	code-model/routines.tsv	routine_name	NURAMHE	exact-name-ci	high
routine:NURARCR0	routine	NURARCR0	2	code-model/routines.tsv	routine_name	NURARCR0	exact-name-ci	high
routine:NURARNCT	routine	NURARNCT	1	code-model/routines.tsv	routine_name	NURARNCT	exact-name-ci	high
routine:NURARWL1	routine	NURARWL1	1	code-model/routines.tsv	routine_name	NURARWL1	exact-name-ci	high
routine:NURARWL7	routine	NURARWL7	2	code-model/routines.tsv	routine_name	NURARWL7	exact-name-ci	high
routine:NURCCPE	routine	NURCCPE	1	code-model/routines.tsv	routine_name	NURCCPE	exact-name-ci	high
routine:NURCES0	routine	NURCES0	1	code-model/routines.tsv	routine_name	NURCES0	exact-name-ci	high
routine:NURCEVE0	routine	NURCEVE0	1	code-model/routines.tsv	routine_name	NURCEVE0	exact-name-ci	high
routine:NURCEVP0	routine	NURCEVP0	1	code-model/routines.tsv	routine_name	NURCEVP0	exact-name-ci	high
routine:NURCHSUM	routine	NURCHSUM	1	code-model/routines.tsv	routine_name	NURCHSUM	exact-name-ci	high
routine:NURCPP0	routine	NURCPP0	1	code-model/routines.tsv	routine_name	NURCPP0	exact-name-ci	high
routine:NURCPPS1	routine	NURCPPS1	1	code-model/routines.tsv	routine_name	NURCPPS1	exact-name-ci	high
routine:NURCRL0	routine	NURCRL0	1	code-model/routines.tsv	routine_name	NURCRL0	exact-name-ci	high
routine:NURCVED0	routine	NURCVED0	1	code-model/routines.tsv	routine_name	NURCVED0	exact-name-ci	high
routine:NURCVED2	routine	NURCVED2	44	code-model/routines.tsv	routine_name	NURCVED2	exact-name-ci	high
routine:NURCVPR0	routine	NURCVPR0	5	code-model/routines.tsv	routine_name	NURCVPR0	exact-name-ci	high
routine:NURCVUT0	routine	NURCVUT0	3	code-model/routines.tsv	routine_name	NURCVUT0	exact-name-ci	high
routine:NURCYED0	routine	NURCYED0	3	code-model/routines.tsv	routine_name	NURCYED0	exact-name-ci	high
routine:NURCYRP0	routine	NURCYRP0	6	code-model/routines.tsv	routine_name	NURCYRP0	exact-name-ci	high
routine:NURQEDT0	routine	NURQEDT0	7	code-model/routines.tsv	routine_name	NURQEDT0	exact-name-ci	high
routine:NURQEDT1	routine	NURQEDT1	1	code-model/routines.tsv	routine_name	NURQEDT1	exact-name-ci	high
routine:NURQUTL1	routine	NURQUTL1	3	code-model/routines.tsv	routine_name	NURQUTL1	exact-name-ci	high
routine:NURS	routine	NURS	1	code-model/routines.tsv	routine_name	NURS	exact-name-ci	high
routine:NURSADEL	routine	NURSADEL	2	code-model/routines.tsv	routine_name	NURSADEL	exact-name-ci	high
routine:NURSAFU0	routine	NURSAFU0	5	code-model/routines.tsv	routine_name	NURSAFU0	exact-name-ci	high
routine:NURSAFUD	routine	NURSAFUD	4	code-model/routines.tsv	routine_name	NURSAFUD	exact-name-ci	high
routine:NURSAGSP	routine	NURSAGSP	1	code-model/routines.tsv	routine_name	NURSAGSP	exact-name-ci	high
routine:NURSAL0	routine	NURSAL0	1	code-model/routines.tsv	routine_name	NURSAL0	exact-name-ci	high
routine:NURSAWL0	routine	NURSAWL0	1	code-model/routines.tsv	routine_name	NURSAWL0	exact-name-ci	high
routine:NURSCPL	routine	NURSCPL	6	code-model/routines.tsv	routine_name	NURSCPL	exact-name-ci	high
routine:NURSCPLC	routine	NURSCPLC	1	code-model/routines.tsv	routine_name	NURSCPLC	exact-name-ci	high
routine:NURSCPLD	routine	NURSCPLD	1	code-model/routines.tsv	routine_name	NURSCPLD	exact-name-ci	high
routine:NURSCPLE	routine	NURSCPLE	3	code-model/routines.tsv	routine_name	NURSCPLE	exact-name-ci	high
routine:NURSCPLU	routine	NURSCPLU	2	code-model/routines.tsv	routine_name	NURSCPLU	exact-name-ci	high
routine:NURSCUTL	routine	NURSCUTL	4	code-model/routines.tsv	routine_name	NURSCUTL	exact-name-ci	high
routine:NURSE	routine	NURSE	1				none	undetermined
routine:NURSEP31	routine	NURSEP31	1	code-model/routines.tsv	routine_name	NURSEP31	exact-name-ci	high
routine:NURSEP3I	routine	NURSEP3I	1	code-model/routines.tsv	routine_name	NURSEP3I	exact-name-ci	high
routine:NURSEPCA	routine	NURSEPCA	1	code-model/routines.tsv	routine_name	NURSEPCA	exact-name-ci	high
routine:NURSEPD0	routine	NURSEPD0	1	code-model/routines.tsv	routine_name	NURSEPD0	exact-name-ci	high
routine:NURSEPD2	routine	NURSEPD2	1	code-model/routines.tsv	routine_name	NURSEPD2	exact-name-ci	high
routine:NURSEPIN	routine	NURSEPIN	1	code-model/routines.tsv	routine_name	NURSEPIN	exact-name-ci	high
routine:NURSEPML	routine	NURSEPML	1	code-model/routines.tsv	routine_name	NURSEPML	exact-name-ci	high
routine:NURSEXP	routine	NURSEXP	1	code-model/routines.tsv	routine_name	NURSEXP	exact-name-ci	high
routine:NURSFMU	routine	NURSFMU	4	code-model/routines.tsv	routine_name	NURSFMU	exact-name-ci	high
routine:NVSPRTU	routine	NVSPRTU	5				none	undetermined
routine:NW	routine	NW	13				none	undetermined
routine:NXJ3	routine	NXJ3	1				none	undetermined
routine:NXT	routine	NXT	6				none	undetermined
routine:NY	routine	NY	4				none	undetermined
routine:O01	routine	O01	18				none	undetermined
routine:O02	routine	O02	1				none	undetermined
routine:O05	routine	O05	2				none	undetermined
routine:O11	routine	O11	4				none	undetermined
routine:O13	routine	O13	39				none	undetermined
routine:O14	routine	O14	15				none	undetermined
routine:OCT	routine	OCT	15				none	undetermined
routine:OCXCACHE	routine	OCXCACHE	9	code-model/routines.tsv	routine_name	OCXCACHE	exact-name-ci	high
routine:OCXOERR	routine	OCXOERR	6	code-model/routines.tsv	routine_name	OCXOERR	exact-name-ci	high
routine:OERR	routine	OERR	4				none	undetermined
routine:OIF	routine	OIF	1				none	undetermined
routine:OL	routine	OL	1				none	undetermined
routine:ONCO	routine	ONCO	1				none	undetermined
routine:ONE	routine	ONE	72				none	undetermined
routine:ONETWO	routine	ONETWO	1				none	undetermined
routine:OOPS	routine	OOPS	6				none	undetermined
routine:OP	routine	OP	1				none	undetermined
routine:OP500	routine	OP500	1				none	undetermined
routine:OP600	routine	OP600	1				none	undetermined
routine:OPMOTHER	routine	OPMOTHER	2				none	undetermined
routine:OR	routine	OR	15	code-model/routines.tsv	routine_name	OR	exact-name-ci	high
routine:OR1	routine	OR1	3	code-model/routines.tsv	routine_name	OR1	exact-name-ci	high
routine:OR3CONV1	routine	OR3CONV1	1				none	undetermined
routine:ORACCES2	routine	ORACCES2	1	code-model/routines.tsv	routine_name	ORACCES2	exact-name-ci	high
routine:ORACCESS	routine	ORACCESS	1	code-model/routines.tsv	routine_name	ORACCESS	exact-name-ci	high
routine:ORAL	routine	ORAL	2				none	undetermined
routine:ORAM	routine	ORAM	5	code-model/routines.tsv	routine_name	ORAM	exact-name-ci	high
routine:ORB3	routine	ORB3	2	code-model/routines.tsv	routine_name	ORB3	exact-name-ci	high
routine:ORB31	routine	ORB31	8	code-model/routines.tsv	routine_name	ORB31	exact-name-ci	high
routine:ORB3F1	routine	ORB3F1	5	code-model/routines.tsv	routine_name	ORB3F1	exact-name-ci	high
routine:ORB3FUP1	routine	ORB3FUP1	8	code-model/routines.tsv	routine_name	ORB3FUP1	exact-name-ci	high
routine:ORB3FUP2	routine	ORB3FUP2	24	code-model/routines.tsv	routine_name	ORB3FUP2	exact-name-ci	high
routine:ORB3TIM1	routine	ORB3TIM1	2	code-model/routines.tsv	routine_name	ORB3TIM1	exact-name-ci	high
routine:ORB3TIM2	routine	ORB3TIM2	1	code-model/routines.tsv	routine_name	ORB3TIM2	exact-name-ci	high
routine:ORCD	routine	ORCD	3	code-model/routines.tsv	routine_name	ORCD	exact-name-ci	high
routine:ORCMGMCK	routine	ORCMGMCK	2	code-model/routines.tsv	routine_name	ORCMGMCK	exact-name-ci	high
routine:ORDD100	routine	ORDD100	8	code-model/routines.tsv	routine_name	ORDD100	exact-name-ci	high
routine:ORDD100A	routine	ORDD100A	4	code-model/routines.tsv	routine_name	ORDD100A	exact-name-ci	high
routine:ORDD43	routine	ORDD43	1	code-model/routines.tsv	routine_name	ORDD43	exact-name-ci	high
routine:ORDEBUG	routine	ORDEBUG	1	code-model/routines.tsv	routine_name	ORDEBUG	exact-name-ci	high
routine:ORDER	routine	ORDER	4				none	undetermined
routine:ORERR	routine	ORERR	6	code-model/routines.tsv	routine_name	ORERR	exact-name-ci	high
routine:ORGKEY	routine	ORGKEY	1				none	undetermined
routine:ORKCHK	routine	ORKCHK	9	code-model/routines.tsv	routine_name	ORKCHK	exact-name-ci	high
routine:ORM	routine	ORM	1	code-model/routines.tsv	routine_name	ORM	exact-name-ci	high
routine:ORMTIME	routine	ORMTIME	1	code-model/routines.tsv	routine_name	ORMTIME	exact-name-ci	high
routine:ORPXRM	routine	ORPXRM	4	code-model/routines.tsv	routine_name	ORPXRM	exact-name-ci	high
routine:ORQ1	routine	ORQ1	2	code-model/routines.tsv	routine_name	ORQ1	exact-name-ci	high
routine:ORQOR2	routine	ORQOR2	3	code-model/routines.tsv	routine_name	ORQOR2	exact-name-ci	high
routine:ORQPT	routine	ORQPT	1	code-model/routines.tsv	routine_name	ORQPT	exact-name-ci	high
routine:ORQPTQ1	routine	ORQPTQ1	1	code-model/routines.tsv	routine_name	ORQPTQ1	exact-name-ci	high
routine:ORQQCN	routine	ORQQCN	1	code-model/routines.tsv	routine_name	ORQQCN	exact-name-ci	high
routine:ORQQLR1	routine	ORQQLR1	12	code-model/routines.tsv	routine_name	ORQQLR1	exact-name-ci	high
routine:ORQQPXRM	routine	ORQQPXRM	1	code-model/routines.tsv	routine_name	ORQQPXRM	exact-name-ci	high
routine:ORQQVI3	routine	ORQQVI3	1				none	undetermined
routine:ORSMART	routine	ORSMART	4	code-model/routines.tsv	routine_name	ORSMART	exact-name-ci	high
routine:ORU	routine	ORU	2	code-model/routines.tsv	routine_name	ORU	exact-name-ci	high
routine:ORUHDR	routine	ORUHDR	1	code-model/routines.tsv	routine_name	ORUHDR	exact-name-ci	high
routine:ORUTL	routine	ORUTL	1	code-model/routines.tsv	routine_name	ORUTL	exact-name-ci	high
routine:ORWCV	routine	ORWCV	1	code-model/routines.tsv	routine_name	ORWCV	exact-name-ci	high
routine:ORWDAL32	routine	ORWDAL32	2	code-model/routines.tsv	routine_name	ORWDAL32	exact-name-ci	high
routine:ORWDPLM2	routine	ORWDPLM2	1	code-model/routines.tsv	routine_name	ORWDPLM2	exact-name-ci	high
routine:ORWDXA1	routine	ORWDXA1	1	code-model/routines.tsv	routine_name	ORWDXA1	exact-name-ci	high
routine:ORWORR	routine	ORWORR	1	code-model/routines.tsv	routine_name	ORWORR	exact-name-ci	high
routine:ORWTIU	routine	ORWTIU	1	code-model/routines.tsv	routine_name	ORWTIU	exact-name-ci	high
routine:ORWTPR	routine	ORWTPR	1	code-model/routines.tsv	routine_name	ORWTPR	exact-name-ci	high
routine:ORX2	routine	ORX2	5	code-model/routines.tsv	routine_name	ORX2	exact-name-ci	high
routine:ORX8	routine	ORX8	2	code-model/routines.tsv	routine_name	ORX8	exact-name-ci	high
routine:OS6745	routine	OS6745	2				none	undetermined
routine:OS790	routine	OS790	2				none	undetermined
routine:OT250	routine	OT250	1				none	undetermined
routine:OTH	routine	OTH	3				none	undetermined
routine:OTHERPKG	routine	OTHERPKG	2				none	undetermined
routine:P13	routine	P13	1				none	undetermined
routine:P2	routine	P2	8				none	undetermined
routine:P4	routine	P4	5				none	undetermined
routine:P6	routine	P6	2				none	undetermined
routine:PAGE	routine	PAGE	1				none	undetermined
routine:PAIN	routine	PAIN	3				none	undetermined
routine:PASSWORD	routine	PASSWORD	1				none	undetermined
routine:PASTE	routine	PASTE	1				none	undetermined
routine:PAT	routine	PAT	4				none	undetermined
routine:PATIENT	routine	PATIENT	20				none	undetermined
routine:PATNAME	routine	PATNAME	2				none	undetermined
routine:PAYABLE	routine	PAYABLE	1				none	undetermined
routine:PC	routine	PC	4				none	undetermined
routine:PD	routine	PD	12				none	undetermined
routine:PERIOD	routine	PERIOD	1				none	undetermined
routine:PERSON	routine	PERSON	4				none	undetermined
routine:PF	routine	PF	1				none	undetermined
routine:PFAS	routine	PFAS	1				none	undetermined
routine:PGX	routine	PGX	1				none	undetermined
routine:PH	routine	PH	65				none	undetermined
routine:PH000	routine	PH000	1				none	undetermined
routine:PHOENIX	routine	PHOENIX	2				none	undetermined
routine:PHONE	routine	PHONE	1				none	undetermined
routine:PI	routine	PI	24				none	undetermined
routine:PID	routine	PID	3				none	undetermined
routine:PKG	routine	PKG	2				none	undetermined
routine:PKGID999	routine	PKGID999	1				none	undetermined
routine:PLACE	routine	PLACE	2				none	undetermined
routine:PN	routine	PN	5				none	undetermined
routine:PO	routine	PO	9				none	undetermined
routine:POLICY	routine	POLICY	4				none	undetermined
routine:POS	routine	POS	1				none	undetermined
routine:PQ	routine	PQ	10				none	undetermined
routine:PR	routine	PR	9				none	undetermined
routine:PRA	routine	PRA	1				none	undetermined
routine:PRAS	routine	PRAS	1				none	undetermined
routine:PRC229	routine	PRC229	1	code-model/routines.tsv	routine_name	PRC229	exact-name-ci	high
routine:PRCA	routine	PRCA	8				none	undetermined
routine:PRCAAPI	routine	PRCAAPI	2	code-model/routines.tsv	routine_name	PRCAAPI	exact-name-ci	high
routine:PRCAFN	routine	PRCAFN	9	code-model/routines.tsv	routine_name	PRCAFN	exact-name-ci	high
routine:PRCALST	routine	PRCALST	1	code-model/routines.tsv	routine_name	PRCALST	exact-name-ci	high
routine:PRCASV1	routine	PRCASV1	1				none	undetermined
routine:PRCASVC	routine	PRCASVC	8	code-model/routines.tsv	routine_name	PRCASVC	exact-name-ci	high
routine:PRCASVC1	routine	PRCASVC1	1	code-model/routines.tsv	routine_name	PRCASVC1	exact-name-ci	high
routine:PRCAUT2	routine	PRCAUT2	4	code-model/routines.tsv	routine_name	PRCAUT2	exact-name-ci	high
routine:PRCCL406	routine	PRCCL406	1	code-model/routines.tsv	routine_name	PRCCL406	exact-name-ci	high
routine:PRCN2237	routine	PRCN2237	1	code-model/routines.tsv	routine_name	PRCN2237	exact-name-ci	high
routine:PRCNCMRP	routine	PRCNCMRP	2	code-model/routines.tsv	routine_name	PRCNCMRP	exact-name-ci	high
routine:PRCNCNCL	routine	PRCNCNCL	4	code-model/routines.tsv	routine_name	PRCNCNCL	exact-name-ci	high
routine:PRCNDISP	routine	PRCNDISP	2	code-model/routines.tsv	routine_name	PRCNDISP	exact-name-ci	high
routine:PRCNEQAP	routine	PRCNEQAP	1	code-model/routines.tsv	routine_name	PRCNEQAP	exact-name-ci	high
routine:PRCNOTHR	routine	PRCNOTHR	1	code-model/routines.tsv	routine_name	PRCNOTHR	exact-name-ci	high
routine:PRCNPEDT	routine	PRCNPEDT	2	code-model/routines.tsv	routine_name	PRCNPEDT	exact-name-ci	high
routine:PRCNPPM	routine	PRCNPPM	1	code-model/routines.tsv	routine_name	PRCNPPM	exact-name-ci	high
routine:PRCNREQE	routine	PRCNREQE	1	code-model/routines.tsv	routine_name	PRCNREQE	exact-name-ci	high
routine:PRCNREQN	routine	PRCNREQN	1	code-model/routines.tsv	routine_name	PRCNREQN	exact-name-ci	high
routine:PRCNRPT	routine	PRCNRPT	2	code-model/routines.tsv	routine_name	PRCNRPT	exact-name-ci	high
routine:PRCNRSMT	routine	PRCNRSMT	2	code-model/routines.tsv	routine_name	PRCNRSMT	exact-name-ci	high
routine:PRCNSERP	routine	PRCNSERP	1	code-model/routines.tsv	routine_name	PRCNSERP	exact-name-ci	high
routine:PRCNSTAT	routine	PRCNSTAT	3	code-model/routines.tsv	routine_name	PRCNSTAT	exact-name-ci	high
routine:PRCNTIPP	routine	PRCNTIPP	2	code-model/routines.tsv	routine_name	PRCNTIPP	exact-name-ci	high
routine:PRCNTIPR	routine	PRCNTIPR	1	code-model/routines.tsv	routine_name	PRCNTIPR	exact-name-ci	high
routine:PRCNTIWH	routine	PRCNTIWH	1	code-model/routines.tsv	routine_name	PRCNTIWH	exact-name-ci	high
routine:PRCNUTL	routine	PRCNUTL	7	code-model/routines.tsv	routine_name	PRCNUTL	exact-name-ci	high
routine:PRCNUTL1	routine	PRCNUTL1	1	code-model/routines.tsv	routine_name	PRCNUTL1	exact-name-ci	high
routine:PRCPRCOM	routine	PRCPRCOM	1	code-model/routines.tsv	routine_name	PRCPRCOM	exact-name-ci	high
routine:PRCST212	routine	PRCST212	3				none	undetermined
routine:PRCTBAR	routine	PRCTBAR	2	code-model/routines.tsv	routine_name	PRCTBAR	exact-name-ci	high
routine:PREVIOUS	routine	PREVIOUS	4				none	undetermined
routine:PRF	routine	PRF	5				none	undetermined
routine:PRFA	routine	PRFA	2				none	undetermined
routine:PRIMARY	routine	PRIMARY	1				none	undetermined
routine:PRINT	routine	PRINT	1				none	undetermined
routine:PRISONER	routine	PRISONER	1				none	undetermined
routine:PROTEIN	routine	PROTEIN	1				none	undetermined
routine:PROVIDER	routine	PROVIDER	8				none	undetermined
routine:PRPFCVT	routine	PRPFCVT	1				none	undetermined
routine:PRPFINIT	routine	PRPFINIT	3				none	undetermined
routine:PRQ	routine	PRQ	3				none	undetermined
routine:PRSADP	routine	PRSADP	1	code-model/routines.tsv	routine_name	PRSADP	exact-name-ci	high
routine:PRSADP2	routine	PRSADP2	4	code-model/routines.tsv	routine_name	PRSADP2	exact-name-ci	high
routine:PRSADPA	routine	PRSADPA	4	code-model/routines.tsv	routine_name	PRSADPA	exact-name-ci	high
routine:PRSAEDL	routine	PRSAEDL	2	code-model/routines.tsv	routine_name	PRSAEDL	exact-name-ci	high
routine:PRSAEDR	routine	PRSAEDR	1	code-model/routines.tsv	routine_name	PRSAEDR	exact-name-ci	high
routine:PRSALVB	routine	PRSALVB	3	code-model/routines.tsv	routine_name	PRSALVB	exact-name-ci	high
routine:PRSALVL	routine	PRSALVL	3	code-model/routines.tsv	routine_name	PRSALVL	exact-name-ci	high
routine:PRSAOTL	routine	PRSAOTL	3	code-model/routines.tsv	routine_name	PRSAOTL	exact-name-ci	high
routine:PRSAOTR	routine	PRSAOTR	1	code-model/routines.tsv	routine_name	PRSAOTR	exact-name-ci	high
routine:PRSAPT1	routine	PRSAPT1	3	code-model/routines.tsv	routine_name	PRSAPT1	exact-name-ci	high
routine:PRSASU	routine	PRSASU	3	code-model/routines.tsv	routine_name	PRSASU	exact-name-ci	high
routine:PRSATAPE	routine	PRSATAPE	2	code-model/routines.tsv	routine_name	PRSATAPE	exact-name-ci	high
routine:PRSATD1	routine	PRSATD1	2	code-model/routines.tsv	routine_name	PRSATD1	exact-name-ci	high
routine:PRSATE2	routine	PRSATE2	2	code-model/routines.tsv	routine_name	PRSATE2	exact-name-ci	high
routine:PRSATL	routine	PRSATL	4	code-model/routines.tsv	routine_name	PRSATL	exact-name-ci	high
routine:PRSATPG	routine	PRSATPG	3	code-model/routines.tsv	routine_name	PRSATPG	exact-name-ci	high
routine:PRSATPL	routine	PRSATPL	2	code-model/routines.tsv	routine_name	PRSATPL	exact-name-ci	high
routine:PRSATPX	routine	PRSATPX	4	code-model/routines.tsv	routine_name	PRSATPX	exact-name-ci	high
routine:PRSATVC	routine	PRSATVC	1	code-model/routines.tsv	routine_name	PRSATVC	exact-name-ci	high
routine:PRSDFIL	routine	PRSDFIL	1	code-model/routines.tsv	routine_name	PRSDFIL	exact-name-ci	high
routine:PRSDPRNT	routine	PRSDPRNT	4	code-model/routines.tsv	routine_name	PRSDPRNT	exact-name-ci	high
routine:PRSDPROC	routine	PRSDPROC	1	code-model/routines.tsv	routine_name	PRSDPROC	exact-name-ci	high
routine:PRSDV450	routine	PRSDV450	2	code-model/routines.tsv	routine_name	PRSDV450	exact-name-ci	high
routine:PRSECAL	routine	PRSECAL	1	code-model/routines.tsv	routine_name	PRSECAL	exact-name-ci	high
routine:PRSEDEL	routine	PRSEDEL	1	code-model/routines.tsv	routine_name	PRSEDEL	exact-name-ci	high
routine:PRSEDEL1	routine	PRSEDEL1	1	code-model/routines.tsv	routine_name	PRSEDEL1	exact-name-ci	high
routine:PRSEED0	routine	PRSEED0	5	code-model/routines.tsv	routine_name	PRSEED0	exact-name-ci	high
routine:PRSEED1	routine	PRSEED1	1	code-model/routines.tsv	routine_name	PRSEED1	exact-name-ci	high
routine:PRSEED10	routine	PRSEED10	1	code-model/routines.tsv	routine_name	PRSEED10	exact-name-ci	high
routine:PRSEED13	routine	PRSEED13	1	code-model/routines.tsv	routine_name	PRSEED13	exact-name-ci	high
routine:PRSEED14	routine	PRSEED14	1	code-model/routines.tsv	routine_name	PRSEED14	exact-name-ci	high
routine:PRSEED4	routine	PRSEED4	7	code-model/routines.tsv	routine_name	PRSEED4	exact-name-ci	high
routine:PRSEED5	routine	PRSEED5	1	code-model/routines.tsv	routine_name	PRSEED5	exact-name-ci	high
routine:PRSEED6	routine	PRSEED6	1	code-model/routines.tsv	routine_name	PRSEED6	exact-name-ci	high
routine:PRSEED8	routine	PRSEED8	1	code-model/routines.tsv	routine_name	PRSEED8	exact-name-ci	high
routine:PRSEEMP	routine	PRSEEMP	1	code-model/routines.tsv	routine_name	PRSEEMP	exact-name-ci	high
routine:PRSEEMP1	routine	PRSEEMP1	1	code-model/routines.tsv	routine_name	PRSEEMP1	exact-name-ci	high
routine:PRSEPMC	routine	PRSEPMC	1	code-model/routines.tsv	routine_name	PRSEPMC	exact-name-ci	high
routine:PRSEPMD4	routine	PRSEPMD4	1	code-model/routines.tsv	routine_name	PRSEPMD4	exact-name-ci	high
routine:PRSEPMD5	routine	PRSEPMD5	1	code-model/routines.tsv	routine_name	PRSEPMD5	exact-name-ci	high
routine:PRSEPOL0	routine	PRSEPOL0	1	code-model/routines.tsv	routine_name	PRSEPOL0	exact-name-ci	high
routine:PRSERSTR	routine	PRSERSTR	1	code-model/routines.tsv	routine_name	PRSERSTR	exact-name-ci	high
routine:PRSRAU1	routine	PRSRAU1	2	code-model/routines.tsv	routine_name	PRSRAU1	exact-name-ci	high
routine:PRSREX1	routine	PRSREX1	2	code-model/routines.tsv	routine_name	PRSREX1	exact-name-ci	high
routine:PRSRL1	routine	PRSRL1	3	code-model/routines.tsv	routine_name	PRSRL1	exact-name-ci	high
routine:PRSRL2	routine	PRSRL2	1	code-model/routines.tsv	routine_name	PRSRL2	exact-name-ci	high
routine:PRSRL4	routine	PRSRL4	1	code-model/routines.tsv	routine_name	PRSRL4	exact-name-ci	high
routine:PRSROT1	routine	PRSROT1	2	code-model/routines.tsv	routine_name	PRSROT1	exact-name-ci	high
routine:PRSRTLPR	routine	PRSRTLPR	1	code-model/routines.tsv	routine_name	PRSRTLPR	exact-name-ci	high
routine:PSB	routine	PSB	2				none	undetermined
routine:PSBIPM	routine	PSBIPM	6				none	undetermined
routine:PSDCOR	routine	PSDCOR	3	code-model/routines.tsv	routine_name	PSDCOR	exact-name-ci	high
routine:PSDSET	routine	PSDSET	4	code-model/routines.tsv	routine_name	PSDSET	exact-name-ci	high
routine:PSDTER	routine	PSDTER	1	code-model/routines.tsv	routine_name	PSDTER	exact-name-ci	high
routine:PSGFILD0	routine	PSGFILD0	1	code-model/routines.tsv	routine_name	PSGFILD0	exact-name-ci	high
routine:PSGMMAR	routine	PSGMMAR	1	code-model/routines.tsv	routine_name	PSGMMAR	exact-name-ci	high
routine:PSGSICH1	routine	PSGSICH1	4	code-model/routines.tsv	routine_name	PSGSICH1	exact-name-ci	high
routine:PSGW	routine	PSGW	2				none	undetermined
routine:PSGWBOI	routine	PSGWBOI	1	code-model/routines.tsv	routine_name	PSGWBOI	exact-name-ci	high
routine:PSGWBOS	routine	PSGWBOS	1	code-model/routines.tsv	routine_name	PSGWBOS	exact-name-ci	high
routine:PSGWEE	routine	PSGWEE	5	code-model/routines.tsv	routine_name	PSGWEE	exact-name-ci	high
routine:PSGWPIS	routine	PSGWPIS	1	code-model/routines.tsv	routine_name	PSGWPIS	exact-name-ci	high
routine:PSGWSET	routine	PSGWSET	4	code-model/routines.tsv	routine_name	PSGWSET	exact-name-ci	high
routine:PSIM	routine	PSIM	6				none	undetermined
routine:PSIZE	routine	PSIZE	4				none	undetermined
routine:PSJ53P1	routine	PSJ53P1	8	code-model/routines.tsv	routine_name	PSJ53P1	exact-name-ci	high
routine:PSJ53P46	routine	PSJ53P46	3	code-model/routines.tsv	routine_name	PSJ53P46	exact-name-ci	high
routine:PSJ59P5	routine	PSJ59P5	16	code-model/routines.tsv	routine_name	PSJ59P5	exact-name-ci	high
routine:PSJALG	routine	PSJALG	2	code-model/routines.tsv	routine_name	PSJALG	exact-name-ci	high
routine:PSJBCMA	routine	PSJBCMA	1	code-model/routines.tsv	routine_name	PSJBCMA	exact-name-ci	high
routine:PSJBCMA1	routine	PSJBCMA1	1	code-model/routines.tsv	routine_name	PSJBCMA1	exact-name-ci	high
routine:PSJBCMA2	routine	PSJBCMA2	1	code-model/routines.tsv	routine_name	PSJBCMA2	exact-name-ci	high
routine:PSJLMHED	routine	PSJLMHED	1	code-model/routines.tsv	routine_name	PSJLMHED	exact-name-ci	high
routine:PSJLMUTL	routine	PSJLMUTL	1	code-model/routines.tsv	routine_name	PSJLMUTL	exact-name-ci	high
routine:PSJPXRM1	routine	PSJPXRM1	2	code-model/routines.tsv	routine_name	PSJPXRM1	exact-name-ci	high
routine:PSN50612	routine	PSN50612	4	code-model/routines.tsv	routine_name	PSN50612	exact-name-ci	high
routine:PSN50625	routine	PSN50625	4	code-model/routines.tsv	routine_name	PSN50625	exact-name-ci	high
routine:PSN50626	routine	PSN50626	4	code-model/routines.tsv	routine_name	PSN50626	exact-name-ci	high
routine:PSN50627	routine	PSN50627	4	code-model/routines.tsv	routine_name	PSN50627	exact-name-ci	high
routine:PSN5067	routine	PSN5067	4	code-model/routines.tsv	routine_name	PSN5067	exact-name-ci	high
routine:PSN50P41	routine	PSN50P41	24	code-model/routines.tsv	routine_name	PSN50P41	exact-name-ci	high
routine:PSN50P6	routine	PSN50P6	8	code-model/routines.tsv	routine_name	PSN50P6	exact-name-ci	high
routine:PSN50P65	routine	PSN50P65	12	code-model/routines.tsv	routine_name	PSN50P65	exact-name-ci	high
routine:PSN50P67	routine	PSN50P67	4	code-model/routines.tsv	routine_name	PSN50P67	exact-name-ci	high
routine:PSN50P68	routine	PSN50P68	8	code-model/routines.tsv	routine_name	PSN50P68	exact-name-ci	high
routine:PSN56	routine	PSN56	8	code-model/routines.tsv	routine_name	PSN56	exact-name-ci	high
routine:PSNAPIS	routine	PSNAPIS	137	code-model/routines.tsv	routine_name	PSNAPIS	exact-name-ci	high
routine:PSNDF	routine	PSNDF	8				none	undetermined
routine:PSNDI	routine	PSNDI	12	code-model/routines.tsv	routine_name	PSNDI	exact-name-ci	high
routine:PSO	routine	PSO	5				none	undetermined
routine:PSO5241	routine	PSO5241	7	code-model/routines.tsv	routine_name	PSO5241	exact-name-ci	high
routine:PSO5252	routine	PSO5252	4	code-model/routines.tsv	routine_name	PSO5252	exact-name-ci	high
routine:PSO525AP	routine	PSO525AP	4	code-model/routines.tsv	routine_name	PSO525AP	exact-name-ci	high
routine:PSO5291	routine	PSO5291	4	code-model/routines.tsv	routine_name	PSO5291	exact-name-ci	high
routine:PSO52API	routine	PSO52API	12	code-model/routines.tsv	routine_name	PSO52API	exact-name-ci	high
routine:PSO52EX	routine	PSO52EX	12	code-model/routines.tsv	routine_name	PSO52EX	exact-name-ci	high
routine:PSO53	routine	PSO53	4	code-model/routines.tsv	routine_name	PSO53	exact-name-ci	high
routine:PSO59	routine	PSO59	4	code-model/routines.tsv	routine_name	PSO59	exact-name-ci	high
routine:PSOASAP	routine	PSOASAP	43	code-model/routines.tsv	routine_name	PSOASAP	exact-name-ci	high
routine:PSOCLUTL	routine	PSOCLUTL	1	code-model/routines.tsv	routine_name	PSOCLUTL	exact-name-ci	high
routine:PSODDPR4	routine	PSODDPR4	1	code-model/routines.tsv	routine_name	PSODDPR4	exact-name-ci	high
routine:PSODI	routine	PSODI	17	code-model/routines.tsv	routine_name	PSODI	exact-name-ci	high
routine:PSODRG	routine	PSODRG	1	code-model/routines.tsv	routine_name	PSODRG	exact-name-ci	high
routine:PSOFUNC	routine	PSOFUNC	1	code-model/routines.tsv	routine_name	PSOFUNC	exact-name-ci	high
routine:PSOLLU2	routine	PSOLLU2	6	code-model/routines.tsv	routine_name	PSOLLU2	exact-name-ci	high
routine:PSOLSET	routine	PSOLSET	3	code-model/routines.tsv	routine_name	PSOLSET	exact-name-ci	high
routine:PSOORDER	routine	PSOORDER	4	code-model/routines.tsv	routine_name	PSOORDER	exact-name-ci	high
routine:PSOORRL	routine	PSOORRL	1	code-model/routines.tsv	routine_name	PSOORRL	exact-name-ci	high
routine:PSOP	routine	PSOP	1	code-model/routines.tsv	routine_name	PSOP	exact-name-ci	high
routine:PSOPXRM1	routine	PSOPXRM1	4	code-model/routines.tsv	routine_name	PSOPXRM1	exact-name-ci	high
routine:PSORENW	routine	PSORENW	1	code-model/routines.tsv	routine_name	PSORENW	exact-name-ci	high
routine:PSOSIGDS	routine	PSOSIGDS	2	code-model/routines.tsv	routine_name	PSOSIGDS	exact-name-ci	high
routine:PSOTPHL2	routine	PSOTPHL2	9	code-model/routines.tsv	routine_name	PSOTPHL2	exact-name-ci	high
routine:PSOZRXU0	routine	PSOZRXU0	1				none	undetermined
routine:PSRX	routine	PSRX	1				none	undetermined
routine:PSS32P3	routine	PSS32P3	4	code-model/routines.tsv	routine_name	PSS32P3	exact-name-ci	high
routine:PSS32P5	routine	PSS32P5	4	code-model/routines.tsv	routine_name	PSS32P5	exact-name-ci	high
routine:PSS50	routine	PSS50	192	code-model/routines.tsv	routine_name	PSS50	exact-name-ci	high
routine:PSS50P4	routine	PSS50P4	4	code-model/routines.tsv	routine_name	PSS50P4	exact-name-ci	high
routine:PSS50P66	routine	PSS50P66	16	code-model/routines.tsv	routine_name	PSS50P66	exact-name-ci	high
routine:PSS50P7	routine	PSS50P7	28	code-model/routines.tsv	routine_name	PSS50P7	exact-name-ci	high
routine:PSS51	routine	PSS51	20	code-model/routines.tsv	routine_name	PSS51	exact-name-ci	high
routine:PSS51P1	routine	PSS51P1	36	code-model/routines.tsv	routine_name	PSS51P1	exact-name-ci	high
routine:PSS51P15	routine	PSS51P15	8	code-model/routines.tsv	routine_name	PSS51P15	exact-name-ci	high
routine:PSS51P2	routine	PSS51P2	12	code-model/routines.tsv	routine_name	PSS51P2	exact-name-ci	high
routine:PSS51P5	routine	PSS51P5	8	code-model/routines.tsv	routine_name	PSS51P5	exact-name-ci	high
routine:PSS52P6	routine	PSS52P6	32	code-model/routines.tsv	routine_name	PSS52P6	exact-name-ci	high
routine:PSS52P7	routine	PSS52P7	28	code-model/routines.tsv	routine_name	PSS52P7	exact-name-ci	high
routine:PSS54	routine	PSS54	8	code-model/routines.tsv	routine_name	PSS54	exact-name-ci	high
routine:PSS55	routine	PSS55	20	code-model/routines.tsv	routine_name	PSS55	exact-name-ci	high
routine:PSS55MIS	routine	PSS55MIS	4	code-model/routines.tsv	routine_name	PSS55MIS	exact-name-ci	high
routine:PSS59P7	routine	PSS59P7	4	code-model/routines.tsv	routine_name	PSS59P7	exact-name-ci	high
routine:PSS781	routine	PSS781	9	code-model/routines.tsv	routine_name	PSS781	exact-name-ci	high
routine:PSSADRPT	routine	PSSADRPT	1	code-model/routines.tsv	routine_name	PSSADRPT	exact-name-ci	high
routine:PSSDI	routine	PSSDI	36	code-model/routines.tsv	routine_name	PSSDI	exact-name-ci	high
routine:PSSDSAPD	routine	PSSDSAPD	15	code-model/routines.tsv	routine_name	PSSDSAPD	exact-name-ci	high
routine:PSSDSAPI	routine	PSSDSAPI	4	code-model/routines.tsv	routine_name	PSSDSAPI	exact-name-ci	high
routine:PSSDSFDB	routine	PSSDSFDB	1	code-model/routines.tsv	routine_name	PSSDSFDB	exact-name-ci	high
routine:PSSFILED	routine	PSSFILED	1	code-model/routines.tsv	routine_name	PSSFILED	exact-name-ci	high
routine:PSSFILES	routine	PSSFILES	4	code-model/routines.tsv	routine_name	PSSFILES	exact-name-ci	high
routine:PSSHDPG1	routine	PSSHDPG1	1	code-model/routines.tsv	routine_name	PSSHDPG1	exact-name-ci	high
routine:PSSHRIT	routine	PSSHRIT	3	code-model/routines.tsv	routine_name	PSSHRIT	exact-name-ci	high
routine:PSSHRQ2	routine	PSSHRQ2	4	code-model/routines.tsv	routine_name	PSSHRQ2	exact-name-ci	high
routine:PSSIIRPT	routine	PSSIIRPT	1	code-model/routines.tsv	routine_name	PSSIIRPT	exact-name-ci	high
routine:PSSIVDRG	routine	PSSIVDRG	2				none	undetermined
routine:PSSLDOSE	routine	PSSLDOSE	1	code-model/routines.tsv	routine_name	PSSLDOSE	exact-name-ci	high
routine:PSSMEDRQ	routine	PSSMEDRQ	1	code-model/routines.tsv	routine_name	PSSMEDRQ	exact-name-ci	high
routine:PSSMIRPT	routine	PSSMIRPT	1	code-model/routines.tsv	routine_name	PSSMIRPT	exact-name-ci	high
routine:PSSMRRDG	routine	PSSMRRDG	1	code-model/routines.tsv	routine_name	PSSMRRDG	exact-name-ci	high
routine:PSSPGX	routine	PSSPGX	4	code-model/routines.tsv	routine_name	PSSPGX	exact-name-ci	high
routine:PSSPGXOR	routine	PSSPGXOR	1	code-model/routines.tsv	routine_name	PSSPGXOR	exact-name-ci	high
routine:PSSPGXPR	routine	PSSPGXPR	1	code-model/routines.tsv	routine_name	PSSPGXPR	exact-name-ci	high
routine:PSSPRMIX	routine	PSSPRMIX	2	code-model/routines.tsv	routine_name	PSSPRMIX	exact-name-ci	high
routine:PSSPRUTL	routine	PSSPRUTL	1	code-model/routines.tsv	routine_name	PSSPRUTL	exact-name-ci	high
routine:PSSSCHRP	routine	PSSSCHRP	1	code-model/routines.tsv	routine_name	PSSSCHRP	exact-name-ci	high
routine:PSSTRENG	routine	PSSTRENG	1	code-model/routines.tsv	routine_name	PSSTRENG	exact-name-ci	high
routine:PSSWMAP	routine	PSSWMAP	2	code-model/routines.tsv	routine_name	PSSWMAP	exact-name-ci	high
routine:PSX550	routine	PSX550	8	code-model/routines.tsv	routine_name	PSX550	exact-name-ci	high
routine:PT	routine	PT	1				none	undetermined
routine:PTIEN	routine	PTIEN	4				none	undetermined
routine:PTYPE	routine	PTYPE	4				none	undetermined
routine:PULSE	routine	PULSE	7				none	undetermined
routine:PUPPY	routine	PUPPY	2				none	undetermined
routine:PV	routine	PV	2				none	undetermined
routine:PV1	routine	PV1	2				none	undetermined
routine:PXAPI	routine	PXAPI	17	code-model/routines.tsv	routine_name	PXAPI	exact-name-ci	high
routine:PXCA	routine	PXCA	3	code-model/routines.tsv	routine_name	PXCA	exact-name-ci	high
routine:PXCAEP	routine	PXCAEP	2				none	undetermined
routine:PXCE	routine	PXCE	1	code-model/routines.tsv	routine_name	PXCE	exact-name-ci	high
routine:PXPXRM	routine	PXPXRM	4	code-model/routines.tsv	routine_name	PXPXRM	exact-name-ci	high
routine:PXRM	routine	PXRM	1	code-model/routines.tsv	routine_name	PXRM	exact-name-ci	high
routine:PXRMETX	routine	PXRMETX	1	code-model/routines.tsv	routine_name	PXRMETX	exact-name-ci	high
routine:PXRMISE	routine	PXRMISE	2	code-model/routines.tsv	routine_name	PXRMISE	exact-name-ci	high
routine:PXRMXX	routine	PXRMXX	2	code-model/routines.tsv	routine_name	PXRMXX	exact-name-ci	high
routine:PXUTL1	routine	PXUTL1	2	code-model/routines.tsv	routine_name	PXUTL1	exact-name-ci	high
routine:Q02	routine	Q02	6				none	undetermined
routine:Q06	routine	Q06	2				none	undetermined
routine:Q1	routine	Q1	2				none	undetermined
routine:Q11	routine	Q11	2				none	undetermined
routine:Q13	routine	Q13	12				none	undetermined
routine:Q22	routine	Q22	17				none	undetermined
routine:Q4	routine	Q4	7				none	undetermined
routine:Q46H	routine	Q46H	3				none	undetermined
routine:QAM	routine	QAM	3				none	undetermined
routine:QAMUTL	routine	QAMUTL	2				none	undetermined
routine:QAOSXTRN	routine	QAOSXTRN	2	code-model/routines.tsv	routine_name	QAOSXTRN	exact-name-ci	high
routine:QAQAHOCZ	routine	QAQAHOCZ	1	code-model/routines.tsv	routine_name	QAQAHOCZ	exact-name-ci	high
routine:QAQAPGRP	routine	QAQAPGRP	2	code-model/routines.tsv	routine_name	QAQAPGRP	exact-name-ci	high
routine:QAQAUTL	routine	QAQAUTL	2	code-model/routines.tsv	routine_name	QAQAUTL	exact-name-ci	high
routine:QAQAXREF	routine	QAQAXREF	2	code-model/routines.tsv	routine_name	QAQAXREF	exact-name-ci	high
routine:QAQDATE	routine	QAQDATE	1	code-model/routines.tsv	routine_name	QAQDATE	exact-name-ci	high
routine:QD	routine	QD	3				none	undetermined
routine:QPM	routine	QPM	4				none	undetermined
routine:QRY	routine	QRY	1				none	undetermined
routine:QTY	routine	QTY	11				none	undetermined
routine:QUAL	routine	QUAL	1				none	undetermined
routine:R01	routine	R01	40				none	undetermined
routine:R04	routine	R04	1				none	undetermined
routine:R06	routine	R06	1				none	undetermined
routine:RAD	routine	RAD	4				none	undetermined
routine:RADFOUR	routine	RADFOUR	15				none	undetermined
routine:RADLQ1	routine	RADLQ1	1	code-model/routines.tsv	routine_name	RADLQ1	exact-name-ci	high
routine:RADTHREE	routine	RADTHREE	14				none	undetermined
routine:RAFLH	routine	RAFLH	10	code-model/routines.tsv	routine_name	RAFLH	exact-name-ci	high
routine:RAHLROUT	routine	RAHLROUT	10	code-model/routines.tsv	routine_name	RAHLROUT	exact-name-ci	high
routine:RAHLTCPB	routine	RAHLTCPB	2	code-model/routines.tsv	routine_name	RAHLTCPB	exact-name-ci	high
routine:RAMAINP	routine	RAMAINP	1	code-model/routines.tsv	routine_name	RAMAINP	exact-name-ci	high
routine:RAO7PC4	routine	RAO7PC4	1	code-model/routines.tsv	routine_name	RAO7PC4	exact-name-ci	high
routine:RAORDQ	routine	RAORDQ	2	code-model/routines.tsv	routine_name	RAORDQ	exact-name-ci	high
routine:RAPSET1	routine	RAPSET1	3	code-model/routines.tsv	routine_name	RAPSET1	exact-name-ci	high
routine:RAPXRM	routine	RAPXRM	2	code-model/routines.tsv	routine_name	RAPXRM	exact-name-ci	high
routine:RAR	routine	RAR	1				none	undetermined
routine:RARECOV	routine	RARECOV	2	code-model/routines.tsv	routine_name	RARECOV	exact-name-ci	high
routine:RARESTOR	routine	RARESTOR	1	code-model/routines.tsv	routine_name	RARESTOR	exact-name-ci	high
routine:RARIC	routine	RARIC	1	code-model/routines.tsv	routine_name	RARIC	exact-name-ci	high
routine:RASH	routine	RASH	2				none	undetermined
routine:RATE	routine	RATE	1				none	undetermined
routine:RAUTL14	routine	RAUTL14	1	code-model/routines.tsv	routine_name	RAUTL14	exact-name-ci	high
routine:RDE	routine	RDE	1				none	undetermined
routine:RE	routine	RE	26				none	undetermined
routine:RE101	routine	RE101	1				none	undetermined
routine:RE102	routine	RE102	3				none	undetermined
routine:RE105	routine	RE105	1				none	undetermined
routine:REA	routine	REA	4				none	undetermined
routine:RECEIVED	routine	RECEIVED	2				none	undetermined
routine:REDACTED	routine	REDACTED	2				none	undetermined
routine:REGULAR	routine	REGULAR	7				none	undetermined
routine:RELDT	routine	RELDT	8				none	undetermined
routine:RELEASE	routine	RELEASE	1				none	undetermined
routine:RELEASED	routine	RELEASED	4				none	undetermined
routine:REMARK	routine	REMARK	1				none	undetermined
routine:REMARKS	routine	REMARKS	1				none	undetermined
routine:REMIN	routine	REMIN	1				none	undetermined
routine:REP	routine	REP	1				none	undetermined
routine:REPORT	routine	REPORT	28				none	undetermined
routine:REQUIRED	routine	REQUIRED	2				none	undetermined
routine:RESJOB	routine	RESJOB	1				none	undetermined
routine:RESUBMIT	routine	RESUBMIT	1				none	undetermined
routine:RETURN	routine	RETURN	2				none	undetermined
routine:RETURNED	routine	RETURNED	1				none	undetermined
routine:RF	routine	RF	6				none	undetermined
routine:RFM	routine	RFM	4				none	undetermined
routine:RG	routine	RG	23				none	undetermined
routine:RGHLLOG	routine	RGHLLOG	3	code-model/routines.tsv	routine_name	RGHLLOG	exact-name-ci	high
routine:RGMTUT98	routine	RGMTUT98	1	code-model/routines.tsv	routine_name	RGMTUT98	exact-name-ci	high
routine:RGVCCMR2	routine	RGVCCMR2	1	code-model/routines.tsv	routine_name	RGVCCMR2	exact-name-ci	high
routine:RI	routine	RI	1				none	undetermined
routine:RICH	routine	RICH	3				none	undetermined
routine:RL	routine	RL	2				none	undetermined
routine:RMPRSIT	routine	RMPRSIT	1	code-model/routines.tsv	routine_name	RMPRSIT	exact-name-ci	high
routine:RN	routine	RN	1				none	undetermined
routine:ROBERT	routine	ROBERT	2				none	undetermined
routine:ROI	routine	ROI	1				none	undetermined
routine:RON	routine	RON	1				none	undetermined
routine:ROOM	routine	ROOM	4				none	undetermined
routine:ROREVT0	routine	ROREVT0	2				none	undetermined
routine:ROREVT01	routine	ROREVT01	10	code-model/routines.tsv	routine_name	ROREVT01	exact-name-ci	high
routine:ROU	routine	ROU	4				none	undetermined
routine:ROUTE	routine	ROUTE	4				none	undetermined
routine:ROUTINE	routine	ROUTINE	38				none	undetermined
routine:RS	routine	RS	1	code-model/routines.tsv	routine_name	RS	exact-name-ci	high
routine:RS300	routine	RS300	1				none	undetermined
routine:RSC	routine	RSC	1				none	undetermined
routine:RT10351	routine	RT10351	2				none	undetermined
routine:RTN	routine	RTN	1				none	undetermined
routine:RTSDT	routine	RTSDT	4				none	undetermined
routine:RX	routine	RX	5				none	undetermined
routine:SAM	routine	SAM	1				none	undetermined
routine:SAMPLE	routine	SAMPLE	3				none	undetermined
routine:SANTA	routine	SANTA	4				none	undetermined
routine:SC	routine	SC	16				none	undetermined
routine:SCAPMCA	routine	SCAPMCA	2	code-model/routines.tsv	routine_name	SCAPMCA	exact-name-ci	high
routine:SCLAVO	routine	SCLAVO	1				none	undetermined
routine:SCMCTSK	routine	SCMCTSK	1	code-model/routines.tsv	routine_name	SCMCTSK	exact-name-ci	high
routine:SCT	routine	SCT	1				none	undetermined
routine:SDACS	routine	SDACS	1	code-model/routines.tsv	routine_name	SDACS	exact-name-ci	high
routine:SDAM	routine	SDAM	5	code-model/routines.tsv	routine_name	SDAM	exact-name-ci	high
routine:SDAM1	routine	SDAM1	2	code-model/routines.tsv	routine_name	SDAM1	exact-name-ci	high
routine:SDAM10	routine	SDAM10	1	code-model/routines.tsv	routine_name	SDAM10	exact-name-ci	high
routine:SDAM3	routine	SDAM3	2	code-model/routines.tsv	routine_name	SDAM3	exact-name-ci	high
routine:SDAM5	routine	SDAM5	2	code-model/routines.tsv	routine_name	SDAM5	exact-name-ci	high
routine:SDAMA201	routine	SDAMA201	9	code-model/routines.tsv	routine_name	SDAMA201	exact-name-ci	high
routine:SDAMA202	routine	SDAMA202	2	code-model/routines.tsv	routine_name	SDAMA202	exact-name-ci	high
routine:SDAMA203	routine	SDAMA203	3	code-model/routines.tsv	routine_name	SDAMA203	exact-name-ci	high
routine:SDAMA204	routine	SDAMA204	6	code-model/routines.tsv	routine_name	SDAMA204	exact-name-ci	high
routine:SDAMA301	routine	SDAMA301	11	code-model/routines.tsv	routine_name	SDAMA301	exact-name-ci	high
routine:SDAMEP	routine	SDAMEP	4	code-model/routines.tsv	routine_name	SDAMEP	exact-name-ci	high
routine:SDAMQ1	routine	SDAMQ1	3	code-model/routines.tsv	routine_name	SDAMQ1	exact-name-ci	high
routine:SDAMQ3	routine	SDAMQ3	1	code-model/routines.tsv	routine_name	SDAMQ3	exact-name-ci	high
routine:SDAMQ4	routine	SDAMQ4	1	code-model/routines.tsv	routine_name	SDAMQ4	exact-name-ci	high
routine:SDAMQ5	routine	SDAMQ5	1	code-model/routines.tsv	routine_name	SDAMQ5	exact-name-ci	high
routine:SDAMU	routine	SDAMU	3	code-model/routines.tsv	routine_name	SDAMU	exact-name-ci	high
routine:SDCO21	routine	SDCO21	1	code-model/routines.tsv	routine_name	SDCO21	exact-name-ci	high
routine:SDCWL3	routine	SDCWL3	2	code-model/routines.tsv	routine_name	SDCWL3	exact-name-ci	high
routine:SDD	routine	SDD	2	code-model/routines.tsv	routine_name	SDD	exact-name-ci	high
routine:SDEC03	routine	SDEC03	9	code-model/routines.tsv	routine_name	SDEC03	exact-name-ci	high
routine:SDMHAP	routine	SDMHAP	1	code-model/routines.tsv	routine_name	SDMHAP	exact-name-ci	high
routine:SDMHAP1	routine	SDMHAP1	1	code-model/routines.tsv	routine_name	SDMHAP1	exact-name-ci	high
routine:SDMHNS	routine	SDMHNS	1	code-model/routines.tsv	routine_name	SDMHNS	exact-name-ci	high
routine:SDMHPRO	routine	SDMHPRO	1	code-model/routines.tsv	routine_name	SDMHPRO	exact-name-ci	high
routine:SDOE	routine	SDOE	40	code-model/routines.tsv	routine_name	SDOE	exact-name-ci	high
routine:SDOEOE	routine	SDOEOE	6	code-model/routines.tsv	routine_name	SDOEOE	exact-name-ci	high
routine:SDOERPC	routine	SDOERPC	1	code-model/routines.tsv	routine_name	SDOERPC	exact-name-ci	high
routine:SDQ	routine	SDQ	203	code-model/routines.tsv	routine_name	SDQ	exact-name-ci	high
routine:SDQUT	routine	SDQUT	125	code-model/routines.tsv	routine_name	SDQUT	exact-name-ci	high
routine:SDRPA04	routine	SDRPA04	1	code-model/routines.tsv	routine_name	SDRPA04	exact-name-ci	high
routine:SDRPA06	routine	SDRPA06	1	code-model/routines.tsv	routine_name	SDRPA06	exact-name-ci	high
routine:SDRRC15	routine	SDRRC15	1	code-model/routines.tsv	routine_name	SDRRC15	exact-name-ci	high
routine:SDRRC16	routine	SDRRC16	1	code-model/routines.tsv	routine_name	SDRRC16	exact-name-ci	high
routine:SDRRC17	routine	SDRRC17	1	code-model/routines.tsv	routine_name	SDRRC17	exact-name-ci	high
routine:SDRRC18	routine	SDRRC18	1	code-model/routines.tsv	routine_name	SDRRC18	exact-name-ci	high
routine:SDRRC20	routine	SDRRC20	1	code-model/routines.tsv	routine_name	SDRRC20	exact-name-ci	high
routine:SDRRINQ	routine	SDRRINQ	1	code-model/routines.tsv	routine_name	SDRRINQ	exact-name-ci	high
routine:SDRRISRA	routine	SDRRISRA	1	code-model/routines.tsv	routine_name	SDRRISRA	exact-name-ci	high
routine:SDRRISRD	routine	SDRRISRD	1	code-model/routines.tsv	routine_name	SDRRISRD	exact-name-ci	high
routine:SDRRISRL	routine	SDRRISRL	1	code-model/routines.tsv	routine_name	SDRRISRL	exact-name-ci	high
routine:SDRRISRU	routine	SDRRISRU	2	code-model/routines.tsv	routine_name	SDRRISRU	exact-name-ci	high
routine:SDRRISRX	routine	SDRRISRX	1	code-model/routines.tsv	routine_name	SDRRISRX	exact-name-ci	high
routine:SDRROR	routine	SDRROR	3	code-model/routines.tsv	routine_name	SDRROR	exact-name-ci	high
routine:SDSCAPI	routine	SDSCAPI	2	code-model/routines.tsv	routine_name	SDSCAPI	exact-name-ci	high
routine:SDSCCHK	routine	SDSCCHK	1	code-model/routines.tsv	routine_name	SDSCCHK	exact-name-ci	high
routine:SDSCEDT	routine	SDSCEDT	2	code-model/routines.tsv	routine_name	SDSCEDT	exact-name-ci	high
routine:SDSCLM	routine	SDSCLM	4	code-model/routines.tsv	routine_name	SDSCLM	exact-name-ci	high
routine:SDSCLM1	routine	SDSCLM1	4	code-model/routines.tsv	routine_name	SDSCLM1	exact-name-ci	high
routine:SDSCLST	routine	SDSCLST	5	code-model/routines.tsv	routine_name	SDSCLST	exact-name-ci	high
routine:SDSCMSR	routine	SDSCMSR	1	code-model/routines.tsv	routine_name	SDSCMSR	exact-name-ci	high
routine:SDSCNSCP	routine	SDSCNSCP	1	code-model/routines.tsv	routine_name	SDSCNSCP	exact-name-ci	high
routine:SDSCOMP	routine	SDSCOMP	2	code-model/routines.tsv	routine_name	SDSCOMP	exact-name-ci	high
routine:SDSCPRM	routine	SDSCPRM	1	code-model/routines.tsv	routine_name	SDSCPRM	exact-name-ci	high
routine:SDSCPRV	routine	SDSCPRV	1	code-model/routines.tsv	routine_name	SDSCPRV	exact-name-ci	high
routine:SDSCRP1	routine	SDSCRP1	1	code-model/routines.tsv	routine_name	SDSCRP1	exact-name-ci	high
routine:SDSCRP2	routine	SDSCRP2	1	code-model/routines.tsv	routine_name	SDSCRP2	exact-name-ci	high
routine:SDSCRPT1	routine	SDSCRPT1	5	code-model/routines.tsv	routine_name	SDSCRPT1	exact-name-ci	high
routine:SDSCSSD	routine	SDSCSSD	1	code-model/routines.tsv	routine_name	SDSCSSD	exact-name-ci	high
routine:SDSCUSR	routine	SDSCUSR	1	code-model/routines.tsv	routine_name	SDSCUSR	exact-name-ci	high
routine:SDUTL2	routine	SDUTL2	4	code-model/routines.tsv	routine_name	SDUTL2	exact-name-ci	high
routine:SDUTL3	routine	SDUTL3	15	code-model/routines.tsv	routine_name	SDUTL3	exact-name-ci	high
routine:SDVSIT2	routine	SDVSIT2	1	code-model/routines.tsv	routine_name	SDVSIT2	exact-name-ci	high
routine:SECURITY	routine	SECURITY	5				none	undetermined
routine:SELF	routine	SELF	5				none	undetermined
routine:SEQUENCE	routine	SEQUENCE	2				none	undetermined
routine:SERVICE	routine	SERVICE	9				none	undetermined
routine:SEX	routine	SEX	1				none	undetermined
routine:SGOT	routine	SGOT	12				none	undetermined
routine:SGPT	routine	SGPT	11				none	undetermined
routine:SHARING	routine	SHARING	2				none	undetermined
routine:SHAVKAT	routine	SHAVKAT	1				none	undetermined
routine:SHD	routine	SHD	1				none	undetermined
routine:SHINGLES	routine	SHINGLES	1				none	undetermined
routine:SI	routine	SI	1				none	undetermined
routine:SINGLE	routine	SINGLE	7				none	undetermined
routine:SITE	routine	SITE	2				none	undetermined
routine:SITENAME	routine	SITENAME	1				none	undetermined
routine:SIXTY	routine	SIXTY	9				none	undetermined
routine:SMITH	routine	SMITH	1				none	undetermined
routine:SO	routine	SO	5				none	undetermined
routine:SO7	routine	SO7	2				none	undetermined
routine:SODIUM	routine	SODIUM	12				none	undetermined
routine:SOFTWARE	routine	SOFTWARE	2				none	undetermined
routine:SOWKHIRM	routine	SOWKHIRM	1				none	undetermined
routine:SPECIAL	routine	SPECIAL	1				none	undetermined
routine:SR	routine	SR	2				none	undetermined
routine:SRAPURGE	routine	SRAPURGE	4				none	undetermined
routine:SRONIN	routine	SRONIN	1	code-model/routines.tsv	routine_name	SRONIN	exact-name-ci	high
routine:SROVAR	routine	SROVAR	2	code-model/routines.tsv	routine_name	SROVAR	exact-name-ci	high
routine:SS	routine	SS	7				none	undetermined
routine:SS10	routine	SS10	1				none	undetermined
routine:SS12	routine	SS12	1				none	undetermined
routine:SS16	routine	SS16	1				none	undetermined
routine:SS16P8L	routine	SS16P8L	1				none	undetermined
routine:SSA	routine	SSA	1				none	undetermined
routine:SSD	routine	SSD	1				none	undetermined
routine:SSDEND	routine	SSDEND	1				none	undetermined
routine:SSN	routine	SSN	13				none	undetermined
routine:SSR	routine	SSR	1				none	undetermined
routine:ST	routine	ST	26				none	undetermined
routine:ST847	routine	ST847	2				none	undetermined
routine:STATE	routine	STATE	4				none	undetermined
routine:STATUS	routine	STATUS	3				none	undetermined
routine:STATUS30	routine	STATUS30	1				none	undetermined
routine:STREET	routine	STREET	3				none	undetermined
routine:STRENGTH	routine	STRENGTH	16				none	undetermined
routine:STRIP	routine	STRIP	1				none	undetermined
routine:SUB	routine	SUB	3				none	undetermined
routine:SUBJECT	routine	SUBJECT	2				none	undetermined
routine:SUITE	routine	SUITE	4				none	undetermined
routine:SUP	routine	SUP	1				none	undetermined
routine:SUPERV	routine	SUPERV	1				none	undetermined
routine:SURGERY	routine	SURGERY	4				none	undetermined
routine:SYS	routine	SYS	4				none	undetermined
routine:T02	routine	T02	4				none	undetermined
routine:TAB	routine	TAB	11				none	undetermined
routine:TADD	routine	TADD	3				none	undetermined
routine:TAK	routine	TAK	1				none	undetermined
routine:TAKE	routine	TAKE	7				none	undetermined
routine:TB	routine	TB	4				none	undetermined
routine:TCM	routine	TCM	7				none	undetermined
routine:TECH	routine	TECH	16				none	undetermined
routine:TED	routine	TED	4				none	undetermined
routine:TEN	routine	TEN	2				none	undetermined
routine:TEST	routine	TEST	15	code-model/routines.tsv	routine_name	TEST	exact-name-ci	high
routine:TESTA	routine	TESTA	1				none	undetermined
routine:TESTING	routine	TESTING	10				none	undetermined
routine:TESTMAN	routine	TESTMAN	2				none	undetermined
routine:TEXT	routine	TEXT	2				none	undetermined
routine:TFL	routine	TFL	6				none	undetermined
routine:THING	routine	THING	2				none	undetermined
routine:THREE	routine	THREE	14				none	undetermined
routine:TIME	routine	TIME	1				none	undetermined
routine:TITLE	routine	TITLE	1				none	undetermined
routine:TIU	routine	TIU	2				none	undetermined
routine:TIU189	routine	TIU189	1	code-model/routines.tsv	routine_name	TIU189	exact-name-ci	high
routine:TIUCCRHL	routine	TIUCCRHL	5	code-model/routines.tsv	routine_name	TIUCCRHL	exact-name-ci	high
routine:TIUCHLP	routine	TIUCHLP	1	code-model/routines.tsv	routine_name	TIUCHLP	exact-name-ci	high
routine:TIUCNFIX	routine	TIUCNFIX	3	code-model/routines.tsv	routine_name	TIUCNFIX	exact-name-ci	high
routine:TIUCROBJ	routine	TIUCROBJ	1	code-model/routines.tsv	routine_name	TIUCROBJ	exact-name-ci	high
routine:TIUFIX1	routine	TIUFIX1	7	code-model/routines.tsv	routine_name	TIUFIX1	exact-name-ci	high
routine:TIUFIX2	routine	TIUFIX2	2	code-model/routines.tsv	routine_name	TIUFIX2	exact-name-ci	high
routine:TIUHL7	routine	TIUHL7	2	code-model/routines.tsv	routine_name	TIUHL7	exact-name-ci	high
routine:TIUHL7P1	routine	TIUHL7P1	6	code-model/routines.tsv	routine_name	TIUHL7P1	exact-name-ci	high
routine:TIULMED	routine	TIULMED	3	code-model/routines.tsv	routine_name	TIULMED	exact-name-ci	high
routine:TIULO	routine	TIULO	4	code-model/routines.tsv	routine_name	TIULO	exact-name-ci	high
routine:TIUMOBJ	routine	TIUMOBJ	1	code-model/routines.tsv	routine_name	TIUMOBJ	exact-name-ci	high
routine:TIUPNFIX	routine	TIUPNFIX	3	code-model/routines.tsv	routine_name	TIUPNFIX	exact-name-ci	high
routine:TIUPUTU	routine	TIUPUTU	2	code-model/routines.tsv	routine_name	TIUPUTU	exact-name-ci	high
routine:TIUSRVLO	routine	TIUSRVLO	1	code-model/routines.tsv	routine_name	TIUSRVLO	exact-name-ci	high
routine:TIUSRVT3	routine	TIUSRVT3	1	code-model/routines.tsv	routine_name	TIUSRVT3	exact-name-ci	high
routine:TIUTIUS	routine	TIUTIUS	7	code-model/routines.tsv	routine_name	TIUTIUS	exact-name-ci	high
routine:TJ	routine	TJ	3				none	undetermined
routine:TMP	routine	TMP	2				none	undetermined
routine:TN10	routine	TN10	1				none	undetermined
routine:TN101	routine	TN101	2				none	undetermined
routine:TN102	routine	TN102	3				none	undetermined
routine:TN403	routine	TN403	1				none	undetermined
routine:TOTAL	routine	TOTAL	1				none	undetermined
routine:TRADE	routine	TRADE	4				none	undetermined
routine:TRANSMIT	routine	TRANSMIT	4				none	undetermined
routine:TROY	routine	TROY	12				none	undetermined
routine:TWO	routine	TWO	22				none	undetermined
routine:TX	routine	TX	9				none	undetermined
routine:TYPE	routine	TYPE	1				none	undetermined
routine:UB	routine	UB	1				none	undetermined
routine:UNIT	routine	UNIT	1				none	undetermined
routine:UNITED	routine	UNITED	4				none	undetermined
routine:UNITS	routine	UNITS	4				none	undetermined
routine:UNK	routine	UNK	4				none	undetermined
routine:URIC	routine	URIC	1				none	undetermined
routine:USER	routine	USER	5				none	undetermined
routine:USER1	routine	USER1	4				none	undetermined
routine:USR	routine	USR	2				none	undetermined
routine:USVHA	routine	USVHA	2				none	undetermined
routine:UTAH	routine	UTAH	1				none	undetermined
routine:V797P	routine	V797P	6				none	undetermined
routine:VA	routine	VA	86				none	undetermined
routine:VA60	routine	VA60	8				none	undetermined
routine:VA62	routine	VA62	30				none	undetermined
routine:VADPT	routine	VADPT	102	code-model/routines.tsv	routine_name	VADPT	exact-name-ci	high
routine:VADPT2	routine	VADPT2	4	code-model/routines.tsv	routine_name	VADPT2	exact-name-ci	high
routine:VADPT6	routine	VADPT6	4	code-model/routines.tsv	routine_name	VADPT6	exact-name-ci	high
routine:VAFC	routine	VAFC	18				none	undetermined
routine:VAFCPID	routine	VAFCPID	1	code-model/routines.tsv	routine_name	VAFCPID	exact-name-ci	high
routine:VAFCQRY	routine	VAFCQRY	19	code-model/routines.tsv	routine_name	VAFCQRY	exact-name-ci	high
routine:VAFCTFU	routine	VAFCTFU	3	code-model/routines.tsv	routine_name	VAFCTFU	exact-name-ci	high
routine:VAFCTFU1	routine	VAFCTFU1	4	code-model/routines.tsv	routine_name	VAFCTFU1	exact-name-ci	high
routine:VAFHLEVN	routine	VAFHLEVN	1	code-model/routines.tsv	routine_name	VAFHLEVN	exact-name-ci	high
routine:VAFHLPID	routine	VAFHLPID	3	code-model/routines.tsv	routine_name	VAFHLPID	exact-name-ci	high
routine:VAFHLPV1	routine	VAFHLPV1	4	code-model/routines.tsv	routine_name	VAFHLPV1	exact-name-ci	high
routine:VAFHLZCL	routine	VAFHLZCL	1	code-model/routines.tsv	routine_name	VAFHLZCL	exact-name-ci	high
routine:VAFHLZEL	routine	VAFHLZEL	1	code-model/routines.tsv	routine_name	VAFHLZEL	exact-name-ci	high
routine:VAFHLZMH	routine	VAFHLZMH	1	code-model/routines.tsv	routine_name	VAFHLZMH	exact-name-ci	high
routine:VAFMON	routine	VAFMON	4	code-model/routines.tsv	routine_name	VAFMON	exact-name-ci	high
routine:VALM	routine	VALM	33	code-model/routines.tsv	routine_name	VALM	exact-name-ci	high
routine:VALM1	routine	VALM1	117	code-model/routines.tsv	routine_name	VALM1	exact-name-ci	high
routine:VALM10	routine	VALM10	117	code-model/routines.tsv	routine_name	VALM10	exact-name-ci	high
routine:VALM2	routine	VALM2	18	code-model/routines.tsv	routine_name	VALM2	exact-name-ci	high
routine:VALM4	routine	VALM4	6	code-model/routines.tsv	routine_name	VALM4	exact-name-ci	high
routine:VALUE	routine	VALUE	3				none	undetermined
routine:VANLT	routine	VANLT	22				none	undetermined
routine:VAQADS01	routine	VAQADS01	1	code-model/routines.tsv	routine_name	VAQADS01	exact-name-ci	high
routine:VAQREQ06	routine	VAQREQ06	2	code-model/routines.tsv	routine_name	VAQREQ06	exact-name-ci	high
routine:VAQUIN01	routine	VAQUIN01	3	code-model/routines.tsv	routine_name	VAQUIN01	exact-name-ci	high
routine:VASITE	routine	VASITE	20	code-model/routines.tsv	routine_name	VASITE	exact-name-ci	high
routine:VASITE0	routine	VASITE0	2	code-model/routines.tsv	routine_name	VASITE0	exact-name-ci	high
routine:VC	routine	VC	1				none	undetermined
routine:VDEFCONT	routine	VDEFCONT	3	code-model/routines.tsv	routine_name	VDEFCONT	exact-name-ci	high
routine:VDEFEL	routine	VDEFEL	15	code-model/routines.tsv	routine_name	VDEFEL	exact-name-ci	high
routine:VDEFMON	routine	VDEFMON	4	code-model/routines.tsv	routine_name	VDEFMON	exact-name-ci	high
routine:VDEFQM	routine	VDEFQM	5	code-model/routines.tsv	routine_name	VDEFQM	exact-name-ci	high
routine:VDEFREQ	routine	VDEFREQ	8	code-model/routines.tsv	routine_name	VDEFREQ	exact-name-ci	high
routine:VDEFVU	routine	VDEFVU	3	code-model/routines.tsv	routine_name	VDEFVU	exact-name-ci	high
routine:VENDOR	routine	VENDOR	8				none	undetermined
routine:VERB	routine	VERB	4				none	undetermined
routine:VERIFIED	routine	VERIFIED	3				none	undetermined
routine:VERIFY	routine	VERIFY	5				none	undetermined
routine:VETERAN	routine	VETERAN	4				none	undetermined
routine:VEXYZ3IN	routine	VEXYZ3IN	1				none	undetermined
routine:VHA	routine	VHA	6				none	undetermined
routine:VI	routine	VI	3				none	undetermined
routine:VIAATRI	routine	VIAATRI	14	code-model/routines.tsv	routine_name	VIAATRI	exact-name-ci	high
routine:VIC	routine	VIC	2				none	undetermined
routine:VIETNAM	routine	VIETNAM	3				none	undetermined
routine:VISIT	routine	VISIT	11				none	undetermined
routine:VISTA49	routine	VISTA49	7				none	undetermined
routine:VMS	routine	VMS	1				none	undetermined
routine:VN	routine	VN	4				none	undetermined
routine:VOL	routine	VOL	1				none	undetermined
routine:VOLMAN	routine	VOLMAN	4				none	undetermined
routine:VOLMAN2	routine	VOLMAN2	2				none	undetermined
routine:VPM	routine	VPM	1				none	undetermined
routine:VPRD	routine	VPRD	5	code-model/routines.tsv	routine_name	VPRD	exact-name-ci	high
routine:VPRDCRC	routine	VPRDCRC	2	code-model/routines.tsv	routine_name	VPRDCRC	exact-name-ci	high
routine:VPRDJ	routine	VPRDJ	3	code-model/routines.tsv	routine_name	VPRDJ	exact-name-ci	high
routine:VPRHS	routine	VPRHS	57	code-model/routines.tsv	routine_name	VPRHS	exact-name-ci	high
routine:VPRSDAL	routine	VPRSDAL	1	code-model/routines.tsv	routine_name	VPRSDAL	exact-name-ci	high
routine:VPRSDAQ	routine	VPRSDAQ	1	code-model/routines.tsv	routine_name	VPRSDAQ	exact-name-ci	high
routine:VPRZCTP	routine	VPRZCTP	7				none	undetermined
routine:VSIT	routine	VSIT	9	code-model/routines.tsv	routine_name	VSIT	exact-name-ci	high
routine:VSITKIL	routine	VSITKIL	1	code-model/routines.tsv	routine_name	VSITKIL	exact-name-ci	high
routine:VT101	routine	VT101	1				none	undetermined
routine:VT400	routine	VT400	1				none	undetermined
routine:VT502	routine	VT502	1				none	undetermined
routine:VTB255	routine	VTB255	1				none	undetermined
routine:WA	routine	WA	1				none	undetermined
routine:WAIT	routine	WAIT	1				none	undetermined
routine:WARD	routine	WARD	17				none	undetermined
routine:WAS	routine	WAS	8				none	undetermined
routine:WEIGHT	routine	WEIGHT	7				none	undetermined
routine:WHITE	routine	WHITE	6				none	undetermined
routine:WHO	routine	WHO	1				none	undetermined
routine:WIIACT4	routine	WIIACT4	1	code-model/routines.tsv	routine_name	WIIACT4	exact-name-ci	high
routine:WIIGATD	routine	WIIGATD	1	code-model/routines.tsv	routine_name	WIIGATD	exact-name-ci	high
routine:WIILM	routine	WIILM	4	code-model/routines.tsv	routine_name	WIILM	exact-name-ci	high
routine:WIILM01	routine	WIILM01	5	code-model/routines.tsv	routine_name	WIILM01	exact-name-ci	high
routine:WIILM02	routine	WIILM02	2	code-model/routines.tsv	routine_name	WIILM02	exact-name-ci	high
routine:WIILM03	routine	WIILM03	1	code-model/routines.tsv	routine_name	WIILM03	exact-name-ci	high
routine:WIILM04	routine	WIILM04	1	code-model/routines.tsv	routine_name	WIILM04	exact-name-ci	high
routine:WIISERV	routine	WIISERV	1	code-model/routines.tsv	routine_name	WIISERV	exact-name-ci	high
routine:WILL	routine	WILL	9				none	undetermined
routine:WRITE	routine	WRITE	2				none	undetermined
routine:WT	routine	WT	9				none	undetermined
routine:WY	routine	WY	1				none	undetermined
routine:WYETH	routine	WYETH	1				none	undetermined
routine:X12	routine	X12	1				none	undetermined
routine:XA105	routine	XA105	1				none	undetermined
routine:XDRDEDT	routine	XDRDEDT	1	code-model/routines.tsv	routine_name	XDRDEDT	exact-name-ci	high
routine:XDRDVAL	routine	XDRDVAL	4	code-model/routines.tsv	routine_name	XDRDVAL	exact-name-ci	high
routine:XDRMAINI	routine	XDRMAINI	1	code-model/routines.tsv	routine_name	XDRMAINI	exact-name-ci	high
routine:XDRMERG	routine	XDRMERG	9	code-model/routines.tsv	routine_name	XDRMERG	exact-name-ci	high
routine:XDRMERG2	routine	XDRMERG2	1	code-model/routines.tsv	routine_name	XDRMERG2	exact-name-ci	high
routine:XDRMERGB	routine	XDRMERGB	4	code-model/routines.tsv	routine_name	XDRMERGB	exact-name-ci	high
routine:XDRMVFY	routine	XDRMVFY	1	code-model/routines.tsv	routine_name	XDRMVFY	exact-name-ci	high
routine:XDRU1	routine	XDRU1	1	code-model/routines.tsv	routine_name	XDRU1	exact-name-ci	high
routine:XGF	routine	XGF	215	code-model/routines.tsv	routine_name	XGF	exact-name-ci	high
routine:XGFDEMO	routine	XGFDEMO	1	code-model/routines.tsv	routine_name	XGFDEMO	exact-name-ci	high
routine:XGLMSG	routine	XGLMSG	2				none	undetermined
routine:XINDEX	routine	XINDEX	21	code-model/routines.tsv	routine_name	XINDEX	exact-name-ci	high
routine:XIPUTIL	routine	XIPUTIL	29	code-model/routines.tsv	routine_name	XIPUTIL	exact-name-ci	high
routine:XLF	routine	XLF	1				none	undetermined
routine:XLFCRC	routine	XLFCRC	24	code-model/routines.tsv	routine_name	XLFCRC	exact-name-ci	high
routine:XLFD	routine	XLFD	1				none	undetermined
routine:XLFDT	routine	XLFDT	254	code-model/routines.tsv	routine_name	XLFDT	exact-name-ci	high
routine:XLFHYPER	routine	XLFHYPER	61	code-model/routines.tsv	routine_name	XLFHYPER	exact-name-ci	high
routine:XLFIPV	routine	XLFIPV	57	code-model/routines.tsv	routine_name	XLFIPV	exact-name-ci	high
routine:XLFJSON	routine	XLFJSON	20	code-model/routines.tsv	routine_name	XLFJSON	exact-name-ci	high
routine:XLFMSMT	routine	XLFMSMT	40	code-model/routines.tsv	routine_name	XLFMSMT	exact-name-ci	high
routine:XLFMTH	routine	XLFMTH	195	code-model/routines.tsv	routine_name	XLFMTH	exact-name-ci	high
routine:XLFNAME	routine	XLFNAME	121	code-model/routines.tsv	routine_name	XLFNAME	exact-name-ci	high
routine:XLFNAME2	routine	XLFNAME2	12	code-model/routines.tsv	routine_name	XLFNAME2	exact-name-ci	high
routine:XLFNSLK	routine	XLFNSLK	37	code-model/routines.tsv	routine_name	XLFNSLK	exact-name-ci	high
routine:XLFSHAN	routine	XLFSHAN	61	code-model/routines.tsv	routine_name	XLFSHAN	exact-name-ci	high
routine:XLFSTR	routine	XLFSTR	101	code-model/routines.tsv	routine_name	XLFSTR	exact-name-ci	high
routine:XLFUTL	routine	XLFUTL	39	code-model/routines.tsv	routine_name	XLFUTL	exact-name-ci	high
routine:XM	routine	XM	57	code-model/routines.tsv	routine_name	XM	exact-name-ci	high
routine:XMA	routine	XMA	3	code-model/routines.tsv	routine_name	XMA	exact-name-ci	high
routine:XMA0	routine	XMA0	9	code-model/routines.tsv	routine_name	XMA0	exact-name-ci	high
routine:XMA02	routine	XMA02	1				none	undetermined
routine:XMA03	routine	XMA03	3	code-model/routines.tsv	routine_name	XMA03	exact-name-ci	high
routine:XMA11	routine	XMA11	3	code-model/routines.tsv	routine_name	XMA11	exact-name-ci	high
routine:XMA11A	routine	XMA11A	3	code-model/routines.tsv	routine_name	XMA11A	exact-name-ci	high
routine:XMA1B	routine	XMA1B	9	code-model/routines.tsv	routine_name	XMA1B	exact-name-ci	high
routine:XMA1C	routine	XMA1C	6	code-model/routines.tsv	routine_name	XMA1C	exact-name-ci	high
routine:XMA2	routine	XMA2	6	code-model/routines.tsv	routine_name	XMA2	exact-name-ci	high
routine:XMA21	routine	XMA21	16	code-model/routines.tsv	routine_name	XMA21	exact-name-ci	high
routine:XMA2B	routine	XMA2B	1	code-model/routines.tsv	routine_name	XMA2B	exact-name-ci	high
routine:XMA2R	routine	XMA2R	6	code-model/routines.tsv	routine_name	XMA2R	exact-name-ci	high
routine:XMA3	routine	XMA3	4	code-model/routines.tsv	routine_name	XMA3	exact-name-ci	high
routine:XMAD2	routine	XMAD2	3	code-model/routines.tsv	routine_name	XMAD2	exact-name-ci	high
routine:XMADGO	routine	XMADGO	3	code-model/routines.tsv	routine_name	XMADGO	exact-name-ci	high
routine:XMAFTP	routine	XMAFTP	2	code-model/routines.tsv	routine_name	XMAFTP	exact-name-ci	high
routine:XMAH	routine	XMAH	3	code-model/routines.tsv	routine_name	XMAH	exact-name-ci	high
routine:XMAH1	routine	XMAH1	3	code-model/routines.tsv	routine_name	XMAH1	exact-name-ci	high
routine:XMAHOST	routine	XMAHOST	1				none	undetermined
routine:XMAI2	routine	XMAI2	1	code-model/routines.tsv	routine_name	XMAI2	exact-name-ci	high
routine:XMAPHOST	routine	XMAPHOST	4	code-model/routines.tsv	routine_name	XMAPHOST	exact-name-ci	high
routine:XMB	routine	XMB	7	code-model/routines.tsv	routine_name	XMB	exact-name-ci	high
routine:XMBGRP	routine	XMBGRP	6	code-model/routines.tsv	routine_name	XMBGRP	exact-name-ci	high
routine:XMC1	routine	XMC1	4	code-model/routines.tsv	routine_name	XMC1	exact-name-ci	high
routine:XMC11	routine	XMC11	3	code-model/routines.tsv	routine_name	XMC11	exact-name-ci	high
routine:XMCB	routine	XMCB	4	code-model/routines.tsv	routine_name	XMCB	exact-name-ci	high
routine:XMCD	routine	XMCD	3	code-model/routines.tsv	routine_name	XMCD	exact-name-ci	high
routine:XMCE	routine	XMCE	4	code-model/routines.tsv	routine_name	XMCE	exact-name-ci	high
routine:XMCP	routine	XMCP	1	code-model/routines.tsv	routine_name	XMCP	exact-name-ci	high
routine:XMCQ	routine	XMCQ	2	code-model/routines.tsv	routine_name	XMCQ	exact-name-ci	high
routine:XMCQA	routine	XMCQA	2	code-model/routines.tsv	routine_name	XMCQA	exact-name-ci	high
routine:XMCQH	routine	XMCQH	1	code-model/routines.tsv	routine_name	XMCQH	exact-name-ci	high
routine:XMCTLK	routine	XMCTLK	4	code-model/routines.tsv	routine_name	XMCTLK	exact-name-ci	high
routine:XMCU1	routine	XMCU1	12	code-model/routines.tsv	routine_name	XMCU1	exact-name-ci	high
routine:XMCX	routine	XMCX	3	code-model/routines.tsv	routine_name	XMCX	exact-name-ci	high
routine:XMCXT	routine	XMCXT	1	code-model/routines.tsv	routine_name	XMCXT	exact-name-ci	high
routine:XMD	routine	XMD	17	code-model/routines.tsv	routine_name	XMD	exact-name-ci	high
routine:XMDIR1	routine	XMDIR1	1	code-model/routines.tsv	routine_name	XMDIR1	exact-name-ci	high
routine:XMDIR1B	routine	XMDIR1B	1	code-model/routines.tsv	routine_name	XMDIR1B	exact-name-ci	high
routine:XMDIRQST	routine	XMDIRQST	5	code-model/routines.tsv	routine_name	XMDIRQST	exact-name-ci	high
routine:XMGAPI0	routine	XMGAPI0	6	code-model/routines.tsv	routine_name	XMGAPI0	exact-name-ci	high
routine:XMGAPI1	routine	XMGAPI1	3	code-model/routines.tsv	routine_name	XMGAPI1	exact-name-ci	high
routine:XMGAPI2	routine	XMGAPI2	3	code-model/routines.tsv	routine_name	XMGAPI2	exact-name-ci	high
routine:XMGAPI3	routine	XMGAPI3	4	code-model/routines.tsv	routine_name	XMGAPI3	exact-name-ci	high
routine:XMHIG	routine	XMHIG	1	code-model/routines.tsv	routine_name	XMHIG	exact-name-ci	high
routine:XMHIU	routine	XMHIU	1	code-model/routines.tsv	routine_name	XMHIU	exact-name-ci	high
routine:XMJBL	routine	XMJBL	1	code-model/routines.tsv	routine_name	XMJBL	exact-name-ci	high
routine:XMJBM	routine	XMJBM	1	code-model/routines.tsv	routine_name	XMJBM	exact-name-ci	high
routine:XMJBN	routine	XMJBN	1	code-model/routines.tsv	routine_name	XMJBN	exact-name-ci	high
routine:XMJMBULL	routine	XMJMBULL	1	code-model/routines.tsv	routine_name	XMJMBULL	exact-name-ci	high
routine:XMJMD	routine	XMJMD	2	code-model/routines.tsv	routine_name	XMJMD	exact-name-ci	high
routine:XMJMF	routine	XMJMF	2	code-model/routines.tsv	routine_name	XMJMF	exact-name-ci	high
routine:XMJMS	routine	XMJMS	2	code-model/routines.tsv	routine_name	XMJMS	exact-name-ci	high
routine:XMJMSA	routine	XMJMSA	1	code-model/routines.tsv	routine_name	XMJMSA	exact-name-ci	high
routine:XMJMT	routine	XMJMT	1	code-model/routines.tsv	routine_name	XMJMT	exact-name-ci	high
routine:XMKPL	routine	XMKPL	5	code-model/routines.tsv	routine_name	XMKPL	exact-name-ci	high
routine:XMKPLQ	routine	XMKPLQ	10	code-model/routines.tsv	routine_name	XMKPLQ	exact-name-ci	high
routine:XMKPO	routine	XMKPO	6	code-model/routines.tsv	routine_name	XMKPO	exact-name-ci	high
routine:XML	routine	XML	4	code-model/routines.tsv	routine_name	XML	exact-name-ci	high
routine:XMLTCP	routine	XMLTCP	2	code-model/routines.tsv	routine_name	XMLTCP	exact-name-ci	high
routine:XMMHAYES	routine	XMMHAYES	4				none	undetermined
routine:XMP2	routine	XMP2	4	code-model/routines.tsv	routine_name	XMP2	exact-name-ci	high
routine:XMPG	routine	XMPG	4	code-model/routines.tsv	routine_name	XMPG	exact-name-ci	high
routine:XMPH	routine	XMPH	1	code-model/routines.tsv	routine_name	XMPH	exact-name-ci	high
routine:XMR	routine	XMR	6	code-model/routines.tsv	routine_name	XMR	exact-name-ci	high
routine:XMRENT	routine	XMRENT	3	code-model/routines.tsv	routine_name	XMRENT	exact-name-ci	high
routine:XMRPCTS	routine	XMRPCTS	1	code-model/routines.tsv	routine_name	XMRPCTS	exact-name-ci	high
routine:XMRPCTS0	routine	XMRPCTS0	1	code-model/routines.tsv	routine_name	XMRPCTS0	exact-name-ci	high
routine:XMRTCP	routine	XMRTCP	8	code-model/routines.tsv	routine_name	XMRTCP	exact-name-ci	high
routine:XMRUCX	routine	XMRUCX	25	code-model/routines.tsv	routine_name	XMRUCX	exact-name-ci	high
routine:XMS1	routine	XMS1	6	code-model/routines.tsv	routine_name	XMS1	exact-name-ci	high
routine:XMS3	routine	XMS3	3	code-model/routines.tsv	routine_name	XMS3	exact-name-ci	high
routine:XMTDL	routine	XMTDL	5	code-model/routines.tsv	routine_name	XMTDL	exact-name-ci	high
routine:XMTDL1	routine	XMTDL1	2	code-model/routines.tsv	routine_name	XMTDL1	exact-name-ci	high
routine:XMTDO	routine	XMTDO	3	code-model/routines.tsv	routine_name	XMTDO	exact-name-ci	high
routine:XMTDT	routine	XMTDT	2	code-model/routines.tsv	routine_name	XMTDT	exact-name-ci	high
routine:XMUCHRIS	routine	XMUCHRIS	1				none	undetermined
routine:XMUDCHK	routine	XMUDCHK	1	code-model/routines.tsv	routine_name	XMUDCHK	exact-name-ci	high
routine:XMUPIN	routine	XMUPIN	3	code-model/routines.tsv	routine_name	XMUPIN	exact-name-ci	high
routine:XMUT1	routine	XMUT1	2	code-model/routines.tsv	routine_name	XMUT1	exact-name-ci	high
routine:XMUT1A	routine	XMUT1A	2	code-model/routines.tsv	routine_name	XMUT1A	exact-name-ci	high
routine:XMUT2	routine	XMUT2	1	code-model/routines.tsv	routine_name	XMUT2	exact-name-ci	high
routine:XMUT4	routine	XMUT4	1	code-model/routines.tsv	routine_name	XMUT4	exact-name-ci	high
routine:XMUT5	routine	XMUT5	1	code-model/routines.tsv	routine_name	XMUT5	exact-name-ci	high
routine:XMUT5C	routine	XMUT5C	2	code-model/routines.tsv	routine_name	XMUT5C	exact-name-ci	high
routine:XMUT5Q	routine	XMUT5Q	1	code-model/routines.tsv	routine_name	XMUT5Q	exact-name-ci	high
routine:XMUT5Q1	routine	XMUT5Q1	1	code-model/routines.tsv	routine_name	XMUT5Q1	exact-name-ci	high
routine:XMUT5R2	routine	XMUT5R2	6	code-model/routines.tsv	routine_name	XMUT5R2	exact-name-ci	high
routine:XMUT7	routine	XMUT7	3	code-model/routines.tsv	routine_name	XMUT7	exact-name-ci	high
routine:XMUTERM	routine	XMUTERM	4	code-model/routines.tsv	routine_name	XMUTERM	exact-name-ci	high
routine:XMVGROUP	routine	XMVGROUP	4	code-model/routines.tsv	routine_name	XMVGROUP	exact-name-ci	high
routine:XMVSURR	routine	XMVSURR	2	code-model/routines.tsv	routine_name	XMVSURR	exact-name-ci	high
routine:XMVVITA	routine	XMVVITA	6	code-model/routines.tsv	routine_name	XMVVITA	exact-name-ci	high
routine:XMVVITAE	routine	XMVVITAE	9	code-model/routines.tsv	routine_name	XMVVITAE	exact-name-ci	high
routine:XMXAPI	routine	XMXAPI	57	code-model/routines.tsv	routine_name	XMXAPI	exact-name-ci	high
routine:XMXAPIB	routine	XMXAPIB	37	code-model/routines.tsv	routine_name	XMXAPIB	exact-name-ci	high
routine:XMXAPIG	routine	XMXAPIG	12	code-model/routines.tsv	routine_name	XMXAPIG	exact-name-ci	high
routine:XMXAPIU	routine	XMXAPIU	12	code-model/routines.tsv	routine_name	XMXAPIU	exact-name-ci	high
routine:XMXEDIT	routine	XMXEDIT	27	code-model/routines.tsv	routine_name	XMXEDIT	exact-name-ci	high
routine:XMXSEC	routine	XMXSEC	90	code-model/routines.tsv	routine_name	XMXSEC	exact-name-ci	high
routine:XMXSEC1	routine	XMXSEC1	30	code-model/routines.tsv	routine_name	XMXSEC1	exact-name-ci	high
routine:XMXSEC2	routine	XMXSEC2	9	code-model/routines.tsv	routine_name	XMXSEC2	exact-name-ci	high
routine:XMXSEND	routine	XMXSEND	1	code-model/routines.tsv	routine_name	XMXSEND	exact-name-ci	high
routine:XMXUTIL	routine	XMXUTIL	48	code-model/routines.tsv	routine_name	XMXUTIL	exact-name-ci	high
routine:XMXUTIL1	routine	XMXUTIL1	42	code-model/routines.tsv	routine_name	XMXUTIL1	exact-name-ci	high
routine:XMXUTIL2	routine	XMXUTIL2	63	code-model/routines.tsv	routine_name	XMXUTIL2	exact-name-ci	high
routine:XMXUTIL3	routine	XMXUTIL3	15	code-model/routines.tsv	routine_name	XMXUTIL3	exact-name-ci	high
routine:XOBVLIB	routine	XOBVLIB	32	code-model/routines.tsv	routine_name	XOBVLIB	exact-name-ci	high
routine:XOBVTCP	routine	XOBVTCP	2	code-model/routines.tsv	routine_name	XOBVTCP	exact-name-ci	high
routine:XOBWLIB	routine	XOBWLIB	4	code-model/routines.tsv	routine_name	XOBWLIB	exact-name-ci	high
routine:XPAR	routine	XPAR	85	code-model/routines.tsv	routine_name	XPAR	exact-name-ci	high
routine:XPAREDIT	routine	XPAREDIT	38	code-model/routines.tsv	routine_name	XPAREDIT	exact-name-ci	high
routine:XPDID	routine	XPDID	20	code-model/routines.tsv	routine_name	XPDID	exact-name-ci	high
routine:XPDIJ	routine	XPDIJ	4	code-model/routines.tsv	routine_name	XPDIJ	exact-name-ci	high
routine:XPDIP	routine	XPDIP	6	code-model/routines.tsv	routine_name	XPDIP	exact-name-ci	high
routine:XPDKEY	routine	XPDKEY	13	code-model/routines.tsv	routine_name	XPDKEY	exact-name-ci	high
routine:XPDMENU	routine	XPDMENU	25	code-model/routines.tsv	routine_name	XPDMENU	exact-name-ci	high
routine:XPDPROT	routine	XPDPROT	21	code-model/routines.tsv	routine_name	XPDPROT	exact-name-ci	high
routine:XPDUT	routine	XPDUT	1				none	undetermined
routine:XPDUTL	routine	XPDUTL	107	code-model/routines.tsv	routine_name	XPDUTL	exact-name-ci	high
routine:XQ1	routine	XQ1	9	code-model/routines.tsv	routine_name	XQ1	exact-name-ci	high
routine:XQ12	routine	XQ12	4	code-model/routines.tsv	routine_name	XQ12	exact-name-ci	high
routine:XQ83	routine	XQ83	5	code-model/routines.tsv	routine_name	XQ83	exact-name-ci	high
routine:XQ92	routine	XQ92	3	code-model/routines.tsv	routine_name	XQ92	exact-name-ci	high
routine:XQAL	routine	XQAL	5				none	undetermined
routine:XQALBUT	routine	XQALBUT	1				none	undetermined
routine:XQALBUTL	routine	XQALBUTL	54	code-model/routines.tsv	routine_name	XQALBUTL	exact-name-ci	high
routine:XQALERT	routine	XQALERT	49	code-model/routines.tsv	routine_name	XQALERT	exact-name-ci	high
routine:XQALFWD	routine	XQALFWD	5	code-model/routines.tsv	routine_name	XQALFWD	exact-name-ci	high
routine:XQALSURO	routine	XQALSURO	33	code-model/routines.tsv	routine_name	XQALSURO	exact-name-ci	high
routine:XQCHK	routine	XQCHK	15	code-model/routines.tsv	routine_name	XQCHK	exact-name-ci	high
routine:XQH	routine	XQH	19	code-model/routines.tsv	routine_name	XQH	exact-name-ci	high
routine:XQH4	routine	XQH4	6	code-model/routines.tsv	routine_name	XQH4	exact-name-ci	high
routine:XQOR	routine	XQOR	49	code-model/routines.tsv	routine_name	XQOR	exact-name-ci	high
routine:XQORM	routine	XQORM	20	code-model/routines.tsv	routine_name	XQORM	exact-name-ci	high
routine:XQORM1	routine	XQORM1	12	code-model/routines.tsv	routine_name	XQORM1	exact-name-ci	high
routine:XTBASE	routine	XTBASE	1	code-model/routines.tsv	routine_name	XTBASE	exact-name-ci	high
routine:XTER	routine	XTER	7	code-model/routines.tsv	routine_name	XTER	exact-name-ci	high
routine:XTERPUR	routine	XTERPUR	4	code-model/routines.tsv	routine_name	XTERPUR	exact-name-ci	high
routine:XTFCE	routine	XTFCE	2	code-model/routines.tsv	routine_name	XTFCE	exact-name-ci	high
routine:XTFCR	routine	XTFCR	2	code-model/routines.tsv	routine_name	XTFCR	exact-name-ci	high
routine:XTHC10	routine	XTHC10	4	code-model/routines.tsv	routine_name	XTHC10	exact-name-ci	high
routine:XTHCURL	routine	XTHCURL	16	code-model/routines.tsv	routine_name	XTHCURL	exact-name-ci	high
routine:XTHCUTL	routine	XTHCUTL	5	code-model/routines.tsv	routine_name	XTHCUTL	exact-name-ci	high
routine:XTID	routine	XTID	62	code-model/routines.tsv	routine_name	XTID	exact-name-ci	high
routine:XTIDTRM	routine	XTIDTRM	37	code-model/routines.tsv	routine_name	XTIDTRM	exact-name-ci	high
routine:XTKERM4	routine	XTKERM4	8	code-model/routines.tsv	routine_name	XTKERM4	exact-name-ci	high
routine:XTKERMIT	routine	XTKERMIT	12	code-model/routines.tsv	routine_name	XTKERMIT	exact-name-ci	high
routine:XTLATSET	routine	XTLATSET	1	code-model/routines.tsv	routine_name	XTLATSET	exact-name-ci	high
routine:XTLKKWL	routine	XTLKKWL	3	code-model/routines.tsv	routine_name	XTLKKWL	exact-name-ci	high
routine:XTLKKWLD	routine	XTLKKWLD	5	code-model/routines.tsv	routine_name	XTLKKWLD	exact-name-ci	high
routine:XTLKMGR	routine	XTLKMGR	48	code-model/routines.tsv	routine_name	XTLKMGR	exact-name-ci	high
routine:XTLKWIC	routine	XTLKWIC	8	code-model/routines.tsv	routine_name	XTLKWIC	exact-name-ci	high
routine:XTMUNIT	routine	XTMUNIT	34	code-model/routines.tsv	routine_name	XTMUNIT	exact-name-ci	high
routine:XTMZZUT1	routine	XTMZZUT1	4				none	undetermined
routine:XTMZZUT5	routine	XTMZZUT5	6				none	undetermined
routine:XTNTEG	routine	XTNTEG	1	code-model/routines.tsv	routine_name	XTNTEG	exact-name-ci	high
routine:XTRCMP	routine	XTRCMP	4	code-model/routines.tsv	routine_name	XTRCMP	exact-name-ci	high
routine:XTRGRPE	routine	XTRGRPE	2	code-model/routines.tsv	routine_name	XTRGRPE	exact-name-ci	high
routine:XTSUMBLD	routine	XTSUMBLD	52	code-model/routines.tsv	routine_name	XTSUMBLD	exact-name-ci	high
routine:XTU	routine	XTU	1				none	undetermined
routine:XTVCHG	routine	XTVCHG	2	code-model/routines.tsv	routine_name	XTVCHG	exact-name-ci	high
routine:XTVNUM	routine	XTVNUM	2	code-model/routines.tsv	routine_name	XTVNUM	exact-name-ci	high
routine:XTVSLAPI	routine	XTVSLAPI	1	code-model/routines.tsv	routine_name	XTVSLAPI	exact-name-ci	high
routine:XTVSLM	routine	XTVSLM	1	code-model/routines.tsv	routine_name	XTVSLM	exact-name-ci	high
routine:XTVSLP	routine	XTVSLP	1	code-model/routines.tsv	routine_name	XTVSLP	exact-name-ci	high
routine:XTVSLPDC	routine	XTVSLPDC	1	code-model/routines.tsv	routine_name	XTVSLPDC	exact-name-ci	high
routine:XTVSRFL	routine	XTVSRFL	4	code-model/routines.tsv	routine_name	XTVSRFL	exact-name-ci	high
routine:XTVSRFL1	routine	XTVSRFL1	4	code-model/routines.tsv	routine_name	XTVSRFL1	exact-name-ci	high
routine:XTVSSVR	routine	XTVSSVR	10	code-model/routines.tsv	routine_name	XTVSSVR	exact-name-ci	high
routine:XUA4A71	routine	XUA4A71	3	code-model/routines.tsv	routine_name	XUA4A71	exact-name-ci	high
routine:XUA4A72	routine	XUA4A72	9	code-model/routines.tsv	routine_name	XUA4A72	exact-name-ci	high
routine:XUAF4	routine	XUAF4	101	code-model/routines.tsv	routine_name	XUAF4	exact-name-ci	high
routine:XUDHGUI	routine	XUDHGUI	15	code-model/routines.tsv	routine_name	XUDHGUI	exact-name-ci	high
routine:XUDHSET	routine	XUDHSET	3	code-model/routines.tsv	routine_name	XUDHSET	exact-name-ci	high
routine:XUFILE3	routine	XUFILE3	2	code-model/routines.tsv	routine_name	XUFILE3	exact-name-ci	high
routine:XUHUI	routine	XUHUI	9	code-model/routines.tsv	routine_name	XUHUI	exact-name-ci	high
routine:XUINCON	routine	XUINCON	1	code-model/routines.tsv	routine_name	XUINCON	exact-name-ci	high
routine:XULMU	routine	XULMU	41	code-model/routines.tsv	routine_name	XULMU	exact-name-ci	high
routine:XUMF	routine	XUMF	3	code-model/routines.tsv	routine_name	XUMF	exact-name-ci	high
routine:XUMFI	routine	XUMFI	6	code-model/routines.tsv	routine_name	XUMFI	exact-name-ci	high
routine:XUMFP	routine	XUMFP	17	code-model/routines.tsv	routine_name	XUMFP	exact-name-ci	high
routine:XUMFP4C	routine	XUMFP4C	2	code-model/routines.tsv	routine_name	XUMFP4C	exact-name-ci	high
routine:XUMVIENU	routine	XUMVIENU	1	code-model/routines.tsv	routine_name	XUMVIENU	exact-name-ci	high
routine:XUP	routine	XUP	65	code-model/routines.tsv	routine_name	XUP	exact-name-ci	high
routine:XUPARAM	routine	XUPARAM	17	code-model/routines.tsv	routine_name	XUPARAM	exact-name-ci	high
routine:XUPROD	routine	XUPROD	3	code-model/routines.tsv	routine_name	XUPROD	exact-name-ci	high
routine:XUPS	routine	XUPS	6	code-model/routines.tsv	routine_name	XUPS	exact-name-ci	high
routine:XUPSQRY	routine	XUPSQRY	3	code-model/routines.tsv	routine_name	XUPSQRY	exact-name-ci	high
routine:XUS	routine	XUS	8	code-model/routines.tsv	routine_name	XUS	exact-name-ci	high
routine:XUS1A	routine	XUS1A	8	code-model/routines.tsv	routine_name	XUS1A	exact-name-ci	high
routine:XUS2	routine	XUS2	3	code-model/routines.tsv	routine_name	XUS2	exact-name-ci	high
routine:XUSAP	routine	XUSAP	8	code-model/routines.tsv	routine_name	XUSAP	exact-name-ci	high
routine:XUSCLEAN	routine	XUSCLEAN	15	code-model/routines.tsv	routine_name	XUSCLEAN	exact-name-ci	high
routine:XUSEHRM1	routine	XUSEHRM1	1	code-model/routines.tsv	routine_name	XUSEHRM1	exact-name-ci	high
routine:XUSER	routine	XUSER	66	code-model/routines.tsv	routine_name	XUSER	exact-name-ci	high
routine:XUSERNEW	routine	XUSERNEW	9	code-model/routines.tsv	routine_name	XUSERNEW	exact-name-ci	high
routine:XUSESIG	routine	XUSESIG	4	code-model/routines.tsv	routine_name	XUSESIG	exact-name-ci	high
routine:XUSESIG1	routine	XUSESIG1	11	code-model/routines.tsv	routine_name	XUSESIG1	exact-name-ci	high
routine:XUSHSH	routine	XUSHSH	43	code-model/routines.tsv	routine_name	XUSHSH	exact-name-ci	high
routine:XUSHSHP	routine	XUSHSHP	14	code-model/routines.tsv	routine_name	XUSHSHP	exact-name-ci	high
routine:XUSNPI	routine	XUSNPI	32	code-model/routines.tsv	routine_name	XUSNPI	exact-name-ci	high
routine:XUSNPI1	routine	XUSNPI1	4	code-model/routines.tsv	routine_name	XUSNPI1	exact-name-ci	high
routine:XUSNPIED	routine	XUSNPIED	5	code-model/routines.tsv	routine_name	XUSNPIED	exact-name-ci	high
routine:XUSNPIX1	routine	XUSNPIX1	1	code-model/routines.tsv	routine_name	XUSNPIX1	exact-name-ci	high
routine:XUSPURGE	routine	XUSPURGE	1	code-model/routines.tsv	routine_name	XUSPURGE	exact-name-ci	high
routine:XUSRB	routine	XUSRB	41	code-model/routines.tsv	routine_name	XUSRB	exact-name-ci	high
routine:XUSRB1	routine	XUSRB1	14	code-model/routines.tsv	routine_name	XUSRB1	exact-name-ci	high
routine:XUSRB2	routine	XUSRB2	9	code-model/routines.tsv	routine_name	XUSRB2	exact-name-ci	high
routine:XUSRB4	routine	XUSRB4	5	code-model/routines.tsv	routine_name	XUSRB4	exact-name-ci	high
routine:XUSTAX	routine	XUSTAX	12	code-model/routines.tsv	routine_name	XUSTAX	exact-name-ci	high
routine:XUSUDO	routine	XUSUDO	25				none	undetermined
routine:XUTLS	routine	XUTLS	16				none	undetermined
routine:XUTMDEVQ	routine	XUTMDEVQ	73	code-model/routines.tsv	routine_name	XUTMDEVQ	exact-name-ci	high
routine:XUTMOPT	routine	XUTMOPT	16	code-model/routines.tsv	routine_name	XUTMOPT	exact-name-ci	high
routine:XUTMTP	routine	XUTMTP	4	code-model/routines.tsv	routine_name	XUTMTP	exact-name-ci	high
routine:XUVERIFY	routine	XUVERIFY	10	code-model/routines.tsv	routine_name	XUVERIFY	exact-name-ci	high
routine:XUWORKDY	routine	XUWORKDY	21	code-model/routines.tsv	routine_name	XUWORKDY	exact-name-ci	high
routine:XWB2HL7	routine	XWB2HL7	2	code-model/routines.tsv	routine_name	XWB2HL7	exact-name-ci	high
routine:XWBBRK	routine	XWBBRK	4	code-model/routines.tsv	routine_name	XWBBRK	exact-name-ci	high
routine:XWBBRK2	routine	XWBBRK2	4	code-model/routines.tsv	routine_name	XWBBRK2	exact-name-ci	high
routine:XWBDRPC	routine	XWBDRPC	1	code-model/routines.tsv	routine_name	XWBDRPC	exact-name-ci	high
routine:XWBLIB	routine	XWBLIB	24	code-model/routines.tsv	routine_name	XWBLIB	exact-name-ci	high
routine:XWBSEC	routine	XWBSEC	13	code-model/routines.tsv	routine_name	XWBSEC	exact-name-ci	high
routine:XWBTCP	routine	XWBTCP	4	code-model/routines.tsv	routine_name	XWBTCP	exact-name-ci	high
routine:XWBTCPM	routine	XWBTCPM	13	code-model/routines.tsv	routine_name	XWBTCPM	exact-name-ci	high
routine:XWBTCPM1	routine	XWBTCPM1	1	code-model/routines.tsv	routine_name	XWBTCPM1	exact-name-ci	high
routine:XWBTCPMT	routine	XWBTCPMT	2	code-model/routines.tsv	routine_name	XWBTCPMT	exact-name-ci	high
routine:XWBVLL	routine	XWBVLL	2	code-model/routines.tsv	routine_name	XWBVLL	exact-name-ci	high
routine:XX	routine	XX	6				none	undetermined
routine:XXAPP	routine	XXAPP	3				none	undetermined
routine:XXEDIT	routine	XXEDIT	1				none	undetermined
routine:XXSCAN	routine	XXSCAN	11				none	undetermined
routine:XXX	routine	XXX	1				none	undetermined
routine:XXX2M3F2	routine	XXX2M3F2	1				none	undetermined
routine:XYZDEF	routine	XYZDEF	1				none	undetermined
routine:YTQHL7	routine	YTQHL7	1	code-model/routines.tsv	routine_name	YTQHL7	exact-name-ci	high
routine:YTQPXRM6	routine	YTQPXRM6	2	code-model/routines.tsv	routine_name	YTQPXRM6	exact-name-ci	high
routine:Z04	routine	Z04	1				none	undetermined
routine:ZBROWSE	routine	ZBROWSE	1				none	undetermined
routine:ZIP	routine	ZIP	6				none	undetermined
routine:ZISPL	routine	ZISPL	6	code-model/routines.tsv	routine_name	ZISPL	exact-name-ci	high
routine:ZLRMISR	routine	ZLRMISR	1				none	undetermined
routine:ZPC	routine	ZPC	1				none	undetermined
routine:ZQORM	routine	ZQORM	1				none	undetermined
routine:ZSLOT0	routine	ZSLOT0	6				none	undetermined
routine:ZSLOTP	routine	ZSLOTP	2				none	undetermined
routine:ZTCPU	routine	ZTCPU	4				none	undetermined
routine:ZTEDIT	routine	ZTEDIT	1	code-model/routines.tsv	routine_name	ZTEDIT	exact-name-ci	high
routine:ZTMB	routine	ZTMB	6	code-model/routines.tsv	routine_name	ZTMB	exact-name-ci	high
routine:ZTMCHK	routine	ZTMCHK	1	code-model/routines.tsv	routine_name	ZTMCHK	exact-name-ci	high
routine:ZTMGRSET	routine	ZTMGRSET	1	code-model/routines.tsv	routine_name	ZTMGRSET	exact-name-ci	high
routine:ZTMKU	routine	ZTMKU	6	code-model/routines.tsv	routine_name	ZTMKU	exact-name-ci	high
routine:ZTMON	routine	ZTMON	2	code-model/routines.tsv	routine_name	ZTMON	exact-name-ci	high
routine:ZTMZT	routine	ZTMZT	1				none	undetermined
routine:ZTRTHV	routine	ZTRTHV	1	code-model/routines.tsv	routine_name	ZTRTHV	exact-name-ci	high
routine:ZU	routine	ZU	2	code-model/routines.tsv	routine_name	ZU	exact-name-ci	high
routine:ZXGP	routine	ZXGP	1				none	undetermined
routine:ZZ	routine	ZZ	21				none	undetermined
routine:ZZALBERT	routine	ZZALBERT	2				none	undetermined
routine:ZZCHRIS	routine	ZZCHRIS	1				none	undetermined
routine:ZZHDR	routine	ZZHDR	1				none	undetermined
routine:ZZHL7RA	routine	ZZHL7RA	1				none	undetermined
routine:ZZRAHL7	routine	ZZRAHL7	1				none	undetermined
routine:ZZREPORT	routine	ZZREPORT	1				none	undetermined
routine:ZZSONPAD	routine	ZZSONPAD	1				none	undetermined
routine:ZZSRABA	routine	ZZSRABA	2				none	undetermined
routine:ZZTEST	routine	ZZTEST	3	code-model/routines.tsv	routine_name	ZZTEST	exact-name-ci	high
routine:ZZTEST1	routine	ZZTEST1	2				none	undetermined
routine:ZZTEST2	routine	ZZTEST2	2				none	undetermined
routine:ZZTEXT	routine	ZZTEXT	1				none	undetermined
routine:ZZTKINIT	routine	ZZTKINIT	1				none	undetermined
routine:ZZUSER2	routine	ZZUSER2	4				none	undetermined
routine:ZZVALM2T	routine	ZZVALM2T	10				none	undetermined
routine:ZZYZOPT	routine	ZZYZOPT	2				none	undetermined
routine:ZZZDEMO	routine	ZZZDEMO	7				none	undetermined
rpc:ACKQAUD1	rpc	ACKQAUD1	1	code-model/rpcs.tsv	name	ACKQAUD1	exact-name-ci	high
rpc:ACKQAUD2	rpc	ACKQAUD2	1	code-model/rpcs.tsv	name	ACKQAUD2	exact-name-ci	high
rpc:ACKQAUD4	rpc	ACKQAUD4	1	code-model/rpcs.tsv	name	ACKQAUD4	exact-name-ci	high
rpc:ACKQROES	rpc	ACKQROES	1	code-model/rpcs.tsv	name	ACKQROES	exact-name-ci	high
rpc:ACKQROESD	rpc	ACKQROESD	1	code-model/rpcs.tsv	name	ACKQROESD	exact-name-ci	high
rpc:ALLDATA	rpc	ALLDATA	5				none	undetermined
rpc:BED	rpc	BED	2				none	undetermined
rpc:BT	rpc	BT	1				none	undetermined
rpc:CPRS	rpc	CPRS	1				none	undetermined
rpc:DBG	rpc	DBG	1				none	undetermined
rpc:DDR DELETE ENTRY	rpc	DDR DELETE ENTRY	1	code-model/rpcs.tsv	name	DDR DELETE ENTRY	exact-name-ci	high
rpc:DDR FILER	rpc	DDR FILER	1	code-model/rpcs.tsv	name	DDR FILER	exact-name-ci	high
rpc:DDR FIND1	rpc	DDR FIND1	2	code-model/rpcs.tsv	name	DDR FIND1	exact-name-ci	high
rpc:DDR FINDER	rpc	DDR FINDER	2	code-model/rpcs.tsv	name	DDR FINDER	exact-name-ci	high
rpc:DDR GET DD HELP	rpc	DDR GET DD HELP	2	code-model/rpcs.tsv	name	DDR GET DD HELP	exact-name-ci	high
rpc:DDR GETS ENTRY DATA	rpc	DDR GETS ENTRY DATA	2	code-model/rpcs.tsv	name	DDR GETS ENTRY DATA	exact-name-ci	high
rpc:DDR LISTER	rpc	DDR LISTER	2	code-model/rpcs.tsv	name	DDR LISTER	exact-name-ci	high
rpc:DDR VALIDATOR	rpc	DDR VALIDATOR	2	code-model/rpcs.tsv	name	DDR VALIDATOR	exact-name-ci	high
rpc:DG SENSITIVE RECORD ACCESS	rpc	DG SENSITIVE RECORD ACCESS	5	code-model/rpcs.tsv	name	DG SENSITIVE RECORD ACCESS	exact-name-ci	high
rpc:DG SENSITIVE RECORD BULLETIN	rpc	DG SENSITIVE RECORD BULLETIN	5	code-model/rpcs.tsv	name	DG SENSITIVE RECORD BULLETIN	exact-name-ci	high
rpc:EC ICD10IMPLEMENTATIONDATE	rpc	EC ICD10IMPLEMENTATIONDATE	1	code-model/rpcs.tsv	name	EC ICD10IMPLEMENTATIONDATE	exact-name-ci	high
rpc:EDPCBRD	rpc	EDPCBRD	7				none	undetermined
rpc:EDPCTRL	rpc	EDPCTRL	4				none	undetermined
rpc:EDPGLOB	rpc	EDPGLOB	6				none	undetermined
rpc:GMV ADD VM	rpc	GMV ADD VM	5	code-model/rpcs.tsv	name	GMV ADD VM	exact-name-ci	high
rpc:GMV ALLERGY	rpc	GMV ALLERGY	5	code-model/rpcs.tsv	name	GMV ALLERGY	exact-name-ci	high
rpc:GMV CHECK DEVICE	rpc	GMV CHECK DEVICE	5	code-model/rpcs.tsv	name	GMV CHECK DEVICE	exact-name-ci	high
rpc:GMV CLINIC PT	rpc	GMV CLINIC PT	2	code-model/rpcs.tsv	name	GMV CLINIC PT	exact-name-ci	high
rpc:GMV CONVERT DATE	rpc	GMV CONVERT DATE	2	code-model/rpcs.tsv	name	GMV CONVERT DATE	exact-name-ci	high
rpc:GMV CUMULATIVE REPORT	rpc	GMV CUMULATIVE REPORT	2	code-model/rpcs.tsv	name	GMV CUMULATIVE REPORT	exact-name-ci	high
rpc:GMV DLL VERSION	rpc	GMV DLL VERSION	2	code-model/rpcs.tsv	name	GMV DLL VERSION	exact-name-ci	high
rpc:GMV EXTRACT REC	rpc	GMV EXTRACT REC	2	code-model/rpcs.tsv	name	GMV EXTRACT REC	exact-name-ci	high
rpc:GMV GET CATEGORY IEN	rpc	GMV GET CATEGORY IEN	5	code-model/rpcs.tsv	name	GMV GET CATEGORY IEN	exact-name-ci	high
rpc:GMV GET CURRENT TIME	rpc	GMV GET CURRENT TIME	2	code-model/rpcs.tsv	name	GMV GET CURRENT TIME	exact-name-ci	high
rpc:GMV GET VITAL TYPE IEN	rpc	GMV GET VITAL TYPE IEN	2	code-model/rpcs.tsv	name	GMV GET VITAL TYPE IEN	exact-name-ci	high
rpc:GMV LATEST VITALS BY LOCATION	rpc	GMV LATEST VITALS BY LOCATION	5	code-model/rpcs.tsv	name	GMV LATEST VITALS BY LOCATION	exact-name-ci	high
rpc:GMV LATEST VITALS FOR PATIENT	rpc	GMV LATEST VITALS FOR PATIENT	5	code-model/rpcs.tsv	name	GMV LATEST VITALS FOR PATIENT	exact-name-ci	high
rpc:GMV LATEST VM	rpc	GMV LATEST VM	2	code-model/rpcs.tsv	name	GMV LATEST VM	exact-name-ci	high
rpc:GMV LOCATION SELECT	rpc	GMV LOCATION SELECT	4	code-model/rpcs.tsv	name	GMV LOCATION SELECT	exact-name-ci	high
rpc:GMV MANAGER	rpc	GMV MANAGER	8	code-model/rpcs.tsv	name	GMV MANAGER	exact-name-ci	high
rpc:GMV MARK ERROR	rpc	GMV MARK ERROR	5	code-model/rpcs.tsv	name	GMV MARK ERROR	exact-name-ci	high
rpc:GMV NUR UNIT PT	rpc	GMV NUR UNIT PT	5	code-model/rpcs.tsv	name	GMV NUR UNIT PT	exact-name-ci	high
rpc:GMV PARAMETER	rpc	GMV PARAMETER	5	code-model/rpcs.tsv	name	GMV PARAMETER	exact-name-ci	high
rpc:GMV PT GRAPH	rpc	GMV PT GRAPH	5	code-model/rpcs.tsv	name	GMV PT GRAPH	exact-name-ci	high
rpc:GMV PTSELECT	rpc	GMV PTSELECT	4	code-model/rpcs.tsv	name	GMV PTSELECT	exact-name-ci	high
rpc:GMV QUALIFIER TABLE	rpc	GMV QUALIFIER TABLE	5	code-model/rpcs.tsv	name	GMV QUALIFIER TABLE	exact-name-ci	high
rpc:GMV TEAM PATIENTS	rpc	GMV TEAM PATIENTS	4	code-model/rpcs.tsv	name	GMV TEAM PATIENTS	exact-name-ci	high
rpc:GMV USER	rpc	GMV USER	2	code-model/rpcs.tsv	name	GMV USER	exact-name-ci	high
rpc:GMV WARD LOCATION	rpc	GMV WARD LOCATION	5	code-model/rpcs.tsv	name	GMV WARD LOCATION	exact-name-ci	high
rpc:GMV WARD PT	rpc	GMV WARD PT	2	code-model/rpcs.tsv	name	GMV WARD PT	exact-name-ci	high
rpc:GUI	rpc	GUI	1				none	undetermined
rpc:JLV	rpc	JLV	1				none	undetermined
rpc:JSON	rpc	JSON	2				none	undetermined
rpc:LIST	rpc	LIST	7				none	undetermined
rpc:M2M	rpc	M2M	4				none	undetermined
rpc:MAG NEW SOP INSTANCE UID	rpc	MAG NEW SOP INSTANCE UID	4	code-model/rpcs.tsv	name	MAG NEW SOP INSTANCE UID	exact-name-ci	high
rpc:MD CLIO	rpc	MD CLIO	1	code-model/rpcs.tsv	name	MD CLIO	exact-name-ci	high
rpc:MD GATEWAY	rpc	MD GATEWAY	2	code-model/rpcs.tsv	name	MD GATEWAY	exact-name-ci	high
rpc:MD TMDCIDC	rpc	MD TMDCIDC	4	code-model/rpcs.tsv	name	MD TMDCIDC	exact-name-ci	high
rpc:MD TMDENCOUNTER	rpc	MD TMDENCOUNTER	4	code-model/rpcs.tsv	name	MD TMDENCOUNTER	exact-name-ci	high
rpc:MD TMDLEX	rpc	MD TMDLEX	2	code-model/rpcs.tsv	name	MD TMDLEX	exact-name-ci	high
rpc:MD TMDNOTE	rpc	MD TMDNOTE	4	code-model/rpcs.tsv	name	MD TMDNOTE	exact-name-ci	high
rpc:MD TMDOUTPUT	rpc	MD TMDOUTPUT	8	code-model/rpcs.tsv	name	MD TMDOUTPUT	exact-name-ci	high
rpc:MD TMDPARAMETER	rpc	MD TMDPARAMETER	8	code-model/rpcs.tsv	name	MD TMDPARAMETER	exact-name-ci	high
rpc:MD TMDPATIENT	rpc	MD TMDPATIENT	8	code-model/rpcs.tsv	name	MD TMDPATIENT	exact-name-ci	high
rpc:MD TMDPROCEDURE	rpc	MD TMDPROCEDURE	8	code-model/rpcs.tsv	name	MD TMDPROCEDURE	exact-name-ci	high
rpc:MD TMDRECORDID	rpc	MD TMDRECORDID	4	code-model/rpcs.tsv	name	MD TMDRECORDID	exact-name-ci	high
rpc:MD TMDSUBMITU	rpc	MD TMDSUBMITU	3	code-model/rpcs.tsv	name	MD TMDSUBMITU	exact-name-ci	high
rpc:MD TMDTRANSACTION	rpc	MD TMDTRANSACTION	8	code-model/rpcs.tsv	name	MD TMDTRANSACTION	exact-name-ci	high
rpc:MD TMDUSER	rpc	MD TMDUSER	4	code-model/rpcs.tsv	name	MD TMDUSER	exact-name-ci	high
rpc:MD TMDWIDGET	rpc	MD TMDWIDGET	2	code-model/rpcs.tsv	name	MD TMDWIDGET	exact-name-ci	high
rpc:MD UTILITIES	rpc	MD UTILITIES	4	code-model/rpcs.tsv	name	MD UTILITIES	exact-name-ci	high
rpc:MDCP UPDATE MESSAGE REASON	rpc	MDCP UPDATE MESSAGE REASON	1	code-model/rpcs.tsv	name	MDCP UPDATE MESSAGE REASON	exact-name-ci	high
rpc:MDCP UPDATE MESSAGE STATUS	rpc	MDCP UPDATE MESSAGE STATUS	1	code-model/rpcs.tsv	name	MDCP UPDATE MESSAGE STATUS	exact-name-ci	high
rpc:MDK GET VISTA DATA	rpc	MDK GET VISTA DATA	4	code-model/rpcs.tsv	name	MDK GET VISTA DATA	exact-name-ci	high
rpc:MDK UTILITY	rpc	MDK UTILITY	2	code-model/rpcs.tsv	name	MDK UTILITY	exact-name-ci	high
rpc:MY	rpc	MY	4				none	undetermined
rpc:MY FIRST	rpc	MY FIRST	1				none	undetermined
rpc:MY OTHER	rpc	MY OTHER	1				none	undetermined
rpc:NT	rpc	NT	1				none	undetermined
rpc:OR CPRS	rpc	OR CPRS	1				none	undetermined
rpc:ORB DELETE ALERT	rpc	ORB DELETE ALERT	2	code-model/rpcs.tsv	name	ORB DELETE ALERT	exact-name-ci	high
rpc:ORPRF GETFLF	rpc	ORPRF GETFLF	1				none	undetermined
rpc:ORWPT PTINQ	rpc	ORWPT PTINQ	6	code-model/rpcs.tsv	name	ORWPT PTINQ	exact-name-ci	high
rpc:ORWU NEWPERS	rpc	ORWU NEWPERS	1	code-model/rpcs.tsv	name	ORWU NEWPERS	exact-name-ci	high
rpc:PARAMETERS TO THE REMOTE	rpc	PARAMETERS TO THE REMOTE	3				none	undetermined
rpc:PATIENT	rpc	PATIENT	5				none	undetermined
rpc:PKI	rpc	PKI	1				none	undetermined
rpc:PSO EPCS PSDRPH FILER	rpc	PSO EPCS PSDRPH FILER	1	code-model/rpcs.tsv	name	PSO EPCS PSDRPH FILER	exact-name-ci	high
rpc:QACV PATS	rpc	QACV PATS	1				none	undetermined
rpc:QUAL	rpc	QUAL	5				none	undetermined
rpc:RESULT	rpc	RESULT	1				none	undetermined
rpc:RESULTS D	rpc	RESULTS D	3				none	undetermined
rpc:RETRIEVE	rpc	RETRIEVE	8				none	undetermined
rpc:ROOM PATIENTS	rpc	ROOM PATIENTS	5				none	undetermined
rpc:RPC BROKER 8	rpc	RPC BROKER 8	1				none	undetermined
rpc:SDEC APPSLOTS	rpc	SDEC APPSLOTS	2	code-model/rpcs.tsv	name	SDEC APPSLOTS	exact-name-ci	high
rpc:SDEC ARSET	rpc	SDEC ARSET	1	code-model/rpcs.tsv	name	SDEC ARSET	exact-name-ci	high
rpc:SDEC CHECKIN	rpc	SDEC CHECKIN	1	code-model/rpcs.tsv	name	SDEC CHECKIN	exact-name-ci	high
rpc:SDEC CHECKOUT	rpc	SDEC CHECKOUT	1	code-model/rpcs.tsv	name	SDEC CHECKOUT	exact-name-ci	high
rpc:SDEC CONTACT UPDATE	rpc	SDEC CONTACT UPDATE	1	code-model/rpcs.tsv	name	SDEC CONTACT UPDATE	exact-name-ci	high
rpc:SDEC FAPPTGET	rpc	SDEC FAPPTGET	1	code-model/rpcs.tsv	name	SDEC FAPPTGET	exact-name-ci	high
rpc:SDEC NOSHOW	rpc	SDEC NOSHOW	1	code-model/rpcs.tsv	name	SDEC NOSHOW	exact-name-ci	high
rpc:SDEC PTINQ	rpc	SDEC PTINQ	1	code-model/rpcs.tsv	name	SDEC PTINQ	exact-name-ci	high
rpc:SDEC PTLOOKRS	rpc	SDEC PTLOOKRS	4	code-model/rpcs.tsv	name	SDEC PTLOOKRS	exact-name-ci	high
rpc:SDEC REP1GET	rpc	SDEC REP1GET	1	code-model/rpcs.tsv	name	SDEC REP1GET	exact-name-ci	high
rpc:SDEC RESOURCE	rpc	SDEC RESOURCE	1	code-model/rpcs.tsv	name	SDEC RESOURCE	exact-name-ci	high
rpc:SDEC SUMMGET2	rpc	SDEC SUMMGET2	1	code-model/rpcs.tsv	name	SDEC SUMMGET2	exact-name-ci	high
rpc:SDECDIS DISABIL	rpc	SDECDIS DISABIL	1	code-model/rpcs.tsv	name	SDECDIS DISABIL	exact-name-ci	high
rpc:SDECRMGP GETRMGUP	rpc	SDECRMGP GETRMGUP	1	code-model/rpcs.tsv	name	SDECRMGP GETRMGUP	exact-name-ci	high
rpc:SDECRMGP PUTRMGUP	rpc	SDECRMGP PUTRMGUP	1	code-model/rpcs.tsv	name	SDECRMGP PUTRMGUP	exact-name-ci	high
rpc:SET RENAL DATA	rpc	SET RENAL DATA	4				none	undetermined
rpc:SOME APPLICATION	rpc	SOME APPLICATION	1				none	undetermined
rpc:TCPIP	rpc	TCPIP	2				none	undetermined
rpc:TIU ONE VISIT NOTE	rpc	TIU ONE VISIT NOTE	1				none	undetermined
rpc:VAFCTFU CONVERT DFN TO ICN	rpc	VAFCTFU CONVERT DFN TO ICN	9	code-model/rpcs.tsv	name	VAFCTFU CONVERT DFN TO ICN	exact-name-ci	high
rpc:VAFCTFU CONVERT ICN TO DFN	rpc	VAFCTFU CONVERT ICN TO DFN	9	code-model/rpcs.tsv	name	VAFCTFU CONVERT ICN TO DFN	exact-name-ci	high
rpc:VDL	rpc	VDL	1				none	undetermined
rpc:VIAA01 RTLS	rpc	VIAA01 RTLS	4				none	undetermined
rpc:VIX	rpc	VIX	1				none	undetermined
rpc:VPR	rpc	VPR	5				none	undetermined
rpc:VPR GET PATIENT DATA	rpc	VPR GET PATIENT DATA	1	code-model/rpcs.tsv	name	VPR GET PATIENT DATA	exact-name-ci	high
rpc:VPR GET PATIENT DATA JSON	rpc	VPR GET PATIENT DATA JSON	1	code-model/rpcs.tsv	name	VPR GET PATIENT DATA JSON	exact-name-ci	high
rpc:XULM	rpc	XULM	8				none	undetermined
rpc:XUS ESSO VALIDATE	rpc	XUS ESSO VALIDATE	1	code-model/rpcs.tsv	name	XUS ESSO VALIDATE	exact-name-ci	high
rpc:XUS GET USER INFO	rpc	XUS GET USER INFO	2	code-model/rpcs.tsv	name	XUS GET USER INFO	exact-name-ci	high
rpc:XUS INTRO MSG	rpc	XUS INTRO MSG	1	code-model/rpcs.tsv	name	XUS INTRO MSG	exact-name-ci	high
rpc:XUS SET VISITOR	rpc	XUS SET VISITOR	1	code-model/rpcs.tsv	name	XUS SET VISITOR	exact-name-ci	high
rpc:XUS SIGNON SETUP	rpc	XUS SIGNON SETUP	2	code-model/rpcs.tsv	name	XUS SIGNON SETUP	exact-name-ci	high
rpc:XWB	rpc	XWB	7				none	undetermined
rpc:XWB ARE RPCS AVAILABLE	rpc	XWB ARE RPCS AVAILABLE	3	code-model/rpcs.tsv	name	XWB ARE RPCS AVAILABLE	exact-name-ci	high
rpc:XWB CREATE CONTEXT	rpc	XWB CREATE CONTEXT	3	code-model/rpcs.tsv	name	XWB CREATE CONTEXT	exact-name-ci	high
rpc:XWB DEFERRED	rpc	XWB DEFERRED	15				none	undetermined
rpc:XWB DEFERRED CLEAR	rpc	XWB DEFERRED CLEAR	1	code-model/rpcs.tsv	name	XWB DEFERRED CLEAR	exact-name-ci	high
rpc:XWB DEFERRED CLEARALL	rpc	XWB DEFERRED CLEARALL	1	code-model/rpcs.tsv	name	XWB DEFERRED CLEARALL	exact-name-ci	high
rpc:XWB DEFERRED GETDATA	rpc	XWB DEFERRED GETDATA	1	code-model/rpcs.tsv	name	XWB DEFERRED GETDATA	exact-name-ci	high
rpc:XWB DEFERRED STATUS	rpc	XWB DEFERRED STATUS	1	code-model/rpcs.tsv	name	XWB DEFERRED STATUS	exact-name-ci	high
rpc:XWB DIRECT	rpc	XWB DIRECT	15				none	undetermined
rpc:XWB EGCHO BIG LIST	rpc	XWB EGCHO BIG LIST	1	code-model/rpcs.tsv	name	XWB EGCHO BIG LIST	exact-name-ci	high
rpc:XWB EGCHO LIST	rpc	XWB EGCHO LIST	1	code-model/rpcs.tsv	name	XWB EGCHO LIST	exact-name-ci	high
rpc:XWB EGCHO MEMO	rpc	XWB EGCHO MEMO	1	code-model/rpcs.tsv	name	XWB EGCHO MEMO	exact-name-ci	high
rpc:XWB EGCHO SORT LIST	rpc	XWB EGCHO SORT LIST	1	code-model/rpcs.tsv	name	XWB EGCHO SORT LIST	exact-name-ci	high
rpc:XWB EGCHO STRING	rpc	XWB EGCHO STRING	1	code-model/rpcs.tsv	name	XWB EGCHO STRING	exact-name-ci	high
rpc:XWB EXAMPLE BIG TEXT	rpc	XWB EXAMPLE BIG TEXT	1	code-model/rpcs.tsv	name	XWB EXAMPLE BIG TEXT	exact-name-ci	high
rpc:XWB EXAMPLE ECHO STRING	rpc	XWB EXAMPLE ECHO STRING	1	code-model/rpcs.tsv	name	XWB EXAMPLE ECHO STRING	exact-name-ci	high
rpc:XWB EXAMPLE GET LIST	rpc	XWB EXAMPLE GET LIST	1	code-model/rpcs.tsv	name	XWB EXAMPLE GET LIST	exact-name-ci	high
rpc:XWB EXAMPLE GLOBAL SORT	rpc	XWB EXAMPLE GLOBAL SORT	1	code-model/rpcs.tsv	name	XWB EXAMPLE GLOBAL SORT	exact-name-ci	high
rpc:XWB EXAMPLE SORT NUMBERS	rpc	XWB EXAMPLE SORT NUMBERS	1	code-model/rpcs.tsv	name	XWB EXAMPLE SORT NUMBERS	exact-name-ci	high
rpc:XWB EXAMPLE WPTEXT	rpc	XWB EXAMPLE WPTEXT	1	code-model/rpcs.tsv	name	XWB EXAMPLE WPTEXT	exact-name-ci	high
rpc:XWB GET BROKER INFO	rpc	XWB GET BROKER INFO	3	code-model/rpcs.tsv	name	XWB GET BROKER INFO	exact-name-ci	high
rpc:XWB GET VARIABLE VALUE	rpc	XWB GET VARIABLE VALUE	8	code-model/rpcs.tsv	name	XWB GET VARIABLE VALUE	exact-name-ci	high
rpc:XWB IM HERE	rpc	XWB IM HERE	1	code-model/rpcs.tsv	name	XWB IM HERE	exact-name-ci	high
rpc:XWB IS	rpc	XWB IS	16				none	undetermined
rpc:XWB IS RPC AVAILABLE	rpc	XWB IS RPC AVAILABLE	1	code-model/rpcs.tsv	name	XWB IS RPC AVAILABLE	exact-name-ci	high
rpc:XWB REMOTE	rpc	XWB REMOTE	25				none	undetermined
rpc:XWB REMOTE CLEAR	rpc	XWB REMOTE CLEAR	1	code-model/rpcs.tsv	name	XWB REMOTE CLEAR	exact-name-ci	high
rpc:XWB REMOTE GETDATA	rpc	XWB REMOTE GETDATA	1	code-model/rpcs.tsv	name	XWB REMOTE GETDATA	exact-name-ci	high
rpc:XWB REMOTE STATUS CHECK	rpc	XWB REMOTE STATUS CHECK	1	code-model/rpcs.tsv	name	XWB REMOTE STATUS CHECK	exact-name-ci	high
rpc:XWB RPC LIST	rpc	XWB RPC LIST	1	code-model/rpcs.tsv	name	XWB RPC LIST	exact-name-ci	high
