file_number	piks	piks_method	piks_confidence	piks_evidence	piks_source
.001	S	H-02	certain	file#=.001	auto
.007	S	H-02	certain	file#=.007	auto
.008	S	H-02	certain	file#=.008	auto
.009	S	H-02	certain	file#=.009	auto
.1	S	H-02	certain	file#=.1	auto
.101	S	H-02	certain	file#=.101	auto
.10101	S	H-02	certain	file#=.10101	auto
.10201	S	H-02	certain	file#=.10201	auto
.11	S	H-02	certain	file#=.11	auto
.1101	S	H-02	certain	file#=.1101	auto
.111	S	H-02	certain	file#=.111	auto
.112	S	H-02	certain	file#=.112	auto
.114	S	H-02	certain	file#=.114	auto
.12	S	H-02	certain	file#=.12	auto
.15	S	H-02	certain	file#=.15	auto
.2	S	H-02	certain	file#=.2	auto
.21	S	H-02	certain	file#=.21	auto
.3	S	H-02	certain	file#=.3	auto
.31	S	H-02	certain	file#=.31	auto
.312	S	H-02	certain	file#=.312	auto
.4	S	H-02	certain	file#=.4	auto
.4001	S	H-02	certain	file#=.4001	auto
.401	S	H-02	certain	file#=.401	auto
.4011	S	H-02	certain	file#=.4011	auto
.4011624	S	H-02	certain	file#=.4011624	auto
.4012	S	H-02	certain	file#=.4012	auto
.4014	S	H-02	certain	file#=.4014	auto
.40141	S	H-02	certain	file#=.40141	auto
.401418	S	H-02	certain	file#=.401418	auto
.401419	S	H-02	certain	file#=.401419	auto
.402	S	H-02	certain	file#=.402	auto
.4021	S	H-02	certain	file#=.4021	auto
.403	S	H-02	certain	file#=.403	auto
.4031	S	H-02	certain	file#=.4031	auto
.403115	S	H-02	certain	file#=.403115	auto
.40315	S	H-02	certain	file#=.40315	auto
.4032	S	H-02	certain	file#=.4032	auto
.404	S	H-02	certain	file#=.404	auto
.40415	S	H-02	certain	file#=.40415	auto
.4044	S	H-02	certain	file#=.4044	auto
.404421	S	H-02	certain	file#=.404421	auto
.41	S	H-02	certain	file#=.41	auto
.411	S	H-02	certain	file#=.411	auto
.42	S	H-02	certain	file#=.42	auto
.44	S	H-02	certain	file#=.44	auto
.441	S	H-02	certain	file#=.441	auto
.4411	S	H-02	certain	file#=.4411	auto
.447	S	H-02	certain	file#=.447	auto
.448	S	H-02	certain	file#=.448	auto
.46	S	H-02	certain	file#=.46	auto
.461	S	H-02	certain	file#=.461	auto
.463	S	H-02	certain	file#=.463	auto
.5	S	H-02	certain	file#=.5	auto
.6	S	H-02	certain	file#=.6	auto
.601	S	H-02	certain	file#=.601	auto
.602	S	H-02	certain	file#=.602	auto
.7	S	H-02	certain	file#=.7	auto
.81	S	H-02	certain	file#=.81	auto
.81101	S	H-02	certain	file#=.81101	auto
.81201	S	H-02	certain	file#=.81201	auto
.8121	S	H-02	certain	file#=.8121	auto
.81215	S	H-02	certain	file#=.81215	auto
.83	S	H-02	certain	file#=.83	auto
.84	S	H-02	certain	file#=.84	auto
.841	S	H-02	certain	file#=.841	auto
.842	S	H-02	certain	file#=.842	auto
.844	S	H-02	certain	file#=.844	auto
.845	S	H-02	certain	file#=.845	auto
.847	S	H-02	certain	file#=.847	auto
.8471	S	H-02	certain	file#=.8471	auto
.85	S	H-02	certain	file#=.85	auto
.8501	S	H-02	certain	file#=.8501	auto
.8502	S	H-02	certain	file#=.8502	auto
.86	S	H-02	certain	file#=.86	auto
.861	S	H-02	certain	file#=.861	auto
.87	S	H-02	certain	file#=.87	auto
.871	S	H-02	certain	file#=.871	auto
.9	S	H-02	certain	file#=.9	auto
.901	S	H-02	certain	file#=.901	auto
0	S	H-02	certain	file#=0	auto
1	S	H-02	certain	file#=1	auto
1.001	S	H-02	certain	file#=1.001	auto
1.005	S	H-02	certain	file#=1.005	auto
1.008	S	H-02	certain	file#=1.008	auto
1.01	S	H-02	certain	file#=1.01	auto
1.1	S	H-02	certain	file#=1.1	auto
1.11	S	H-02	certain	file#=1.11	auto
1.113	S	H-02	certain	file#=1.113	auto
1.1132	S	H-02	certain	file#=1.1132	auto
1.12	S	H-02	certain	file#=1.12	auto
1.13	S	H-02	certain	file#=1.13	auto
1.1321	S	H-02	certain	file#=1.1321	auto
1.14	S	H-02	certain	file#=1.14	auto
1.2	S	H-02	certain	file#=1.2	auto
1.207	S	H-02	certain	file#=1.207	auto
1.5	S	H-02	certain	file#=1.5	auto
1.51	S	H-02	certain	file#=1.51	auto
1.513	S	H-02	certain	file#=1.513	auto
1.519	S	H-02	certain	file#=1.519	auto
1.521	S	H-02	certain	file#=1.521	auto
1.52101	S	H-02	certain	file#=1.52101	auto
1.5211	S	H-02	certain	file#=1.5211	auto
1.5212	S	H-02	certain	file#=1.5212	auto
1.5213	S	H-02	certain	file#=1.5213	auto
1.5214	S	H-02	certain	file#=1.5214	auto
1.5215	S	H-02	certain	file#=1.5215	auto
1.5216	S	H-02	certain	file#=1.5216	auto
1.5217	S	H-02	certain	file#=1.5217	auto
1.5218	S	H-02	certain	file#=1.5218	auto
1.5219	S	H-02	certain	file#=1.5219	auto
1.52191	S	H-02	certain	file#=1.52191	auto
1.52192	S	H-02	certain	file#=1.52192	auto
1.6	S	H-02	certain	file#=1.6	auto
1.601	S	H-02	certain	file#=1.601	auto
1.6011	S	H-02	certain	file#=1.6011	auto
1.602	S	H-02	certain	file#=1.602	auto
1.603	S	H-02	certain	file#=1.603	auto
1.605	S	H-02	certain	file#=1.605	auto
1.61	S	H-02	certain	file#=1.61	auto
1.615	S	H-02	certain	file#=1.615	auto
1.62	S	H-02	certain	file#=1.62	auto
1.622	S	H-02	certain	file#=1.622	auto
1.71	S	H-02	certain	file#=1.71	auto
1.711	S	H-02	certain	file#=1.711	auto
1.7111	S	H-02	certain	file#=1.7111	auto
1.72	S	H-02	certain	file#=1.72	auto
1.721	S	H-02	certain	file#=1.721	auto
10	S	H-13	high	global=	auto
10.01	S	H-05	certain	inherits from 10	auto
10.2	S	H-13	high	global=	auto
10.21	S	H-05	certain	inherits from 10.2	auto
10.3	S	H-13	high	global=	auto
10.99	P	H-14	moderate	package=REGISTRATION (DG)	auto
10.9901	P	H-05	certain	inherits from 10.99	auto
10.99901	P	H-05	certain	inherits from 10.99	auto
100	I	H-09	low	has ptr to file 200 (staff/provider); no ptr to file 2 or 4	auto
100.001	I	H-05	certain	inherits from 100	auto
100.002	I	H-05	certain	inherits from 100	auto
100.008	I	H-05	certain	inherits from 100	auto
100.0081	I	H-05	certain	inherits from 100.008	auto
100.0082	I	H-05	certain	inherits from 100.008	auto
100.0085	I	H-05	certain	inherits from 100.008	auto
100.01	K	H-12	high	global=	auto
100.011	I	H-05	certain	inherits from 100	auto
100.0199	K	H-05	certain	inherits from 100.01	auto
100.02	K	H-12	high	global=	auto
100.0299	K	H-05	certain	inherits from 100.02	auto
100.03	K	H-12	high	global=	auto
100.04	K	H-12	high	global=	auto
100.045	I	H-05	certain	inherits from 100	auto
100.0451	I	H-05	certain	inherits from 100.045	auto
100.05	I	H-09	low	has ptr to file 200 (staff/provider); no ptr to file 2 or 4	auto
100.051	I	H-05	certain	inherits from 100	auto
100.06	I	H-05	certain	inherits from 100.05	auto
100.07	I	H-05	certain	inherits from 100.05	auto
100.08	I	H-05	certain	inherits from 100.05	auto
100.09	I	H-05	certain	inherits from 100	auto
100.1	P	H-10	high	global=	auto
100.11	I	H-08	high	has ptr to file 4; no ptr to file 2	auto
100.113	I	H-05	certain	inherits from 100.11	auto
100.114	I	H-05	certain	inherits from 100.11	auto
100.12	K	H-05	certain	inherits from 100.01	auto
100.13	I	H-05	certain	inherits from 100.05	auto
100.14	I	H-05	certain	inherits from 100.07	auto
100.2	P	H-06	high	field=.01 PATIENT points to file 2	auto
100.21	I	H-09	low	has ptr to file 200 (staff/provider); no ptr to file 2 or 4	auto
100.2101	I	H-05	certain	inherits from 100.21	auto
100.21019	I	H-05	certain	inherits from 100.2101	auto
100.212	I	H-05	certain	inherits from 100.21	auto
100.213	I	H-05	certain	inherits from 100.21	auto
100.22	K	H-12	high	global=	auto
100.222	K	H-05	certain	inherits from 100.22	auto
100.23	K	H-12	high	global=	auto
100.231	K	H-05	certain	inherits from 100.23	auto
100.232	K	H-05	certain	inherits from 100.23	auto
100.234	K	H-05	certain	inherits from 100.23	auto
100.24	I	H-09	low	has ptr to file 200 (staff/provider); no ptr to file 2 or 4	auto
100.241	I	H-05	certain	inherits from 100.24	auto
100.25	P	H-05	certain	inherits from 100.2	auto
100.26	P	H-05	certain	inherits from 100.2	auto
100.27	P	H-05	certain	inherits from 100.2	auto
100.3	P	H-06	high	field=.02 PATIENT points to file 2	auto
100.31	P	H-05	certain	inherits from 100.3	auto
100.32	P	H-05	certain	inherits from 100.3	auto
100.322	P	H-05	certain	inherits from 100.32	auto
100.33	P	H-05	certain	inherits from 100.3	auto
100.4	I	H-09	low	has ptr to file 200 (staff/provider); no ptr to file 2 or 4	auto
100.45	I	H-05	certain	inherits from 100.4	auto
100.5	I	H-08	high	has ptr to file 4; no ptr to file 2	auto
100.51	I	H-05	certain	inherits from 100.5	auto
100.511	I	H-05	certain	inherits from 100.5	auto
100.512	I	H-05	certain	inherits from 100.5	auto
100.515	I	H-05	certain	inherits from 100.05	auto
100.517	I	H-08	high	has ptr to file 4; no ptr to file 2	auto
100.5173	I	H-05	certain	inherits from 100.517	auto
100.5174	I	H-05	certain	inherits from 100.517	auto
100.5175	I	H-05	certain	inherits from 100.517	auto
100.52	I	H-05	certain	inherits from 100.5	auto
100.57	I	H-05	certain	inherits from 100.05	auto
100.58	I	H-05	certain	inherits from 100.05	auto
100.6	I	H-08	high	has ptr to file 4; no ptr to file 2	auto
100.61	I	H-05	certain	inherits from 100.6	auto
100.62	I	H-05	certain	inherits from 100.6	auto
100.63	I	H-05	certain	inherits from 100.6	auto
100.64	I	H-05	certain	inherits from 100.6	auto
100.641	I	H-05	certain	inherits from 100.64	auto
100.65	I	H-05	certain	inherits from 100.6	auto
100.66	I	H-08	high	has ptr to file 4; no ptr to file 2	auto
100.67	I	H-05	certain	inherits from 100.6	auto
100.68	I	H-05	certain	inherits from 100.6	auto
100.681	I	H-05	certain	inherits from 100.6	auto
100.7	I	H-08	high	has ptr to file 4; no ptr to file 2	auto
100.71	I	H-05	certain	inherits from 100.7	auto
100.72	I	H-05	certain	inherits from 100.07	auto
100.8	K	H-12	high	global=	auto
100.82	K	H-05	certain	inherits from 100.8	auto
100.842	I	H-05	certain	inherits from 100.008	auto
100.843	I	H-05	certain	inherits from 100.008	auto
100.8432	I	H-05	certain	inherits from 100.843	auto
100.845	I	H-05	certain	inherits from 100.008	auto
100.8451	I	H-05	certain	inherits from 100.845	auto
100.9	K	H-12	high	global=	auto
100.9001	K	H-05	certain	inherits from 100.9	auto
100.92	K	H-05	certain	inherits from 100.9	auto
100.95	P	H-06	high	field=2 PATIENT points to file 2	auto
100.953	P	H-10	high	global=	auto
100.9531	P	H-05	certain	inherits from 100.953	auto
100.97	P	H-06	high	field=.01 PATIENT points to file 2	auto
100.976	P	H-05	certain	inherits from 100.97	auto
100.98	K	H-12	high	global=	auto
100.981	K	H-05	certain	inherits from 100.98	auto
100.985	K	H-05	certain	inherits from 100.98	auto
100.99	P	H-06	high	field=3.05 OR3 INPATIENT DFN UP TO points to file 2	auto
100.9901	P	H-05	certain	inherits from 100.99	auto
100.99011	P	H-05	certain	inherits from 100.9901	auto
100.9903	P	H-06	high	field=.01 OR3 PATIENTS TO CONVERT points to file 2	auto
100.99101	P	H-05	certain	inherits from 100.99	auto
100.99141	P	H-05	certain	inherits from 100.99	auto
100.992	P	H-05	certain	inherits from 100.99	auto
100.9925	P	H-05	certain	inherits from 100.99	auto
100.995	P	H-05	certain	inherits from 100.99	auto
100.9951	P	H-05	certain	inherits from 100.995	auto
100.99511	P	H-05	certain	inherits from 100.9951	auto
100.9955	P	H-05	certain	inherits from 100.995	auto
101	I	H-09	low	has ptr to file 200 (staff/provider); no ptr to file 2 or 4	auto
101.01	I	H-05	certain	inherits from 101	auto
101.02	I	H-05	certain	inherits from 101	auto
101.021	I	H-05	certain	inherits from 101	auto
101.03	I	H-05	certain	inherits from 101	auto
101.0431	I	H-05	certain	inherits from 101	auto
101.05	I	H-05	certain	inherits from 101	auto
101.06	I	H-05	certain	inherits from 101	auto
101.07	I	H-05	certain	inherits from 101	auto
101.0775	I	H-05	certain	inherits from 101	auto
101.11	S	H-17	moderate	package=KERNEL (XU)	auto
101.111	S	H-05	certain	inherits from 101.11	auto
101.13	K	H-12	high	global=	auto
101.15	K	H-12	high	global=	auto
101.152	K	H-05	certain	inherits from 101.15	auto
101.22	P	H-06	high	field=.01 PATIENT NAME points to file 2	auto
101.221	P	H-05	certain	inherits from 101.22	auto
101.24	K	H-12	high	global=	auto
101.241	K	H-05	certain	inherits from 101.24	auto
101.243	K	H-05	certain	inherits from 101.24	auto
101.3	K	H-12	high	global=	auto
101.35	K	H-05	certain	inherits from 101.3	auto
101.36	K	H-05	certain	inherits from 101.3	auto
101.41	K	H-12	high	global=	auto
101.411	K	H-05	certain	inherits from 101.41	auto
101.412	K	H-05	certain	inherits from 101.41	auto
101.41218	K	H-05	certain	inherits from 101.412	auto
101.415	K	H-05	certain	inherits from 101.41	auto
101.416	K	H-05	certain	inherits from 101.41	auto
101.4162	K	H-05	certain	inherits from 101.416	auto
101.42	K	H-12	high	global=	auto
101.421	K	H-05	certain	inherits from 101.42	auto
101.43	K	H-12	high	global=	auto
101.431	K	H-05	certain	inherits from 101.43	auto
101.432	K	H-05	certain	inherits from 101.43	auto
101.438	K	H-05	certain	inherits from 101.43	auto
101.439	K	H-05	certain	inherits from 101.43	auto
101.44	K	H-12	high	global=	auto
101.441	K	H-05	certain	inherits from 101.44	auto
101.442	K	H-05	certain	inherits from 101.44	auto
101.45	K	H-12	high	global=	auto
101.451	K	H-05	certain	inherits from 101.45	auto
101.452	K	H-05	certain	inherits from 101.45	auto
101.4521	K	H-05	certain	inherits from 101.452	auto
101.45211	K	H-05	certain	inherits from 101.4521	auto
101.453	K	H-05	certain	inherits from 101.45	auto
101.4531	K	H-05	certain	inherits from 101.453	auto
101.45311	K	H-05	certain	inherits from 101.4531	auto
101.51	K	H-12	high	global=	auto
101.511	K	H-05	certain	inherits from 101.51	auto
101.5111	K	H-05	certain	inherits from 101.511	auto
101.52	P	H-06	high	field=19 PATIENT points to file 2	auto
101.529	P	H-05	certain	inherits from 101.52	auto
101.53	P	H-05	certain	inherits from 101.52	auto
101.62	P	H-06	high	field=.01 PATIENT points to file 2	auto
101.621	P	H-05	certain	inherits from 101.62	auto
101.6211	P	H-05	certain	inherits from 101.621	auto
102.21	I	H-09	low	has ptr to file 200 (staff/provider); no ptr to file 2 or 4	auto
102.211	I	H-05	certain	inherits from 102.21	auto
102.2111	I	H-05	certain	inherits from 102.211	auto
102.212	I	H-05	certain	inherits from 102.21	auto
102.22	K	H-12	high	global=	auto
102.23	K	H-12	high	global=	auto
102.24	K	H-12	high	global=	auto
102.241	K	H-05	certain	inherits from 102.24	auto
102.3	P	H-06	high	field=3 PATIENT points to file 2	auto
102.31	P	H-05	certain	inherits from 102.3	auto
102.4	I	H-09	low	has ptr to file 200 (staff/provider); no ptr to file 2 or 4	auto
102.91	P	H-14	moderate	package=ORDER ENTRY/RESULTS REPORTING (OR)	auto
102.912	P	H-05	certain	inherits from 102.91	auto
102.913	P	H-05	certain	inherits from 102.91	auto
103	P	H-06	high	field=.01 PATIENT points to file 2	auto
103.011	P	H-05	certain	inherits from 103	auto
103.0112	P	H-05	certain	inherits from 103	auto
103.021	P	H-05	certain	inherits from 103.011	auto
103.035	P	H-05	certain	inherits from 103	auto
103.07	P	H-05	certain	inherits from 103	auto
103.08	P	H-05	certain	inherits from 103	auto
103.085	P	H-05	certain	inherits from 103	auto
103.11105	P	H-05	certain	inherits from 103.011	auto
103.1199	P	H-05	certain	inherits from 103.011	auto
104	S	H-21	low	name contains S-pattern	auto
104.0216061	S	H-05	certain	inherits from 104	auto
104.05	S	H-05	certain	inherits from 104	auto
104.1	P	manual-package	moderate	prefix=MMR batch triage	triage
104.103	P	inherited-parent	moderate	inherits from 104.1	inherited
104.104	P	inherited-parent	moderate	inherits from 104.1	inherited
104.107	P	inherited-parent	moderate	inherits from 104.1	inherited
104.108	P	inherited-parent	moderate	inherits from 104.1	inherited
104.109	S	H-21	low	name contains S-pattern	auto
104.15	P	inherited-parent	moderate	inherits from 104.1	inherited
104.191	S	H-05	certain	inherits from 104.109	auto
104.2	K	H-20	low	name contains K-pattern	auto
104.22	K	H-05	certain	inherits from 104.2	auto
104.23	K	H-05	certain	inherits from 104.2	auto
104.3	I	H-22	low	name contains I-pattern	auto
104.302	I	H-05	certain	inherits from 104.3	auto
105	S	manual-package	moderate	prefix=%ZI batch triage	triage
105.01	S	inherited-parent	moderate	inherits from 105	inherited
105.02	S	inherited-parent	moderate	inherits from 105	inherited
105.03	K	H-20	low	name contains K-pattern	auto
105.32	K	H-05	certain	inherits from 105.03	auto
106	S	H-21	low	name contains S-pattern	auto
107	S	manual-package	moderate	prefix=%ZI batch triage	triage
107.1	K	H-20	low	name contains K-pattern	auto
107.2	S	H-39	moderate	orphan: 0 ptrs in, 0 ptrs out	auto
107.21	S	H-21	low	name contains S-pattern	auto
107.3	S	manual-vestigial	low	MICOM PORT — vestigial	triage
108	S	H-21	low	name contains S-pattern	auto
108.01	S	H-05	certain	inherits from 108	auto
11	S	H-13	high	global=	auto
11.99	P	H-14	moderate	package=REGISTRATION (DG)	auto
11.9901	P	H-05	certain	inherits from 11.99	auto
11.99901	P	H-05	certain	inherits from 11.99	auto
111	P	H-10	high	global=	auto
111.01	P	H-05	certain	inherits from 111	auto
111.1	P	H-10	high	global=	auto
111.11	P	H-05	certain	inherits from 111.1	auto
111.115	P	H-05	certain	inherits from 111.1	auto
111.116	P	H-05	certain	inherits from 111.1	auto
111.117	P	H-05	certain	inherits from 111.1	auto
111.119	P	H-05	certain	inherits from 111.1	auto
111.12	P	H-05	certain	inherits from 111.1	auto
111.13	P	H-05	certain	inherits from 111.1	auto
112	P	H-10	high	global=	auto
112.2	P	H-10	high	global=	auto
112.6	I	H-09	low	has ptr to file 200 (staff/provider); no ptr to file 2 or 4	auto
112.61	I	H-05	certain	inherits from 112.6	auto
112.62	I	H-05	certain	inherits from 112.61	auto
112.63	I	H-05	certain	inherits from 112.62	auto
112.64	I	H-05	certain	inherits from 112.62	auto
113	P	H-14	moderate	package=DIETETICS (FH)	auto
113.1	P	H-10	high	global=	auto
113.2	P	H-10	high	global=	auto
114	P	H-10	high	global=	auto
114.01	P	H-05	certain	inherits from 114	auto
114.0103	P	H-05	certain	inherits from 114	auto
114.02	P	H-05	certain	inherits from 114	auto
114.03	P	H-05	certain	inherits from 114	auto
114.05	P	H-05	certain	inherits from 114	auto
114.1	P	H-10	high	global=	auto
114.2	P	H-10	high	global=	auto
114.3	P	H-10	high	global=	auto
114.4	P	H-10	high	global=	auto
115	P	H-06	high	field=14 PATIENT points to file 2	auto
115.01	P	H-05	certain	inherits from 115	auto
115.011	P	H-05	certain	inherits from 115	auto
115.012	P	H-05	certain	inherits from 115	auto
115.016	P	H-05	certain	inherits from 115	auto
115.017	P	H-05	certain	inherits from 115	auto
115.018	P	H-05	certain	inherits from 115	auto
115.02	P	H-05	certain	inherits from 115.01	auto
115.021	P	H-05	certain	inherits from 115.011	auto
115.03	P	H-05	certain	inherits from 115.01	auto
115.031	P	H-05	certain	inherits from 115.011	auto
115.04	P	H-05	certain	inherits from 115.01	auto
115.05	P	H-05	certain	inherits from 115.01	auto
115.06	P	H-05	certain	inherits from 115.01	auto
115.07	P	H-05	certain	inherits from 115.01	auto
115.08	P	H-05	certain	inherits from 115.01	auto
115.09	P	H-05	certain	inherits from 115	auto
115.1	P	H-05	certain	inherits from 115.04	auto
115.11	P	H-05	certain	inherits from 115.01	auto
115.1171	P	H-05	certain	inherits from 115.011	auto
115.12	P	H-05	certain	inherits from 115	auto
115.14	P	H-05	certain	inherits from 115.01	auto
115.1619	P	H-05	certain	inherits from 115.016	auto
115.1626	P	H-05	certain	inherits from 115.016	auto
115.1627	P	H-05	certain	inherits from 115.016	auto
115.2	P	H-10	high	global=	auto
115.21	P	H-05	certain	inherits from 115.2	auto
115.225	P	H-05	certain	inherits from 115.2	auto
115.3	P	H-10	high	global=	auto
115.4	P	H-10	high	global=	auto
115.5	P	H-10	high	global=	auto
115.6	P	H-10	high	global=	auto
115.7	I	H-09	low	has ptr to file 200 (staff/provider); no ptr to file 2 or 4	auto
115.701	P	H-06	high	field=.01 PATIENT points to file 2	auto
11500.1	P	H-06	high	field=.12 LOCAL PATIENT ENTRY points to file 2	auto
11500.11	P	H-05	certain	inherits from 11500.1	auto
11500.2	I	H-09	low	has ptr to file 200 (staff/provider); no ptr to file 2 or 4	auto
11500.3	I	H-09	low	has ptr to file 200 (staff/provider); no ptr to file 2 or 4	auto
11500.4	I	H-09	low	has ptr to file 200 (staff/provider); no ptr to file 2 or 4	auto
11500.5	I	H-08	high	has ptr to file 4; no ptr to file 2	auto
11500.61	I	H-09	low	has ptr to file 200 (staff/provider); no ptr to file 2 or 4	auto
11500.62	I	H-09	low	has ptr to file 200 (staff/provider); no ptr to file 2 or 4	auto
11500.63	I	H-09	low	has ptr to file 200 (staff/provider); no ptr to file 2 or 4	auto
11500.64	I	H-09	low	has ptr to file 200 (staff/provider); no ptr to file 2 or 4	auto
116	P	H-10	high	global=	auto
116.01	P	H-05	certain	inherits from 116	auto
116.02	P	H-05	certain	inherits from 116	auto
116.1	P	H-10	high	global=	auto
116.11	P	H-05	certain	inherits from 116.1	auto
116.112	P	H-05	certain	inherits from 116.11	auto
116.12	P	H-05	certain	inherits from 116.11	auto
116.2	P	H-10	high	global=	auto
116.211	P	H-05	certain	inherits from 116.2	auto
116.3	P	H-10	high	global=	auto
117	P	H-10	high	global=	auto
117.024	P	H-10	high	global=	auto
117.02402	P	H-05	certain	inherits from 117.024	auto
117.0241	P	H-10	high	global=	auto
117.0242	P	H-05	certain	inherits from 117.024	auto
117.0243	P	H-10	high	global=	auto
117.024302	P	H-05	certain	inherits from 117.0243	auto
117.0243025	P	H-05	certain	inherits from 117.024302	auto
117.06	P	H-05	certain	inherits from 117	auto
117.1	P	H-10	high	global=	auto
117.11	P	H-05	certain	inherits from 117.1	auto
117.2	P	H-10	high	global=	auto
117.3	P	H-10	high	global=	auto
117.31	P	H-05	certain	inherits from 117.3	auto
117.312	P	H-05	certain	inherits from 117.3	auto
117.313	P	H-05	certain	inherits from 117.3	auto
117.325	P	H-05	certain	inherits from 117.3	auto
117.332	P	H-05	certain	inherits from 117.3	auto
117.338	P	H-05	certain	inherits from 117.3	auto
117.356	P	H-05	certain	inherits from 117.3	auto
117.358	P	H-05	certain	inherits from 117.3	auto
117.359	P	H-05	certain	inherits from 117.3	auto
117.361	P	H-05	certain	inherits from 117.3	auto
117.362	P	H-05	certain	inherits from 117.3	auto
117.363	P	H-05	certain	inherits from 117.3	auto
117.364	P	H-05	certain	inherits from 117.3	auto
117.365	P	H-05	certain	inherits from 117.3	auto
117.366	P	H-05	certain	inherits from 117.3	auto
117.37	P	H-05	certain	inherits from 117.3	auto
117.371	P	H-05	certain	inherits from 117.3	auto
117.372	P	H-05	certain	inherits from 117.3	auto
117.373	P	H-05	certain	inherits from 117.3	auto
117.374	P	H-05	certain	inherits from 117.3	auto
117.375	P	H-05	certain	inherits from 117.3	auto
117.376	P	H-05	certain	inherits from 117.3	auto
117.377	P	H-05	certain	inherits from 117.3	auto
117.378	P	H-05	certain	inherits from 117.3	auto
117.379	P	H-05	certain	inherits from 117.3	auto
117.4	P	H-10	high	global=	auto
118	P	H-10	high	global=	auto
118.01	P	H-05	certain	inherits from 118	auto
118.1	P	H-10	high	global=	auto
118.2	P	H-10	high	global=	auto
118.21	P	H-05	certain	inherits from 118.2	auto
118.3	P	H-10	high	global=	auto
119	I	H-09	low	has ptr to file 200 (staff/provider); no ptr to file 2 or 4	auto
119.01	P	H-06	high	field=101 PATIENT points to file 2	auto
119.1	P	H-10	high	global=	auto
119.4	P	H-10	high	global=	auto
119.5	I	H-09	low	has ptr to file 200 (staff/provider); no ptr to file 2 or 4	auto
119.6	I	H-09	low	has ptr to file 200 (staff/provider); no ptr to file 2 or 4	auto
119.61	I	H-05	certain	inherits from 119.6	auto
119.62	I	H-05	certain	inherits from 119.6	auto
119.63	I	H-05	certain	inherits from 119.6	auto
119.64	I	H-05	certain	inherits from 119.6	auto
119.66	I	H-05	certain	inherits from 119.6	auto
119.71	P	H-10	high	global=	auto
119.72	P	H-10	high	global=	auto
119.721	P	H-05	certain	inherits from 119.72	auto
119.7211	P	H-05	certain	inherits from 119.72	auto
119.722	P	H-05	certain	inherits from 119.72	auto
119.73	P	H-10	high	global=	auto
119.74	P	H-10	high	global=	auto
119.8	I	H-09	low	has ptr to file 200 (staff/provider); no ptr to file 2 or 4	auto
119.9	I	H-09	low	has ptr to file 200 (staff/provider); no ptr to file 2 or 4	auto
119.9001	I	H-05	certain	inherits from 119.9	auto
119.93	I	H-05	certain	inherits from 119.9	auto
119.985	I	H-05	certain	inherits from 119.9	auto
12	S	H-13	high	global=	auto
12.01	S	H-05	certain	inherits from 12	auto
12.11	I	H-11	high	global=	auto
12.12	I	H-11	high	global=	auto
120.5	P	H-06	high	field=.02 PATIENT points to file 2	auto
120.505	P	H-05	certain	inherits from 120.5	auto
120.506	P	H-05	certain	inherits from 120.5	auto
120.51	P	H-10	high	global=	auto
120.517	P	H-05	certain	inherits from 120.51	auto
120.518	P	H-05	certain	inherits from 120.51	auto
120.5181	P	H-05	certain	inherits from 120.518	auto
120.5199	P	H-05	certain	inherits from 120.51	auto
120.52	P	H-10	high	global=	auto
120.521	P	H-05	certain	inherits from 120.52	auto
120.522	P	H-05	certain	inherits from 120.52	auto
120.5221	P	H-05	certain	inherits from 120.522	auto
120.5299	P	H-05	certain	inherits from 120.52	auto
120.53	P	H-10	high	global=	auto
120.531	P	H-05	certain	inherits from 120.53	auto
120.532	P	H-05	certain	inherits from 120.53	auto
120.5321	P	H-05	certain	inherits from 120.532	auto
120.5399	P	H-05	certain	inherits from 120.53	auto
120.55	P	H-10	high	global=	auto
120.57	P	H-10	high	global=	auto
120.8	P	H-06	high	field=.01 PATIENT points to file 2	auto
120.802	P	H-05	certain	inherits from 120.8	auto
120.803	P	H-05	certain	inherits from 120.8	auto
120.807	P	H-05	certain	inherits from 120.8	auto
120.81	P	H-05	certain	inherits from 120.8	auto
120.813	P	H-05	certain	inherits from 120.8	auto
120.814	P	H-05	certain	inherits from 120.8	auto
120.82	P	H-10	high	global=	auto
120.8205	P	H-05	certain	inherits from 120.82	auto
120.821	S	H-39	moderate	orphan: 0 ptrs in, 0 ptrs out	auto
120.822	P	H-05	certain	inherits from 120.82	auto
120.8221	P	H-05	certain	inherits from 120.822	auto
120.823	P	H-05	certain	inherits from 120.82	auto
120.824	P	H-05	certain	inherits from 120.82	auto
120.825	P	H-05	certain	inherits from 120.8	auto
120.826	P	H-05	certain	inherits from 120.8	auto
120.8262	P	H-05	certain	inherits from 120.826	auto
120.8299	P	H-05	certain	inherits from 120.82	auto
120.83	P	H-10	high	global=	auto
120.831	S	H-39	moderate	orphan: 0 ptrs in, 0 ptrs out	auto
120.832	P	H-05	certain	inherits from 120.83	auto
120.833	P	H-05	certain	inherits from 120.83	auto
120.8331	P	H-05	certain	inherits from 120.833	auto
120.8399	P	H-05	certain	inherits from 120.83	auto
120.84	P	H-10	high	global=	auto
120.841	P	H-05	certain	inherits from 120.84	auto
120.846	I	H-08	high	has ptr to file 4; no ptr to file 2	auto
120.849	P	H-05	certain	inherits from 120.84	auto
120.85	P	H-06	high	field=.02 PATIENT points to file 2	auto
120.8502	P	H-05	certain	inherits from 120.85	auto
120.8503	P	H-05	certain	inherits from 120.85	auto
120.8504	P	H-05	certain	inherits from 120.85	auto
120.8513	P	H-05	certain	inherits from 120.85	auto
120.8514	P	H-05	certain	inherits from 120.85	auto
120.85315	P	H-05	certain	inherits from 120.85	auto
120.853151	P	H-05	certain	inherits from 120.85315	auto
120.8563	P	H-05	certain	inherits from 120.85	auto
120.86	P	H-06	high	field=.01 NAME points to file 2	auto
120.87	P	H-10	high	global=	auto
120.871	P	H-05	certain	inherits from 120.87	auto
120.88	P	H-06	high	field=.02 PATIENT points to file 2	auto
1200036	S	H-13	high	global=	auto
123	P	H-06	high	field=.02 PATIENT NAME points to file 2	auto
123.01	P	H-05	certain	inherits from 123	auto
123.02	I	H-08	high	has ptr to file 4; no ptr to file 2	auto
123.03	P	H-05	certain	inherits from 123	auto
123.033	P	H-10	high	global=	auto
123.0331	P	H-05	certain	inherits from 123.033	auto
123.0332	P	H-05	certain	inherits from 123.033	auto
123.0333	P	H-05	certain	inherits from 123.033	auto
123.0334	P	H-05	certain	inherits from 123.033	auto
123.0335	P	H-05	certain	inherits from 123.033	auto
123.0336	P	H-05	certain	inherits from 123.033	auto
123.051	I	H-08	high	has ptr to file 4; no ptr to file 2	auto
123.1	P	H-10	high	global=	auto
123.25	I	H-05	certain	inherits from 123.02	auto
123.3	I	H-08	high	has ptr to file 4; no ptr to file 2	auto
123.31	I	H-05	certain	inherits from 123.3	auto
123.3124	I	H-05	certain	inherits from 123.3	auto
123.3125	I	H-05	certain	inherits from 123.3	auto
123.3128	I	H-08	high	has ptr to file 4; no ptr to file 2	auto
123.32	I	H-05	certain	inherits from 123.3	auto
123.5	I	H-08	high	has ptr to file 4; no ptr to file 2	auto
123.51	I	H-05	certain	inherits from 123.5	auto
123.5101	I	H-05	certain	inherits from 123.5	auto
123.5124	I	H-05	certain	inherits from 123.5	auto
123.5125	I	H-05	certain	inherits from 123.5	auto
123.5134	I	H-08	high	has ptr to file 4; no ptr to file 2	auto
123.52	I	H-05	certain	inherits from 123.5	auto
123.53	I	H-05	certain	inherits from 123.5	auto
123.54	I	H-05	certain	inherits from 123.5	auto
123.55	I	H-05	certain	inherits from 123.5	auto
123.555	I	H-05	certain	inherits from 123.5	auto
123.56	I	H-05	certain	inherits from 123.5	auto
123.5688	I	H-05	certain	inherits from 123.5	auto
123.57	I	H-05	certain	inherits from 123.5	auto
123.58	I	H-05	certain	inherits from 123.5	auto
123.59	I	H-05	certain	inherits from 123.5	auto
123.6	I	H-08	high	has ptr to file 4; no ptr to file 2	auto
123.7	P	H-10	high	global=	auto
123.71	P	H-05	certain	inherits from 123.7	auto
123.9	I	H-08	high	has ptr to file 4; no ptr to file 2	auto
123.92	I	H-05	certain	inherits from 123.9	auto
123.99	I	H-05	certain	inherits from 123.9	auto
123.9999	I	H-05	certain	inherits from 123.9	auto
124.1	P	H-10	high	global=	auto
124.11	P	H-05	certain	inherits from 124.1	auto
124.2	P	H-10	high	global=	auto
124.21	P	H-05	certain	inherits from 124.2	auto
124.22	P	H-05	certain	inherits from 124.2	auto
124.25	P	H-10	high	global=	auto
124.3	P	H-06	high	field=.02 PATIENT points to file 2	auto
124.31	P	H-05	certain	inherits from 124.3	auto
124.313	P	H-05	certain	inherits from 124.31	auto
125	P	H-14	moderate	package=PROBLEM LIST (GMPL)	auto
125.01	P	H-05	certain	inherits from 125	auto
125.1	P	H-14	moderate	package=PROBLEM LIST (GMPL)	auto
125.11	P	H-14	moderate	package=PROBLEM LIST (GMPL)	auto
125.111	P	H-05	certain	inherits from 125.11	auto
125.12	P	H-14	moderate	package=PROBLEM LIST (GMPL)	auto
125.8	I	H-09	low	has ptr to file 200 (staff/provider); no ptr to file 2 or 4	auto
125.99	P	H-14	moderate	package=PROBLEM LIST (GMPL)	auto
126	P	H-06	high	field=.01 PATIENT points to file 2	auto
126.01	P	H-05	certain	inherits from 126	auto
126.02	P	H-05	certain	inherits from 126	auto
126.03	P	H-05	certain	inherits from 126	auto
126.04	P	H-05	certain	inherits from 126	auto
126.13	P	H-05	certain	inherits from 126.01	auto
126.313	P	H-05	certain	inherits from 126.03	auto
126.316	P	H-05	certain	inherits from 126.03	auto
126.41	P	H-05	certain	inherits from 126.04	auto
126.56	P	H-10	high	global=	auto
126.58	P	H-10	high	global=	auto
126.6	P	H-10	high	global=	auto
126.7	P	H-10	high	global=	auto
126.72	P	H-10	high	global=	auto
126.74	P	H-10	high	global=	auto
126.741	P	H-05	certain	inherits from 126.74	auto
126.76	P	H-10	high	global=	auto
126.8	P	H-10	high	global=	auto
126.82	P	H-05	certain	inherits from 126.8	auto
126.9	P	H-10	high	global=	auto
126.95	P	H-10	high	global=	auto
129.1	I	manual-package	moderate	prefix=ETS batch triage	triage
129.101	I	inherited-parent	moderate	inherits from 129.1	inherited
129.102	I	inherited-parent	moderate	inherits from 129.1	inherited
129.103	I	inherited-parent	moderate	inherits from 129.1	inherited
129.104	I	inherited-parent	moderate	inherits from 129.1	inherited
129.11	I	manual-package	moderate	prefix=ETS batch triage	triage
129.111	I	inherited-parent	moderate	inherits from 129.11	inherited
129.12	K	H-20	low	name contains K-pattern	auto
129.13	K	H-20	low	name contains K-pattern	auto
129.14	S	H-39	moderate	orphan: 0 ptrs in, 0 ptrs out	auto
129.2	K	H-12	high	global=	auto
129.21	K	H-12	high	global=	auto
129.22	K	H-12	high	global=	auto
129.23	K	H-12	high	global=	auto
129.24	K	H-12	high	global=	auto
13	S	H-13	high	global=	auto
13.01	S	H-05	certain	inherits from 13	auto
13.99	P	H-14	moderate	package=REGISTRATION (DG)	auto
13.9901	P	H-05	certain	inherits from 13.99	auto
13.99901	P	H-05	certain	inherits from 13.99	auto
130	P	H-06	high	field=.01 PATIENT points to file 2	auto
130.01	P	H-05	certain	inherits from 130	auto
130.0126	P	H-05	certain	inherits from 130	auto
130.0129	P	H-05	certain	inherits from 130	auto
130.013	P	H-05	certain	inherits from 130	auto
130.0134	P	H-05	certain	inherits from 130.013	auto
130.0135	P	H-05	certain	inherits from 130.013	auto
130.02	P	H-05	certain	inherits from 130	auto
130.02005	P	H-05	certain	inherits from 130	auto
130.028	P	H-05	certain	inherits from 130	auto
130.03	P	H-05	certain	inherits from 130	auto
130.04	P	H-05	certain	inherits from 130	auto
130.042	P	H-05	certain	inherits from 130	auto
130.049	P	H-05	certain	inherits from 130	auto
130.05	P	H-05	certain	inherits from 130	auto
130.0508	P	H-05	certain	inherits from 130	auto
130.053	P	H-05	certain	inherits from 130	auto
130.055	P	H-05	certain	inherits from 130	auto
130.059	P	H-05	certain	inherits from 130	auto
130.06	P	H-05	certain	inherits from 130	auto
130.0635	P	H-05	certain	inherits from 130	auto
130.0637	P	H-05	certain	inherits from 130	auto
130.064	P	H-05	certain	inherits from 130	auto
130.0647	P	H-05	certain	inherits from 130	auto
130.065	P	H-05	certain	inherits from 130	auto
130.0664	P	H-05	certain	inherits from 130	auto
130.0681	P	H-05	certain	inherits from 130	auto
130.0682	P	H-05	certain	inherits from 130	auto
130.0683	P	H-05	certain	inherits from 130	auto
130.0684	P	H-05	certain	inherits from 130	auto
130.07	P	H-05	certain	inherits from 130	auto
130.08	P	H-05	certain	inherits from 130	auto
130.082	P	H-05	certain	inherits from 130	auto
130.083	P	H-05	certain	inherits from 130	auto
130.084	P	H-05	certain	inherits from 130	auto
130.085	P	H-05	certain	inherits from 130	auto
130.09	P	H-05	certain	inherits from 130	auto
130.0904	P	H-05	certain	inherits from 130	auto
130.1	P	H-05	certain	inherits from 130	auto
130.11	P	H-05	certain	inherits from 130	auto
130.1115	P	H-05	certain	inherits from 130.11	auto
130.1118	P	H-05	certain	inherits from 130.11	auto
130.1119	P	H-05	certain	inherits from 130.11	auto
130.12	P	H-05	certain	inherits from 130.04	auto
130.1264	P	H-05	certain	inherits from 130.0126	auto
130.1295	P	H-05	certain	inherits from 130.0129	auto
130.13	P	H-05	certain	inherits from 130	auto
130.14	P	H-05	certain	inherits from 130	auto
130.15	P	H-05	certain	inherits from 130	auto
130.16	P	H-05	certain	inherits from 130	auto
130.164	P	H-05	certain	inherits from 130.16	auto
130.165	P	H-05	certain	inherits from 130.16	auto
130.17	P	H-05	certain	inherits from 130	auto
130.18	P	H-05	certain	inherits from 130	auto
130.19	P	H-05	certain	inherits from 130.18	auto
130.2	P	H-05	certain	inherits from 130.17	auto
130.21	P	H-05	certain	inherits from 130.13	auto
130.213	P	H-05	certain	inherits from 130	auto
130.22	P	H-05	certain	inherits from 130	auto
130.224	P	H-05	certain	inherits from 130.22	auto
130.23	P	H-05	certain	inherits from 130	auto
130.24	P	H-05	certain	inherits from 130	auto
130.25	P	H-05	certain	inherits from 130	auto
130.26	P	H-05	certain	inherits from 130.16	auto
130.27	P	H-05	certain	inherits from 130.14	auto
130.275	P	H-05	certain	inherits from 130	auto
130.28	P	H-05	certain	inherits from 130	auto
130.29	P	H-05	certain	inherits from 130.28	auto
130.3	P	H-05	certain	inherits from 130.29	auto
130.31	P	H-05	certain	inherits from 130	auto
130.32	P	H-05	certain	inherits from 130	auto
130.33	P	H-05	certain	inherits from 130	auto
130.34	P	H-05	certain	inherits from 130.33	auto
130.35	P	H-05	certain	inherits from 130.23	auto
130.3513	P	H-05	certain	inherits from 130	auto
130.36	P	H-05	certain	inherits from 130	auto
130.37	P	H-05	certain	inherits from 130.36	auto
130.38	P	H-05	certain	inherits from 130.37	auto
130.39	P	H-05	certain	inherits from 130.08	auto
130.4	S	H-13	high	global=	auto
130.41	P	H-05	certain	inherits from 130	auto
130.422	P	H-05	certain	inherits from 130.042	auto
130.43	P	H-05	certain	inherits from 130	auto
130.44	P	H-05	certain	inherits from 130.43	auto
130.47	P	H-05	certain	inherits from 130.06	auto
130.48	P	H-05	certain	inherits from 130.06	auto
130.49	P	H-05	certain	inherits from 130.06	auto
130.5	P	H-05	certain	inherits from 130.06	auto
130.534	P	H-05	certain	inherits from 130.053	auto
130.8	P	H-05	certain	inherits from 130	auto
131	P	H-14	moderate	package=SURGERY (SR)	auto
131.01	P	H-14	moderate	package=SURGERY (SR)	auto
131.02	P	H-14	moderate	package=SURGERY (SR)	auto
131.03	P	H-05	certain	inherits from 131	auto
131.04	P	H-14	moderate	package=SURGERY (SR)	auto
131.05	P	H-05	certain	inherits from 131	auto
131.06	P	H-14	moderate	package=SURGERY (SR)	auto
131.23	P	H-05	certain	inherits from 131.02	auto
131.25	P	H-14	moderate	package=SURGERY (SR)	auto
131.251	P	H-05	certain	inherits from 131.25	auto
131.3	P	H-14	moderate	package=SURGERY (SR)	auto
131.34	P	H-05	certain	inherits from 131.3	auto
131.4	P	H-14	moderate	package=SURGERY (SR)	auto
131.45	P	H-05	certain	inherits from 131.04	auto
131.5	P	H-14	moderate	package=SURGERY (SR)	auto
131.56	P	H-05	certain	inherits from 131.5	auto
131.6	P	H-14	moderate	package=SURGERY (SR)	auto
131.63	P	H-05	certain	inherits from 131.6	auto
131.64	P	H-05	certain	inherits from 131.06	auto
131.7	I	H-09	low	has ptr to file 200 (staff/provider); no ptr to file 2 or 4	auto
131.701	I	H-05	certain	inherits from 131.7	auto
131.702	I	H-05	certain	inherits from 131.7	auto
131.703	I	H-05	certain	inherits from 131.7	auto
131.704	I	H-05	certain	inherits from 131.703	auto
131.705	I	H-05	certain	inherits from 131.704	auto
131.711	I	H-05	certain	inherits from 131.7	auto
131.8	P	H-10	high	global=	auto
131.81	P	H-05	certain	inherits from 131.8	auto
131.82	P	H-05	certain	inherits from 131.8	auto
131.9	P	H-14	moderate	package=SURGERY (SR)	auto
132	P	H-14	moderate	package=SURGERY (SR)	auto
132.05	P	H-14	moderate	package=SURGERY (SR)	auto
132.4	P	H-14	moderate	package=SURGERY (SR)	auto
132.8	P	H-14	moderate	package=SURGERY (SR)	auto
132.9	P	H-14	moderate	package=SURGERY (SR)	auto
132.92	P	H-05	certain	inherits from 132.9	auto
132.95	P	H-14	moderate	package=SURGERY (SR)	auto
132.952	P	H-05	certain	inherits from 132.95	auto
133	I	H-08	high	has ptr to file 4; no ptr to file 2	auto
133.012	I	H-05	certain	inherits from 133	auto
133.027	I	H-05	certain	inherits from 133	auto
133.028	I	H-05	certain	inherits from 133	auto
133.031	I	H-05	certain	inherits from 133	auto
133.036	I	H-05	certain	inherits from 133	auto
133.2	P	H-14	moderate	package=SURGERY (SR)	auto
133.21	P	H-05	certain	inherits from 133.2	auto
133.281	I	H-05	certain	inherits from 133.028	auto
133.29	P	H-05	certain	inherits from 133.2	auto
133.361	I	H-05	certain	inherits from 133.036	auto
133.4	P	H-14	moderate	package=SURGERY (SR)	auto
133.6	P	H-14	moderate	package=SURGERY (SR)	auto
133.7	P	H-14	moderate	package=SURGERY (SR)	auto
133.8	P	H-14	moderate	package=SURGERY (SR)	auto
133.801	P	H-06	high	field=.01 PATIENT points to file 2	auto
133.8013	P	H-05	certain	inherits from 133.801	auto
133.8014	P	H-05	certain	inherits from 133.801	auto
134	P	H-14	moderate	package=SURGERY (SR)	auto
134.01	P	H-05	certain	inherits from 134	auto
135	P	H-14	moderate	package=SURGERY (SR)	auto
135.1	P	H-14	moderate	package=SURGERY (SR)	auto
135.2	P	H-14	moderate	package=SURGERY (SR)	auto
135.3	P	H-14	moderate	package=SURGERY (SR)	auto
135.4	P	H-14	moderate	package=SURGERY (SR)	auto
136	P	H-14	moderate	package=SURGERY (SR)	auto
136.01	P	H-05	certain	inherits from 136	auto
136.011	P	H-05	certain	inherits from 136	auto
136.02	P	H-05	certain	inherits from 136	auto
136.03	P	H-05	certain	inherits from 136	auto
136.04	P	H-05	certain	inherits from 136	auto
136.31	P	H-05	certain	inherits from 136.03	auto
136.32	P	H-05	certain	inherits from 136.03	auto
136.5	P	H-14	moderate	package=SURGERY (SR)	auto
136.52	P	H-05	certain	inherits from 136.5	auto
136.53	P	H-05	certain	inherits from 136.5	auto
137	P	H-14	moderate	package=SURGERY (SR)	auto
137.45	P	H-14	moderate	package=SURGERY (SR)	auto
138	P	H-14	moderate	package=SURGERY (SR)	auto
139.2	P	H-14	moderate	package=SURGERY (SR)	auto
139.21	P	H-05	certain	inherits from 139.2	auto
139.5	P	H-06	high	field=.01 PATIENT points to file 2	auto
139.544	P	H-05	certain	inherits from 139.5	auto
14.4	I	H-09	low	has ptr to file 200 (staff/provider); no ptr to file 2 or 4	auto
14.5	S	manual-package	moderate	prefix=%ZI batch triage	triage
14.6	S	manual-package	moderate	prefix=%ZI batch triage	triage
14.7	S	H-21	low	name contains S-pattern	auto
14.71	S	H-21	low	name contains S-pattern	auto
14.72	S	H-21	low	name contains S-pattern	auto
14.72101	S	H-05	certain	inherits from 14.72	auto
14.72201	S	H-05	certain	inherits from 14.72	auto
14.8	S	H-21	low	name contains S-pattern	auto
142	I	H-09	low	has ptr to file 200 (staff/provider); no ptr to file 2 or 4	auto
142.01	I	H-05	certain	inherits from 142	auto
142.1	K	manual	moderate	HEALTH SUMMARY COMPONENT — template/knowledge	triage
142.11	K	inherited-parent	moderate	inherits from 142.1	inherited
142.14	I	H-05	certain	inherits from 142.01	auto
142.17	K	inherited-parent	moderate	inherits from 142.1	inherited
142.2	I	H-05	certain	inherits from 142	auto
142.35	K	inherited-parent	moderate	inherits from 142.1	inherited
142.5	I	H-09	low	has ptr to file 200 (staff/provider); no ptr to file 2 or 4	auto
142.51	I	H-05	certain	inherits from 142.5	auto
142.98	I	H-09	low	has ptr to file 200 (staff/provider); no ptr to file 2 or 4	auto
142.99	S	H-21	low	name contains S-pattern	auto
15	P	H-06	high	field=999999903 MFI PATIENT points to file 2	auto
15.01101	P	H-05	certain	inherits from 15	auto
15.013	P	H-05	certain	inherits from 15	auto
15.02	P	H-05	certain	inherits from 15	auto
15.02101	P	H-05	certain	inherits from 15	auto
15.03	P	H-05	certain	inherits from 15	auto
15.031	P	H-05	certain	inherits from 15.03	auto
15.1	S	H-13	high	global=	auto
15.111	S	H-05	certain	inherits from 15.1	auto
15.112	S	H-05	certain	inherits from 15.1	auto
15.12	S	H-05	certain	inherits from 15.1	auto
15.121	S	H-05	certain	inherits from 15.12	auto
15.2	S	H-13	high	global=	auto
15.22	S	H-05	certain	inherits from 15.2	auto
15.23	S	H-05	certain	inherits from 15.2	auto
15.232	S	H-05	certain	inherits from 15.23	auto
15.3	S	H-13	high	global=	auto
15.31	S	H-05	certain	inherits from 15.3	auto
15.4	S	H-39	moderate	orphan: 0 ptrs in, 0 ptrs out	auto
15.41	S	H-05	certain	inherits(prop) from 15.4	auto
15.411	S	H-05	certain	inherits(prop) from 15.41	auto
15.42	S	H-05	certain	inherits(prop) from 15.4	auto
15.421	S	H-05	certain	inherits(prop) from 15.42	auto
15.43	S	H-05	certain	inherits(prop) from 15.4	auto
150.1	I	H-15	moderate	package=VISIT TRACKING (VSIT)	auto
150.2	I	H-15	moderate	package=VISIT TRACKING (VSIT)	auto
150.9	S	H-13	high	global=	auto
150.93	S	H-05	certain	inherits from 150.9	auto
160	K	H-16	moderate	package=ONCOLOGY (ONC)	auto
160.01	K	H-05	certain	inherits from 160	auto
160.02	K	H-05	certain	inherits from 160	auto
160.03	K	H-05	certain	inherits from 160	auto
160.031	K	H-05	certain	inherits from 160	auto
160.04	K	H-05	certain	inherits from 160	auto
160.041	K	H-05	certain	inherits from 160	auto
160.042	K	H-05	certain	inherits from 160	auto
160.044	K	H-05	certain	inherits from 160	auto
160.05	I	H-08	high	has ptr to file 4; no ptr to file 2	auto
160.06	K	H-05	certain	inherits from 160	auto
160.075	I	H-08	high	has ptr to file 4; no ptr to file 2	auto
160.1	I	H-08	high	has ptr to file 4; no ptr to file 2	auto
160.11	I	H-05	certain	inherits from 160.1	auto
160.12	K	H-16	moderate	package=ONCOLOGY (ONC)	auto
160.13	I	H-05	certain	inherits from 160.1	auto
160.14	K	H-16	moderate	package=ONCOLOGY (ONC)	auto
160.15	K	H-16	moderate	package=ONCOLOGY (ONC)	auto
160.16	K	H-16	moderate	package=ONCOLOGY (ONC)	auto
160.161	K	H-05	certain	inherits from 160.16	auto
160.162	K	H-05	certain	inherits from 160.16	auto
160.17	K	H-16	moderate	package=ONCOLOGY (ONC)	auto
160.171	K	H-05	certain	inherits from 160.17	auto
160.172	K	H-05	certain	inherits from 160.17	auto
160.18	I	H-05	certain	inherits from 160.1	auto
160.19	K	H-16	moderate	package=ONCOLOGY (ONC)	auto
160.2	K	H-16	moderate	package=ONCOLOGY (ONC)	auto
160.21	K	H-05	certain	inherits from 160.2	auto
160.22	I	H-08	high	has ptr to file 4; no ptr to file 2	auto
160.23	K	H-05	certain	inherits from 160.2	auto
160.24	I	H-05	certain	inherits from 160.1	auto
160.25	I	H-05	certain	inherits from 160.1	auto
160.26	I	H-05	certain	inherits from 160.1	auto
160.3	K	H-16	moderate	package=ONCOLOGY (ONC)	auto
160.4	K	H-16	moderate	package=ONCOLOGY (ONC)	auto
160.45	K	H-05	certain	inherits from 160.04	auto
160.6	K	H-16	moderate	package=ONCOLOGY (ONC)	auto
1609	S	H-39	moderate	orphan: 0 ptrs in, 0 ptrs out	auto
1609.01	S	H-05	certain	inherits(prop) from 1609	auto
1609.1	S	H-39	moderate	orphan: 0 ptrs in, 0 ptrs out	auto
161	P	H-06	high	field=.01 NAME points to file 2	auto
161.01	I	H-08	high	has ptr to file 4; no ptr to file 2	auto
161.011	P	H-05	certain	inherits from 161	auto
161.02	P	H-05	certain	inherits from 161	auto
161.04	P	H-05	certain	inherits from 161.02	auto
161.06	I	H-05	certain	inherits from 161.01	auto
161.192	I	H-05	certain	inherits from 161.01	auto
161.193	I	H-05	certain	inherits from 161.01	auto
161.2	P	H-14	moderate	package=FEE BASIS (FB)	auto
161.21	P	H-14	moderate	package=FEE BASIS (FB)	auto
161.22	P	H-14	moderate	package=FEE BASIS (FB)	auto
161.225	P	H-05	certain	inherits from 161.2	auto
161.23	P	H-14	moderate	package=FEE BASIS (FB)	auto
161.24	P	H-05	certain	inherits from 161.2	auto
161.25	P	H-14	moderate	package=FEE BASIS (FB)	auto
161.26	P	H-06	high	field=.01 NAME points to file 2	auto
161.27	P	H-14	moderate	package=FEE BASIS (FB)	auto
161.28	P	H-05	certain	inherits from 161.27	auto
161.3	P	H-14	moderate	package=FEE BASIS (FB)	auto
161.31	P	H-05	certain	inherits from 161.3	auto
161.32	P	H-05	certain	inherits from 161.3	auto
161.35	P	H-14	moderate	package=FEE BASIS (FB)	auto
161.4	I	H-08	high	has ptr to file 4; no ptr to file 2	auto
161.428	I	H-05	certain	inherits from 161.4	auto
161.43	P	H-14	moderate	package=FEE BASIS (FB)	auto
161.433	P	H-05	certain	inherits from 161.43	auto
161.45	P	H-14	moderate	package=FEE BASIS (FB)	auto
161.5	P	H-06	high	field=2 VETERAN points to file 2	auto
161.517	P	H-05	certain	inherits from 161.5	auto
161.5171	P	H-05	certain	inherits from 161.517	auto
161.6	P	H-14	moderate	package=FEE BASIS (FB)	auto
161.7	I	H-09	low	has ptr to file 200 (staff/provider); no ptr to file 2 or 4	auto
161.8	P	H-14	moderate	package=FEE BASIS (FB)	auto
161.81	P	H-14	moderate	package=FEE BASIS (FB)	auto
161.82	P	H-14	moderate	package=FEE BASIS (FB)	auto
161.821	P	H-05	certain	inherits from 161.82	auto
161.83	P	H-06	high	field=.01 NAME points to file 2	auto
161.831	P	H-05	certain	inherits from 161.83	auto
161.9	P	H-06	high	field=.01 PATIENT points to file 2	auto
161.91	P	H-14	moderate	package=FEE BASIS (FB)	auto
161.911	P	H-05	certain	inherits from 161.91	auto
161.912	P	H-05	certain	inherits from 161.91	auto
161.9121	P	H-05	certain	inherits from 161.912	auto
161.914	P	H-05	certain	inherits from 161.91	auto
161.915	P	H-05	certain	inherits from 161.91	auto
161.917	P	H-05	certain	inherits from 161.91	auto
161.92	P	H-14	moderate	package=FEE BASIS (FB)	auto
161.921	P	H-05	certain	inherits from 161.92	auto
161.922	P	H-05	certain	inherits from 161.92	auto
161.9221	P	H-05	certain	inherits from 161.922	auto
161.93	P	H-14	moderate	package=FEE BASIS (FB)	auto
161.931	P	H-05	certain	inherits from 161.93	auto
161.932	P	H-05	certain	inherits from 161.93	auto
161.9321	P	H-05	certain	inherits from 161.932	auto
161.933	P	H-05	certain	inherits from 161.93	auto
161.94	P	H-14	moderate	package=FEE BASIS (FB)	auto
161.942	P	H-05	certain	inherits from 161.94	auto
161.95	P	H-14	moderate	package=FEE BASIS (FB)	auto
161.96	P	H-14	moderate	package=FEE BASIS (FB)	auto
161.99	P	H-14	moderate	package=FEE BASIS (FB)	auto
161.991	P	H-05	certain	inherits from 161.99	auto
162	P	H-06	high	field=.01 PATIENT points to file 2	auto
162.01	P	H-05	certain	inherits from 162	auto
162.02	P	H-05	certain	inherits from 162.01	auto
162.03	I	H-08	high	has ptr to file 4; no ptr to file 2	auto
162.031	I	H-05	certain	inherits from 162.03	auto
162.0384	I	H-05	certain	inherits from 162.03	auto
162.04	P	H-05	certain	inherits from 162	auto
162.041	P	H-05	certain	inherits from 162.04	auto
162.05	I	H-05	certain	inherits from 162.03	auto
162.06	I	H-05	certain	inherits from 162.03	auto
162.07	I	H-05	certain	inherits from 162.03	auto
162.08	I	H-05	certain	inherits from 162.03	auto
162.09	I	H-05	certain	inherits from 162.03	auto
162.099	P	H-05	certain	inherits from 162	auto
162.1	I	H-09	low	has ptr to file 200 (staff/provider); no ptr to file 2 or 4	auto
162.11	I	H-08	high	has ptr to file 4; no ptr to file 2	auto
162.111	I	H-05	certain	inherits from 162.11	auto
162.12	I	H-05	certain	inherits from 162.11	auto
162.13	I	H-05	certain	inherits from 162.09	auto
162.14	I	H-05	certain	inherits from 162.11	auto
162.15	I	H-05	certain	inherits from 162.11	auto
162.2	P	H-06	high	field=3 VETERAN points to file 2	auto
162.215	P	H-05	certain	inherits from 162.2	auto
162.292	P	H-05	certain	inherits from 162.2	auto
162.3	P	H-14	moderate	package=FEE BASIS (FB)	auto
162.371	I	H-05	certain	inherits from 162.03	auto
162.3711	I	H-05	certain	inherits from 162.371	auto
162.37112	I	H-05	certain	inherits from 162.3711	auto
162.4	P	H-06	high	field=2 VETERAN points to file 2	auto
162.47	P	H-05	certain	inherits from 162.4	auto
162.492	P	H-05	certain	inherits from 162.4	auto
162.5	I	H-08	high	has ptr to file 4; no ptr to file 2	auto
162.515	I	H-05	certain	inherits from 162.5	auto
162.518	I	H-05	certain	inherits from 162.5	auto
162.558	I	H-05	certain	inherits from 162.5	auto
162.559	I	H-05	certain	inherits from 162.5	auto
162.579	I	H-05	certain	inherits from 162.5	auto
162.591	I	H-05	certain	inherits from 162.5	auto
162.6	P	H-14	moderate	package=FEE BASIS (FB)	auto
162.7	P	H-06	high	field=2 VETERAN points to file 2	auto
162.701	P	H-05	certain	inherits from 162.7	auto
162.702	P	H-05	certain	inherits from 162.7	auto
162.703	P	H-05	certain	inherits from 162.7	auto
162.704	P	H-05	certain	inherits from 162.7	auto
162.715	P	H-05	certain	inherits from 162.7	auto
162.716	P	H-05	certain	inherits from 162.7	auto
162.717	P	H-05	certain	inherits from 162.7	auto
162.792	P	H-05	certain	inherits from 162.7	auto
162.793	P	H-05	certain	inherits from 162.7	auto
162.8	I	H-09	low	has ptr to file 200 (staff/provider); no ptr to file 2 or 4	auto
162.91	P	H-14	moderate	package=FEE BASIS (FB)	auto
162.911	P	H-05	certain	inherits from 162.91	auto
162.912	P	H-05	certain	inherits from 162.91	auto
162.913	P	H-05	certain	inherits from 162.91	auto
162.92	P	H-14	moderate	package=FEE BASIS (FB)	auto
162.921	P	H-05	certain	inherits from 162.92	auto
162.93	P	H-14	moderate	package=FEE BASIS (FB)	auto
162.931	P	H-05	certain	inherits from 162.93	auto
162.932	P	H-05	certain	inherits from 162.93	auto
162.94	P	H-14	moderate	package=FEE BASIS (FB)	auto
162.941	P	H-05	certain	inherits from 162.94	auto
162.95	P	H-14	moderate	package=FEE BASIS (FB)	auto
162.96	P	H-14	moderate	package=FEE BASIS (FB)	auto
162.961	P	H-05	certain	inherits from 162.96	auto
162.97	P	H-14	moderate	package=FEE BASIS (FB)	auto
162.971	P	H-05	certain	inherits from 162.97	auto
162.98	P	H-14	moderate	package=FEE BASIS (FB)	auto
162.981	P	H-05	certain	inherits from 162.98	auto
162.99	P	H-14	moderate	package=FEE BASIS (FB)	auto
162.991	P	H-05	certain	inherits from 162.99	auto
163.5	P	H-14	moderate	package=FEE BASIS (FB)	auto
163.511	P	H-05	certain	inherits from 163.5	auto
163.57	P	H-05	certain	inherits from 163.5	auto
163.7	I	H-09	low	has ptr to file 200 (staff/provider); no ptr to file 2 or 4	auto
163.85	P	H-14	moderate	package=FEE BASIS (FB)	auto
163.851	P	H-05	certain	inherits from 163.85	auto
163.98	P	H-14	moderate	package=FEE BASIS (FB)	auto
163.99	P	H-14	moderate	package=FEE BASIS (FB)	auto
163.991	P	H-05	certain	inherits from 163.99	auto
164	K	H-16	moderate	package=ONCOLOGY (ONC)	auto
164.01	K	H-05	certain	inherits from 164	auto
164.0101	K	H-05	certain	inherits from 164	auto
164.0103	K	H-05	certain	inherits from 164	auto
164.0104	K	H-05	certain	inherits from 164	auto
164.0105	K	H-05	certain	inherits from 164	auto
164.0106	K	H-05	certain	inherits from 164	auto
164.0108	K	H-05	certain	inherits from 164	auto
164.0109	K	H-05	certain	inherits from 164	auto
164.0111	K	H-05	certain	inherits from 164	auto
164.0112	K	H-05	certain	inherits from 164	auto
164.0113	K	H-05	certain	inherits from 164	auto
164.0114	K	H-05	certain	inherits from 164	auto
164.0115	K	H-05	certain	inherits from 164	auto
164.0116	K	H-05	certain	inherits from 164	auto
164.0117	K	H-05	certain	inherits from 164	auto
164.0118	K	H-05	certain	inherits from 164	auto
164.0119	K	H-05	certain	inherits from 164	auto
164.012	K	H-05	certain	inherits from 164	auto
164.0121	K	H-05	certain	inherits from 164	auto
164.0122	K	H-05	certain	inherits from 164	auto
164.0123	K	H-05	certain	inherits from 164	auto
164.0124	K	H-05	certain	inherits from 164	auto
164.0125	K	H-05	certain	inherits from 164	auto
164.0126	K	H-05	certain	inherits from 164	auto
164.0127	K	H-05	certain	inherits from 164	auto
164.0128	K	H-05	certain	inherits from 164	auto
164.0129	K	H-05	certain	inherits from 164	auto
164.0131	K	H-05	certain	inherits from 164	auto
164.0132	K	H-05	certain	inherits from 164	auto
164.0133	K	H-05	certain	inherits from 164	auto
164.0134	K	H-05	certain	inherits from 164	auto
164.02	K	H-05	certain	inherits from 164	auto
164.03	K	H-05	certain	inherits from 164	auto
164.04	K	H-05	certain	inherits from 164	auto
164.05	K	H-05	certain	inherits from 164	auto
164.06	K	H-05	certain	inherits from 164	auto
164.065	K	H-05	certain	inherits from 164	auto
164.066	K	H-05	certain	inherits from 164	auto
164.07	K	H-05	certain	inherits from 164	auto
164.08	K	H-16	moderate	package=ONCOLOGY (ONC)	auto
164.09	K	H-05	certain	inherits from 164	auto
164.1	K	H-16	moderate	package=ONCOLOGY (ONC)	auto
164.11	K	H-05	certain	inherits from 164.1	auto
164.12	K	H-05	certain	inherits from 164.1	auto
164.13	K	H-05	certain	inherits from 164.1	auto
164.14	K	H-16	moderate	package=ONCOLOGY (ONC)	auto
164.15	K	H-16	moderate	package=ONCOLOGY (ONC)	auto
164.16	K	H-05	certain	inherits from 164.1	auto
164.17	K	H-16	moderate	package=ONCOLOGY (ONC)	auto
164.18	K	H-16	moderate	package=ONCOLOGY (ONC)	auto
164.182	K	H-05	certain	inherits from 164.18	auto
164.2	K	H-16	moderate	package=ONCOLOGY (ONC)	auto
164.21	K	H-05	certain	inherits from 164.2	auto
164.22	K	H-05	certain	inherits from 164.2	auto
164.23	K	H-05	certain	inherits from 164.2	auto
164.24	K	H-05	certain	inherits from 164.2	auto
164.25	K	H-05	certain	inherits from 164.2	auto
164.26	K	H-05	certain	inherits from 164.2	auto
164.27	K	H-05	certain	inherits from 164.2	auto
164.272	K	H-05	certain	inherits from 164.27	auto
164.3	K	H-16	moderate	package=ONCOLOGY (ONC)	auto
164.31	K	H-05	certain	inherits from 164.3	auto
164.33	K	H-16	moderate	package=ONCOLOGY (ONC)	auto
164.331	K	H-05	certain	inherits from 164.33	auto
164.3311	K	H-05	certain	inherits from 164.33	auto
164.3312	K	H-05	certain	inherits from 164.33	auto
164.3313	K	H-05	certain	inherits from 164.33	auto
164.3314	K	H-05	certain	inherits from 164.33	auto
164.3315	K	H-05	certain	inherits from 164.33	auto
164.3316	K	H-05	certain	inherits from 164.33	auto
164.3317	K	H-05	certain	inherits from 164.33	auto
164.3318	K	H-05	certain	inherits from 164.33	auto
164.3319	K	H-05	certain	inherits from 164.33	auto
164.332	K	H-05	certain	inherits from 164.33	auto
164.3321	K	H-05	certain	inherits from 164.33	auto
164.333	K	H-05	certain	inherits from 164.33	auto
164.334	K	H-05	certain	inherits from 164.33	auto
164.335	K	H-05	certain	inherits from 164.33	auto
164.336	K	H-05	certain	inherits from 164.33	auto
164.337	K	H-05	certain	inherits from 164.33	auto
164.338	K	H-05	certain	inherits from 164.33	auto
164.34	K	H-05	certain	inherits from 164.33	auto
164.35	K	H-05	certain	inherits from 164.33	auto
164.4	K	H-16	moderate	package=ONCOLOGY (ONC)	auto
164.41	K	H-05	certain	inherits from 164.4	auto
164.42	K	H-16	moderate	package=ONCOLOGY (ONC)	auto
164.43	K	H-16	moderate	package=ONCOLOGY (ONC)	auto
164.44	K	H-16	moderate	package=ONCOLOGY (ONC)	auto
164.441	K	H-05	certain	inherits from 164.44	auto
164.442	K	H-05	certain	inherits from 164.44	auto
164.45	K	H-16	moderate	package=ONCOLOGY (ONC)	auto
164.46	K	H-16	moderate	package=ONCOLOGY (ONC)	auto
164.47	K	H-16	moderate	package=ONCOLOGY (ONC)	auto
164.472	K	H-05	certain	inherits from 164.47	auto
164.473	K	H-05	certain	inherits from 164.47	auto
164.5	K	H-16	moderate	package=ONCOLOGY (ONC)	auto
164.52	K	H-16	moderate	package=ONCOLOGY (ONC)	auto
164.522	K	H-05	certain	inherits from 164.52	auto
164.54	K	H-05	certain	inherits from 164.5	auto
164.6	K	H-16	moderate	package=ONCOLOGY (ONC)	auto
164.7	K	H-16	moderate	package=ONCOLOGY (ONC)	auto
164.8	K	H-16	moderate	package=ONCOLOGY (ONC)	auto
164.81	K	H-16	moderate	package=ONCOLOGY (ONC)	auto
164.82	K	H-16	moderate	package=ONCOLOGY (ONC)	auto
164.83	K	H-16	moderate	package=ONCOLOGY (ONC)	auto
164.84	K	H-16	moderate	package=ONCOLOGY (ONC)	auto
164.9	K	H-16	moderate	package=ONCOLOGY (ONC)	auto
165	I	H-08	high	has ptr to file 4; no ptr to file 2	auto
165.1	K	H-16	moderate	package=ONCOLOGY (ONC)	auto
165.11	K	H-05	certain	inherits from 165.1	auto
165.13	K	H-05	certain	inherits from 165.1	auto
165.2	K	H-16	moderate	package=ONCOLOGY (ONC)	auto
165.21	K	H-05	certain	inherits from 165.2	auto
165.3	K	H-16	moderate	package=ONCOLOGY (ONC)	auto
165.5	I	H-08	high	has ptr to file 4; no ptr to file 2	auto
165.51	I	H-05	certain	inherits from 165.5	auto
165.5103	I	H-05	certain	inherits from 165.5	auto
165.5104	I	H-05	certain	inherits from 165.5	auto
165.5105	I	H-05	certain	inherits from 165.5	auto
165.5106	I	H-05	certain	inherits from 165.5	auto
165.5107	I	H-05	certain	inherits from 165.5	auto
165.5108	I	H-05	certain	inherits from 165.5	auto
165.5109	I	H-05	certain	inherits from 165.5	auto
165.5111	I	H-05	certain	inherits from 165.5	auto
165.5112	I	H-05	certain	inherits from 165.5	auto
165.5113	I	H-05	certain	inherits from 165.5	auto
165.5114	I	H-05	certain	inherits from 165.5	auto
165.5115	I	H-05	certain	inherits from 165.5	auto
165.5116	I	H-05	certain	inherits from 165.5	auto
165.513	I	H-05	certain	inherits from 165.51	auto
165.5131	I	H-05	certain	inherits from 165.5	auto
165.52	I	H-05	certain	inherits from 165.5	auto
165.5285	I	H-05	certain	inherits from 165.5	auto
165.5286	I	H-05	certain	inherits from 165.5	auto
165.5287	I	H-05	certain	inherits from 165.5	auto
165.5289	I	H-05	certain	inherits from 165.5	auto
165.529	I	H-05	certain	inherits from 165.52	auto
165.53	I	H-05	certain	inherits from 165.5	auto
165.54	I	H-05	certain	inherits from 165.5	auto
165.55	K	H-16	moderate	package=ONCOLOGY (ONC)	auto
165.572	I	H-05	certain	inherits from 165.5	auto
165.573	I	H-05	certain	inherits from 165.5	auto
165.59	K	H-16	moderate	package=ONCOLOGY (ONC)	auto
165.7	K	H-16	moderate	package=ONCOLOGY (ONC)	auto
165.8	K	H-16	moderate	package=ONCOLOGY (ONC)	auto
165.801	K	H-05	certain	inherits from 165.8	auto
165.802	K	H-05	certain	inherits from 165.8	auto
165.803	K	H-05	certain	inherits from 165.8	auto
165.82	K	H-05	certain	inherits from 165.8	auto
165.83	K	H-05	certain	inherits from 165.8	auto
165.84	K	H-05	certain	inherits from 165.8	auto
165.85	K	H-05	certain	inherits from 165.8	auto
165.86	K	H-05	certain	inherits from 165.8	auto
165.87	K	H-05	certain	inherits from 165.8	auto
165.88	K	H-05	certain	inherits from 165.8	auto
165.9	K	H-16	moderate	package=ONCOLOGY (ONC)	auto
165.92	K	H-05	certain	inherits from 165.9	auto
165.921	K	H-05	certain	inherits from 165.92	auto
165.93	K	H-05	certain	inherits from 165.9	auto
165.931	K	H-05	certain	inherits from 165.93	auto
165.94	K	H-05	certain	inherits from 165.9	auto
165.941	K	H-05	certain	inherits from 165.94	auto
166	K	H-16	moderate	package=ONCOLOGY (ONC)	auto
166.12	K	H-16	moderate	package=ONCOLOGY (ONC)	auto
166.13	K	H-16	moderate	package=ONCOLOGY (ONC)	auto
166.3	K	H-16	moderate	package=ONCOLOGY (ONC)	auto
167	K	H-16	moderate	package=ONCOLOGY (ONC)	auto
167.1	K	H-16	moderate	package=ONCOLOGY (ONC)	auto
167.2	K	H-16	moderate	package=ONCOLOGY (ONC)	auto
167.3	K	H-16	moderate	package=ONCOLOGY (ONC)	auto
167.4	K	H-16	moderate	package=ONCOLOGY (ONC)	auto
167.5	K	H-16	moderate	package=ONCOLOGY (ONC)	auto
167.6	K	H-16	moderate	package=ONCOLOGY (ONC)	auto
167.61	K	H-05	certain	inherits from 167.6	auto
167.611	K	H-05	certain	inherits from 167.61	auto
167.7	K	H-16	moderate	package=ONCOLOGY (ONC)	auto
168	K	H-16	moderate	package=ONCOLOGY (ONC)	auto
169	K	H-16	moderate	package=ONCOLOGY (ONC)	auto
169.3	K	H-16	moderate	package=ONCOLOGY (ONC)	auto
169.32	K	H-05	certain	inherits from 169.3	auto
169.99	K	H-16	moderate	package=ONCOLOGY (ONC)	auto
17.9001	S	H-39	moderate	orphan: 0 ptrs in, 0 ptrs out	auto
17.90011	S	H-05	certain	inherits(prop) from 17.9001	auto
17.90012	S	H-05	certain	inherits(prop) from 17.9001	auto
177100.12	I	H-08	high	has ptr to file 4; no ptr to file 2	auto
177100.13	I	H-08	high	has ptr to file 4; no ptr to file 2	auto
18.01	I	H-08	high	has ptr to file 4; no ptr to file 2	auto
18.012	I	H-05	certain	inherits from 18.01	auto
18.02	I	H-22	low	name contains I-pattern	auto
18.022	I	H-05	certain	inherits from 18.02	auto
18.03	S	manual-package	moderate	prefix=XOB (VistALink system)	triage
18.031	S	inherited-parent	moderate	inherits from 18.03	inherited
18.04	I	H-09	low	has ptr to file 200 (staff/provider); no ptr to file 2 or 4	auto
18.05	K	H-20	low	name contains K-pattern	auto
18.12	S	manual-package	moderate	prefix=XOB (Web Server system)	triage
18.121	I	H-22	low	name contains I-pattern	auto
18.13	S	manual-package	moderate	prefix=XOB (Web Server system)	triage
183	S	H-21	low	name contains S-pattern	auto
183.01	S	H-05	certain	inherits from 183	auto
183.12	S	H-05	certain	inherits from 183.01	auto
183.2	S	H-39	moderate	orphan: 0 ptrs in, 0 ptrs out	auto
183.21	P	H-06	high	field=.01 PATIENT points to file 2	auto
183.3	P	H-23	low	name contains P-pattern	auto
183.31	P	H-06	high	field=.01 PATIENTS points to file 2	auto
183.32	P	H-05	certain	inherits from 183.3	auto
183.4	S	H-39	moderate	orphan: 0 ptrs in, 0 ptrs out	auto
183.41	I	H-09	low	has ptr to file 200 (staff/provider); no ptr to file 2 or 4	auto
19	I	H-09	low	has ptr to file 200 (staff/provider); no ptr to file 2 or 4	auto
19.01	I	H-05	certain	inherits from 19	auto
19.02	I	H-05	certain	inherits from 19	auto
19.021	I	H-05	certain	inherits from 19	auto
19.03	I	H-05	certain	inherits from 19	auto
19.04	I	H-05	certain	inherits from 19	auto
19.05	I	H-05	certain	inherits from 19	auto
19.06	I	H-05	certain	inherits from 19	auto
19.081	I	H-09	low	has ptr to file 200 (staff/provider); no ptr to file 2 or 4	auto
19.1	S	H-13	high	global=	auto
19.11	S	H-05	certain	inherits from 19.1	auto
19.13	S	H-05	certain	inherits from 19.1	auto
19.15	S	H-05	certain	inherits from 19.1	auto
19.2	I	H-09	low	has ptr to file 200 (staff/provider); no ptr to file 2 or 4	auto
19.21	I	H-05	certain	inherits from 19.2	auto
19.391	I	H-05	certain	inherits from 19	auto
19.392	I	H-05	certain	inherits from 19	auto
19.396	I	H-05	certain	inherits from 19	auto
19.8	S	H-13	high	global=	auto
19.81	S	H-05	certain	inherits from 19.8	auto
190	P	H-06	high	field=9 PATIENT FILE POINTER points to file 2	auto
190.1	I	H-08	high	has ptr to file 4; no ptr to file 2	auto
190.2	I	H-09	low	has ptr to file 200 (staff/provider); no ptr to file 2 or 4	auto
190.21	I	H-05	certain	inherits from 190.2	auto
190.22	I	H-05	certain	inherits from 190.2	auto
190.3	I	H-09	low	has ptr to file 200 (staff/provider); no ptr to file 2 or 4	auto
19200.11	S	manual	moderate	VPE RTN LBRY — system dev tools	triage
19200.111	S	manual	moderate	VPE PERSON — system dev tools	triage
19200.112	S	H-39	moderate	orphan: 0 ptrs in, 0 ptrs out	auto
19200.1121	S	H-05	certain	inherits(prop) from 19200.112	auto
19200.113	S	manual	moderate	VPE PROGRAMMER CALL — system dev tools	triage
19200.114	S	H-21	low	name contains S-pattern	auto
19200.11421	S	H-05	certain	inherits from 19200.114	auto
19200.124	S	H-05	certain	inherits from 19200.114	auto
1927.09	P	H-06	high	field=4 PATIENT points to file 2	auto
1927.2	P	H-14	moderate	package=PATIENT ASSESSMENT DOCUM (NUPA)	auto
1927.21	P	H-05	certain	inherits from 1927.2	auto
1927.22	P	H-05	certain	inherits from 1927.2	auto
1927.23	P	H-14	moderate	package=PATIENT ASSESSMENT DOCUM (NUPA)	auto
1927.24	P	H-14	moderate	package=PATIENT ASSESSMENT DOCUM (NUPA)	auto
1927.3	P	H-14	moderate	package=PATIENT ASSESSMENT DOCUM (NUPA)	auto
1927.32	P	H-14	moderate	package=PATIENT ASSESSMENT DOCUM (NUPA)	auto
1927.33	P	H-05	certain	inherits from 1927.3	auto
1927.4	P	H-06	high	field=1 PATIENT points to file 2	auto
1927.401	P	H-14	moderate	package=PATIENT ASSESSMENT DOCUM (NUPA)	auto
1927.4011	P	H-14	moderate	package=PATIENT ASSESSMENT DOCUM (NUPA)	auto
1927.4014	P	H-05	certain	inherits from 1927.401	auto
1927.402	P	H-14	moderate	package=PATIENT ASSESSMENT DOCUM (NUPA)	auto
1927.4022	P	H-05	certain	inherits from 1927.402	auto
1927.4025	P	H-05	certain	inherits from 1927.402	auto
1927.403	P	H-14	moderate	package=PATIENT ASSESSMENT DOCUM (NUPA)	auto
1927.4034	P	H-05	certain	inherits from 1927.403	auto
1927.41	P	H-14	moderate	package=PATIENT ASSESSMENT DOCUM (NUPA)	auto
1927.411	P	H-05	certain	inherits from 1927.41	auto
1927.412	P	H-05	certain	inherits from 1927.4	auto
1927.4127	P	H-05	certain	inherits from 1927.4	auto
1927.4137	P	H-05	certain	inherits from 1927.4	auto
1927.4147	P	H-05	certain	inherits from 1927.4	auto
1927.4157	P	H-05	certain	inherits from 1927.4	auto
1927.4167	P	H-05	certain	inherits from 1927.4	auto
1927.417	P	H-05	certain	inherits from 1927.4	auto
1927.42	P	H-05	certain	inherits from 1927.4	auto
1927.4201	P	H-05	certain	inherits from 1927.4	auto
1927.4202	P	H-05	certain	inherits from 1927.4	auto
1927.43	P	H-05	certain	inherits from 1927.4	auto
1927.431	P	H-05	certain	inherits from 1927.4	auto
1927.4314	P	H-05	certain	inherits from 1927.431	auto
1927.432	P	H-05	certain	inherits from 1927.4	auto
1927.44	P	H-05	certain	inherits from 1927.4	auto
1927.444	P	H-05	certain	inherits from 1927.4	auto
1927.445	P	H-05	certain	inherits from 1927.4	auto
1927.45	P	H-05	certain	inherits from 1927.4	auto
1927.46	P	H-05	certain	inherits from 1927.4	auto
1927.461	P	H-05	certain	inherits from 1927.4	auto
1927.47	P	H-05	certain	inherits from 1927.4	auto
1927.48	P	H-05	certain	inherits from 1927.4	auto
1927.49	P	H-05	certain	inherits from 1927.4	auto
1927.5	I	H-09	low	has ptr to file 200 (staff/provider); no ptr to file 2 or 4	auto
1927.51	P	H-05	certain	inherits from 1927.4	auto
1927.52	P	H-05	certain	inherits from 1927.4	auto
1927.53	P	H-05	certain	inherits from 1927.4	auto
1927.54	I	H-05	certain	inherits from 1927.5	auto
1927.55	I	H-05	certain	inherits from 1927.5	auto
1927.56	P	H-05	certain	inherits from 1927.4	auto
1927.57	P	H-05	certain	inherits from 1927.4	auto
1927.58	P	H-05	certain	inherits from 1927.4	auto
1927.59	P	H-05	certain	inherits from 1927.4	auto
1927.6	I	H-09	low	has ptr to file 200 (staff/provider); no ptr to file 2 or 4	auto
1927.61	I	H-05	certain	inherits from 1927.6	auto
1927.62	P	H-05	certain	inherits from 1927.4	auto
1927.63	P	H-05	certain	inherits from 1927.4	auto
1927.64	P	H-05	certain	inherits from 1927.4	auto
1927.65	P	H-05	certain	inherits from 1927.4	auto
1927.66	P	H-05	certain	inherits from 1927.4	auto
1927.67	P	H-05	certain	inherits from 1927.4	auto
1927.68	P	H-05	certain	inherits from 1927.4	auto
1927.69	P	H-05	certain	inherits from 1927.4	auto
1927.7	P	H-05	certain	inherits from 1927.4	auto
1927.701	P	H-05	certain	inherits from 1927.4	auto
1927.702	P	H-05	certain	inherits from 1927.4	auto
1927.703	P	H-05	certain	inherits from 1927.4	auto
1927.704	P	H-05	certain	inherits from 1927.4	auto
1927.92	P	H-05	certain	inherits from 1927.09	auto
194.2	I	H-08	high	has ptr to file 4; no ptr to file 2	auto
194.21	I	H-05	certain	inherits from 194.2	auto
194.3	S	H-39	moderate	orphan: 0 ptrs in, 0 ptrs out	auto
194.31	P	H-06	high	field=.01 DFN points to file 2	auto
194.4	S	H-13	high	global=	auto
194.41	S	H-05	certain	inherits from 194.4	auto
194.42	S	H-05	certain	inherits from 194.4	auto
194.5	S	H-13	high	global=	auto
194.51	S	H-05	certain	inherits from 194.5	auto
195.1	S	H-13	high	global=	auto
195.11	S	H-05	certain	inherits from 195.1	auto
195.1165	S	H-05	certain	inherits from 195.1	auto
195.12	I	H-08	high	has ptr to file 4; no ptr to file 2	auto
195.13	I	H-05	certain	inherits from 195.12	auto
195.14	S	H-05	certain	inherits from 195.1	auto
195.15	S	H-05	certain	inherits from 195.1	auto
195.16	S	H-05	certain	inherits from 195.1	auto
195.17	S	H-05	certain	inherits from 195.1	auto
195.2	S	H-13	high	global=	auto
195.21	S	H-05	certain	inherits from 195.2	auto
195.22	S	H-05	certain	inherits from 195.2	auto
195.23	S	H-05	certain	inherits from 195.2	auto
195.3	S	H-13	high	global=	auto
195.4	S	H-13	high	global=	auto
195.6	S	H-13	high	global=	auto
195.61	S	H-05	certain	inherits from 195.6	auto
195.9	I	H-08	high	has ptr to file 4; no ptr to file 2	auto
195.9001	I	H-05	certain	inherits from 195.9	auto
195.9002	I	H-05	certain	inherits from 195.9	auto
195.9003	I	H-05	certain	inherits from 195.9	auto
19610.45	P	H-14	moderate	package=VENDOR - DOCUMENT STORAGE SYS (VEJD)	auto
19617	P	H-06	high	field=.01 NAME points to file 2	auto
19617.021	P	H-05	certain	inherits from 19617	auto
19617.022	P	H-05	certain	inherits from 19617	auto
19617.023	P	H-05	certain	inherits from 19617	auto
19617.024	P	H-05	certain	inherits from 19617	auto
19619	I	H-09	low	has ptr to file 200 (staff/provider); no ptr to file 2 or 4	auto
19619.1	I	H-09	low	has ptr to file 200 (staff/provider); no ptr to file 2 or 4	auto
19619.132	I	H-05	certain	inherits from 19619.1	auto
19619.2	P	H-14	moderate	package=VENDOR - DOCUMENT STORAGE SYS (VEJD)	auto
19619.9	I	H-09	low	has ptr to file 200 (staff/provider); no ptr to file 2 or 4	auto
19619.99	P	H-14	moderate	package=VENDOR - DOCUMENT STORAGE SYS (VEJD)	auto
19619.991	P	H-05	certain	inherits from 19619.99	auto
19620	I	H-08	high	has ptr to file 4; no ptr to file 2	auto
19620.01	I	H-05	certain	inherits from 19620	auto
19620.02	I	H-05	certain	inherits from 19620	auto
19620.0206	I	H-05	certain	inherits from 19620	auto
19620.1	I	H-09	low	has ptr to file 200 (staff/provider); no ptr to file 2 or 4	auto
19620.11	I	H-05	certain	inherits from 19620.1	auto
19620.12	P	H-14	moderate	package=RELEASE OF INFORMATION - DSSI (DSIR)	auto
19620.13	P	H-14	moderate	package=RELEASE OF INFORMATION - DSSI (DSIR)	auto
19620.136	P	H-05	certain	inherits from 19620.13	auto
19620.137	P	H-05	certain	inherits from 19620.13	auto
19620.138	P	H-05	certain	inherits from 19620.13	auto
19620.139	P	H-05	certain	inherits from 19620.13	auto
19620.14	I	H-09	low	has ptr to file 200 (staff/provider); no ptr to file 2 or 4	auto
19620.2	I	H-09	low	has ptr to file 200 (staff/provider); no ptr to file 2 or 4	auto
19620.21	I	H-09	low	has ptr to file 200 (staff/provider); no ptr to file 2 or 4	auto
19620.29	I	H-09	low	has ptr to file 200 (staff/provider); no ptr to file 2 or 4	auto
19620.3	I	H-08	high	has ptr to file 4; no ptr to file 2	auto
19620.301	I	H-05	certain	inherits from 19620.3	auto
19620.31	P	H-14	moderate	package=RELEASE OF INFORMATION - DSSI (DSIR)	auto
19620.35	I	H-09	low	has ptr to file 200 (staff/provider); no ptr to file 2 or 4	auto
19620.351	I	H-05	certain	inherits from 19620.35	auto
19620.352	I	H-05	certain	inherits from 19620.35	auto
19620.4	P	H-14	moderate	package=RELEASE OF INFORMATION - DSSI (DSIR)	auto
19620.41	P	H-14	moderate	package=RELEASE OF INFORMATION - DSSI (DSIR)	auto
19620.5	P	H-14	moderate	package=RELEASE OF INFORMATION - DSSI (DSIR)	auto
19620.51	P	H-14	moderate	package=RELEASE OF INFORMATION - DSSI (DSIR)	auto
19620.6	P	H-14	moderate	package=RELEASE OF INFORMATION - DSSI (DSIR)	auto
19620.61	P	H-14	moderate	package=RELEASE OF INFORMATION - DSSI (DSIR)	auto
19620.7	P	H-14	moderate	package=RELEASE OF INFORMATION - DSSI (DSIR)	auto
19620.71	P	H-14	moderate	package=RELEASE OF INFORMATION - DSSI (DSIR)	auto
19620.8	P	H-14	moderate	package=RELEASE OF INFORMATION - DSSI (DSIR)	auto
19620.87	P	H-14	moderate	package=RELEASE OF INFORMATION - DSSI (DSIR)	auto
19620.871	I	H-09	low	has ptr to file 200 (staff/provider); no ptr to file 2 or 4	auto
19620.91	I	H-09	low	has ptr to file 200 (staff/provider); no ptr to file 2 or 4	auto
19620.92	P	H-14	moderate	package=RELEASE OF INFORMATION - DSSI (DSIR)	auto
19620.94	I	H-09	low	has ptr to file 200 (staff/provider); no ptr to file 2 or 4	auto
19620.95	P	H-14	moderate	package=RELEASE OF INFORMATION - DSSI (DSIR)	auto
19620.96	P	H-14	moderate	package=RELEASE OF INFORMATION - DSSI (DSIR)	auto
19620.98	P	H-14	moderate	package=RELEASE OF INFORMATION - DSSI (DSIR)	auto
19620.9801	P	H-05	certain	inherits from 19620.98	auto
19621	I	H-09	low	has ptr to file 200 (staff/provider); no ptr to file 2 or 4	auto
19621.01	I	H-05	certain	inherits from 19621	auto
19625	P	H-06	high	field=.01 PATIENT points to file 2	auto
19625.01	P	H-05	certain	inherits from 19625	auto
19625.05	P	H-05	certain	inherits from 19625	auto
19625.07	P	H-05	certain	inherits from 19625	auto
19625.08	P	H-05	certain	inherits from 19625	auto
19625.09	P	H-05	certain	inherits from 19625	auto
19625.1	P	H-10	high	global=	auto
19625.11	P	H-06	high	field=.03 PATIENT points to file 2	auto
19625.2	P	H-10	high	global=	auto
19625.3	P	H-06	high	field=.01 PATIENT points to file 2	auto
2	P	H-01	certain	global=	auto
2.001	P	H-05	certain	inherits from 2	auto
2.01	P	H-05	certain	inherits from 2	auto
2.011	P	H-05	certain	inherits from 2.001	auto
2.02	P	H-05	certain	inherits from 2	auto
2.025	P	H-05	certain	inherits from 2	auto
2.0361	P	H-05	certain	inherits from 2	auto
2.04	P	H-05	certain	inherits from 2	auto
2.05	P	H-05	certain	inherits from 2	auto
2.0534	P	H-05	certain	inherits from 2	auto
2.0537026	P	H-05	certain	inherits from 2	auto
2.0537041	P	H-05	certain	inherits from 2	auto
2.0537042	P	H-05	certain	inherits from 2	auto
2.06	P	H-05	certain	inherits from 2	auto
2.07	P	H-05	certain	inherits from 2	auto
2.0991	P	H-05	certain	inherits from 2	auto
2.0992	I	H-08	high	has ptr to file 4; no ptr to file 2	auto
2.0993	P	H-05	certain	inherits from 2	auto
2.101	P	H-05	certain	inherits from 2	auto
2.11	P	H-05	certain	inherits from 2	auto
2.12	P	H-05	certain	inherits from 2	auto
2.13	P	H-05	certain	inherits from 2.12	auto
2.141	P	H-05	certain	inherits from 2	auto
2.16	P	H-05	certain	inherits from 2	auto
2.191	P	H-05	certain	inherits from 2	auto
2.2406	P	H-05	certain	inherits from 2	auto
2.2511	I	H-08	high	has ptr to file 4; no ptr to file 2	auto
2.2512	I	H-08	high	has ptr to file 4; no ptr to file 2	auto
2.312	P	H-05	certain	inherits from 2	auto
2.31211	P	H-05	certain	inherits from 2.312	auto
2.3129	P	H-05	certain	inherits from 2.312	auto
2.3215	I	H-08	high	has ptr to file 4; no ptr to file 2	auto
2.3216	P	H-05	certain	inherits from 2	auto
2.322	P	H-05	certain	inherits from 2.312	auto
2.3222	P	H-05	certain	inherits from 2.322	auto
2.3226	P	H-05	certain	inherits from 2.322	auto
2.3227	P	H-05	certain	inherits from 2.322	auto
2.3228	P	H-05	certain	inherits from 2.322	auto
2.3229	P	H-05	certain	inherits from 2.322	auto
2.32291	P	H-05	certain	inherits from 2.322	auto
2.32292	P	H-05	certain	inherits from 2.322	auto
2.332	P	H-05	certain	inherits from 2.312	auto
2.342	P	H-05	certain	inherits from 2.312	auto
2.396	P	H-05	certain	inherits from 2	auto
2.397	P	H-05	certain	inherits from 2	auto
2.398	P	H-05	certain	inherits from 2	auto
2.399	I	H-08	high	has ptr to file 4; no ptr to file 2	auto
2.401	P	H-05	certain	inherits from 2	auto
2.409	I	H-05	certain	inherits from 2.399	auto
2.5370262	P	H-05	certain	inherits from 2.0537026	auto
2.98	P	H-05	certain	inherits from 2	auto
20	S	H-13	high	global=	auto
20.11	S	H-13	high	global=	auto
200	I	H-04b	certain	file=200 NEW PERSON (staff/provider PII, RF-008)	auto
200.005	I	H-05	certain	inherits from 200	auto
200.0089831	I	H-05	certain	inherits from 200	auto
200.0089832	I	H-05	certain	inherits from 200	auto
200.0089833	I	H-05	certain	inherits from 200	auto
200.00898331	I	H-05	certain	inherits from 200.0089833	auto
200.0089834	I	H-05	certain	inherits from 200	auto
200.01	I	H-05	certain	inherits from 200	auto
200.010113	I	H-05	certain	inherits from 200	auto
200.02	I	H-08	high	has ptr to file 4; no ptr to file 2	auto
200.03	I	H-05	certain	inherits from 200	auto
200.032	I	H-05	certain	inherits from 200	auto
200.0351	I	H-05	certain	inherits from 200	auto
200.04	I	H-05	certain	inherits from 200	auto
200.042	I	H-05	certain	inherits from 200	auto
200.05	I	H-05	certain	inherits from 200	auto
200.051	I	H-05	certain	inherits from 200	auto
200.052	I	H-05	certain	inherits from 200	auto
200.06	I	H-05	certain	inherits from 200	auto
200.07	I	H-05	certain	inherits from 200	auto
200.072	I	H-05	certain	inherits from 200	auto
200.074	I	H-05	certain	inherits from 200	auto
200.08911	I	H-05	certain	inherits from 200	auto
200.19	I	H-05	certain	inherits from 200	auto
200.194	I	H-05	certain	inherits from 200	auto
200.196	I	H-05	certain	inherits from 200	auto
200.198	I	H-05	certain	inherits from 200	auto
200.1981	I	H-05	certain	inherits from 200.198	auto
200.5321	I	H-05	certain	inherits from 200	auto
200.541	I	H-05	certain	inherits from 200	auto
200.55	I	H-05	certain	inherits from 200	auto
200.72	I	H-05	certain	inherits from 200	auto
2000	S	H-39	moderate	orphan: 0 ptrs in, 0 ptrs out	auto
2000.07	K	H-20	low	name contains K-pattern	auto
2001	S	H-39	moderate	orphan: 0 ptrs in, 0 ptrs out	auto
2001.07	K	H-20	low	name contains K-pattern	auto
2005	P	H-06	high	field=5 PATIENT points to file 2	auto
2005.001	P	H-10	high	global=	auto
2005.002	P	H-10	high	global=	auto
2005.0021	I	H-08	high	has ptr to file 4; no ptr to file 2	auto
2005.0022	I	H-05	certain	inherits from 2005.0021	auto
2005.003	P	H-10	high	global=	auto
2005.0031	I	H-08	high	has ptr to file 4; no ptr to file 2	auto
2005.0032	I	H-05	certain	inherits from 2005.0031	auto
2005.01	P	H-05	certain	inherits from 2005	auto
2005.0106	P	H-05	certain	inherits from 2005	auto
2005.011	P	H-05	certain	inherits from 2005	auto
2005.0111	P	H-05	certain	inherits from 2005	auto
2005.02	P	H-10	high	global=	auto
2005.021	P	H-10	high	global=	auto
2005.03	P	H-10	high	global=	auto
2005.031	P	H-05	certain	inherits from 2005.001	auto
2005.04	P	H-05	certain	inherits from 2005	auto
2005.05	P	H-05	certain	inherits from 2005	auto
2005.099	P	H-05	certain	inherits from 2005	auto
2005.1	P	H-06	high	field=5 PATIENT points to file 2	auto
2005.11	P	H-05	certain	inherits from 2005.1	auto
2005.1106	P	H-05	certain	inherits from 2005.1	auto
2005.111	P	H-05	certain	inherits from 2005.1	auto
2005.1111	P	H-05	certain	inherits from 2005.1	auto
2005.14	P	H-05	certain	inherits from 2005.1	auto
2005.199	P	H-05	certain	inherits from 2005.1	auto
2005.2	P	H-10	high	global=	auto
2005.201	P	H-05	certain	inherits from 2005.2	auto
2005.21	P	H-05	certain	inherits from 2005.02	auto
2005.22	P	H-05	certain	inherits from 2005.2	auto
2005.24	P	H-05	certain	inherits from 2005.02	auto
2005.311	P	H-05	certain	inherits from 2005.031	auto
2005.4	P	H-10	high	global=	auto
2005.41	P	H-10	high	global=	auto
2005.42	I	H-09	low	has ptr to file 200 (staff/provider); no ptr to file 2 or 4	auto
2005.421	I	H-05	certain	inherits from 2005.42	auto
2005.43	I	H-08	high	has ptr to file 4; no ptr to file 2	auto
2005.51	P	H-05	certain	inherits from 2005.05	auto
2005.6	P	H-06	high	field=3 PATIENT FILE REFERENCE points to file 2	auto
2005.61	P	H-14	moderate	package=IMAGING (MAG)	auto
2005.62	P	H-14	moderate	package=IMAGING (MAG)	auto
2005.63	P	H-14	moderate	package=IMAGING (MAG)	auto
2005.632	P	H-14	moderate	package=IMAGING (MAG)	auto
2005.633	P	H-14	moderate	package=IMAGING (MAG)	auto
2005.6361	P	H-14	moderate	package=IMAGING (MAG)	auto
2005.6362	P	H-14	moderate	package=IMAGING (MAG)	auto
2005.6366	P	H-14	moderate	package=IMAGING (MAG)	auto
2005.64	P	H-14	moderate	package=IMAGING (MAG)	auto
2005.65	I	H-09	low	has ptr to file 200 (staff/provider); no ptr to file 2 or 4	auto
2005.66	P	H-06	high	field=4 PATIENT points to file 2	auto
2005.67	P	H-14	moderate	package=IMAGING (MAG)	auto
2005.71	P	H-10	high	global=	auto
2005.712	P	H-05	certain	inherits from 2005.71	auto
2005.713	P	H-05	certain	inherits from 2005.712	auto
2005.8	P	H-14	moderate	package=IMAGING (MAG)	auto
2005.81	P	H-10	high	global=	auto
2005.82	P	H-10	high	global=	auto
2005.83	P	H-10	high	global=	auto
2005.84	P	H-10	high	global=	auto
2005.85	P	H-10	high	global=	auto
2005.852	P	H-05	certain	inherits from 2005.85	auto
2005.86	P	H-10	high	global=	auto
2005.865	P	H-05	certain	inherits from 2005.86	auto
2005.87	I	H-09	low	has ptr to file 200 (staff/provider); no ptr to file 2 or 4	auto
2005.872	P	H-10	high	global=	auto
2005.8722	P	H-05	certain	inherits from 2005.872	auto
2005.88	P	H-10	high	global=	auto
2005.881	P	H-05	certain	inherits from 2005.88	auto
2005.99	P	H-10	high	global=	auto
2006.03	I	H-09	low	has ptr to file 200 (staff/provider); no ptr to file 2 or 4	auto
2006.031	P	H-14	moderate	package=IMAGING (MAG)	auto
2006.033	P	H-14	moderate	package=IMAGING (MAG)	auto
2006.034	P	H-10	high	global=	auto
2006.035	I	H-08	high	has ptr to file 4; no ptr to file 2	auto
2006.036	P	H-14	moderate	package=IMAGING (MAG)	auto
2006.03601	P	H-05	certain	inherits from 2006.036	auto
2006.04	I	H-08	high	has ptr to file 4; no ptr to file 2	auto
2006.041	P	H-10	high	global=	auto
2006.1	I	H-08	high	has ptr to file 4; no ptr to file 2	auto
2006.11	I	H-05	certain	inherits from 2006.1	auto
2006.112	I	H-05	certain	inherits from 2006.1	auto
2006.12	I	H-08	high	has ptr to file 4; no ptr to file 2	auto
2006.1201	I	H-08	high	has ptr to file 4; no ptr to file 2	auto
2006.12201	I	H-08	high	has ptr to file 4; no ptr to file 2	auto
2006.13	I	H-08	high	has ptr to file 4; no ptr to file 2	auto
2006.131	I	H-05	certain	inherits from 2006.13	auto
2006.132	I	H-05	certain	inherits from 2006.13	auto
2006.133	I	H-05	certain	inherits from 2006.13	auto
2006.135	I	H-08	high	has ptr to file 4; no ptr to file 2	auto
2006.136	I	H-08	high	has ptr to file 4; no ptr to file 2	auto
2006.137	I	H-05	certain	inherits from 2006.13	auto
2006.1371	I	H-05	certain	inherits from 2006.137	auto
2006.1372	I	H-05	certain	inherits from 2006.1371	auto
2006.15	P	H-14	moderate	package=IMAGING (MAG)	auto
2006.166	I	H-05	certain	inherits from 2006.1	auto
2006.1662	I	H-05	certain	inherits from 2006.166	auto
2006.1664	I	H-05	certain	inherits from 2006.166	auto
2006.1665	I	H-05	certain	inherits from 2006.166	auto
2006.17	P	H-10	high	global=	auto
2006.171	P	H-10	high	global=	auto
2006.172	P	H-10	high	global=	auto
2006.18	I	H-09	low	has ptr to file 200 (staff/provider); no ptr to file 2 or 4	auto
2006.1867	P	H-06	high	field=.01 PATIENT LIST points to file 2	auto
2006.19	I	H-08	high	has ptr to file 4; no ptr to file 2	auto
2006.191	I	H-05	certain	inherits from 2006.19	auto
2006.341	P	H-05	certain	inherits from 2006.034	auto
2006.5	P	H-06	high	field=2 PATIENT points to file 2	auto
2006.502	P	H-05	certain	inherits from 2006.5	auto
2006.51	P	H-14	moderate	package=IMAGING (MAG)	auto
2006.511	P	H-14	moderate	package=IMAGING (MAG)	auto
2006.5112	P	H-05	certain	inherits from 2006.511	auto
2006.514	P	H-05	certain	inherits from 2006.51	auto
2006.52	P	H-05	certain	inherits from 2006.5	auto
2006.5204	P	H-05	certain	inherits from 2006.52	auto
2006.53	P	H-14	moderate	package=IMAGING (MAG)	auto
2006.5305	P	H-05	certain	inherits from 2006.53	auto
2006.531	P	H-14	moderate	package=IMAGING (MAG)	auto
2006.532	P	H-10	high	global=	auto
2006.539	P	H-14	moderate	package=IMAGING (MAG)	auto
2006.5391	P	H-05	certain	inherits from 2006.539	auto
2006.54	P	H-14	moderate	package=IMAGING (MAG)	auto
2006.541	I	H-08	high	has ptr to file 4; no ptr to file 2	auto
2006.5411	I	H-05	certain	inherits from 2006.541	auto
2006.54111	I	H-05	certain	inherits from 2006.5411	auto
2006.542	P	H-14	moderate	package=IMAGING (MAG)	auto
2006.5421	P	H-05	certain	inherits from 2006.542	auto
2006.5422	P	H-05	certain	inherits from 2006.542	auto
2006.5423	P	H-05	certain	inherits from 2006.542	auto
2006.5424	P	H-05	certain	inherits from 2006.542	auto
2006.543	I	H-09	low	has ptr to file 200 (staff/provider); no ptr to file 2 or 4	auto
2006.5431	I	H-05	certain	inherits from 2006.543	auto
2006.5432	I	H-05	certain	inherits from 2006.543	auto
2006.55	I	H-08	high	has ptr to file 4; no ptr to file 2	auto
2006.552	P	H-06	high	field=.001 PATIENT-NUMBER points to file 2	auto
2006.5522	P	H-05	certain	inherits from 2006.552	auto
2006.553	P	H-05	certain	inherits from 2006.552	auto
2006.5533	P	H-05	certain	inherits from 2006.553	auto
2006.56	I	H-08	high	has ptr to file 4; no ptr to file 2	auto
2006.562	P	H-06	high	field=2 PATIENT points to file 2	auto
2006.5621	P	H-05	certain	inherits from 2006.562	auto
2006.5622	P	H-05	certain	inherits from 2006.562	auto
2006.5623	P	H-05	certain	inherits from 2006.562	auto
2006.5624	P	H-05	certain	inherits from 2006.5623	auto
2006.563	P	H-06	high	field=97 EXPORT PATIENT points to file 2	auto
2006.5631	P	H-05	certain	inherits from 2006.563	auto
2006.5632	P	H-05	certain	inherits from 2006.563	auto
2006.5633	P	H-05	certain	inherits from 2006.563	auto
2006.5634	P	H-05	certain	inherits from 2006.563	auto
2006.5635	P	H-05	certain	inherits from 2006.563	auto
2006.5636	I	H-08	high	has ptr to file 4; no ptr to file 2	auto
2006.564	P	H-14	moderate	package=IMAGING (MAG)	auto
2006.5641	P	H-14	moderate	package=IMAGING (MAG)	auto
2006.565	P	H-06	high	field=15 PATIENT points to file 2	auto
2006.56519	P	H-05	certain	inherits from 2006.565	auto
2006.56599	P	H-05	certain	inherits from 2006.565	auto
2006.57	P	H-14	moderate	package=IMAGING (MAG)	auto
2006.5701	P	H-05	certain	inherits from 2006.57	auto
2006.571	P	H-14	moderate	package=IMAGING (MAG)	auto
2006.5711	P	H-14	moderate	package=IMAGING (MAG)	auto
2006.5712	P	H-14	moderate	package=IMAGING (MAG)	auto
2006.5713	P	H-14	moderate	package=IMAGING (MAG)	auto
2006.5714	P	H-14	moderate	package=IMAGING (MAG)	auto
2006.5715	P	H-14	moderate	package=IMAGING (MAG)	auto
2006.5719	P	H-14	moderate	package=IMAGING (MAG)	auto
2006.572	P	H-14	moderate	package=IMAGING (MAG)	auto
2006.573	P	H-14	moderate	package=IMAGING (MAG)	auto
2006.5732	P	H-14	moderate	package=IMAGING (MAG)	auto
2006.57321	P	H-05	certain	inherits from 2006.5732	auto
2006.5733	P	H-14	moderate	package=IMAGING (MAG)	auto
2006.57331	I	H-08	high	has ptr to file 4; no ptr to file 2	auto
2006.57332	I	H-05	certain	inherits from 2006.57331	auto
2006.57333	I	H-05	certain	inherits from 2006.57332	auto
2006.574	I	H-08	high	has ptr to file 4; no ptr to file 2	auto
2006.5744	I	H-05	certain	inherits from 2006.574	auto
2006.575	I	H-08	high	has ptr to file 4; no ptr to file 2	auto
2006.5751	P	H-14	moderate	package=IMAGING (MAG)	auto
2006.5752	P	H-14	moderate	package=IMAGING (MAG)	auto
2006.57526	I	H-05	certain	inherits from 2006.575	auto
2006.5757	P	H-14	moderate	package=IMAGING (MAG)	auto
2006.5758	P	H-14	moderate	package=IMAGING (MAG)	auto
2006.5759	I	H-08	high	has ptr to file 4; no ptr to file 2	auto
2006.5761	P	H-14	moderate	package=IMAGING (MAG)	auto
2006.57611	P	H-05	certain	inherits from 2006.5761	auto
2006.5762	P	H-14	moderate	package=IMAGING (MAG)	auto
2006.57621	I	H-08	high	has ptr to file 4; no ptr to file 2	auto
2006.576211	I	H-05	certain	inherits from 2006.57621	auto
2006.5763	P	H-14	moderate	package=IMAGING (MAG)	auto
2006.57631	P	H-05	certain	inherits from 2006.5763	auto
2006.576311	I	H-08	high	has ptr to file 4; no ptr to file 2	auto
2006.5764	P	H-14	moderate	package=IMAGING (MAG)	auto
2006.57641	P	H-05	certain	inherits from 2006.5764	auto
2006.577	P	H-14	moderate	package=IMAGING (MAG)	auto
2006.5771	P	H-05	certain	inherits from 2006.577	auto
2006.58	P	H-14	moderate	package=IMAGING (MAG)	auto
2006.5801	P	H-05	certain	inherits from 2006.58	auto
2006.5802	P	H-05	certain	inherits from 2006.58	auto
2006.581	I	H-08	high	has ptr to file 4; no ptr to file 2	auto
2006.582	P	H-14	moderate	package=IMAGING (MAG)	auto
2006.5821	I	H-08	high	has ptr to file 4; no ptr to file 2	auto
2006.583	I	H-08	high	has ptr to file 4; no ptr to file 2	auto
2006.5831	I	H-08	high	has ptr to file 4; no ptr to file 2	auto
2006.58311	I	H-05	certain	inherits from 2006.5831	auto
2006.5838	P	H-10	high	global=	auto
2006.5839	P	H-10	high	global=	auto
2006.584	P	H-14	moderate	package=IMAGING (MAG)	auto
2006.5841	I	H-08	high	has ptr to file 4; no ptr to file 2	auto
2006.5842	I	H-08	high	has ptr to file 4; no ptr to file 2	auto
2006.5843	I	H-09	low	has ptr to file 200 (staff/provider); no ptr to file 2 or 4	auto
2006.58431	I	H-05	certain	inherits from 2006.5843	auto
2006.584311	I	H-05	certain	inherits from 2006.58431	auto
2006.5843111	I	H-05	certain	inherits from 2006.584311	auto
2006.5849	I	H-08	high	has ptr to file 4; no ptr to file 2	auto
2006.585	P	H-14	moderate	package=IMAGING (MAG)	auto
2006.5852	P	H-05	certain	inherits from 2006.585	auto
2006.58522	P	H-05	certain	inherits from 2006.5852	auto
2006.586	P	H-14	moderate	package=IMAGING (MAG)	auto
2006.5863	P	H-05	certain	inherits from 2006.586	auto
2006.58633	P	H-05	certain	inherits from 2006.5863	auto
2006.587	I	H-08	high	has ptr to file 4; no ptr to file 2	auto
2006.5871	I	H-05	certain	inherits from 2006.587	auto
2006.588	P	H-14	moderate	package=IMAGING (MAG)	auto
2006.59	P	H-14	moderate	package=IMAGING (MAG)	auto
2006.5901	P	H-05	certain	inherits from 2006.59	auto
2006.5902	P	H-05	certain	inherits from 2006.59	auto
2006.5903	P	H-05	certain	inherits from 2006.5902	auto
2006.5904	P	H-05	certain	inherits from 2006.59	auto
2006.5905	P	H-05	certain	inherits from 2006.5904	auto
2006.5906	P	H-14	moderate	package=IMAGING (MAG)	auto
2006.59061	P	H-05	certain	inherits from 2006.5906	auto
2006.596	P	H-14	moderate	package=IMAGING (MAG)	auto
2006.5961	P	H-05	certain	inherits from 2006.596	auto
2006.598	P	H-14	moderate	package=IMAGING (MAG)	auto
2006.5985	P	H-05	certain	inherits from 2006.598	auto
2006.5986	P	H-05	certain	inherits from 2006.598	auto
2006.599	P	H-14	moderate	package=IMAGING (MAG)	auto
2006.59935	P	H-10	high	global=	auto
2006.621	P	H-10	high	global=	auto
2006.6211	P	H-05	certain	inherits from 2006.621	auto
2006.62111	P	H-05	certain	inherits from 2006.6211	auto
2006.621111	P	H-05	certain	inherits from 2006.62111	auto
2006.623	P	H-10	high	global=	auto
2006.6231	P	H-05	certain	inherits from 2006.623	auto
2006.62311	P	H-05	certain	inherits from 2006.6231	auto
2006.623111	P	H-05	certain	inherits from 2006.62311	auto
2006.63	P	H-10	high	global=	auto
2006.631	P	H-10	high	global=	auto
2006.6311	P	H-05	certain	inherits from 2006.631	auto
2006.6312	P	H-05	certain	inherits from 2006.631	auto
2006.634	P	H-10	high	global=	auto
2006.634206	P	H-05	certain	inherits from 2006.634	auto
2006.65	P	H-10	high	global=	auto
2006.66	P	H-05	certain	inherits from 2006.65	auto
2006.67	P	H-10	high	global=	auto
2006.671	P	H-10	high	global=	auto
2006.672	P	H-10	high	global=	auto
2006.674	P	H-05	certain	inherits from 2006.67	auto
2006.675	P	H-05	certain	inherits from 2006.67	auto
2006.68	I	H-09	low	has ptr to file 200 (staff/provider); no ptr to file 2 or 4	auto
2006.682	I	H-05	certain	inherits from 2006.68	auto
2006.6821	I	H-05	certain	inherits from 2006.682	auto
2006.6823	I	H-05	certain	inherits from 2006.682	auto
2006.683	I	H-05	certain	inherits from 2006.68	auto
2006.6831	I	H-05	certain	inherits from 2006.683	auto
2006.6832	I	H-05	certain	inherits from 2006.683	auto
2006.69	P	H-10	high	global=	auto
2006.8	P	H-10	high	global=	auto
2006.81	I	H-09	low	has ptr to file 200 (staff/provider); no ptr to file 2 or 4	auto
2006.82	P	H-06	high	field=5 PATIENT points to file 2	auto
2006.821	P	H-05	certain	inherits from 2006.82	auto
2006.823	P	H-05	certain	inherits from 2006.82	auto
2006.83	P	H-10	high	global=	auto
2006.911	I	H-08	high	has ptr to file 4; no ptr to file 2	auto
2006.9112	I	H-08	high	has ptr to file 4; no ptr to file 2	auto
2006.912	I	H-08	high	has ptr to file 4; no ptr to file 2	auto
2006.9122	I	H-05	certain	inherits from 2006.912	auto
2006.913	P	H-14	moderate	package=IMAGING (MAG)	auto
2006.9132	P	H-05	certain	inherits from 2006.913	auto
2006.914	P	H-14	moderate	package=IMAGING (MAG)	auto
2006.915	P	H-14	moderate	package=IMAGING (MAG)	auto
2006.916	P	H-14	moderate	package=IMAGING (MAG)	auto
2006.917	P	H-14	moderate	package=IMAGING (MAG)	auto
2006.918	P	H-14	moderate	package=IMAGING (MAG)	auto
2006.9183	P	H-05	certain	inherits from 2006.918	auto
2006.9191	I	H-08	high	has ptr to file 4; no ptr to file 2	auto
2006.9192	I	H-08	high	has ptr to file 4; no ptr to file 2	auto
2006.919212	I	H-05	certain	inherits from 2006.9192	auto
2006.9193	P	H-14	moderate	package=IMAGING (MAG)	auto
2006.921	P	H-14	moderate	package=IMAGING (MAG)	auto
2006.922	P	H-14	moderate	package=IMAGING (MAG)	auto
2006.923	P	H-14	moderate	package=IMAGING (MAG)	auto
2006.924	P	H-14	moderate	package=IMAGING (MAG)	auto
2006.925	P	H-14	moderate	package=IMAGING (MAG)	auto
2006.926	P	H-14	moderate	package=IMAGING (MAG)	auto
2006.9267	P	H-05	certain	inherits from 2006.926	auto
2006.927	P	H-14	moderate	package=IMAGING (MAG)	auto
2006.928	P	H-14	moderate	package=IMAGING (MAG)	auto
2006.9286	P	H-05	certain	inherits from 2006.928	auto
2006.93	P	H-14	moderate	package=IMAGING (MAG)	auto
2006.931	P	H-14	moderate	package=IMAGING (MAG)	auto
2006.935	P	H-05	certain	inherits from 2006.93	auto
2006.941	I	H-08	high	has ptr to file 4; no ptr to file 2	auto
2006.94111	I	H-05	certain	inherits from 2006.941	auto
2006.94113	I	H-05	certain	inherits from 2006.941	auto
2006.9412	P	H-14	moderate	package=IMAGING (MAG)	auto
2006.9413	P	H-14	moderate	package=IMAGING (MAG)	auto
2006.9414	P	H-14	moderate	package=IMAGING (MAG)	auto
2006.9421	P	H-06	high	field=3 PATIENT points to file 2	auto
2006.94211	P	H-05	certain	inherits from 2006.9421	auto
2006.9422	I	H-09	low	has ptr to file 200 (staff/provider); no ptr to file 2 or 4	auto
2006.9423	P	H-14	moderate	package=IMAGING (MAG)	auto
2006.95	P	H-06	high	field=7 PATIENT points to file 2	auto
2006.96	P	H-14	moderate	package=IMAGING (MAG)	auto
2006.961	P	H-06	high	field=.01 PATIENT points to file 2	auto
2006.9613	P	H-05	certain	inherits from 2006.961	auto
201	S	H-13	high	global=	auto
201.01	S	H-05	certain	inherits from 201	auto
2040	P	H-06	high	field=.01 NAME points to file 2	auto
2040.01	P	H-05	certain	inherits from 2040	auto
2040.012	P	H-05	certain	inherits from 2040	auto
2040.013	P	H-05	certain	inherits from 2040	auto
2040.014	P	H-05	certain	inherits from 2040	auto
2040.02	P	H-05	certain	inherits from 2040	auto
2040.03	P	H-05	certain	inherits from 2040	auto
2040.04	P	H-05	certain	inherits from 2040	auto
2040.05	P	H-05	certain	inherits from 2040	auto
2040.06	P	H-05	certain	inherits from 2040	auto
2040.07	P	H-05	certain	inherits from 2040	auto
2040.08	P	H-05	certain	inherits from 2040	auto
2040.09	P	H-05	certain	inherits from 2040	auto
2040.1	P	H-05	certain	inherits from 2040	auto
2040.11	P	H-05	certain	inherits from 2040	auto
2040.12	P	H-05	certain	inherits from 2040	auto
2041	I	H-08	high	has ptr to file 4; no ptr to file 2	auto
2041.5	K	manual-package	moderate	prefix=ANR batch triage	triage
2041.6	S	H-21	low	name contains S-pattern	auto
2041.7	I	H-22	low	name contains I-pattern	auto
2041.732	I	H-05	certain	inherits from 2041.7	auto
2042	I	H-22	low	name contains I-pattern	auto
2042.5	K	manual-package	moderate	prefix=ANR batch triage	triage
2042.51	K	inherited-parent	moderate	inherits from 2042.5	inherited
2043	S	H-39	moderate	orphan: 0 ptrs in, 0 ptrs out	auto
2043.01	S	H-05	certain	inherits(prop) from 2043	auto
2043.5	K	manual-package	moderate	prefix=ANR batch triage	triage
2043.51	I	H-08	high	has ptr to file 4; no ptr to file 2	auto
2044	I	H-22	low	name contains I-pattern	auto
2048	P	H-06	high	field=.01 PATIENT points to file 2	auto
2048.01	P	H-05	certain	inherits from 2048	auto
2048.1	P	H-23	low	name contains P-pattern	auto
2048.11	P	H-05	certain	inherits from 2048.01	auto
21	S	H-13	high	global=	auto
21.01	S	H-05	certain	inherits from 21	auto
21.02	S	H-05	certain	inherits from 21	auto
210	I	H-09	low	has ptr to file 200 (staff/provider); no ptr to file 2 or 4	auto
210.01	I	H-05	certain	inherits from 210	auto
210.02	I	H-05	certain	inherits from 210	auto
210.024	I	H-05	certain	inherits from 210	auto
210.03	I	H-05	certain	inherits from 210	auto
210.04	I	H-05	certain	inherits from 210	auto
210.05	I	H-05	certain	inherits from 210	auto
210.06	I	H-05	certain	inherits from 210	auto
210.08	I	H-05	certain	inherits from 210	auto
210.09	I	H-05	certain	inherits from 210	auto
210.12	I	H-05	certain	inherits from 210	auto
210.13	I	H-05	certain	inherits from 210	auto
210.14	I	H-05	certain	inherits from 210.12	auto
210.15	I	H-05	certain	inherits from 210.12	auto
210.16	I	H-05	certain	inherits from 210.12	auto
210.17	I	H-05	certain	inherits from 210	auto
210.18	I	H-05	certain	inherits from 210	auto
210.19	I	H-05	certain	inherits from 210	auto
210.192	I	H-05	certain	inherits from 210.19	auto
2100	I	H-09	low	has ptr to file 200 (staff/provider); no ptr to file 2 or 4	auto
2100.01	I	H-05	certain	inherits from 2100	auto
2100.02	I	H-05	certain	inherits from 2100	auto
2100.051	I	H-05	certain	inherits from 2100	auto
2100.1	K	H-20	low	name contains K-pattern	auto
2100.11	K	H-05	certain	inherits from 2100.1	auto
2100.12	K	H-05	certain	inherits from 2100.1	auto
2100.121	K	H-05	certain	inherits from 2100.1	auto
2101.1	K	H-20	low	name contains K-pattern	auto
2101.11	K	H-05	certain	inherits from 2101.1	auto
2101.12	I	H-08	high	has ptr to file 4; no ptr to file 2	auto
2101.2	K	H-20	low	name contains K-pattern	auto
2101.3	I	H-09	low	has ptr to file 200 (staff/provider); no ptr to file 2 or 4	auto
2101.32	I	H-05	certain	inherits from 2101.3	auto
2101.4	K	H-20	low	name contains K-pattern	auto
2101.41	K	H-05	certain	inherits from 2101.4	auto
2101.5	K	H-20	low	name contains K-pattern	auto
2101.6	I	H-09	low	has ptr to file 200 (staff/provider); no ptr to file 2 or 4	auto
2101.7	I	H-08	high	has ptr to file 4; no ptr to file 2	auto
211.1	P	H-14	moderate	package=NURSING SERVICE (NUR)	auto
211.2	P	H-14	moderate	package=NURSING SERVICE (NUR)	auto
211.3	P	H-14	moderate	package=NURSING SERVICE (NUR)	auto
211.4	P	H-14	moderate	package=NURSING SERVICE (NUR)	auto
211.41	P	H-05	certain	inherits from 211.4	auto
211.414	P	H-05	certain	inherits from 211.4	auto
211.415	P	H-05	certain	inherits from 211.4	auto
211.416	P	H-05	certain	inherits from 211.4	auto
211.43	P	H-05	certain	inherits from 211.4	auto
211.5	P	H-14	moderate	package=NURSING SERVICE (NUR)	auto
211.6	P	H-14	moderate	package=NURSING SERVICE (NUR)	auto
211.7	P	H-14	moderate	package=NURSING SERVICE (NUR)	auto
211.8	P	H-14	moderate	package=NURSING SERVICE (NUR)	auto
211.82	P	H-05	certain	inherits from 211.8	auto
211.83	P	H-05	certain	inherits from 211.8	auto
211.9	P	H-14	moderate	package=NURSING SERVICE (NUR)	auto
212.1	P	H-14	moderate	package=NURSING SERVICE (NUR)	auto
212.2	P	H-14	moderate	package=NURSING SERVICE (NUR)	auto
212.3	P	H-14	moderate	package=NURSING SERVICE (NUR)	auto
212.4	P	H-14	moderate	package=NURSING SERVICE (NUR)	auto
212.41	P	H-05	certain	inherits from 212.4	auto
212.42	P	H-14	moderate	package=NURSING SERVICE (NUR)	auto
212.6	P	H-14	moderate	package=NURSING SERVICE (NUR)	auto
212.7	P	H-14	moderate	package=NURSING SERVICE (NUR)	auto
212.8	P	H-14	moderate	package=NURSING SERVICE (NUR)	auto
213.2	I	H-08	high	has ptr to file 4; no ptr to file 2	auto
213.3	P	H-14	moderate	package=NURSING SERVICE (NUR)	auto
213.4	I	H-09	low	has ptr to file 200 (staff/provider); no ptr to file 2 or 4	auto
213.41	I	H-05	certain	inherits from 213.4	auto
213.5	P	H-14	moderate	package=NURSING SERVICE (NUR)	auto
213.51	P	H-06	high	field=.01 PATIENT points to file 2	auto
213.52	P	H-05	certain	inherits from 213.5	auto
213.9	S	H-13	high	global=	auto
213.9003	S	H-05	certain	inherits from 213.9	auto
214	P	H-06	high	field=.01 NAME points to file 2	auto
214.6	P	H-06	high	field=.02 NAME points to file 2	auto
214.7	P	H-06	high	field=.02 NAME points to file 2	auto
216.8	P	H-14	moderate	package=NURSING SERVICE (NUR)	auto
216.81	P	H-05	certain	inherits from 216.8	auto
216.82	P	H-05	certain	inherits from 216.8	auto
216.83	P	H-05	certain	inherits from 216.8	auto
216.84	P	H-05	certain	inherits from 216.8	auto
217	I	H-09	low	has ptr to file 200 (staff/provider); no ptr to file 2 or 4	auto
217.011	I	H-05	certain	inherits from 217	auto
217.04	I	H-05	certain	inherits from 217	auto
217.05	I	H-05	certain	inherits from 217	auto
217.06	I	H-05	certain	inherits from 217	auto
217.08	I	H-05	certain	inherits from 217	auto
217.09	I	H-05	certain	inherits from 217	auto
217.1	K	manual	moderate	NURQ STANDARDS — nursing knowledge	triage
217.2	K	manual	moderate	NURQ RATIONALE — nursing knowledge	triage
217.3	K	manual	moderate	NURQ FREQUENCY — nursing knowledge	triage
217.42	I	H-05	certain	inherits from 217.04	auto
217.421	I	H-05	certain	inherits from 217.42	auto
217.422	I	H-05	certain	inherits from 217.42	auto
217.43	I	H-05	certain	inherits from 217.04	auto
217.431	I	H-05	certain	inherits from 217.43	auto
217.44	I	H-05	certain	inherits from 217.43	auto
217.47	I	H-05	certain	inherits from 217.43	auto
219.7	P	H-14	moderate	package=NURSING SERVICE (NUR)	auto
22	S	H-13	high	global=	auto
22.01	S	H-05	certain	inherits from 22	auto
220	P	H-06	high	field=.01 NAME points to file 2	auto
220.01	P	H-05	certain	inherits from 220	auto
220.02	P	H-05	certain	inherits from 220	auto
220.03	P	H-05	certain	inherits from 220	auto
220.04	P	H-05	certain	inherits from 220	auto
220.071	P	H-05	certain	inherits from 220	auto
220.1	S	H-13	high	global=	auto
220.2	S	H-13	high	global=	auto
220.3	S	H-13	high	global=	auto
220.4	S	H-13	high	global=	auto
220.5	I	H-09	low	has ptr to file 200 (staff/provider); no ptr to file 2 or 4	auto
220.51	K	H-20	low	name contains K-pattern	auto
220.52	S	H-39	moderate	orphan: 0 ptrs in, 0 ptrs out	auto
220.6	S	H-39	moderate	orphan: 0 ptrs in, 0 ptrs out	auto
220.67	S	H-05	certain	inherits(prop) from 220.6	auto
221	P	H-06	high	field=3 PATIENT (POINTER) points to file 2	auto
222	P	manual-package	moderate	prefix=DEN batch triage	triage
223	K	H-20	low	name contains K-pattern	auto
224	P	manual-package	moderate	prefix=DEN batch triage	triage
225	S	H-21	low	name contains S-pattern	auto
226	I	H-22	low	name contains I-pattern	auto
2260	I	H-08	high	has ptr to file 4; no ptr to file 2	auto
2260.01	I	H-05	certain	inherits from 2260	auto
2260.0118	I	H-05	certain	inherits from 2260	auto
2260.0125	I	H-05	certain	inherits from 2260	auto
2260.0164	I	H-05	certain	inherits from 2260	auto
2260.0165	I	H-05	certain	inherits from 2260	auto
2260.02	I	H-05	certain	inherits from 2260	auto
2260.0216	I	H-05	certain	inherits from 2260	auto
2260.0217	I	H-05	certain	inherits from 2260	auto
2260.0218	I	H-05	certain	inherits from 2260	auto
2260.0219	I	H-05	certain	inherits from 2260	auto
2260.0257	I	H-05	certain	inherits from 2260	auto
2260.028	I	H-05	certain	inherits from 2260	auto
2260.039	I	H-05	certain	inherits from 2260	auto
2260.047	I	H-05	certain	inherits from 2260	auto
2260.055	I	H-05	certain	inherits from 2260	auto
2260.095	I	H-05	certain	inherits from 2260	auto
2261	I	H-15	moderate	package=ASISTS (OOPS)	auto
2261.1	I	H-15	moderate	package=ASISTS (OOPS)	auto
2261.2	I	H-15	moderate	package=ASISTS (OOPS)	auto
2261.21	I	H-15	moderate	package=ASISTS (OOPS)	auto
2261.22	I	H-15	moderate	package=ASISTS (OOPS)	auto
2261.24	I	H-15	moderate	package=ASISTS (OOPS)	auto
2261.3	I	H-15	moderate	package=ASISTS (OOPS)	auto
2261.4	I	H-15	moderate	package=ASISTS (OOPS)	auto
2261.43	I	H-08	high	has ptr to file 4; no ptr to file 2	auto
2261.431	I	H-05	certain	inherits from 2261.43	auto
2261.5	I	H-15	moderate	package=ASISTS (OOPS)	auto
2261.6	I	H-15	moderate	package=ASISTS (OOPS)	auto
2261.7	I	H-15	moderate	package=ASISTS (OOPS)	auto
2261.8	I	H-15	moderate	package=ASISTS (OOPS)	auto
2261.9	I	H-15	moderate	package=ASISTS (OOPS)	auto
2262	I	H-15	moderate	package=ASISTS (OOPS)	auto
2262.03	I	H-08	high	has ptr to file 4; no ptr to file 2	auto
2262.1	I	H-15	moderate	package=ASISTS (OOPS)	auto
2262.2	I	H-15	moderate	package=ASISTS (OOPS)	auto
2262.3	I	H-15	moderate	package=ASISTS (OOPS)	auto
2262.315	I	H-05	certain	inherits from 2262.03	auto
2262.4	I	H-15	moderate	package=ASISTS (OOPS)	auto
2262.5	I	H-15	moderate	package=ASISTS (OOPS)	auto
2262.6	I	H-15	moderate	package=ASISTS (OOPS)	auto
2262.7	I	H-15	moderate	package=ASISTS (OOPS)	auto
2262.8	I	H-15	moderate	package=ASISTS (OOPS)	auto
2263	I	H-15	moderate	package=ASISTS (OOPS)	auto
2263.1	I	H-15	moderate	package=ASISTS (OOPS)	auto
2263.2	I	H-15	moderate	package=ASISTS (OOPS)	auto
2263.3	I	H-15	moderate	package=ASISTS (OOPS)	auto
2263.5	I	H-15	moderate	package=ASISTS (OOPS)	auto
2263.6	I	H-15	moderate	package=ASISTS (OOPS)	auto
2263.7	I	H-09	low	has ptr to file 200 (staff/provider); no ptr to file 2 or 4	auto
2263.8	I	H-15	moderate	package=ASISTS (OOPS)	auto
2264	I	H-09	low	has ptr to file 200 (staff/provider); no ptr to file 2 or 4	auto
2264.026	I	H-05	certain	inherits from 2264	auto
2264.055	I	H-05	certain	inherits from 2264	auto
2264.061	I	H-05	certain	inherits from 2264	auto
2264.066	I	H-05	certain	inherits from 2264	auto
2264.077	I	H-05	certain	inherits from 2264	auto
227	I	H-09	low	has ptr to file 200 (staff/provider); no ptr to file 2 or 4	auto
227.01	I	H-05	certain	inherits from 227	auto
2275	P	H-06	high	field=.01 VETERAN points to file 2	auto
2275.3	P	H-14	moderate	package=My HealtheVet (MHV)	auto
2275.31	P	H-05	certain	inherits from 2275.3	auto
2275.32	P	H-05	certain	inherits from 2275.3	auto
2275.4	P	H-14	moderate	package=My HealtheVet (MHV)	auto
2276	S	H-21	low	name contains S-pattern	auto
2276.1	S	H-39	moderate	orphan: 0 ptrs in, 0 ptrs out	auto
2276.11	S	H-05	certain	inherits(prop) from 2276.1	auto
2276.3	S	H-39	moderate	orphan: 0 ptrs in, 0 ptrs out	auto
2276.999	S	H-39	moderate	orphan: 0 ptrs in, 0 ptrs out	auto
228	K	H-20	low	name contains K-pattern	auto
228.04	K	H-05	certain	inherits from 228	auto
228.05	K	H-05	certain	inherits from 228	auto
228.06	K	H-05	certain	inherits from 228	auto
228.1	P	H-06	high	field=.02 PATIENT points to file 2	auto
228.2	P	H-06	high	field=.02 PATIENT points to file 2	auto
228.21	P	H-05	certain	inherits from 228.2	auto
228.221	P	H-05	certain	inherits from 228.2	auto
228.223	P	H-05	certain	inherits from 228.2	auto
228.25	K	H-40	moderate	3 targets all classified K	auto
228.26	P	H-05	certain	inherits from 228.2	auto
228.27	P	H-05	certain	inherits from 228.2	auto
228.28	P	H-05	certain	inherits from 228.2	auto
228.29	P	H-05	certain	inherits from 228.2	auto
228.3	P	manual-package	moderate	prefix=DEN batch triage	triage
228.4	S	H-39	moderate	orphan: 0 ptrs in, 0 ptrs out	auto
228.41	P	H-05	certain	inherits from 228.2	auto
228.42	P	manual-package	moderate	prefix=DEN batch triage	triage
228.5	P	H-06	high	field=.04 PATIENT points to file 2	auto
228.6	P	H-06	high	field=.01 DENTAL PATIENT points to file 2	auto
228.601	P	H-05	certain	inherits from 228.6	auto
228.7	P	H-06	high	field=.03 PATIENT points to file 2	auto
228.71	P	H-05	certain	inherits from 228.7	auto
228.8	K	H-40	moderate	2 targets all classified K	auto
23	S	H-13	high	global=	auto
230	P	H-06	high	field=.06 PATIENT ID points to file 2	auto
230.04	P	H-05	certain	inherits from 230	auto
230.08	P	H-05	certain	inherits from 230	auto
230.1	P	H-06	high	field=.06 PATIENT ID points to file 2	auto
231.6	I	H-08	high	has ptr to file 4; no ptr to file 2	auto
231.61	I	H-05	certain	inherits from 231.6	auto
231.62	I	H-05	certain	inherits from 231.6	auto
231.7	I	H-08	high	has ptr to file 4; no ptr to file 2	auto
231.8	I	H-08	high	has ptr to file 4; no ptr to file 2	auto
231.9	I	H-08	high	has ptr to file 4; no ptr to file 2	auto
231.93	I	H-05	certain	inherits from 231.9	auto
231.94	I	H-05	certain	inherits from 231.9	auto
231.941	I	H-05	certain	inherits from 231.94	auto
232.1	P	H-14	moderate	package=EMERGENCY DEPARTMENT (EDP)	auto
232.11	P	H-14	moderate	package=EMERGENCY DEPARTMENT (EDP)	auto
232.12	P	H-05	certain	inherits from 232.1	auto
232.13	P	H-05	certain	inherits from 232.1	auto
232.5	P	H-14	moderate	package=EMERGENCY DEPARTMENT (EDP)	auto
232.6	I	H-08	high	has ptr to file 4; no ptr to file 2	auto
232.61	I	H-05	certain	inherits from 232.6	auto
232.62	I	H-05	certain	inherits from 232.6	auto
232.621	I	H-05	certain	inherits from 232.62	auto
232.622	I	H-05	certain	inherits from 232.62	auto
232.63	I	H-05	certain	inherits from 232.6	auto
232.71	P	H-14	moderate	package=EMERGENCY DEPARTMENT (EDP)	auto
232.711	P	H-05	certain	inherits from 232.71	auto
232.712	P	H-05	certain	inherits from 232.71	auto
232.72	P	H-14	moderate	package=EMERGENCY DEPARTMENT (EDP)	auto
232.725	P	H-05	certain	inherits from 232.72	auto
232.727	P	H-05	certain	inherits from 232.72	auto
232.728	P	H-05	certain	inherits from 232.72	auto
232.729	P	H-05	certain	inherits from 232.72	auto
232.73	P	H-14	moderate	package=EMERGENCY DEPARTMENT (EDP)	auto
232.74	P	H-14	moderate	package=EMERGENCY DEPARTMENT (EDP)	auto
233.1	P	H-14	moderate	package=EMERGENCY DEPARTMENT (EDP)	auto
233.12	P	H-05	certain	inherits from 233.1	auto
233.2	P	H-14	moderate	package=EMERGENCY DEPARTMENT (EDP)	auto
233.21	P	H-05	certain	inherits from 233.2	auto
233.8	P	H-14	moderate	package=EMERGENCY DEPARTMENT (EDP)	auto
233.81	P	H-14	moderate	package=EMERGENCY DEPARTMENT (EDP)	auto
233.82	P	H-14	moderate	package=EMERGENCY DEPARTMENT (EDP)	auto
233.821	P	H-05	certain	inherits from 233.82	auto
233.8211	P	H-05	certain	inherits from 233.821	auto
233.822	P	H-05	certain	inherits from 233.82	auto
234	P	H-06	high	field=2 PATIENT points to file 2	auto
23450	I	H-09	low	has ptr to file 200 (staff/provider); no ptr to file 2 or 4	auto
23450.04	I	H-05	certain	inherits from 23450	auto
23451	I	H-09	low	has ptr to file 200 (staff/provider); no ptr to file 2 or 4	auto
23451.01	I	H-05	certain	inherits from 23451	auto
23451.13	I	H-05	certain	inherits from 23451.01	auto
23453	S	H-39	moderate	orphan: 0 ptrs in, 0 ptrs out	auto
23453.01	I	H-09	low	has ptr to file 200 (staff/provider); no ptr to file 2 or 4	auto
23453.14	I	H-05	certain	inherits from 23453.01	auto
24	S	H-13	high	global=	auto
25	S	H-13	high	global=	auto
25.11	P	H-14	moderate	package=REGISTRATION (DG)	auto
25.13	P	H-05	certain	inherits from 25.11	auto
25.14	P	H-05	certain	inherits from 25.11	auto
25002.1	S	H-13	high	global=	auto
26	S	H-13	high	global=	auto
26.11	P	H-14	moderate	package=REGISTRATION (DG)	auto
26.111	P	H-05	certain	inherits from 26.11	auto
26.112	P	H-05	certain	inherits from 26.11	auto
26.12	I	H-09	low	has ptr to file 200 (staff/provider); no ptr to file 2 or 4	auto
26.122	I	H-05	certain	inherits from 26.12	auto
26.13	P	H-06	high	field=.01 PATIENT NAME points to file 2	auto
26.131	I	H-08	high	has ptr to file 4; no ptr to file 2	auto
26.132	P	H-05	certain	inherits from 26.13	auto
26.14	I	H-08	high	has ptr to file 4; no ptr to file 2	auto
26.141	I	H-05	certain	inherits from 26.14	auto
26.142	I	H-08	high	has ptr to file 4; no ptr to file 2	auto
26.15	P	H-14	moderate	package=REGISTRATION (DG)	auto
26.151	P	H-05	certain	inherits from 26.15	auto
26.152	P	H-05	certain	inherits from 26.15	auto
26.16	P	H-14	moderate	package=REGISTRATION (DG)	auto
26.17	I	H-08	high	has ptr to file 4; no ptr to file 2	auto
26.1707	I	H-05	certain	inherits from 26.17	auto
26.18	P	H-14	moderate	package=REGISTRATION (DG)	auto
26.19	I	H-08	high	has ptr to file 4; no ptr to file 2	auto
26.1907	I	H-05	certain	inherits from 26.19	auto
26.21	P	H-06	high	field=.01 PATIENT points to file 2	auto
26.22	P	H-06	high	field=.03 PATIENT points to file 2	auto
27.11	P	H-06	high	field=.02 PATIENT points to file 2	auto
27.12	P	H-06	high	field=.01 PATIENT points to file 2	auto
27.14	P	H-06	high	field=.03 PATIENT points to file 2	auto
27.141	P	H-05	certain	inherits from 27.14	auto
27.15	P	H-14	moderate	package=REGISTRATION (DG)	auto
27.1525	P	H-05	certain	inherits from 27.15	auto
27.16	P	H-14	moderate	package=REGISTRATION (DG)	auto
27.17	P	H-14	moderate	package=REGISTRATION (DG)	auto
27.174	P	H-05	certain	inherits from 27.17	auto
27.176	P	H-05	certain	inherits from 27.17	auto
27.18	I	H-11	high	global=	auto
28.11	P	H-06	high	field=.01 PATIENT points to file 2	auto
29.11	P	H-06	high	field=2 NAME points to file 2	auto
3.05	I	H-09	low	has ptr to file 200 (staff/provider); no ptr to file 2 or 4	auto
3.051	I	H-05	certain	inherits from 3.05	auto
3.07	I	H-09	low	has ptr to file 200 (staff/provider); no ptr to file 2 or 4	auto
3.075	S	H-21	low	name contains S-pattern	auto
3.0751	S	H-05	certain	inherits from 3.075	auto
3.0752	S	H-05	certain	inherits from 3.0751	auto
3.076	S	H-21	low	name contains S-pattern	auto
3.0761	S	H-05	certain	inherits from 3.076	auto
3.077	S	H-21	low	name contains S-pattern	auto
3.07701	S	H-05	certain	inherits from 3.077	auto
3.07702	S	H-05	certain	inherits from 3.077	auto
3.077031	S	H-05	certain	inherits from 3.077	auto
3.0775	S	H-05	certain	inherits from 3.077	auto
3.079	S	H-21	low	name contains S-pattern	auto
3.081	I	H-08	high	has ptr to file 4; no ptr to file 2	auto
3.083	S	H-17	moderate	package=KERNEL (XU)	auto
3.084	S	H-17	moderate	package=KERNEL (XU)	auto
3.1	S	H-13	high	global=	auto
3.2	K	H-20	low	name contains K-pattern	auto
3.2055	K	H-05	certain	inherits from 3.2	auto
3.206	K	H-05	certain	inherits from 3.2	auto
3.207	K	H-05	certain	inherits from 3.2	auto
3.22	K	H-20	low	name contains K-pattern	auto
3.223	K	H-05	certain	inherits from 3.22	auto
3.23	S	manual-package	moderate	prefix=%ZI batch triage	triage
3.4	S	H-13	high	global=	auto
3.41	S	H-05	certain	inherits from 3.4	auto
3.5	S	H-21	low	name contains S-pattern	auto
3.501	S	H-05	certain	inherits from 3.5	auto
3.51	I	H-09	low	has ptr to file 200 (staff/provider); no ptr to file 2 or 4	auto
3.5121	I	H-05	certain	inherits from 3.51	auto
3.5131	I	H-05	certain	inherits from 3.51	auto
3.519	S	H-17	moderate	package=MAILMAN (XM)	auto
3.5193	S	H-05	certain	inherits from 3.519	auto
3.52	I	H-09	low	has ptr to file 200 (staff/provider); no ptr to file 2 or 4	auto
3.521	I	H-05	certain	inherits from 3.52	auto
3.532	S	H-05	certain	inherits from 3.5	auto
3.54	S	H-39	moderate	orphan: 0 ptrs in, 0 ptrs out	auto
3.542	S	H-05	certain	inherits(prop) from 3.54	auto
3.6	S	H-13	high	global=	auto
3.61	S	H-05	certain	inherits from 3.6	auto
3.62	S	H-05	certain	inherits from 3.6	auto
3.63	S	H-05	certain	inherits from 3.6	auto
3.64	S	H-05	certain	inherits from 3.6	auto
3.65	S	H-05	certain	inherits from 3.64	auto
3.7	I	H-09	low	has ptr to file 200 (staff/provider); no ptr to file 2 or 4	auto
3.701	I	H-05	certain	inherits from 3.7	auto
3.702	I	H-05	certain	inherits from 3.701	auto
3.703	I	H-05	certain	inherits from 3.7	auto
3.704	I	H-05	certain	inherits from 3.7	auto
3.705	I	H-05	certain	inherits from 3.7	auto
3.706	I	H-05	certain	inherits from 3.7	auto
3.715	I	H-05	certain	inherits from 3.7	auto
3.7159	I	H-05	certain	inherits from 3.715	auto
3.73	I	H-09	low	has ptr to file 200 (staff/provider); no ptr to file 2 or 4	auto
3.7519	S	H-05	certain	inherits from 3.0751	auto
3.8	I	H-09	low	has ptr to file 200 (staff/provider); no ptr to file 2 or 4	auto
3.801	I	H-05	certain	inherits from 3.8	auto
3.802	I	H-05	certain	inherits from 3.8	auto
3.81	I	H-05	certain	inherits from 3.8	auto
3.811	I	H-05	certain	inherits from 3.8	auto
3.812	I	H-05	certain	inherits from 3.8	auto
3.813	I	H-05	certain	inherits from 3.8	auto
3.814	I	H-05	certain	inherits from 3.8	auto
3.815	I	H-05	certain	inherits from 3.8	auto
3.816	S	H-13	high	global=	auto
3.8161	I	H-08	high	has ptr to file 4; no ptr to file 2	auto
3.9	S	H-13	high	global=	auto
3.9001	S	H-05	certain	inherits from 3.9	auto
3.91	I	H-08	high	has ptr to file 4; no ptr to file 2	auto
3.911	S	H-05	certain	inherits from 3.9	auto
3.914	S	H-05	certain	inherits from 3.9	auto
3.92	S	H-05	certain	inherits from 3.9	auto
3.92005	S	H-05	certain	inherits from 3.9	auto
30	S	H-13	high	global=	auto
301.5	P	H-06	high	field=.01 PATIENT points to file 2	auto
301.501	P	H-05	certain	inherits from 301.5	auto
301.511	P	H-05	certain	inherits from 301.501	auto
301.6	S	H-21	low	name contains S-pattern	auto
301.61	P	H-06	high	field=.02 PATIENT points to file 2	auto
301.62	P	H-06	high	field=.01 PATIENT points to file 2	auto
301.63	P	H-06	high	field=.08 LAST PATIENT PROCESSED points to file 2	auto
301.7	P	H-06	high	field=1 PATIENT points to file 2	auto
301.9	S	H-21	low	name contains S-pattern	auto
301.9001	S	H-05	certain	inherits from 301.9	auto
301.91	P	manual-package	moderate	prefix=IVM batch triage	triage
301.92	P	manual-package	moderate	prefix=IVM batch triage	triage
301.93	P	manual-package	moderate	prefix=IVM batch triage	triage
301.94	P	manual-package	moderate	prefix=IVM batch triage	triage
31	S	H-13	high	global=	auto
31.01	S	H-05	certain	inherits from 31	auto
33	P	H-06	high	field=.01 OTH PATIENT points to file 2	auto
33.01	P	H-05	certain	inherits from 33	auto
33.02	I	H-08	high	has ptr to file 4; no ptr to file 2	auto
33.03	I	H-08	high	has ptr to file 4; no ptr to file 2	auto
33.1	P	H-06	high	field=.01 PATIENT points to file 2	auto
33.11	I	H-08	high	has ptr to file 4; no ptr to file 2	auto
33.12	P	H-05	certain	inherits from 33.1	auto
33.3	P	H-14	moderate	package=REGISTRATION (DG)	auto
34	S	H-13	high	global=	auto
340	I	H-09	low	has ptr to file 200 (staff/provider); no ptr to file 2 or 4	auto
340.02	I	H-05	certain	inherits from 340	auto
340.08	I	H-05	certain	inherits from 340	auto
340.09	I	H-05	certain	inherits from 340	auto
340.5	P	manual	moderate	AR REPAYMENT PLAN — patient billing	triage
340.501	S	H-21	low	name contains S-pattern	auto
340.52	P	inherited-parent	moderate	inherits from 340.5	inherited
340.53	P	inherited-parent	moderate	inherits from 340.5	inherited
340.54	I	H-09	low	has ptr to file 200 (staff/provider); no ptr to file 2 or 4	auto
340.55	I	H-09	low	has ptr to file 200 (staff/provider); no ptr to file 2 or 4	auto
340.56	P	inherited-parent	moderate	inherits from 340.5	inherited
340.7	S	H-39	moderate	orphan: 0 ptrs in, 0 ptrs out	auto
341	I	H-08	high	has ptr to file 4; no ptr to file 2	auto
341.01	I	H-05	certain	inherits from 341	auto
341.1	K	H-20	low	name contains K-pattern	auto
342	I	H-08	high	has ptr to file 4; no ptr to file 2	auto
342.01	I	H-05	certain	inherits from 342	auto
342.014	I	H-05	certain	inherits from 342	auto
342.02	I	H-05	certain	inherits from 342	auto
342.04	I	H-05	certain	inherits from 342	auto
342.1	P	manual	moderate	AR GROUP — patient billing	triage
342.2	K	H-20	low	name contains K-pattern	auto
342.3	S	H-39	moderate	orphan: 0 ptrs in, 0 ptrs out	auto
342.31	I	H-09	low	has ptr to file 200 (staff/provider); no ptr to file 2 or 4	auto
343	S	H-39	moderate	orphan: 0 ptrs in, 0 ptrs out	auto
343.01	S	H-05	certain	inherits(prop) from 343	auto
344	I	H-09	low	has ptr to file 200 (staff/provider); no ptr to file 2 or 4	auto
344.01	I	H-05	certain	inherits from 344	auto
344.1	I	H-09	low	has ptr to file 200 (staff/provider); no ptr to file 2 or 4	auto
344.11	I	H-05	certain	inherits from 344.1	auto
344.2	S	H-39	moderate	orphan: 0 ptrs in, 0 ptrs out	auto
344.21	S	H-05	certain	inherits(prop) from 344.2	auto
344.211	S	H-05	certain	inherits(prop) from 344.21	auto
344.22	S	H-21	low	name contains S-pattern	auto
344.3	P	manual	moderate	EDI LOCKBOX DEPOSIT — patient billing	triage
344.31	I	H-09	low	has ptr to file 200 (staff/provider); no ptr to file 2 or 4	auto
344.312	I	H-05	certain	inherits from 344.31	auto
344.314	I	H-05	certain	inherits from 344.31	auto
344.32	S	H-21	low	name contains S-pattern	auto
344.33	P	inherited-parent	moderate	inherits from 344.3	inherited
344.4	I	H-09	low	has ptr to file 200 (staff/provider); no ptr to file 2 or 4	auto
344.41	I	H-08	high	has ptr to file 4; no ptr to file 2	auto
344.411	I	H-05	certain	inherits from 344.41	auto
344.412	I	H-05	certain	inherits from 344.41	auto
344.42	I	H-05	certain	inherits from 344.4	auto
344.43	I	H-05	certain	inherits from 344.4	auto
344.48	I	H-05	certain	inherits from 344.4	auto
344.49	P	manual	moderate	EDI LOCKBOX EOB — patient billing	triage
344.491	I	H-09	low	has ptr to file 200 (staff/provider); no ptr to file 2 or 4	auto
344.4911	I	H-05	certain	inherits from 344.491	auto
344.4914	I	H-05	certain	inherits from 344.491	auto
344.49141	I	H-05	certain	inherits from 344.4914	auto
344.492	I	H-09	low	has ptr to file 200 (staff/provider); no ptr to file 2 or 4	auto
344.493	I	H-09	low	has ptr to file 200 (staff/provider); no ptr to file 2 or 4	auto
344.494	P	inherited-parent	moderate	inherits from 344.49	inherited
344.5	P	manual	moderate	AR EDI LOCKBOX MESSAGES — patient billing	triage
344.51	P	inherited-parent	moderate	inherits from 344.5	inherited
344.52	P	inherited-parent	moderate	inherits from 344.5	inherited
344.53	P	inherited-parent	moderate	inherits from 344.5	inherited
344.54	P	inherited-parent	moderate	inherits from 344.5	inherited
344.55	P	inherited-parent	moderate	inherits from 344.5	inherited
344.6	I	H-09	low	has ptr to file 200 (staff/provider); no ptr to file 2 or 4	auto
344.61	I	H-08	high	has ptr to file 4; no ptr to file 2	auto
344.611	I	H-05	certain	inherits from 344.61	auto
344.612	I	H-05	certain	inherits from 344.61	auto
344.62	I	H-09	low	has ptr to file 200 (staff/provider); no ptr to file 2 or 4	auto
344.7	I	H-09	low	has ptr to file 200 (staff/provider); no ptr to file 2 or 4	auto
344.71	I	H-09	low	has ptr to file 200 (staff/provider); no ptr to file 2 or 4	auto
344.711	I	H-05	certain	inherits from 344.71	auto
344.72	I	H-09	low	has ptr to file 200 (staff/provider); no ptr to file 2 or 4	auto
344.73	I	H-09	low	has ptr to file 200 (staff/provider); no ptr to file 2 or 4	auto
344.74	P	H-36	moderate	2/2 targets classified P	auto
344.9	S	H-21	low	name contains S-pattern	auto
344.91	S	H-39	moderate	orphan: 0 ptrs in, 0 ptrs out	auto
344.911	S	H-05	certain	inherits(prop) from 344.91	auto
345	S	H-39	moderate	orphan: 0 ptrs in, 0 ptrs out	auto
345.04	S	H-05	certain	inherits(prop) from 345	auto
345.1	K	H-20	low	name contains K-pattern	auto
346	S	H-39	moderate	orphan: 0 ptrs in, 0 ptrs out	auto
346.04	S	H-05	certain	inherits(prop) from 346	auto
347	P	manual	moderate	AR FMS DOCUMENT — patient billing	triage
347.1	K	H-20	low	name contains K-pattern	auto
347.3	K	H-20	low	name contains K-pattern	auto
347.4	I	H-15	moderate	package=ACCOUNTS RECEIVABLE (PRCA)	auto
348	S	H-39	moderate	orphan: 0 ptrs in, 0 ptrs out	auto
348.1	S	H-39	moderate	orphan: 0 ptrs in, 0 ptrs out	auto
348.2	K	H-20	low	name contains K-pattern	auto
348.4	S	H-39	moderate	orphan: 0 ptrs in, 0 ptrs out	auto
348.41	P	H-06	high	field=.02 PATIENT points to file 2	auto
348.42	S	H-05	certain	inherits(prop) from 348.4	auto
348.43	P	H-06	high	field=.01 COPAY PATIENT points to file 2	auto
348.5	K	H-20	low	name contains K-pattern	auto
348.6	K	H-20	low	name contains K-pattern	auto
348.7	K	H-20	low	name contains K-pattern	auto
349	I	H-08	high	has ptr to file 4; no ptr to file 2	auto
349.1	I	H-08	high	has ptr to file 4; no ptr to file 2	auto
349.11	I	H-05	certain	inherits from 349.1	auto
349.12	I	H-05	certain	inherits from 349.1	auto
349.151	I	H-05	certain	inherits from 349.1	auto
349.161	I	H-08	high	has ptr to file 4; no ptr to file 2	auto
349.2	P	manual	moderate	AR CCPC STATEMENTS — patient billing	triage
349.21	P	inherited-parent	moderate	inherits from 349.2	inherited
349.3	S	H-39	moderate	orphan: 0 ptrs in, 0 ptrs out	auto
349.37	S	H-05	certain	inherits(prop) from 349.3	auto
349.4	K	H-20	low	name contains K-pattern	auto
349.7	S	H-21	low	name contains S-pattern	auto
349.8	K	H-20	low	name contains K-pattern	auto
349.9	I	H-08	high	has ptr to file 4; no ptr to file 2	auto
35	S	H-13	high	global=	auto
35.1	I	H-11	high	global=	auto
35.2	I	H-11	high	global=	auto
350	P	H-06	high	field=.02 PATIENT points to file 2	auto
350.1	P	H-14	moderate	package=INTEGRATED BILLING (IB)	auto
350.2	P	H-14	moderate	package=INTEGRATED BILLING (IB)	auto
350.21	P	H-14	moderate	package=INTEGRATED BILLING (IB)	auto
350.3	P	H-14	moderate	package=INTEGRATED BILLING (IB)	auto
350.4	P	H-14	moderate	package=INTEGRATED BILLING (IB)	auto
350.41	P	H-14	moderate	package=INTEGRATED BILLING (IB)	auto
350.5	P	H-14	moderate	package=INTEGRATED BILLING (IB)	auto
350.6	I	H-09	low	has ptr to file 200 (staff/provider); no ptr to file 2 or 4	auto
350.7	P	H-14	moderate	package=INTEGRATED BILLING (IB)	auto
350.71	P	H-14	moderate	package=INTEGRATED BILLING (IB)	auto
350.8	P	H-14	moderate	package=INTEGRATED BILLING (IB)	auto
350.9	I	H-08	high	has ptr to file 4; no ptr to file 2	auto
350.9001	I	H-05	certain	inherits from 350.9	auto
350.9002	I	H-05	certain	inherits from 350.9	auto
350.9003	I	H-05	certain	inherits from 350.9	auto
350.9004	I	H-08	high	has ptr to file 4; no ptr to file 2	auto
350.9005	I	H-08	high	has ptr to file 4; no ptr to file 2	auto
350.9006	I	H-05	certain	inherits from 350.9	auto
350.916	I	H-05	certain	inherits from 350.9	auto
350.928	I	H-05	certain	inherits from 350.9	auto
350.929	I	H-08	high	has ptr to file 4; no ptr to file 2	auto
350.9399	I	H-05	certain	inherits from 350.9	auto
350.963	I	H-05	certain	inherits from 350.9	auto
350.9631	I	H-05	certain	inherits from 350.963	auto
350.964	I	H-05	certain	inherits from 350.9	auto
350.9641	I	H-05	certain	inherits from 350.964	auto
350.965	I	H-05	certain	inherits from 350.9	auto
350.966	I	H-05	certain	inherits from 350.9	auto
350.981	I	H-05	certain	inherits from 350.9	auto
350.982	I	H-05	certain	inherits from 350.9	auto
350.999	I	H-05	certain	inherits from 350.9	auto
351	P	H-06	high	field=.02 PATIENT points to file 2	auto
351.1	P	H-06	high	field=.01 PATIENT points to file 2	auto
351.2	P	H-06	high	field=.01 PATIENT points to file 2	auto
351.3	P	H-06	high	field=.02 PATIENT points to file 2	auto
351.31	I	H-08	high	has ptr to file 4; no ptr to file 2	auto
351.5	P	H-06	high	field=.02 PATIENT points to file 2	auto
351.51	P	H-14	moderate	package=INTEGRATED BILLING (IB)	auto
351.52	P	H-10	high	global=	auto
351.53	P	H-10	high	global=	auto
351.6	P	H-06	high	field=.01 PATIENT points to file 2	auto
351.61	I	H-08	high	has ptr to file 4; no ptr to file 2	auto
351.612	I	H-05	certain	inherits from 351.61	auto
351.613	I	H-05	certain	inherits from 351.61	auto
351.62	P	H-14	moderate	package=INTEGRATED BILLING (IB)	auto
351.67	P	H-14	moderate	package=INTEGRATED BILLING (IB)	auto
351.7	P	H-14	moderate	package=INTEGRATED BILLING (IB)	auto
351.701	P	H-14	moderate	package=INTEGRATED BILLING (IB)	auto
351.702	P	H-05	certain	inherits from 351.7	auto
351.71	P	H-14	moderate	package=INTEGRATED BILLING (IB)	auto
351.711	P	H-05	certain	inherits from 351.71	auto
351.7111	P	H-05	certain	inherits from 351.711	auto
351.73	I	H-09	low	has ptr to file 200 (staff/provider); no ptr to file 2 or 4	auto
351.731	I	H-05	certain	inherits from 351.73	auto
351.81	P	H-06	high	field=.02 PATIENT points to file 2	auto
351.811	P	H-05	certain	inherits from 351.81	auto
351.82	P	H-06	high	field=.01 PATIENT points to file 2	auto
351.821	I	H-08	high	has ptr to file 4; no ptr to file 2	auto
351.83	P	H-06	high	field=.01 PATIENT points to file 2	auto
351.9	I	H-09	low	has ptr to file 200 (staff/provider); no ptr to file 2 or 4	auto
351.9001	I	H-05	certain	inherits from 351.9	auto
351.9002	I	H-05	certain	inherits from 351.9	auto
351.9003	I	H-05	certain	inherits from 351.9	auto
351.9004	I	H-05	certain	inherits from 351.9001	auto
351.91	P	H-10	high	global=	auto
352.1	P	H-14	moderate	package=INTEGRATED BILLING (IB)	auto
352.2	P	H-14	moderate	package=INTEGRATED BILLING (IB)	auto
352.3	P	H-14	moderate	package=INTEGRATED BILLING (IB)	auto
352.4	P	H-14	moderate	package=INTEGRATED BILLING (IB)	auto
352.5	P	H-14	moderate	package=INTEGRATED BILLING (IB)	auto
353	P	H-14	moderate	package=INTEGRATED BILLING (IB)	auto
353.1	P	H-14	moderate	package=INTEGRATED BILLING (IB)	auto
353.2	P	H-14	moderate	package=INTEGRATED BILLING (IB)	auto
353.3	P	H-14	moderate	package=INTEGRATED BILLING (IB)	auto
353.4	P	H-14	moderate	package=INTEGRATED BILLING (IB)	auto
353.5	P	H-14	moderate	package=INTEGRATED BILLING (IB)	auto
354	P	H-06	high	field=.01 PATIENT NAME points to file 2	auto
354.1	I	H-09	low	has ptr to file 200 (staff/provider); no ptr to file 2 or 4	auto
354.2	P	H-14	moderate	package=INTEGRATED BILLING (IB)	auto
354.3	P	H-14	moderate	package=INTEGRATED BILLING (IB)	auto
354.4	I	H-09	low	has ptr to file 200 (staff/provider); no ptr to file 2 or 4	auto
354.5	P	H-14	moderate	package=INTEGRATED BILLING (IB)	auto
354.5002	P	H-05	certain	inherits from 354.5	auto
354.52	P	H-05	certain	inherits from 354.5	auto
354.6	P	H-14	moderate	package=INTEGRATED BILLING (IB)	auto
354.61	P	H-05	certain	inherits from 354.6	auto
354.62	P	H-05	certain	inherits from 354.6	auto
354.7	P	H-06	high	field=.01 PATIENT points to file 2	auto
354.701	P	H-05	certain	inherits from 354.7	auto
354.71	I	H-08	high	has ptr to file 4; no ptr to file 2	auto
354.711	I	H-08	high	has ptr to file 4; no ptr to file 2	auto
354.75	P	H-14	moderate	package=INTEGRATED BILLING (IB)	auto
355.1	P	H-14	moderate	package=INTEGRATED BILLING (IB)	auto
355.11	P	H-05	certain	inherits from 355.1	auto
355.12	P	H-14	moderate	package=INTEGRATED BILLING (IB)	auto
355.13	P	H-14	moderate	package=INTEGRATED BILLING (IB)	auto
355.14	P	H-05	certain	inherits from 355.1	auto
355.141	P	H-05	certain	inherits from 355.14	auto
355.1411	P	H-05	certain	inherits from 355.141	auto
355.2	P	H-14	moderate	package=INTEGRATED BILLING (IB)	auto
355.21	P	H-05	certain	inherits from 355.2	auto
355.3	P	H-06	high	field=.1 INDIVIDUAL POLICY PATIENT points to file 2	auto
355.31	P	H-14	moderate	package=INTEGRATED BILLING (IB)	auto
355.311	P	H-05	certain	inherits from 355.3	auto
355.32	I	H-09	low	has ptr to file 200 (staff/provider); no ptr to file 2 or 4	auto
355.321	I	H-05	certain	inherits from 355.32	auto
355.33	P	H-06	high	field=60.01 PATIENT NAME points to file 2	auto
355.34	P	H-10	high	global=	auto
355.35	P	H-10	high	global=	auto
355.3503	P	H-05	certain	inherits from 355.35	auto
355.3505	P	H-05	certain	inherits from 355.35	auto
355.35051	P	H-05	certain	inherits from 355.3505	auto
355.351	P	H-10	high	global=	auto
355.35103	P	H-05	certain	inherits from 355.351	auto
355.3511	P	H-05	certain	inherits from 355.351	auto
355.35111	P	H-05	certain	inherits from 355.3511	auto
355.36	P	H-10	high	global=	auto
355.4	I	H-09	low	has ptr to file 200 (staff/provider); no ptr to file 2 or 4	auto
355.5	P	H-06	high	field=.02 PATIENT points to file 2	auto
355.6	P	H-14	moderate	package=INTEGRATED BILLING (IB)	auto
355.611	P	H-05	certain	inherits from 355.6	auto
355.7	P	H-06	high	field=.02 PATIENT points to file 2	auto
355.8	P	H-10	high	global=	auto
355.81	P	H-06	high	field=.01 PATIENT points to file 2	auto
355.82	P	H-10	high	global=	auto
355.9	P	H-10	high	global=	auto
355.91	P	H-10	high	global=	auto
355.92	P	H-10	high	global=	auto
355.93	P	H-10	high	global=	auto
355.9301	P	H-05	certain	inherits from 355.93	auto
355.9342	P	H-05	certain	inherits from 355.93	auto
355.935	P	H-05	certain	inherits from 355.93	auto
355.9351	P	H-05	certain	inherits from 355.93	auto
355.95	P	H-10	high	global=	auto
355.96	P	H-10	high	global=	auto
355.97	P	H-14	moderate	package=INTEGRATED BILLING (IB)	auto
355.98	P	H-10	high	global=	auto
355.99	P	H-14	moderate	package=INTEGRATED BILLING (IB)	auto
355.9901	P	H-05	certain	inherits from 355.99	auto
356	P	H-06	high	field=.02 PATIENT points to file 2	auto
356.001	P	H-10	high	global=	auto
356.002	P	H-10	high	global=	auto
356.003	P	H-10	high	global=	auto
356.004	P	H-10	high	global=	auto
356.005	P	H-10	high	global=	auto
356.006	P	H-10	high	global=	auto
356.007	P	H-10	high	global=	auto
356.008	P	H-10	high	global=	auto
356.009	P	H-10	high	global=	auto
356.01	P	H-10	high	global=	auto
356.011	P	H-10	high	global=	auto
356.012	P	H-10	high	global=	auto
356.013	P	H-10	high	global=	auto
356.014	P	H-10	high	global=	auto
356.015	P	H-10	high	global=	auto
356.016	P	H-10	high	global=	auto
356.017	P	H-10	high	global=	auto
356.018	P	H-10	high	global=	auto
356.019	P	H-10	high	global=	auto
356.02	P	H-10	high	global=	auto
356.021	P	H-10	high	global=	auto
356.022	P	H-10	high	global=	auto
356.023	P	H-10	high	global=	auto
356.03	P	H-05	certain	inherits from 356	auto
356.04	P	H-05	certain	inherits from 356	auto
356.1	I	H-09	low	has ptr to file 200 (staff/provider); no ptr to file 2 or 4	auto
356.11	P	H-14	moderate	package=INTEGRATED BILLING (IB)	auto
356.111	I	H-05	certain	inherits from 356.1	auto
356.112	I	H-05	certain	inherits from 356.1	auto
356.113	I	H-05	certain	inherits from 356.1	auto
356.19	P	H-14	moderate	package=INTEGRATED BILLING (IB)	auto
356.2	P	H-06	high	field=.05 PATIENT points to file 2	auto
356.21	P	H-14	moderate	package=INTEGRATED BILLING (IB)	auto
356.211	P	H-05	certain	inherits from 356.2	auto
356.212	P	H-05	certain	inherits from 356.2	auto
356.213	P	H-05	certain	inherits from 356.2	auto
356.214	P	H-05	certain	inherits from 356.2	auto
356.22	P	H-06	high	field=.02 PATIENT points to file 2	auto
356.221	P	H-05	certain	inherits from 356.22	auto
356.22101	P	H-05	certain	inherits from 356.22	auto
356.22105	P	H-05	certain	inherits from 356.22	auto
356.22107	P	H-05	certain	inherits from 356.22	auto
356.2211	P	H-05	certain	inherits from 356.22	auto
356.2212	P	H-05	certain	inherits from 356.22	auto
356.2213	P	H-05	certain	inherits from 356.22	auto
356.2214	P	H-05	certain	inherits from 356.22	auto
356.2215	P	H-05	certain	inherits from 356.22	auto
356.2216	P	H-05	certain	inherits from 356.22	auto
356.22164	P	H-05	certain	inherits from 356.2216	auto
356.22166	P	H-05	certain	inherits from 356.2216	auto
356.22167	P	H-05	certain	inherits from 356.2216	auto
356.22168	P	H-05	certain	inherits from 356.2216	auto
356.2223	P	H-05	certain	inherits from 356.22	auto
356.223	P	H-05	certain	inherits from 356.22	auto
356.231	P	H-05	certain	inherits from 356.221	auto
356.2316	P	H-05	certain	inherits from 356.2216	auto
356.25	P	H-06	high	field=.02 PATIENT points to file 2	auto
356.26	P	H-06	high	field=.02 PATIENT points to file 2	auto
356.3	P	H-14	moderate	package=INTEGRATED BILLING (IB)	auto
356.399	P	H-10	high	global=	auto
356.4	P	H-14	moderate	package=INTEGRATED BILLING (IB)	auto
356.41	P	H-05	certain	inherits from 356.4	auto
356.5	P	H-14	moderate	package=INTEGRATED BILLING (IB)	auto
356.6	P	H-14	moderate	package=INTEGRATED BILLING (IB)	auto
356.7	P	H-14	moderate	package=INTEGRATED BILLING (IB)	auto
356.8	P	H-14	moderate	package=INTEGRATED BILLING (IB)	auto
356.85	P	H-10	high	global=	auto
356.9	P	H-10	high	global=	auto
356.91	P	H-10	high	global=	auto
356.93	P	H-10	high	global=	auto
356.94	I	H-09	low	has ptr to file 200 (staff/provider); no ptr to file 2 or 4	auto
357	P	H-14	moderate	package=INTEGRATED BILLING (IB)	auto
357.02	P	H-05	certain	inherits from 357	auto
357.03	P	H-05	certain	inherits from 357	auto
357.08	P	H-14	moderate	package=AUTOMATED INFO COLLECTION SYS (IBD)	auto
357.09	P	H-14	moderate	package=AUTOMATED INFO COLLECTION SYS (IBD)	auto
357.091	P	H-05	certain	inherits from 357.09	auto
357.1	P	H-14	moderate	package=INTEGRATED BILLING (IB)	auto
357.11	P	H-05	certain	inherits from 357.1	auto
357.12	P	H-05	certain	inherits from 357.1	auto
357.13	P	H-05	certain	inherits from 357.1	auto
357.14	P	H-05	certain	inherits from 357.1	auto
357.2	P	H-14	moderate	package=INTEGRATED BILLING (IB)	auto
357.21	P	H-05	certain	inherits from 357.2	auto
357.22	P	H-05	certain	inherits from 357.2	auto
357.3	I	H-09	low	has ptr to file 200 (staff/provider); no ptr to file 2 or 4	auto
357.31	I	H-05	certain	inherits from 357.3	auto
357.33	I	H-05	certain	inherits from 357.3	auto
357.4	P	H-14	moderate	package=INTEGRATED BILLING (IB)	auto
357.5	P	H-14	moderate	package=INTEGRATED BILLING (IB)	auto
357.52	P	H-05	certain	inherits from 357.5	auto
357.6	P	H-14	moderate	package=INTEGRATED BILLING (IB)	auto
357.61	P	H-05	certain	inherits from 357.6	auto
357.613	P	H-05	certain	inherits from 357.6	auto
357.615	P	H-05	certain	inherits from 357.6	auto
357.66	P	H-05	certain	inherits from 357.6	auto
357.67	P	H-05	certain	inherits from 357.6	auto
357.69	P	H-14	moderate	package=INTEGRATED BILLING (IB)	auto
357.7	P	H-14	moderate	package=INTEGRATED BILLING (IB)	auto
357.8	P	H-14	moderate	package=INTEGRATED BILLING (IB)	auto
357.81	P	H-05	certain	inherits from 357.8	auto
357.91	P	H-14	moderate	package=INTEGRATED BILLING (IB)	auto
357.92	P	H-14	moderate	package=INTEGRATED BILLING (IB)	auto
357.93	P	H-14	moderate	package=INTEGRATED BILLING (IB)	auto
357.931	P	H-05	certain	inherits from 357.93	auto
357.94	P	H-14	moderate	package=INTEGRATED BILLING (IB)	auto
357.95	P	H-14	moderate	package=AUTOMATED INFO COLLECTION SYS (IBD)	auto
357.9501	P	H-05	certain	inherits from 357.95	auto
357.951	P	H-05	certain	inherits from 357.95	auto
357.9511	P	H-05	certain	inherits from 357.95	auto
357.952	P	H-05	certain	inherits from 357.95	auto
357.953	P	H-05	certain	inherits from 357.95	auto
357.96	P	H-06	high	field=.02 PATIENT points to file 2	auto
357.9601	P	H-05	certain	inherits from 357.96	auto
357.961	P	H-05	certain	inherits from 357.96	auto
357.962	P	H-05	certain	inherits from 357.96	auto
357.963	P	H-05	certain	inherits from 357.96	auto
357.969	P	H-05	certain	inherits from 357.96	auto
357.97	P	H-14	moderate	package=AUTOMATED INFO COLLECTION SYS (IBD)	auto
357.98	P	H-14	moderate	package=AUTOMATED INFO COLLECTION SYS (IBD)	auto
357.99	P	H-14	moderate	package=AUTOMATED INFO COLLECTION SYS (IBD)	auto
357.9901	P	H-05	certain	inherits from 357.99	auto
357.9911	P	H-05	certain	inherits from 357.99	auto
358	P	H-14	moderate	package=INTEGRATED BILLING (IB)	auto
358.01	P	H-05	certain	inherits from 358	auto
358.02	P	H-05	certain	inherits from 358	auto
358.1	P	H-14	moderate	package=INTEGRATED BILLING (IB)	auto
358.11	P	H-05	certain	inherits from 358.1	auto
358.2	P	H-14	moderate	package=INTEGRATED BILLING (IB)	auto
358.21	P	H-05	certain	inherits from 358.2	auto
358.22	P	H-05	certain	inherits from 358.2	auto
358.3	P	H-14	moderate	package=INTEGRATED BILLING (IB)	auto
358.31	P	H-05	certain	inherits from 358.3	auto
358.33	P	H-05	certain	inherits from 358.3	auto
358.4	P	H-14	moderate	package=INTEGRATED BILLING (IB)	auto
358.5	P	H-14	moderate	package=INTEGRATED BILLING (IB)	auto
358.52	P	H-05	certain	inherits from 358.5	auto
358.6	P	H-14	moderate	package=INTEGRATED BILLING (IB)	auto
358.61	P	H-05	certain	inherits from 358.6	auto
358.613	P	H-05	certain	inherits from 358.6	auto
358.615	P	H-05	certain	inherits from 358.6	auto
358.66	P	H-05	certain	inherits from 358.6	auto
358.67	P	H-05	certain	inherits from 358.6	auto
358.7	P	H-14	moderate	package=INTEGRATED BILLING (IB)	auto
358.8	P	H-14	moderate	package=INTEGRATED BILLING (IB)	auto
358.81	P	H-05	certain	inherits from 358.8	auto
358.91	P	H-14	moderate	package=INTEGRATED BILLING (IB)	auto
358.93	P	H-14	moderate	package=INTEGRATED BILLING (IB)	auto
358.931	P	H-05	certain	inherits from 358.93	auto
358.94	P	H-14	moderate	package=INTEGRATED BILLING (IB)	auto
358.98	P	H-14	moderate	package=AUTOMATED INFO COLLECTION SYS (IBD)	auto
358.99	P	H-14	moderate	package=INTEGRATED BILLING (IB)	auto
359	P	H-14	moderate	package=AUTOMATED INFO COLLECTION SYS (IBD)	auto
359.01	P	H-05	certain	inherits from 359	auto
359.1	P	H-14	moderate	package=INTEGRATED BILLING (IB)	auto
359.2	P	H-14	moderate	package=AUTOMATED INFO COLLECTION SYS (IBD)	auto
359.21	P	H-05	certain	inherits from 359.2	auto
359.3	P	H-06	high	field=.02 PATIENT points to file 2	auto
359.31	P	H-05	certain	inherits from 359.3	auto
359.94	P	H-14	moderate	package=INTEGRATED BILLING (IB)	auto
36	S	H-13	high	global=	auto
36.011	S	H-05	certain	inherits from 36	auto
36.013	S	H-05	certain	inherits from 36	auto
36.015	S	H-05	certain	inherits from 36	auto
36.016	S	H-05	certain	inherits from 36	auto
36.017	S	H-05	certain	inherits from 36	auto
36.03	S	H-05	certain	inherits from 36	auto
360	P	H-06	high	field=.02 PATIENT points to file 2	auto
360.04	P	H-05	certain	inherits from 360	auto
361	P	H-14	moderate	package=INTEGRATED BILLING (IB)	auto
361.01	P	H-05	certain	inherits from 361	auto
361.02	P	H-05	certain	inherits from 361	auto
361.03	P	H-05	certain	inherits from 361.02	auto
361.04	P	H-05	certain	inherits from 361	auto
361.1	I	H-09	low	has ptr to file 200 (staff/provider); no ptr to file 2 or 4	auto
361.11	I	H-05	certain	inherits from 361.1	auto
361.1101	I	H-05	certain	inherits from 361.1	auto
361.11016	I	H-05	certain	inherits from 361.1101	auto
361.111	I	H-05	certain	inherits from 361.11	auto
361.115	I	H-05	certain	inherits from 361.1	auto
361.1151	I	H-05	certain	inherits from 361.115	auto
361.11511	I	H-05	certain	inherits from 361.1151	auto
361.11512	I	H-05	certain	inherits from 361.1151	auto
361.1152	I	H-05	certain	inherits from 361.115	auto
361.1154	I	H-05	certain	inherits from 361.115	auto
361.1156	I	H-05	certain	inherits from 361.115	auto
361.1157	I	H-05	certain	inherits from 361.115	auto
361.12	I	H-05	certain	inherits from 361.1	auto
361.121	I	H-05	certain	inherits from 361.1	auto
361.1211	I	H-05	certain	inherits from 361.121	auto
361.18	I	H-05	certain	inherits from 361.1	auto
361.2	P	H-14	moderate	package=INTEGRATED BILLING (IB)	auto
361.3	I	H-09	low	has ptr to file 200 (staff/provider); no ptr to file 2 or 4	auto
361.4	P	H-14	moderate	package=INTEGRATED BILLING (IB)	auto
361.41	P	H-05	certain	inherits from 361.4	auto
361.42	P	H-05	certain	inherits from 361.4	auto
361.421	P	H-05	certain	inherits from 361.42	auto
362.1	P	H-10	high	global=	auto
362.111	P	H-05	certain	inherits from 362.1	auto
362.3	P	H-10	high	global=	auto
362.4	P	H-10	high	global=	auto
362.5	P	H-10	high	global=	auto
363	P	H-14	moderate	package=INTEGRATED BILLING (IB)	auto
363.0011	P	H-05	certain	inherits from 363	auto
363.1	P	H-14	moderate	package=INTEGRATED BILLING (IB)	auto
363.2	P	H-10	high	global=	auto
363.21	P	H-10	high	global=	auto
363.3	P	H-14	moderate	package=INTEGRATED BILLING (IB)	auto
363.31	P	H-14	moderate	package=INTEGRATED BILLING (IB)	auto
363.3111	P	H-05	certain	inherits from 363.31	auto
363.3121	I	H-08	high	has ptr to file 4; no ptr to file 2	auto
363.32	P	H-14	moderate	package=INTEGRATED BILLING (IB)	auto
363.3211	P	H-05	certain	inherits from 363.32	auto
363.33	P	H-14	moderate	package=INTEGRATED BILLING (IB)	auto
363.34	P	H-14	moderate	package=INTEGRATED BILLING (IB)	auto
363.3411	P	H-05	certain	inherits from 363.34	auto
364	P	H-10	high	global=	auto
364.1	I	H-09	low	has ptr to file 200 (staff/provider); no ptr to file 2 or 4	auto
364.2	P	H-06	high	field=.07 PATIENT points to file 2	auto
364.21	P	H-05	certain	inherits from 364.2	auto
364.3	P	H-14	moderate	package=INTEGRATED BILLING (IB)	auto
364.4	I	H-09	low	has ptr to file 200 (staff/provider); no ptr to file 2 or 4	auto
364.41	I	H-05	certain	inherits from 364.4	auto
364.42	I	H-05	certain	inherits from 364.4	auto
364.43	I	H-05	certain	inherits from 364.4	auto
364.44	I	H-05	certain	inherits from 364.4	auto
364.5	P	H-10	high	global=	auto
364.53	P	H-05	certain	inherits from 364.5	auto
364.6	P	H-10	high	global=	auto
364.7	P	H-10	high	global=	auto
364.73	P	H-05	certain	inherits from 364.7	auto
364.8	P	H-10	high	global=	auto
365	P	H-06	high	field=.02 PATIENT points to file 2	auto
365.01	P	H-05	certain	inherits from 365	auto
365.011	P	H-14	moderate	package=INTEGRATED BILLING (IB)	auto
365.012	P	H-14	moderate	package=INTEGRATED BILLING (IB)	auto
365.013	P	H-14	moderate	package=INTEGRATED BILLING (IB)	auto
365.014	P	H-14	moderate	package=INTEGRATED BILLING (IB)	auto
365.015	P	H-14	moderate	package=INTEGRATED BILLING (IB)	auto
365.016	P	H-14	moderate	package=INTEGRATED BILLING (IB)	auto
365.017	P	H-14	moderate	package=INTEGRATED BILLING (IB)	auto
365.018	P	H-14	moderate	package=INTEGRATED BILLING (IB)	auto
365.02	P	H-05	certain	inherits from 365	auto
365.021	P	H-14	moderate	package=INTEGRATED BILLING (IB)	auto
365.022	P	H-14	moderate	package=INTEGRATED BILLING (IB)	auto
365.023	P	H-14	moderate	package=INTEGRATED BILLING (IB)	auto
365.024	P	H-14	moderate	package=INTEGRATED BILLING (IB)	auto
365.025	P	H-14	moderate	package=INTEGRATED BILLING (IB)	auto
365.026	P	H-14	moderate	package=INTEGRATED BILLING (IB)	auto
365.027	P	H-14	moderate	package=INTEGRATED BILLING (IB)	auto
365.028	P	H-14	moderate	package=INTEGRATED BILLING (IB)	auto
365.029	P	H-14	moderate	package=INTEGRATED BILLING (IB)	auto
365.03	P	H-05	certain	inherits from 365	auto
365.031	P	H-14	moderate	package=INTEGRATED BILLING (IB)	auto
365.032	P	H-14	moderate	package=INTEGRATED BILLING (IB)	auto
365.033	P	H-14	moderate	package=INTEGRATED BILLING (IB)	auto
365.034	P	H-14	moderate	package=INTEGRATED BILLING (IB)	auto
365.035	P	H-14	moderate	package=INTEGRATED BILLING (IB)	auto
365.036	P	H-14	moderate	package=INTEGRATED BILLING (IB)	auto
365.037	P	H-14	moderate	package=INTEGRATED BILLING (IB)	auto
365.038	P	H-14	moderate	package=INTEGRATED BILLING (IB)	auto
365.039	P	H-14	moderate	package=INTEGRATED BILLING (IB)	auto
365.04	P	H-05	certain	inherits from 365	auto
365.041	P	H-14	moderate	package=INTEGRATED BILLING (IB)	auto
365.042	P	H-14	moderate	package=INTEGRATED BILLING (IB)	auto
365.043	P	H-14	moderate	package=INTEGRATED BILLING (IB)	auto
365.044	P	H-14	moderate	package=INTEGRATED BILLING (IB)	auto
365.045	P	H-14	moderate	package=INTEGRATED BILLING (IB)	auto
365.046	P	H-14	moderate	package=INTEGRATED BILLING (IB)	auto
365.06	P	H-05	certain	inherits from 365	auto
365.061	P	H-05	certain	inherits from 365.06	auto
365.07	P	H-05	certain	inherits from 365	auto
365.09	P	H-05	certain	inherits from 365	auto
365.1	P	H-06	high	field=.02 PATIENT points to file 2	auto
365.11	I	H-09	low	has ptr to file 200 (staff/provider); no ptr to file 2 or 4	auto
365.12	P	H-14	moderate	package=INTEGRATED BILLING (IB)	auto
365.121	P	H-05	certain	inherits from 365.12	auto
365.1212	P	H-05	certain	inherits from 365.121	auto
365.1213	P	H-05	certain	inherits from 365.121	auto
365.13	P	H-14	moderate	package=INTEGRATED BILLING (IB)	auto
365.14	P	H-14	moderate	package=INTEGRATED BILLING (IB)	auto
365.15	P	H-14	moderate	package=INTEGRATED BILLING (IB)	auto
365.151	P	H-05	certain	inherits from 365.15	auto
365.152	P	H-05	certain	inherits from 365.15	auto
365.16	P	H-05	certain	inherits from 365.1	auto
365.17	P	H-05	certain	inherits from 365.15	auto
365.18	P	H-06	high	field=.05 EICD PATIENT points to file 2	auto
365.185	P	H-05	certain	inherits from 365.18	auto
365.19	P	H-06	high	field=.01 PATIENT NAME points to file 2	auto
365.191	I	H-08	high	has ptr to file 4; no ptr to file 2	auto
365.192	I	H-08	high	has ptr to file 4; no ptr to file 2	auto
365.2	P	H-14	moderate	package=INTEGRATED BILLING (IB)	auto
365.21	P	H-05	certain	inherits from 365.2	auto
365.211	P	H-05	certain	inherits from 365.21	auto
365.22	P	H-05	certain	inherits from 365.02	auto
365.26	P	H-05	certain	inherits from 365.02	auto
365.27	P	H-05	certain	inherits from 365.02	auto
365.28	P	H-05	certain	inherits from 365.02	auto
365.29	P	H-05	certain	inherits from 365.02	auto
365.291	P	H-05	certain	inherits from 365.02	auto
365.292	P	H-05	certain	inherits from 365.02	auto
365.3	P	H-06	high	field=.01 PATIENT NAME points to file 2	auto
366.01	P	H-14	moderate	package=INTEGRATED BILLING (IB)	auto
366.012	P	H-05	certain	inherits from 366.01	auto
366.013	P	H-05	certain	inherits from 366.01	auto
366.02	P	H-14	moderate	package=INTEGRATED BILLING (IB)	auto
366.022	P	H-05	certain	inherits from 366.02	auto
366.023	P	H-05	certain	inherits from 366.02	auto
366.03	P	H-14	moderate	package=INTEGRATED BILLING (IB)	auto
366.0312	P	H-05	certain	inherits from 366.03	auto
366.032	P	H-05	certain	inherits from 366.03	auto
366.033	P	H-05	certain	inherits from 366.03	auto
366.11	P	H-14	moderate	package=INTEGRATED BILLING (IB)	auto
366.12	P	H-14	moderate	package=INTEGRATED BILLING (IB)	auto
366.13	P	H-14	moderate	package=INTEGRATED BILLING (IB)	auto
366.14	P	H-14	moderate	package=INTEGRATED BILLING (IB)	auto
366.141	P	H-06	high	field=.14 PATIENT IN IBD points to file 2	auto
366.1412	P	H-05	certain	inherits from 366.141	auto
366.15	P	H-14	moderate	package=INTEGRATED BILLING (IB)	auto
366.17	P	H-14	moderate	package=INTEGRATED BILLING (IB)	auto
367	P	H-14	moderate	package=INTEGRATED BILLING (IB)	auto
367.01	P	H-05	certain	inherits from 367	auto
367.1	P	H-14	moderate	package=INTEGRATED BILLING (IB)	auto
367.11	P	H-14	moderate	package=INTEGRATED BILLING (IB)	auto
367.12	P	H-05	certain	inherits from 367.1	auto
368	P	H-06	high	field=109.01 PATIENT NAME [D] points to file 2	auto
368.001	P	H-14	moderate	package=INTEGRATED BILLING (IB)	auto
368.002	P	H-14	moderate	package=INTEGRATED BILLING (IB)	auto
368.0113	P	H-05	certain	inherits from 368	auto
368.0121	P	H-05	certain	inherits from 368	auto
368.013	P	H-05	certain	inherits from 368	auto
368.0201	P	H-05	certain	inherits from 368	auto
368.021	P	H-05	certain	inherits from 368	auto
368.0301	P	H-05	certain	inherits from 368.0201	auto
368.12199	P	H-05	certain	inherits from 368.0121	auto
368.2199	P	H-05	certain	inherits from 368.021	auto
37	S	H-13	high	global=	auto
37.01	S	H-05	certain	inherits from 37	auto
372	I	H-08	high	has ptr to file 4; no ptr to file 2	auto
372.01	I	H-05	certain	inherits from 372	auto
372.011	I	H-05	certain	inherits from 372	auto
373	P	H-06	high	field=.03 PATIENT points to file 2	auto
373.04	P	H-05	certain	inherits from 373	auto
373.05	P	H-05	certain	inherits from 373	auto
375	P	H-06	high	field=.03 PATIENT points to file 2	auto
375.04	P	H-05	certain	inherits from 375	auto
375.05	P	H-05	certain	inherits from 375	auto
375.099	P	H-05	certain	inherits from 375	auto
38.1	P	H-06	high	field=.01 PATIENT NAME points to file 2	auto
38.11	P	H-05	certain	inherits from 38.1	auto
38.5	P	H-06	high	field=.01 NAME points to file 2	auto
38.51	P	H-05	certain	inherits from 38.5	auto
38.6	P	H-14	moderate	package=REGISTRATION (DG)	auto
38.61	P	H-05	certain	inherits from 38.6	auto
389.9	I	H-08	high	has ptr to file 4; no ptr to file 2	auto
39.1	S	H-13	high	global=	auto
39.11	S	H-05	certain	inherits from 39.1	auto
39.12	S	H-05	certain	inherits from 39.11	auto
39.13	P	H-06	high	field=.01 CARDS IN HOLD points to file 2	auto
39.14	P	H-05	certain	inherits from 39.13	auto
39.2	S	H-13	high	global=	auto
39.3	S	H-13	high	global=	auto
39.31	S	H-05	certain	inherits from 39.3	auto
39.4	P	H-06	high	field=.03 PATIENT points to file 2	auto
390	P	H-06	high	field=2 PATIENT points to file 2	auto
390.01	P	H-14	moderate	package=REGISTRATION (DG)	auto
390.02	P	H-14	moderate	package=REGISTRATION (DG)	auto
390.03	P	H-14	moderate	package=REGISTRATION (DG)	auto
390.04	P	H-14	moderate	package=REGISTRATION (DG)	auto
390.1	S	H-17	moderate	package=TOOLKIT (XT)	auto
390.12	P	H-05	certain	inherits from 390.01	auto
390.2	S	H-17	moderate	package=TOOLKIT (XT)	auto
390.21	P	H-05	certain	inherits from 390.02	auto
390.23	P	H-05	certain	inherits from 390.02	auto
391	I	H-11	high	global=	auto
391.1	I	H-11	high	global=	auto
391.11	I	H-05	certain	inherits from 391.1	auto
391.12	I	H-05	certain	inherits from 391.11	auto
391.23	P	H-14	moderate	package=REGISTRATION (DG)	auto
391.31	P	H-06	high	field=1 PATIENT points to file 2	auto
391.317	P	H-05	certain	inherits from 391.31	auto
391.71	P	H-06	high	field=.03 PATIENT points to file 2	auto
391.72	P	manual-package	moderate	prefix=VAT batch triage	triage
391.721	P	inherited-parent	moderate	inherits from 391.72	inherited
391.91	P	H-06	high	field=.01 PATIENT points to file 2	auto
391.919	I	H-08	high	has ptr to file 4; no ptr to file 2	auto
391.92	I	H-08	high	has ptr to file 4; no ptr to file 2	auto
391.98	P	H-06	high	field=.01 PATIENT points to file 2	auto
391.984	P	H-14	moderate	package=REGISTRATION (DG)	auto
391.99	P	H-14	moderate	package=REGISTRATION (DG)	auto
392	P	H-06	high	field=2 NAME points to file 2	auto
392.1	I	H-15	moderate	package=BENEFICIARY TRAVEL (DGBT)	auto
392.1001	I	H-05	certain	inherits from 392.1	auto
392.2	P	H-06	high	field=2 NAME points to file 2	auto
392.3	I	H-15	moderate	package=BENEFICIARY TRAVEL (DGBT)	auto
392.31	I	H-15	moderate	package=BENEFICIARY TRAVEL (DGBT)	auto
392.4	I	H-15	moderate	package=BENEFICIARY TRAVEL (DGBT)	auto
392.41	I	H-15	moderate	package=BENEFICIARY TRAVEL (DGBT)	auto
392.42	I	H-15	moderate	package=BENEFICIARY TRAVEL (DGBT)	auto
392.43	I	H-15	moderate	package=BENEFICIARY TRAVEL (DGBT)	auto
392.51	I	H-09	low	has ptr to file 200 (staff/provider); no ptr to file 2 or 4	auto
392.6	I	H-15	moderate	package=BENEFICIARY TRAVEL (DGBT)	auto
392.61	I	H-05	certain	inherits from 392.6	auto
392.62	I	H-05	certain	inherits from 392.6	auto
392.63	I	H-05	certain	inherits from 392.6	auto
392.64	I	H-05	certain	inherits from 392.6	auto
392.7	P	H-06	high	field=2 PATIENT NAME points to file 2	auto
392.8	I	H-15	moderate	package=BENEFICIARY TRAVEL (DGBT)	auto
392.81	I	H-05	certain	inherits from 392.8	auto
392.9	P	H-06	high	field=.01 BT PATIENT points to file 2	auto
392.91	P	H-05	certain	inherits from 392.9	auto
393	P	H-06	high	field=.01 PATIENT points to file 2	auto
393.1	I	H-11	high	global=	auto
393.2	I	H-11	high	global=	auto
393.3	K	H-20	low	name contains K-pattern	auto
393.41	K	H-20	low	name contains K-pattern	auto
394	P	H-06	high	field=8 PATIENT POINTER points to file 2	auto
394.1	P	manual-package	moderate	prefix=VAT batch triage	triage
394.11	P	inherited-parent	moderate	inherits from 394.1	inherited
394.12	P	inherited-parent	moderate	inherits from 394.1	inherited
394.13	P	inherited-parent	moderate	inherits from 394.1	inherited
394.14	S	H-21	low	name contains S-pattern	auto
394.15	P	inherited-parent	moderate	inherits from 394.1	inherited
394.16	P	inherited-parent	moderate	inherits from 394.1	inherited
394.17	P	inherited-parent	moderate	inherits from 394.1	inherited
394.2	I	H-08	high	has ptr to file 4; no ptr to file 2	auto
394.26	I	H-08	high	has ptr to file 4; no ptr to file 2	auto
394.3	P	manual-package	moderate	prefix=VAT batch triage	triage
394.4	P	H-06	high	field=5 PATIENT POINTER points to file 2	auto
394.61	P	H-06	high	field=.03 Patient Ptr points to file 2	auto
394.611	P	H-05	certain	inherits from 394.61	auto
394.6171	P	H-05	certain	inherits from 394.61	auto
394.618	P	H-05	certain	inherits from 394.61	auto
394.62	P	H-36	moderate	2/2 targets classified P	auto
394.625	P	H-05	certain	inherits(prop) from 394.62	auto
394.71	P	manual-package	moderate	prefix=VAT batch triage	triage
394.72	P	manual-package	moderate	prefix=VAT batch triage	triage
394.73	S	H-39	moderate	orphan: 0 ptrs in, 0 ptrs out	auto
394.81	I	H-08	high	has ptr to file 4; no ptr to file 2	auto
394.82	I	H-08	high	has ptr to file 4; no ptr to file 2	auto
394.83	I	H-09	low	has ptr to file 200 (staff/provider); no ptr to file 2 or 4	auto
394.831	I	H-08	high	has ptr to file 4; no ptr to file 2	auto
394.84	I	H-09	low	has ptr to file 200 (staff/provider); no ptr to file 2 or 4	auto
394.841	I	H-05	certain	inherits from 394.84	auto
394.85	P	manual-package	moderate	prefix=VAT batch triage	triage
394.86	S	H-39	moderate	orphan: 0 ptrs in, 0 ptrs out	auto
394.87	P	H-06	high	field=10 Patient Ptr points to file 2	auto
394.873	P	H-05	certain	inherits from 394.87	auto
394.88	P	manual-package	moderate	prefix=VAT batch triage	triage
394.881	P	inherited-parent	moderate	inherits from 394.88	inherited
395	P	H-10	high	global=	auto
395.015	P	H-05	certain	inherits from 395	auto
395.1	P	H-10	high	global=	auto
395.2	P	H-10	high	global=	auto
395.3	P	H-10	high	global=	auto
395.4	P	H-10	high	global=	auto
395.5	P	H-06	high	field=.01 NAME points to file 2	auto
395.51	P	H-05	certain	inherits from 395.5	auto
395.512	P	H-05	certain	inherits from 395.5	auto
395.7	P	H-06	high	field=.01 PATIENT points to file 2	auto
396	P	H-06	high	field=.01 PATIENT NAME points to file 2	auto
396.01	P	H-05	certain	inherits from 396	auto
396.02	P	H-05	certain	inherits from 396	auto
396.1	P	H-10	high	global=	auto
396.115	P	H-05	certain	inherits from 396.1	auto
396.12	I	H-08	high	has ptr to file 4; no ptr to file 2	auto
396.13	P	H-05	certain	inherits from 396.1	auto
396.14	P	H-05	certain	inherits from 396.1	auto
396.15	P	H-10	high	global=	auto
396.151	I	H-08	high	has ptr to file 4; no ptr to file 2	auto
396.1511	I	H-05	certain	inherits from 396.151	auto
396.1514	I	H-05	certain	inherits from 396.151	auto
396.15141	I	H-05	certain	inherits from 396.1514	auto
396.153	P	H-05	certain	inherits from 396.15	auto
396.17	P	H-06	high	field=.01 NAME points to file 2	auto
396.1714	P	H-05	certain	inherits from 396.17	auto
396.17144	P	H-05	certain	inherits from 396.1714	auto
396.1715	P	H-05	certain	inherits from 396.17	auto
396.17153	P	H-05	certain	inherits from 396.1715	auto
396.1718	P	H-05	certain	inherits from 396.17	auto
396.1726	P	H-05	certain	inherits from 396.17	auto
396.1727	P	H-05	certain	inherits from 396.17	auto
396.176	P	H-05	certain	inherits from 396.17	auto
396.178	P	H-05	certain	inherits from 396.17	auto
396.18	P	H-10	high	global=	auto
396.181	P	H-05	certain	inherits from 396.18	auto
396.1827	P	H-05	certain	inherits from 396.1727	auto
396.184	P	H-05	certain	inherits from 396.18	auto
396.19	P	H-05	certain	inherits from 396.17	auto
396.191	P	H-05	certain	inherits from 396.19	auto
396.1926	P	H-05	certain	inherits from 396.1726	auto
396.193	P	H-05	certain	inherits from 396.19	auto
396.195	P	H-10	high	global=	auto
396.2	P	H-06	high	field=.01 NAME points to file 2	auto
396.2026	P	H-05	certain	inherits from 396.1726	auto
396.21	P	H-06	high	field=.03 PATIENT points to file 2	auto
396.212	P	H-05	certain	inherits from 396.21	auto
396.2126	P	H-05	certain	inherits from 396.1726	auto
396.25	P	H-10	high	global=	auto
396.27	P	H-10	high	global=	auto
396.3	P	H-06	high	field=.01 NAME points to file 2	auto
396.31	P	H-05	certain	inherits from 396.3	auto
396.32	P	H-05	certain	inherits from 396.3	auto
396.323	P	H-05	certain	inherits from 396.3	auto
396.327	I	H-08	high	has ptr to file 4; no ptr to file 2	auto
396.3277	I	H-05	certain	inherits from 396.327	auto
396.33	P	H-10	high	global=	auto
396.34	P	H-05	certain	inherits from 396.3	auto
396.341	P	H-05	certain	inherits from 396.34	auto
396.4	I	H-08	high	has ptr to file 4; no ptr to file 2	auto
396.41	I	H-05	certain	inherits from 396.4	auto
396.4103	I	H-05	certain	inherits from 396.4	auto
396.42	I	H-05	certain	inherits from 396.4	auto
396.45	P	H-10	high	global=	auto
396.453	I	H-05	certain	inherits from 396.4	auto
396.471	I	H-05	certain	inherits from 396.4	auto
396.472	I	H-05	certain	inherits from 396.4	auto
396.5	P	H-10	high	global=	auto
396.55	P	H-10	high	global=	auto
396.6	P	H-10	high	global=	auto
396.61	P	H-05	certain	inherits from 396.6	auto
396.7	P	H-10	high	global=	auto
396.701	P	H-05	certain	inherits from 396.7	auto
396.9	P	H-06	high	field=4 PATIENT points to file 2	auto
396.912	P	H-05	certain	inherits from 396.9	auto
396.914	P	H-05	certain	inherits from 396.9	auto
396.918	P	H-10	high	global=	auto
396.94	P	H-10	high	global=	auto
396.95	P	H-10	high	global=	auto
399	P	H-06	high	field=.02 PATIENT NAME points to file 2	auto
399.0222	P	H-05	certain	inherits from 399	auto
399.0292	P	H-05	certain	inherits from 399	auto
399.0304	P	H-05	certain	inherits from 399	auto
399.04	P	H-05	certain	inherits from 399	auto
399.0404	P	H-05	certain	inherits from 399.0304	auto
399.041	P	H-05	certain	inherits from 399	auto
399.042	P	H-05	certain	inherits from 399	auto
399.043	P	H-05	certain	inherits from 399	auto
399.044	P	H-05	certain	inherits from 399	auto
399.045	P	H-05	certain	inherits from 399	auto
399.046	P	H-05	certain	inherits from 399	auto
399.047	P	H-05	certain	inherits from 399	auto
399.048	P	H-05	certain	inherits from 399	auto
399.077	P	H-05	certain	inherits from 399	auto
399.0771	P	H-05	certain	inherits from 399.077	auto
399.078	P	H-05	certain	inherits from 399	auto
399.0781	P	H-05	certain	inherits from 399.078	auto
399.096	P	H-05	certain	inherits from 399	auto
399.1	P	H-36	moderate	3/3 targets classified P	auto
399.11	K	H-20	low	name contains K-pattern	auto
399.2	K	H-18	moderate	ptr_in=12 ptr_out=0	auto
399.3	K	H-20	low	name contains K-pattern	auto
399.30416	P	H-05	certain	inherits from 399.0304	auto
399.30491	P	H-05	certain	inherits from 399.0304	auto
399.4	P	manual	moderate	MCCR INCONSISTENT DATA — patient billing	triage
399.5	P	H-36	moderate	2/2 targets classified P	auto
399.6	P	H-14	moderate	package=INTEGRATED BILLING (IB)	auto
4	I	H-04	certain	file=4 INSTITUTION	auto
4.001	S	H-13	high	global=	auto
4.005	S	H-13	high	global=	auto
4.0051	S	H-05	certain	inherits from 4.005	auto
4.00511	S	H-05	certain	inherits from 4.0051	auto
4.009	S	H-13	high	global=	auto
4.00999	S	H-05	certain	inherits from 4.009	auto
4.011	S	H-05	certain	inherits from 4.001	auto
4.014	I	H-08	high	has ptr to file 4; no ptr to file 2	auto
4.03	I	H-05	certain	inherits from 4	auto
4.042	I	H-05	certain	inherits from 4	auto
4.043	I	H-05	certain	inherits from 4	auto
4.05	S	H-13	high	global=	auto
4.1	S	H-13	high	global=	auto
4.11	S	H-13	high	global=	auto
4.111	S	H-05	certain	inherits from 4.011	auto
4.2	I	H-08	high	has ptr to file 4; no ptr to file 2	auto
4.21	I	H-05	certain	inherits from 4.2	auto
4.22	I	H-05	certain	inherits from 4.21	auto
4.23	I	H-05	certain	inherits from 4.2	auto
4.24	I	H-05	certain	inherits from 4.2	auto
4.25	I	H-05	certain	inherits from 4.2	auto
4.281	S	H-39	moderate	orphan: 0 ptrs in, 0 ptrs out	auto
4.2812	S	H-05	certain	inherits(prop) from 4.281	auto
4.299	I	H-05	certain	inherits from 4.21	auto
4.2995	I	H-09	low	has ptr to file 200 (staff/provider); no ptr to file 2 or 4	auto
4.2996	S	H-13	high	global=	auto
4.29961	S	H-05	certain	inherits from 4.2996	auto
4.2997	S	H-17	moderate	package=MAILMAN (XM)	auto
4.2998	S	H-17	moderate	package=MAILMAN (XM)	auto
4.2999	I	H-08	high	has ptr to file 4; no ptr to file 2	auto
4.29991	I	H-05	certain	inherits from 4.2999	auto
4.29992	I	H-05	certain	inherits from 4.2999	auto
4.3	I	H-08	high	has ptr to file 4; no ptr to file 2	auto
4.302	I	H-05	certain	inherits from 4.3	auto
4.31	I	H-08	high	has ptr to file 4; no ptr to file 2	auto
4.32	I	H-05	certain	inherits from 4.3	auto
4.324	I	H-05	certain	inherits from 4.3	auto
4.33	I	H-05	certain	inherits from 4.3	auto
4.34	I	H-05	certain	inherits from 4.3	auto
4.341	I	H-05	certain	inherits from 4.3	auto
4.37	I	H-05	certain	inherits from 4.3	auto
4.4	S	H-13	high	global=	auto
4.5	S	H-13	high	global=	auto
4.501	S	H-17	moderate	package=MAILMAN (XM)	auto
4.51	S	H-05	certain	inherits from 4.5	auto
4.52	S	H-05	certain	inherits from 4.5	auto
4.53	S	H-05	certain	inherits from 4.52	auto
4.6	S	H-13	high	global=	auto
4.61	S	H-05	certain	inherits from 4.6	auto
4.62	S	H-05	certain	inherits from 4.6	auto
4.999	I	H-08	high	has ptr to file 4; no ptr to file 2	auto
4.9999	I	H-05	certain	inherits from 4	auto
40.1	P	H-06	high	field=.01 NAME points to file 2	auto
40.11	P	H-05	certain	inherits from 40.1	auto
40.15	P	H-06	high	field=.01 NAME points to file 2	auto
40.152	P	H-05	certain	inherits from 40.15	auto
40.16	P	H-05	certain	inherits from 40.15	auto
40.5	I	manual	moderate	HOLIDAY — institution reference data	triage
40.6	P	H-14	moderate	package=SCHEDULING (SD)	auto
40.7	S	H-13	high	global=	auto
40.8	I	H-08	high	has ptr to file 4; no ptr to file 2	auto
40.801	I	H-05	certain	inherits from 40.8	auto
40.802	I	H-05	certain	inherits from 40.8	auto
40.804	I	H-05	certain	inherits from 40.802	auto
40.805	I	H-05	certain	inherits from 40.802	auto
40.806	I	H-05	certain	inherits from 40.8	auto
40.807	I	H-05	certain	inherits from 40.806	auto
40.808	I	H-05	certain	inherits from 40.8	auto
40.9	S	H-13	high	global=	auto
401	I	H-15	moderate	package=IFCAP (PRC)	auto
403.12	S	H-39	moderate	orphan: 0 ptrs in, 0 ptrs out	auto
403.35	I	H-09	low	has ptr to file 200 (staff/provider); no ptr to file 2 or 4	auto
403.43	P	H-14	moderate	package=SCHEDULING (SD)	auto
403.435	P	H-05	certain	inherits from 403.43	auto
403.44	P	H-14	moderate	package=SCHEDULING (SD)	auto
403.445	P	H-05	certain	inherits from 403.44	auto
403.46	P	H-14	moderate	package=SCHEDULING (SD)	auto
403.46001	P	H-05	certain	inherits from 403.46	auto
403.462	P	H-05	certain	inherits from 403.46	auto
403.47	P	H-14	moderate	package=SCHEDULING (SD)	auto
403.47001	P	H-05	certain	inherits from 403.47	auto
403.5	P	H-06	high	field=.01 PATIENT NAME points to file 2	auto
403.51	P	H-14	moderate	package=SCHEDULING (SD)	auto
403.52	P	H-14	moderate	package=SCHEDULING (SD)	auto
403.521	P	H-05	certain	inherits from 403.52	auto
403.53	P	H-14	moderate	package=SCHEDULING (SD)	auto
403.54	I	H-09	low	has ptr to file 200 (staff/provider); no ptr to file 2 or 4	auto
403.55	P	H-14	moderate	package=SCHEDULING (SD)	auto
403.56	P	H-06	high	field=.01 PATIENT NAME points to file 2	auto
403.57	P	H-05	certain	inherits from 403.5	auto
403.58	P	H-05	certain	inherits from 403.56	auto
404.41	P	H-06	high	field=.01 PATIENT points to file 2	auto
404.411	P	H-05	certain	inherits from 404.41	auto
404.4125	P	H-05	certain	inherits from 404.41	auto
404.42	P	H-06	high	field=.01 PATIENT points to file 2	auto
404.421	P	H-05	certain	inherits from 404.42	auto
404.43	I	H-09	low	has ptr to file 200 (staff/provider); no ptr to file 2 or 4	auto
404.44	S	H-21	low	name contains S-pattern	auto
404.45	I	manual-package	moderate	prefix=SCT batch triage	triage
404.46	I	manual-package	moderate	prefix=SCT batch triage	triage
404.471	P	H-06	high	field=.02 PATIENT points to file 2	auto
404.47141	P	H-05	certain	inherits from 404.471	auto
404.47142	P	H-05	certain	inherits from 404.471	auto
404.472	K	H-20	low	name contains K-pattern	auto
404.48	P	H-06	high	field=.02 PATIENT points to file 2	auto
404.482	K	H-05	certain	inherits from 404.472	auto
404.49	I	manual	moderate	PCMM HL7 ID — team management	triage
404.51	I	H-08	high	has ptr to file 4; no ptr to file 2	auto
404.52	I	H-09	low	has ptr to file 200 (staff/provider); no ptr to file 2 or 4	auto
404.521	I	H-05	certain	inherits from 404.52	auto
404.525	I	H-05	certain	inherits from 404.51	auto
404.53	I	H-09	low	has ptr to file 200 (staff/provider); no ptr to file 2 or 4	auto
404.54	P	H-06	high	field=.01 PATIENT points to file 2	auto
404.56	I	manual-package	moderate	prefix=SCT batch triage	triage
404.57	I	manual-package	moderate	prefix=SCT batch triage	triage
404.571	I	inherited-parent	moderate	inherits from 404.57	inherited
404.575	I	H-22	low	name contains I-pattern	auto
404.58	I	manual-package	moderate	prefix=SCT batch triage	triage
404.59	I	manual-package	moderate	prefix=SCT batch triage	triage
404.61	K	H-20	low	name contains K-pattern	auto
404.91	P	H-14	moderate	package=SCHEDULING (SD)	auto
404.9101	P	H-05	certain	inherits from 404.91	auto
404.9102	I	H-08	high	has ptr to file 4; no ptr to file 2	auto
404.91021	I	H-05	certain	inherits from 404.9102	auto
404.91709	P	H-05	certain	inherits from 404.91	auto
404.9171	P	H-05	certain	inherits from 404.91	auto
404.92	P	H-14	moderate	package=SCHEDULING (SD)	auto
404.9201	P	H-05	certain	inherits from 404.92	auto
404.9202	P	H-05	certain	inherits from 404.92	auto
404.9203	P	H-05	certain	inherits from 404.92	auto
404.9204	P	H-05	certain	inherits from 404.92	auto
404.93	P	H-14	moderate	package=SCHEDULING (SD)	auto
404.9301	P	H-05	certain	inherits from 404.93	auto
404.94	P	H-14	moderate	package=SCHEDULING (SD)	auto
404.9401	P	H-05	certain	inherits from 404.94	auto
404.95	I	H-09	low	has ptr to file 200 (staff/provider); no ptr to file 2 or 4	auto
404.9501	I	H-05	certain	inherits from 404.95	auto
404.9502	I	H-05	certain	inherits from 404.95	auto
404.9503	I	H-05	certain	inherits from 404.95	auto
404.98	P	H-14	moderate	package=SCHEDULING (SD)	auto
404.9825	P	H-05	certain	inherits from 404.98	auto
404.985	P	H-05	certain	inherits from 404.98	auto
404.9875	P	H-05	certain	inherits from 404.98	auto
404.98755	P	H-05	certain	inherits from 404.9875	auto
405	P	H-06	high	field=.03 PATIENT points to file 2	auto
405.099	P	H-05	certain	inherits from 405	auto
405.1	I	H-11	high	global=	auto
405.11	I	H-05	certain	inherits from 405.1	auto
405.2	I	H-11	high	global=	auto
405.21	I	H-05	certain	inherits from 405.2	auto
405.3	I	H-11	high	global=	auto
405.4	I	H-11	high	global=	auto
405.41	I	H-05	certain	inherits from 405.4	auto
405.42	I	H-05	certain	inherits from 405.4	auto
405.5	I	H-11	high	global=	auto
405.6	I	H-11	high	global=	auto
406.41	I	H-11	high	global=	auto
407.5	S	H-13	high	global=	auto
407.52	S	H-05	certain	inherits from 407.5	auto
407.53	S	H-05	certain	inherits from 407.5	auto
407.6	S	H-13	high	global=	auto
407.7	S	H-39	moderate	orphan: 0 ptrs in, 0 ptrs out	auto
407.71	I	H-08	high	has ptr to file 4; no ptr to file 2	auto
408	I	H-08	high	has ptr to file 4; no ptr to file 2	auto
408.08	I	H-05	certain	inherits from 408	auto
408.11	I	H-11	high	global=	auto
408.12	P	H-06	high	field=.01 PATIENT points to file 2	auto
408.1275	P	H-05	certain	inherits from 408.12	auto
408.13	P	H-14	moderate	package=REGISTRATION (DG)	auto
408.21	I	H-09	low	has ptr to file 200 (staff/provider); no ptr to file 2 or 4	auto
408.22	P	H-06	high	field=.01 PATIENT points to file 2	auto
408.31	P	H-06	high	field=.02 PATIENT points to file 2	auto
408.311	P	H-05	certain	inherits from 408.31	auto
408.32	I	H-11	high	global=	auto
408.321	I	H-05	certain	inherits from 408.32	auto
408.3275	I	H-05	certain	inherits from 408.32	auto
408.33	I	H-11	high	global=	auto
408.34	I	H-11	high	global=	auto
408.341	I	H-05	certain	inherits from 408.34	auto
408.41	P	H-06	high	field=.04 PATIENT points to file 2	auto
408.42	I	H-11	high	global=	auto
408.43	I	H-11	high	global=	auto
409.1	P	H-14	moderate	package=SCHEDULING (SD)	auto
409.11	P	H-05	certain	inherits from 409.1	auto
409.2	P	H-14	moderate	package=SCHEDULING (SD)	auto
409.3	P	H-06	high	field=.01 PATIENT points to file 2	auto
409.31	P	H-14	moderate	package=SCHEDULING (SD)	auto
409.311	I	H-08	high	has ptr to file 4; no ptr to file 2	auto
409.32	I	H-08	high	has ptr to file 4; no ptr to file 2	auto
409.324	P	H-05	certain	inherits from 409.3	auto
409.33	P	H-05	certain	inherits from 409.3	auto
409.344	P	H-05	certain	inherits from 409.3	auto
409.345	P	H-05	certain	inherits from 409.3	auto
409.35	I	H-09	low	has ptr to file 200 (staff/provider); no ptr to file 2 or 4	auto
409.355	I	H-05	certain	inherits from 409.35	auto
409.36	P	H-14	moderate	package=SCHEDULING (SD)	auto
409.364	P	H-05	certain	inherits from 409.36	auto
409.39	P	H-06	high	field=.01 PATIENT points to file 2	auto
409.41	P	H-14	moderate	package=SCHEDULING (SD)	auto
409.415	P	H-05	certain	inherits from 409.41	auto
409.4175	P	H-05	certain	inherits from 409.41	auto
409.42	P	H-14	moderate	package=SCHEDULING (SD)	auto
409.43	P	H-14	moderate	package=SCHEDULING (SD)	auto
409.44	I	H-09	low	has ptr to file 200 (staff/provider); no ptr to file 2 or 4	auto
409.45	P	H-14	moderate	package=SCHEDULING (SD)	auto
409.4575	P	H-05	certain	inherits from 409.45	auto
409.48	P	H-06	high	field=.11 PATIENT points to file 2	auto
409.481	P	H-05	certain	inherits from 409.48	auto
409.5	P	H-06	high	field=2 PATIENT points to file 2	auto
409.51	P	H-05	certain	inherits from 409.5	auto
409.55	P	H-06	high	field=.02 PATIENT points to file 2	auto
409.6	P	H-14	moderate	package=SCHEDULING (SD)	auto
409.61	P	H-14	moderate	package=SCHEDULING (SD)	auto
409.62	P	H-14	moderate	package=SCHEDULING (SD)	auto
409.621	P	H-05	certain	inherits from 409.61	auto
409.63	P	H-14	moderate	package=SCHEDULING (SD)	auto
409.636	P	H-05	certain	inherits from 409.63	auto
409.64	P	H-14	moderate	package=SCHEDULING (SD)	auto
409.641	P	H-05	certain	inherits from 409.64	auto
409.65	I	H-09	low	has ptr to file 200 (staff/provider); no ptr to file 2 or 4	auto
409.66	P	H-14	moderate	package=SCHEDULING (SD)	auto
409.67	P	H-14	moderate	package=SCHEDULING (SD)	auto
409.671	P	H-05	certain	inherits from 409.67	auto
409.68	P	H-06	high	field=.02 PATIENT points to file 2	auto
409.69	P	H-06	high	field=.01 PATIENT points to file 2	auto
409.7	P	H-05	certain	inherits from 409.6	auto
409.73	I	H-09	low	has ptr to file 200 (staff/provider); no ptr to file 2 or 4	auto
409.74	P	H-06	high	field=.02 PATIENT points to file 2	auto
409.75	P	H-14	moderate	package=SCHEDULING (SD)	auto
409.76	P	H-14	moderate	package=SCHEDULING (SD)	auto
409.7621	P	H-05	certain	inherits from 409.76	auto
409.77	P	H-06	high	field=.03 PATIENT points to file 2	auto
409.81	P	H-14	moderate	package=SCHEDULING (SD)	auto
409.822	P	H-14	moderate	package=SCHEDULING (SD)	auto
409.823	P	H-14	moderate	package=SCHEDULING (SD)	auto
409.824	P	H-14	moderate	package=SCHEDULING (SD)	auto
409.831	I	H-09	low	has ptr to file 200 (staff/provider); no ptr to file 2 or 4	auto
409.8311	I	H-05	certain	inherits from 409.831	auto
409.8311201	I	H-05	certain	inherits from 409.831	auto
409.8311301	I	H-05	certain	inherits from 409.831	auto
409.8312001	I	H-05	certain	inherits from 409.831	auto
409.832	P	H-14	moderate	package=SCHEDULING (SD)	auto
409.8321	P	H-05	certain	inherits from 409.832	auto
409.833	I	H-09	low	has ptr to file 200 (staff/provider); no ptr to file 2 or 4	auto
409.834	P	H-14	moderate	package=SCHEDULING (SD)	auto
409.84	I	H-09	low	has ptr to file 200 (staff/provider); no ptr to file 2 or 4	auto
409.841	I	H-05	certain	inherits from 409.84	auto
409.842	P	H-14	moderate	package=SCHEDULING (SD)	auto
409.843	I	H-05	certain	inherits from 409.84	auto
409.845	P	H-06	high	field=.01 PATIENT points to file 2	auto
409.8451	P	H-05	certain	inherits from 409.845	auto
409.84516	P	H-05	certain	inherits from 409.8451	auto
409.846	I	H-05	certain	inherits from 409.84	auto
409.847	I	H-05	certain	inherits from 409.84	auto
409.85	P	H-06	high	field=.01 PATIENT points to file 2	auto
409.851	P	H-05	certain	inherits from 409.85	auto
409.852	P	H-05	certain	inherits from 409.85	auto
409.8527	P	H-05	certain	inherits from 409.85	auto
409.853	P	H-14	moderate	package=SCHEDULING (SD)	auto
409.854	P	H-05	certain	inherits from 409.85	auto
409.8544	P	H-05	certain	inherits from 409.85	auto
409.8545	P	H-05	certain	inherits from 409.85	auto
409.8548	P	H-05	certain	inherits from 409.85	auto
409.855	P	H-05	certain	inherits from 409.85	auto
409.86	P	H-06	high	field=.01 PATIENT points to file 2	auto
409.863	P	H-05	certain	inherits from 409.86	auto
409.87	P	H-06	high	field=.02 PATIENT points to file 2	auto
409.871	P	H-05	certain	inherits from 409.87	auto
409.88	P	H-14	moderate	package=SCHEDULING (SD)	auto
409.89	P	H-14	moderate	package=SCHEDULING (SD)	auto
409.91	I	H-09	low	has ptr to file 200 (staff/provider); no ptr to file 2 or 4	auto
409.916	I	H-05	certain	inherits from 409.91	auto
409.9161	I	H-05	certain	inherits from 409.916	auto
409.91614	I	H-05	certain	inherits from 409.9161	auto
409.917	I	H-05	certain	inherits from 409.91	auto
409.9171	I	H-05	certain	inherits from 409.917	auto
409.92	P	H-14	moderate	package=SCHEDULING (SD)	auto
409.93	P	H-14	moderate	package=SCHEDULING (SD)	auto
409.94	P	H-14	moderate	package=SCHEDULING (SD)	auto
409.95	P	H-14	moderate	package=SCHEDULING (SD)	auto
409.9501	P	H-05	certain	inherits from 409.95	auto
409.9502	P	H-05	certain	inherits from 409.95	auto
409.96	P	H-14	moderate	package=SCHEDULING (SD)	auto
409.961	P	H-05	certain	inherits from 409.96	auto
409.97	I	H-09	low	has ptr to file 200 (staff/provider); no ptr to file 2 or 4	auto
409.98	P	H-14	moderate	package=SCHEDULING (SD)	auto
409.981	P	H-05	certain	inherits from 409.98	auto
409.987	P	H-05	certain	inherits from 409.98	auto
41.1	P	H-06	high	field=.01 PATIENT points to file 2	auto
41.2	P	H-06	high	field=.01 PATIENT points to file 2	auto
41.21	P	H-05	certain	inherits from 41.2	auto
41.41	P	H-06	high	field=.01 PATIENT points to file 2	auto
41.42	P	H-06	high	field=.01 PATIENT points to file 2	auto
41.43	P	H-06	high	field=1 PATIENT NAME points to file 2	auto
41.434	P	H-05	certain	inherits from 41.43	auto
41.9	I	H-11	high	global=	auto
41.91	I	H-05	certain	inherits from 41.9	auto
410	I	H-09	low	has ptr to file 200 (staff/provider); no ptr to file 2 or 4	auto
410.01	I	H-05	certain	inherits from 410	auto
410.02	I	H-05	certain	inherits from 410	auto
410.03	I	H-05	certain	inherits from 410.02	auto
410.04	I	H-05	certain	inherits from 410	auto
410.05	I	H-05	certain	inherits from 410	auto
410.06	I	H-05	certain	inherits from 410	auto
410.061	I	H-05	certain	inherits from 410	auto
410.1	I	H-15	moderate	package=IFCAP (PRC)	auto
410.2	I	H-15	moderate	package=IFCAP (PRC)	auto
410.212	I	H-05	certain	inherits from 410.02	auto
410.3	I	H-15	moderate	package=IFCAP (PRC)	auto
410.31	I	H-05	certain	inherits from 410.3	auto
410.4	I	H-15	moderate	package=IFCAP (PRC)	auto
410.42	I	H-05	certain	inherits from 410.4	auto
410.5	I	H-15	moderate	package=IFCAP (PRC)	auto
410.6	I	H-15	moderate	package=IFCAP (PRC)	auto
410.7	I	H-15	moderate	package=IFCAP (PRC)	auto
410.8	I	H-15	moderate	package=IFCAP (PRC)	auto
410.9	I	H-15	moderate	package=IFCAP (PRC)	auto
411	I	H-08	high	has ptr to file 4; no ptr to file 2	auto
411.01	I	H-05	certain	inherits from 411	auto
411.02	I	H-05	certain	inherits from 411	auto
411.03	I	H-05	certain	inherits from 411	auto
411.04	I	H-05	certain	inherits from 411	auto
411.045	I	H-05	certain	inherits from 411	auto
411.05	I	H-05	certain	inherits from 411	auto
411.2	I	H-11	high	global=	auto
411.3	I	H-09	low	has ptr to file 200 (staff/provider); no ptr to file 2 or 4	auto
411.4	I	H-11	high	global=	auto
411.41	I	H-05	certain	inherits from 411.4	auto
411.5	I	H-11	high	global=	auto
413	I	H-09	low	has ptr to file 200 (staff/provider); no ptr to file 2 or 4	auto
413.01	I	H-05	certain	inherits from 413	auto
413.0101	I	H-05	certain	inherits from 413	auto
413.0102	I	H-05	certain	inherits from 413	auto
413.0103	I	H-05	certain	inherits from 413	auto
413.0104	I	H-05	certain	inherits from 413	auto
413.0105	I	H-05	certain	inherits from 413	auto
413.0117	I	H-05	certain	inherits from 413	auto
413.0118	I	H-05	certain	inherits from 413	auto
413.0119	I	H-05	certain	inherits from 413	auto
413.0121	I	H-05	certain	inherits from 413	auto
413.0123	I	H-05	certain	inherits from 413	auto
413.0124	I	H-05	certain	inherits from 413	auto
413.0125	I	H-05	certain	inherits from 413	auto
413.0126	I	H-05	certain	inherits from 413	auto
413.0127	I	H-05	certain	inherits from 413	auto
413.0128	I	H-05	certain	inherits from 413	auto
413.0129	I	H-05	certain	inherits from 413	auto
413.015	I	H-05	certain	inherits from 413	auto
413.028	I	H-05	certain	inherits from 413	auto
413.03	I	H-05	certain	inherits from 413	auto
413.046	I	H-05	certain	inherits from 413	auto
413.1	I	H-09	low	has ptr to file 200 (staff/provider); no ptr to file 2 or 4	auto
413.11	I	H-05	certain	inherits from 413.1	auto
413.111	I	H-05	certain	inherits from 413.1	auto
413.151	I	H-05	certain	inherits from 413.015	auto
413.1511	I	H-05	certain	inherits from 413.015	auto
413.2	I	H-09	low	has ptr to file 200 (staff/provider); no ptr to file 2 or 4	auto
413.23	I	H-05	certain	inherits from 413.2	auto
413.3	I	H-09	low	has ptr to file 200 (staff/provider); no ptr to file 2 or 4	auto
413.4	I	H-15	moderate	package=EQUIPMENT/TURN-IN REQUIEST (PRCN)	auto
413.464	I	H-05	certain	inherits from 413.046	auto
413.5	I	H-15	moderate	package=EQUIPMENT/TURN-IN REQUIEST (PRCN)	auto
413.7	I	H-15	moderate	package=EQUIPMENT/TURN-IN REQUIEST (PRCN)	auto
414.02	I	H-09	low	has ptr to file 200 (staff/provider); no ptr to file 2 or 4	auto
414.021	I	H-05	certain	inherits from 414.02	auto
414.03	I	H-15	moderate	package=IFCAP (PRC)	auto
414.031	I	H-05	certain	inherits from 414.03	auto
414.0311	I	H-05	certain	inherits from 414.031	auto
414.04	I	H-15	moderate	package=IFCAP (PRC)	auto
414.06	I	H-15	moderate	package=IFCAP (PRC)	auto
414.061	I	H-05	certain	inherits from 414.06	auto
414.0613	I	H-05	certain	inherits from 414.061	auto
414.07	I	H-15	moderate	package=IFCAP (PRC)	auto
414.41	I	H-05	certain	inherits from 414.04	auto
417	I	H-15	moderate	package=IFCAP (PRC)	auto
417.1	I	H-15	moderate	package=IFCAP (PRC)	auto
42	S	H-13	high	global=	auto
42.01	S	H-05	certain	inherits from 42	auto
42.05	S	H-05	certain	inherits from 42	auto
42.07	S	H-05	certain	inherits from 42.05	auto
42.08	S	H-05	certain	inherits from 42	auto
42.09	S	H-05	certain	inherits from 42	auto
42.4	S	H-13	high	global=	auto
42.41	S	H-05	certain	inherits from 42.4	auto
42.5	P	H-14	moderate	package=REGISTRATION (DG)	auto
42.51	P	H-06	high	field=.01 PATIENT points to file 2	auto
42.52	P	H-05	certain	inherits from 42.51	auto
42.55	S	H-13	high	global=	auto
42.56	S	H-05	certain	inherits from 42.55	auto
42.6	P	H-14	moderate	package=REGISTRATION (DG)	auto
42.6001	P	H-05	certain	inherits from 42.6	auto
42.61	P	H-05	certain	inherits from 42.6001	auto
42.7	P	H-14	moderate	package=REGISTRATION (DG)	auto
42.701	P	H-05	certain	inherits from 42.7	auto
42.702	P	H-05	certain	inherits from 42.701	auto
42.8	P	H-14	moderate	package=REGISTRATION (DG)	auto
42.801	P	H-05	certain	inherits from 42.8	auto
420	I	H-11	high	global=	auto
420.01	I	H-05	certain	inherits from 420	auto
420.02	I	H-05	certain	inherits from 420.01	auto
420.03	I	H-05	certain	inherits from 420.01	auto
420.04	I	H-05	certain	inherits from 420.01	auto
420.05	I	H-05	certain	inherits from 420	auto
420.06	I	H-05	certain	inherits from 420.01	auto
420.07	I	H-05	certain	inherits from 420.01	auto
420.1	I	H-09	low	has ptr to file 200 (staff/provider); no ptr to file 2 or 4	auto
420.11	I	H-05	certain	inherits from 420.1	auto
420.12	I	H-05	certain	inherits from 420.1	auto
420.13	I	H-15	moderate	package=IFCAP (PRC)	auto
420.131	I	H-15	moderate	package=IFCAP (PRC)	auto
420.132	I	H-15	moderate	package=IFCAP (PRC)	auto
420.133	I	H-15	moderate	package=IFCAP (PRC)	auto
420.134	I	H-15	moderate	package=IFCAP (PRC)	auto
420.135	I	H-15	moderate	package=IFCAP (PRC)	auto
420.136	I	H-15	moderate	package=IFCAP (PRC)	auto
420.137	I	H-15	moderate	package=IFCAP (PRC)	auto
420.138	I	H-15	moderate	package=IFCAP (PRC)	auto
420.14	I	H-15	moderate	package=IFCAP (PRC)	auto
420.141	I	H-15	moderate	package=IFCAP (PRC)	auto
420.15	I	H-15	moderate	package=IFCAP (PRC)	auto
420.16	I	H-15	moderate	package=IFCAP (PRC)	auto
420.17	I	H-15	moderate	package=IFCAP (PRC)	auto
420.18	I	H-15	moderate	package=IFCAP (PRC)	auto
420.19	I	H-15	moderate	package=IFCAP (PRC)	auto
420.1999	I	H-15	moderate	package=IFCAP (PRC)	auto
420.2	I	H-09	low	has ptr to file 200 (staff/provider); no ptr to file 2 or 4	auto
420.21	I	H-05	certain	inherits from 420.2	auto
420.3	I	H-15	moderate	package=IFCAP (PRC)	auto
420.4	I	H-15	moderate	package=IFCAP (PRC)	auto
420.5	I	H-15	moderate	package=IFCAP (PRC)	auto
420.51	I	H-15	moderate	package=IFCAP (PRC)	auto
420.52	I	H-15	moderate	package=IFCAP (PRC)	auto
420.53	I	H-15	moderate	package=IFCAP (PRC)	auto
420.54	I	H-15	moderate	package=IFCAP (PRC)	auto
420.55	I	H-15	moderate	package=IFCAP (PRC)	auto
420.6	I	H-15	moderate	package=IFCAP (PRC)	auto
420.7	I	H-15	moderate	package=IFCAP (PRC)	auto
420.8	I	H-15	moderate	package=IFCAP (PRC)	auto
420.9	I	H-15	moderate	package=IFCAP (PRC)	auto
420.91	I	H-05	certain	inherits from 420.9	auto
420.911	I	H-05	certain	inherits from 420.91	auto
420.92	I	H-15	moderate	package=IFCAP (PRC)	auto
420.923	I	H-05	certain	inherits from 420.92	auto
420.924	I	H-05	certain	inherits from 420.92	auto
420.96	I	H-15	moderate	package=IFCAP (PRC)	auto
420.97	I	H-15	moderate	package=IFCAP (PRC)	auto
420.98	I	H-15	moderate	package=IFCAP (PRC)	auto
420.99	I	H-15	moderate	package=IFCAP (PRC)	auto
420.9999	I	H-09	low	has ptr to file 200 (staff/provider); no ptr to file 2 or 4	auto
421	I	H-09	low	has ptr to file 200 (staff/provider); no ptr to file 2 or 4	auto
421.01	I	H-05	certain	inherits from 421	auto
421.1	I	H-09	low	has ptr to file 200 (staff/provider); no ptr to file 2 or 4	auto
421.14	I	H-05	certain	inherits from 421.1	auto
421.15	I	H-05	certain	inherits from 421.1	auto
421.2	I	H-09	low	has ptr to file 200 (staff/provider); no ptr to file 2 or 4	auto
421.21	I	H-05	certain	inherits from 421.2	auto
421.3	I	H-15	moderate	package=IFCAP (PRC)	auto
421.31	I	H-05	certain	inherits from 421.3	auto
421.4	I	H-09	low	has ptr to file 200 (staff/provider); no ptr to file 2 or 4	auto
421.5	I	H-09	low	has ptr to file 200 (staff/provider); no ptr to file 2 or 4	auto
421.51	I	H-05	certain	inherits from 421.5	auto
421.523	I	H-05	certain	inherits from 421.5	auto
421.531	I	H-05	certain	inherits from 421.5	auto
421.541	I	H-05	certain	inherits from 421.5	auto
421.6	I	H-15	moderate	package=IFCAP (PRC)	auto
421.65	I	H-05	certain	inherits from 421.6	auto
421.7	I	H-15	moderate	package=IFCAP (PRC)	auto
421.8	I	H-11	high	global=	auto
421.84	I	H-05	certain	inherits from 421.8	auto
421.9	I	H-15	moderate	package=IFCAP (PRC)	auto
422	I	H-15	moderate	package=IFCAP (PRC)	auto
422.01	I	H-05	certain	inherits from 422	auto
422.2	I	H-15	moderate	package=IFCAP (PRC)	auto
423	I	H-09	low	has ptr to file 200 (staff/provider); no ptr to file 2 or 4	auto
423.01	I	H-05	certain	inherits from 423	auto
423.0117	I	H-05	certain	inherits from 423	auto
423.02	I	H-05	certain	inherits from 423	auto
423.03	I	H-05	certain	inherits from 423	auto
423.04	I	H-05	certain	inherits from 423	auto
423.05	I	H-05	certain	inherits from 423	auto
423.06	I	H-05	certain	inherits from 423	auto
423.07	I	H-05	certain	inherits from 423	auto
423.08	I	H-05	certain	inherits from 423	auto
423.09	I	H-05	certain	inherits from 423	auto
423.1	I	H-05	certain	inherits from 423	auto
423.11	I	H-05	certain	inherits from 423	auto
423.12	I	H-05	certain	inherits from 423	auto
423.13	I	H-05	certain	inherits from 423	auto
423.14	I	H-05	certain	inherits from 423	auto
423.15	I	H-05	certain	inherits from 423	auto
423.16	I	H-05	certain	inherits from 423	auto
423.17	I	H-05	certain	inherits from 423	auto
423.18	I	H-05	certain	inherits from 423	auto
423.19	I	H-05	certain	inherits from 423	auto
423.2	I	H-05	certain	inherits from 423	auto
423.4	I	H-15	moderate	package=IFCAP (PRC)	auto
423.5	I	H-15	moderate	package=IFCAP (PRC)	auto
423.6	I	H-15	moderate	package=IFCAP (PRC)	auto
423.61	I	H-05	certain	inherits from 423.6	auto
423.9	I	H-15	moderate	package=IFCAP (PRC)	auto
423.9001	I	H-05	certain	inherits from 423.9	auto
424	I	H-09	low	has ptr to file 200 (staff/provider); no ptr to file 2 or 4	auto
424.1	I	H-09	low	has ptr to file 200 (staff/provider); no ptr to file 2 or 4	auto
43	I	H-09	low	has ptr to file 200 (staff/provider); no ptr to file 2 or 4	auto
43.01	I	H-05	certain	inherits from 43	auto
43.02	I	H-05	certain	inherits from 43	auto
43.03	I	H-05	certain	inherits from 43	auto
43.04	I	H-05	certain	inherits from 43	auto
43.05	I	H-05	certain	inherits from 43	auto
43.06	I	H-05	certain	inherits from 43	auto
43.07	I	H-05	certain	inherits from 43	auto
43.077	I	H-05	certain	inherits from 43	auto
43.08	I	H-05	certain	inherits from 43	auto
43.091	I	H-05	certain	inherits from 43	auto
43.1	I	H-11	high	global=	auto
43.11	I	H-11	high	global=	auto
43.12	I	H-05	certain	inherits from 43.1	auto
43.4	S	H-13	high	global=	auto
43.5	P	H-06	high	field=.05 PATIENT points to file 2	auto
43.61	I	H-11	high	global=	auto
43.7	I	H-11	high	global=	auto
430	P	H-06	high	field=7 PATIENT points to file 2	auto
430.01	P	H-05	certain	inherits from 430	auto
430.0171	P	H-05	certain	inherits from 430	auto
430.0172	P	H-05	certain	inherits from 430	auto
430.02	P	H-05	certain	inherits from 430	auto
430.03	P	H-05	certain	inherits from 430	auto
430.051	P	H-05	certain	inherits from 430	auto
430.098	P	H-05	certain	inherits from 430	auto
430.2	I	H-15	moderate	package=ACCOUNTS RECEIVABLE (PRCA)	auto
430.22	P	H-05	certain	inherits from 430.02	auto
430.3	I	H-15	moderate	package=ACCOUNTS RECEIVABLE (PRCA)	auto
430.5	I	H-15	moderate	package=ACCOUNTS RECEIVABLE (PRCA)	auto
430.6	I	H-15	moderate	package=ACCOUNTS RECEIVABLE (PRCA)	auto
430.7	I	H-15	moderate	package=ACCOUNTS RECEIVABLE (PRCA)	auto
430.71	I	H-05	certain	inherits from 430.7	auto
430.8	I	H-15	moderate	package=ACCOUNTS RECEIVABLE (PRCA)	auto
430.81	I	H-05	certain	inherits from 430.8	auto
433	I	H-09	low	has ptr to file 200 (staff/provider); no ptr to file 2 or 4	auto
433.001	I	H-15	moderate	package=ACCOUNTS RECEIVABLE (PRCA)	auto
433.01	I	H-05	certain	inherits from 433	auto
433.041	I	H-05	certain	inherits from 433	auto
433.061	I	H-05	certain	inherits from 433	auto
436.1	I	H-15	moderate	package=ACCOUNTS RECEIVABLE (PRCA)	auto
436.12	I	H-05	certain	inherits from 436.1	auto
436.122	I	H-05	certain	inherits from 436.12	auto
44	I	H-08	high	has ptr to file 4; no ptr to file 2	auto
44.0001	I	H-05	certain	inherits from 44	auto
44.0002	I	H-05	certain	inherits from 44	auto
44.001	I	H-05	certain	inherits from 44	auto
44.002	I	H-05	certain	inherits from 44	auto
44.003	P	H-06	high	field=.01 PATIENT points to file 2	auto
44.004	I	H-05	certain	inherits from 44.002	auto
44.005	I	H-05	certain	inherits from 44	auto
44.006	I	H-05	certain	inherits from 44	auto
44.007	P	H-06	high	field=.01 PATIENT points to file 2	auto
44.008	I	H-05	certain	inherits from 44	auto
44.009	I	H-05	certain	inherits from 44	auto
44.01	I	H-05	certain	inherits from 44	auto
44.02	I	H-05	certain	inherits from 44	auto
44.03	I	H-05	certain	inherits from 44	auto
44.0301	I	H-05	certain	inherits from 44	auto
44.0302	I	H-05	certain	inherits from 44	auto
44.04	I	H-05	certain	inherits from 44	auto
44.05	I	H-05	certain	inherits from 44	auto
44.06	I	H-05	certain	inherits from 44	auto
44.07	I	H-05	certain	inherits from 44	auto
44.08	I	H-05	certain	inherits from 44	auto
44.09	I	H-05	certain	inherits from 44	auto
44.1	I	H-05	certain	inherits from 44	auto
44.101	I	H-05	certain	inherits from 44	auto
44.11	I	H-05	certain	inherits from 44	auto
44.1902	I	H-05	certain	inherits from 44	auto
44.3	P	H-14	moderate	package=SCHEDULING (SD)	auto
44.40457	I	H-05	certain	inherits from 44	auto
44.9	P	H-14	moderate	package=SCHEDULING (SD)	auto
44.9001	P	H-05	certain	inherits from 44.9	auto
44.9002	P	H-05	certain	inherits from 44.9001	auto
440	I	H-09	low	has ptr to file 200 (staff/provider); no ptr to file 2 or 4	auto
440.01	I	H-05	certain	inherits from 440	auto
440.02	I	H-05	certain	inherits from 440	auto
440.03	I	H-05	certain	inherits from 440	auto
440.04	I	H-05	certain	inherits from 440	auto
440.05	I	H-05	certain	inherits from 440	auto
440.2	P	H-06	high	field=.01 NAME points to file 2	auto
440.3	I	H-09	low	has ptr to file 200 (staff/provider); no ptr to file 2 or 4	auto
440.31	I	H-05	certain	inherits from 440.3	auto
440.32	I	H-05	certain	inherits from 440.3	auto
440.33	I	H-05	certain	inherits from 440.3	auto
440.34	I	H-05	certain	inherits from 440.3	auto
440.35	I	H-05	certain	inherits from 440.3	auto
440.4	I	H-11	high	global=	auto
440.45	I	H-11	high	global=	auto
440.5	I	H-09	low	has ptr to file 200 (staff/provider); no ptr to file 2 or 4	auto
440.512	I	H-05	certain	inherits from 440.5	auto
440.6	I	H-09	low	has ptr to file 200 (staff/provider); no ptr to file 2 or 4	auto
440.7	I	H-15	moderate	package=IFCAP (PRC)	auto
440.701	I	H-05	certain	inherits from 440.7	auto
440.8	I	H-15	moderate	package=IFCAP (PRC)	auto
441	I	H-09	low	has ptr to file 200 (staff/provider); no ptr to file 2 or 4	auto
441.01	I	H-05	certain	inherits from 441	auto
441.02	I	H-05	certain	inherits from 441	auto
441.03	I	H-05	certain	inherits from 441	auto
441.04	I	H-05	certain	inherits from 441.03	auto
441.05	I	H-05	certain	inherits from 441	auto
441.06	I	H-05	certain	inherits from 441	auto
441.2	I	H-11	high	global=	auto
441.21	I	H-05	certain	inherits from 441.2	auto
441.3	I	H-11	high	global=	auto
441.4	I	H-15	moderate	package=IFCAP (PRC)	auto
441.43	I	H-05	certain	inherits from 441.4	auto
441.6	I	H-15	moderate	package=IFCAP (PRC)	auto
441.7	I	H-11	high	global=	auto
442	I	H-09	low	has ptr to file 200 (staff/provider); no ptr to file 2 or 4	auto
442.01	I	H-05	certain	inherits from 442	auto
442.02	I	H-05	certain	inherits from 442	auto
442.025	I	H-05	certain	inherits from 442	auto
442.03	I	H-05	certain	inherits from 442	auto
442.04	I	H-05	certain	inherits from 442	auto
442.041	I	H-05	certain	inherits from 442	auto
442.05	I	H-05	certain	inherits from 442.01	auto
442.06	I	H-05	certain	inherits from 442	auto
442.07	I	H-05	certain	inherits from 442	auto
442.08	I	H-05	certain	inherits from 442.01	auto
442.09	I	H-05	certain	inherits from 442	auto
442.1	I	H-05	certain	inherits from 442	auto
442.11	I	H-05	certain	inherits from 442	auto
442.12	I	H-05	certain	inherits from 442	auto
442.13	I	H-05	certain	inherits from 442.07	auto
442.14	I	H-05	certain	inherits from 442	auto
442.147	I	H-05	certain	inherits from 442.01	auto
442.15	I	H-05	certain	inherits from 442	auto
442.16	I	H-05	certain	inherits from 442.1	auto
442.17	I	H-05	certain	inherits from 442	auto
442.2	I	H-15	moderate	package=IFCAP (PRC)	auto
442.3	I	H-15	moderate	package=IFCAP (PRC)	auto
442.4	I	H-11	high	global=	auto
442.5	I	H-15	moderate	package=IFCAP (PRC)	auto
442.54	I	H-05	certain	inherits from 442.5	auto
442.6	I	H-11	high	global=	auto
442.7	I	H-11	high	global=	auto
442.701	I	H-05	certain	inherits from 442.7	auto
442.714	I	H-05	certain	inherits from 442.07	auto
442.7143	I	H-05	certain	inherits from 442.714	auto
442.8	I	H-11	high	global=	auto
442.9	I	H-09	low	has ptr to file 200 (staff/provider); no ptr to file 2 or 4	auto
443	I	H-09	low	has ptr to file 200 (staff/provider); no ptr to file 2 or 4	auto
443.012	I	H-05	certain	inherits from 443	auto
443.1	I	H-11	high	global=	auto
443.2	I	H-11	high	global=	auto
443.26	I	H-05	certain	inherits from 443.2	auto
443.3	I	H-11	high	global=	auto
443.4	I	H-11	high	global=	auto
443.5	I	H-11	high	global=	auto
443.51	I	H-05	certain	inherits from 443.5	auto
443.6	I	H-09	low	has ptr to file 200 (staff/provider); no ptr to file 2 or 4	auto
443.61	I	H-05	certain	inherits from 443.6	auto
443.62	I	H-05	certain	inherits from 443.6	auto
443.624	I	H-05	certain	inherits from 443.6	auto
443.63	I	H-05	certain	inherits from 443.6	auto
443.64	I	H-05	certain	inherits from 443.61	auto
443.65	I	H-05	certain	inherits from 443.61	auto
443.66	I	H-05	certain	inherits from 443.6	auto
443.67	I	H-05	certain	inherits from 443.6	auto
443.6714	I	H-05	certain	inherits from 443.67	auto
443.67143	I	H-05	certain	inherits from 443.6714	auto
443.7	I	H-05	certain	inherits from 443.6	auto
443.701	I	H-05	certain	inherits from 443.67	auto
443.75	I	H-09	low	has ptr to file 200 (staff/provider); no ptr to file 2 or 4	auto
443.7526	I	H-05	certain	inherits from 443.75	auto
443.76	I	H-09	low	has ptr to file 200 (staff/provider); no ptr to file 2 or 4	auto
443.8	I	H-11	high	global=	auto
443.82	I	H-05	certain	inherits from 443.8	auto
443.9	I	H-11	high	global=	auto
444	I	H-09	low	has ptr to file 200 (staff/provider); no ptr to file 2 or 4	auto
444.01	I	H-05	certain	inherits from 444	auto
444.016	I	H-05	certain	inherits from 444	auto
444.017	I	H-05	certain	inherits from 444	auto
444.018	I	H-05	certain	inherits from 444	auto
444.019	I	H-05	certain	inherits from 444	auto
444.021	I	H-05	certain	inherits from 444	auto
444.022	I	H-05	certain	inherits from 444.021	auto
444.024	I	H-05	certain	inherits from 444	auto
444.025	I	H-05	certain	inherits from 444.024	auto
444.026	I	H-05	certain	inherits from 444.024	auto
444.027	I	H-05	certain	inherits from 444.026	auto
444.029	I	H-05	certain	inherits from 444.019	auto
444.031	I	H-05	certain	inherits from 444.021	auto
444.036	I	H-05	certain	inherits from 444.026	auto
444.039	I	H-05	certain	inherits from 444.019	auto
444.1	I	H-11	high	global=	auto
444.11	I	H-05	certain	inherits from 444.1	auto
444.19	I	H-05	certain	inherits from 444.1	auto
444.2	I	H-11	high	global=	auto
444.21	I	H-11	high	global=	auto
444.3	I	H-11	high	global=	auto
444.4	I	H-09	low	has ptr to file 200 (staff/provider); no ptr to file 2 or 4	auto
445	I	H-09	low	has ptr to file 200 (staff/provider); no ptr to file 2 or 4	auto
445.01	I	H-05	certain	inherits from 445	auto
445.011	I	H-05	certain	inherits from 445	auto
445.02	I	H-05	certain	inherits from 445.01	auto
445.021	I	H-05	certain	inherits from 445	auto
445.026	I	H-05	certain	inherits from 445	auto
445.027	I	H-05	certain	inherits from 445	auto
445.03	I	H-05	certain	inherits from 445	auto
445.04	I	H-05	certain	inherits from 445	auto
445.05	I	H-05	certain	inherits from 445.01	auto
445.06	I	H-05	certain	inherits from 445.01	auto
445.07	I	H-05	certain	inherits from 445.01	auto
445.08	I	H-05	certain	inherits from 445	auto
445.09	I	H-05	certain	inherits from 445.01	auto
445.1	I	H-15	moderate	package=GENERIC INVENTORY PACKAGE (PRCP)	auto
445.11	I	H-05	certain	inherits from 445.1	auto
445.111	I	H-05	certain	inherits from 445.11	auto
445.12	I	H-05	certain	inherits from 445.08	auto
445.121	I	H-05	certain	inherits from 445.01	auto
445.122	I	H-05	certain	inherits from 445.01	auto
445.13	I	H-05	certain	inherits from 445.01	auto
445.2	I	H-09	low	has ptr to file 200 (staff/provider); no ptr to file 2 or 4	auto
445.3	P	H-06	high	field=129 PATIENT NAME points to file 2	auto
445.37	P	H-05	certain	inherits from 445.3	auto
445.4	I	H-15	moderate	package=GENERIC INVENTORY PACKAGE (PRCP)	auto
445.5	I	H-15	moderate	package=GENERIC INVENTORY PACKAGE (PRCP)	auto
445.6	I	H-15	moderate	package=GENERIC INVENTORY PACKAGE (PRCP)	auto
445.7	I	H-09	low	has ptr to file 200 (staff/provider); no ptr to file 2 or 4	auto
445.701	I	H-05	certain	inherits from 445.7	auto
445.71	I	H-05	certain	inherits from 445.7	auto
445.781	I	H-05	certain	inherits from 445.7	auto
445.8	I	H-09	low	has ptr to file 200 (staff/provider); no ptr to file 2 or 4	auto
445.801	I	H-05	certain	inherits from 445.8	auto
445.81	I	H-05	certain	inherits from 445.8	auto
446	I	H-15	moderate	package=GENERIC INVENTORY PACKAGE (PRCP)	auto
446.1	P	H-06	high	field=2 PATIENT points to file 2	auto
446.11	P	H-05	certain	inherits from 446.1	auto
446.4	I	H-09	low	has ptr to file 200 (staff/provider); no ptr to file 2 or 4	auto
446.41	I	H-05	certain	inherits from 446.4	auto
446.42	I	H-05	certain	inherits from 446.4	auto
446.421	I	H-05	certain	inherits from 446.42	auto
446.5	I	H-15	moderate	package=IFCAP (PRC)	auto
446.51	I	H-05	certain	inherits from 446.5	auto
446.52	I	H-05	certain	inherits from 446.5	auto
446.53	I	H-05	certain	inherits from 446.5	auto
446.54	I	H-05	certain	inherits from 446.5	auto
446.6	I	H-15	moderate	package=IFCAP (PRC)	auto
446.61	I	H-05	certain	inherits from 446.6	auto
446.62	I	H-05	certain	inherits from 446.6	auto
446.63	I	H-05	certain	inherits from 446.6	auto
446.7	I	H-15	moderate	package=GENERIC INVENTORY PACKAGE (PRCP)	auto
447	I	H-09	low	has ptr to file 200 (staff/provider); no ptr to file 2 or 4	auto
447.1	I	H-15	moderate	package=GENERIC INVENTORY PACKAGE (PRCP)	auto
447.17	I	H-05	certain	inherits from 447.1	auto
45	P	H-06	high	field=.01 PATIENT points to file 2	auto
45.00046	S	H-17	moderate	package=VA FILEMAN (DI)	auto
45.01	P	H-05	certain	inherits from 45	auto
45.02	P	H-05	certain	inherits from 45	auto
45.03	P	H-05	certain	inherits from 45	auto
45.04	P	H-05	certain	inherits from 45	auto
45.05	P	H-05	certain	inherits from 45	auto
45.0535	P	H-05	certain	inherits from 45	auto
45.06	P	H-05	certain	inherits from 45	auto
45.1	S	H-13	high	global=	auto
45.11	S	H-05	certain	inherits from 45.1	auto
45.2	P	H-14	moderate	package=REGISTRATION (DG)	auto
45.3	S	H-13	high	global=	auto
45.4	I	H-11	high	global=	auto
45.5	P	H-06	high	field=1 PATIENT points to file 2	auto
45.51	P	H-05	certain	inherits from 45.5	auto
45.6	S	H-13	high	global=	auto
45.61	S	H-13	high	global=	auto
45.62	I	H-09	low	has ptr to file 200 (staff/provider); no ptr to file 2 or 4	auto
45.63	I	H-05	certain	inherits from 45.62	auto
45.64	P	H-10	high	global=	auto
45.68	S	H-13	high	global=	auto
45.69	S	H-05	certain	inherits from 45.68	auto
45.7	S	H-13	high	global=	auto
45.701	S	H-05	certain	inherits from 45.7	auto
45.702	S	H-05	certain	inherits from 45.7	auto
45.81	S	H-13	high	global=	auto
45.811	S	H-05	certain	inherits from 45.81	auto
45.813	S	H-05	certain	inherits from 45.81	auto
45.82	S	H-13	high	global=	auto
45.821	S	H-05	certain	inherits from 45.82	auto
45.83	P	H-10	high	global=	auto
45.831	P	H-05	certain	inherits from 45.83	auto
45.84	I	H-09	low	has ptr to file 200 (staff/provider); no ptr to file 2 or 4	auto
45.85	P	H-06	high	field=.01 NAME points to file 2	auto
45.86	I	H-11	high	global=	auto
45.87	P	H-06	high	field=.09 PATIENT points to file 2	auto
45.88	S	H-13	high	global=	auto
45.89	S	H-13	high	global=	auto
45.9	P	H-06	high	field=.01 NAME points to file 2	auto
45.9001	P	H-05	certain	inherits from 45.9	auto
45.91	I	H-11	high	global=	auto
45.9101	I	H-05	certain	inherits from 45.91	auto
450	I	H-09	low	has ptr to file 200 (staff/provider); no ptr to file 2 or 4	auto
450.01	I	H-05	certain	inherits from 450	auto
450.0632	I	H-05	certain	inherits from 450	auto
450.0633	I	H-05	certain	inherits from 450	auto
450.0757	I	H-05	certain	inherits from 450	auto
450.11	I	H-15	moderate	package=PAID (PRS)	auto
450.12	I	H-15	moderate	package=PAID (PRS)	auto
451	I	H-15	moderate	package=PAID (PRS)	auto
451.06	I	H-08	high	has ptr to file 4; no ptr to file 2	auto
451.09	I	H-08	high	has ptr to file 4; no ptr to file 2	auto
451.1	I	H-15	moderate	package=PAID (PRS)	auto
451.4	I	H-15	moderate	package=PAID (PRS)	auto
451.49	I	H-05	certain	inherits from 451.4	auto
451.5	I	H-15	moderate	package=PAID (PRS)	auto
451.6	I	H-15	moderate	package=PAID (PRS)	auto
451.7	I	H-08	high	has ptr to file 4; no ptr to file 2	auto
451.99	I	H-05	certain	inherits from 451.09	auto
451.999	I	H-05	certain	inherits from 451.99	auto
451.9999	I	H-05	certain	inherits from 451.999	auto
452	I	H-09	low	has ptr to file 200 (staff/provider); no ptr to file 2 or 4	auto
452.033	I	H-05	certain	inherits from 452	auto
452.055	I	H-05	certain	inherits from 452	auto
452.066	I	H-05	certain	inherits from 452	auto
452.077	I	H-05	certain	inherits from 452	auto
452.1	I	H-15	moderate	package=PAID (PRS)	auto
452.18	I	H-05	certain	inherits from 452.1	auto
452.2	I	H-15	moderate	package=PAID (PRS)	auto
452.25	I	H-05	certain	inherits from 452.2	auto
452.3	I	H-15	moderate	package=PAID (PRS)	auto
452.31	I	H-05	certain	inherits from 452.3	auto
452.4	I	H-09	low	has ptr to file 200 (staff/provider); no ptr to file 2 or 4	auto
452.42	I	H-05	certain	inherits from 452.4	auto
452.5	I	H-15	moderate	package=PAID (PRS)	auto
452.51	I	H-15	moderate	package=PAID (PRS)	auto
452.6	I	H-15	moderate	package=PAID (PRS)	auto
452.7	I	H-15	moderate	package=PAID (PRS)	auto
452.8	I	H-15	moderate	package=PAID (PRS)	auto
452.877	I	H-05	certain	inherits from 452.8	auto
452.889	I	H-05	certain	inherits from 452.8	auto
452.8894	I	H-05	certain	inherits from 452.889	auto
452.9	I	H-15	moderate	package=PAID (PRS)	auto
453	I	H-09	low	has ptr to file 200 (staff/provider); no ptr to file 2 or 4	auto
453.01	I	H-05	certain	inherits from 453	auto
453.02	I	H-05	certain	inherits from 453	auto
453.03	I	H-05	certain	inherits from 453	auto
453.04	I	H-05	certain	inherits from 453	auto
453.05	I	H-05	certain	inherits from 453	auto
453.06	I	H-05	certain	inherits from 453	auto
453.07	I	H-05	certain	inherits from 453	auto
453.074767	I	H-05	certain	inherits from 453	auto
453.08	I	H-05	certain	inherits from 453	auto
453.09	I	H-05	certain	inherits from 453	auto
453.1	I	H-05	certain	inherits from 453	auto
453.11	I	H-05	certain	inherits from 453	auto
453.12	I	H-05	certain	inherits from 453	auto
453.13	I	H-05	certain	inherits from 453	auto
453.14	I	H-05	certain	inherits from 453	auto
453.15	I	H-05	certain	inherits from 453	auto
453.16	I	H-05	certain	inherits from 453	auto
453.17	I	H-05	certain	inherits from 453	auto
453.171	I	H-05	certain	inherits from 453.17	auto
453.41	I	H-05	certain	inherits from 453.04	auto
453.68	I	H-05	certain	inherits from 453.06	auto
453.71	I	H-05	certain	inherits from 453.07	auto
453.75	I	H-05	certain	inherits from 453.07	auto
454	I	H-15	moderate	package=PAID (PRS)	auto
454.01	I	H-05	certain	inherits from 454	auto
454.0104	I	H-05	certain	inherits from 454	auto
454.0106	I	H-05	certain	inherits from 454	auto
454.0107	I	H-05	certain	inherits from 454	auto
454.0108	I	H-05	certain	inherits from 454	auto
454.0109	I	H-05	certain	inherits from 454	auto
454.0112	I	H-05	certain	inherits from 454	auto
454.0117	I	H-05	certain	inherits from 454	auto
454.0121	I	H-05	certain	inherits from 454	auto
454.0122	I	H-05	certain	inherits from 454	auto
454.0123	I	H-05	certain	inherits from 454	auto
454.0124	I	H-05	certain	inherits from 454	auto
454.0125	I	H-05	certain	inherits from 454	auto
454.0126	I	H-05	certain	inherits from 454	auto
454.0127	I	H-05	certain	inherits from 454	auto
454.0128	I	H-05	certain	inherits from 454	auto
454.0129	I	H-05	certain	inherits from 454	auto
454.0131	I	H-05	certain	inherits from 454	auto
454.02	I	H-05	certain	inherits from 454	auto
454.03	I	H-05	certain	inherits from 454	auto
454.05	I	H-05	certain	inherits from 454	auto
454.06	I	H-05	certain	inherits from 454	auto
454.07	I	H-05	certain	inherits from 454	auto
454.08	I	H-05	certain	inherits from 454	auto
454.1	I	H-15	moderate	package=PAID (PRS)	auto
454.11	I	H-05	certain	inherits from 454	auto
454.13	I	H-05	certain	inherits from 454	auto
454.14	I	H-05	certain	inherits from 454	auto
454.18	I	H-05	certain	inherits from 454	auto
454.19	I	H-05	certain	inherits from 454	auto
454.2	I	H-05	certain	inherits from 454	auto
454.21	I	H-05	certain	inherits from 454	auto
454.22	I	H-05	certain	inherits from 454	auto
454.23	I	H-05	certain	inherits from 454	auto
454.24	I	H-05	certain	inherits from 454	auto
454.26	I	H-05	certain	inherits from 454	auto
454.27	I	H-05	certain	inherits from 454	auto
454.31	I	H-05	certain	inherits from 454	auto
454.33	I	H-05	certain	inherits from 454	auto
454.34	I	H-05	certain	inherits from 454	auto
454.35	I	H-05	certain	inherits from 454	auto
454.37	I	H-05	certain	inherits from 454	auto
454.4	I	H-05	certain	inherits from 454	auto
454.41	I	H-05	certain	inherits from 454	auto
454.44	I	H-05	certain	inherits from 454	auto
454.46	I	H-05	certain	inherits from 454	auto
454.5	I	H-05	certain	inherits from 454	auto
454.51	I	H-05	certain	inherits from 454	auto
454.52	I	H-05	certain	inherits from 454	auto
454.53	I	H-05	certain	inherits from 454	auto
454.54	I	H-05	certain	inherits from 454	auto
454.55	I	H-05	certain	inherits from 454	auto
454.66	I	H-05	certain	inherits from 454	auto
454.67	I	H-05	certain	inherits from 454	auto
454.68	I	H-05	certain	inherits from 454	auto
454.69	I	H-05	certain	inherits from 454	auto
454.7	I	H-05	certain	inherits from 454	auto
454.79	I	H-05	certain	inherits from 454	auto
454.81	I	H-05	certain	inherits from 454	auto
454.82	I	H-05	certain	inherits from 454	auto
454.91	I	H-05	certain	inherits from 454	auto
454.92	I	H-05	certain	inherits from 454	auto
454.93	I	H-05	certain	inherits from 454	auto
454.94	I	H-05	certain	inherits from 454	auto
454.97	I	H-05	certain	inherits from 454	auto
454.98	I	H-05	certain	inherits from 454	auto
455.1	I	H-15	moderate	package=PAID (PRS)	auto
455.11	I	H-05	certain	inherits from 455.1	auto
455.5	I	H-08	high	has ptr to file 4; no ptr to file 2	auto
455.51	I	H-05	certain	inherits from 455.5	auto
455.511	I	H-05	certain	inherits from 455.5	auto
455.512	I	H-05	certain	inherits from 455.5	auto
455.52	I	H-05	certain	inherits from 455.5	auto
455.531	I	H-05	certain	inherits from 455.5	auto
456	I	H-08	high	has ptr to file 4; no ptr to file 2	auto
456.05	I	H-05	certain	inherits from 456	auto
457.1	I	H-15	moderate	package=PAID (PRS)	auto
457.13	I	H-05	certain	inherits from 457.1	auto
457.2	I	H-15	moderate	package=PAID (PRS)	auto
457.3	I	H-15	moderate	package=PAID (PRS)	auto
457.4	I	H-15	moderate	package=PAID (PRS)	auto
457.5	I	H-15	moderate	package=PAID (PRS)	auto
457.6	I	H-15	moderate	package=PAID (PRS)	auto
458	I	H-09	low	has ptr to file 200 (staff/provider); no ptr to file 2 or 4	auto
458.01	I	H-05	certain	inherits from 458	auto
458.02	I	H-05	certain	inherits from 458.01	auto
458.03	I	H-05	certain	inherits from 458	auto
458.1	I	H-09	low	has ptr to file 200 (staff/provider); no ptr to file 2 or 4	auto
458.1101	I	H-05	certain	inherits from 458.01	auto
458.1105	I	H-05	certain	inherits from 458.01	auto
458.11054	I	H-05	certain	inherits from 458.1105	auto
458.2	I	H-09	low	has ptr to file 200 (staff/provider); no ptr to file 2 or 4	auto
458.3	I	H-09	low	has ptr to file 200 (staff/provider); no ptr to file 2 or 4	auto
458.4	I	H-15	moderate	package=PAID (PRS)	auto
458.5	I	H-09	low	has ptr to file 200 (staff/provider); no ptr to file 2 or 4	auto
458.6	I	H-09	low	has ptr to file 200 (staff/provider); no ptr to file 2 or 4	auto
458.7	I	H-09	low	has ptr to file 200 (staff/provider); no ptr to file 2 or 4	auto
458.701	I	H-05	certain	inherits from 458.7	auto
458.8	I	H-15	moderate	package=PAID (PRS)	auto
458.82	I	H-05	certain	inherits from 458.8	auto
458.83	I	H-05	certain	inherits from 458.8	auto
459	I	H-15	moderate	package=PAID (PRS)	auto
459.01	I	H-05	certain	inherits from 459	auto
459.1173	I	H-05	certain	inherits from 459.01	auto
46	I	H-09	low	has ptr to file 200 (staff/provider); no ptr to file 2 or 4	auto
46.1	I	H-09	low	has ptr to file 200 (staff/provider); no ptr to file 2 or 4	auto
46.11	P	H-14	moderate	package=REGISTRATION (DG)	auto
46.12	P	H-14	moderate	package=REGISTRATION (DG)	auto
46.13	P	H-14	moderate	package=REGISTRATION (DG)	auto
46.14	P	H-06	high	field=.01 NAME points to file 2	auto
46.15	P	H-05	certain	inherits from 46.14	auto
46.3	P	H-06	high	field=.04 PATIENT points to file 2	auto
46.4	P	H-14	moderate	package=REGISTRATION (DG)	auto
46.5	P	H-14	moderate	package=REGISTRATION (DG)	auto
47	S	H-13	high	global=	auto
47.01	S	H-05	certain	inherits from 47	auto
47.75	I	H-11	high	global=	auto
47.751	I	H-05	certain	inherits from 47.75	auto
47.76	I	H-11	high	global=	auto
47.761	I	H-11	high	global=	auto
47.7611	I	H-05	certain	inherits from 47.761	auto
47.77	I	H-11	high	global=	auto
47.78	I	H-11	high	global=	auto
470	P	H-06	high	field=.01 NAME points to file 2	auto
470.01	P	H-05	certain	inherits from 470	auto
470.02	P	H-05	certain	inherits from 470	auto
470.03	P	H-05	certain	inherits from 470	auto
470.035	P	H-05	certain	inherits from 470	auto
470.04	P	H-05	certain	inherits from 470.03	auto
470.05	P	H-05	certain	inherits from 470	auto
470.06	P	H-05	certain	inherits from 470	auto
470.07	P	H-05	certain	inherits from 470.04	auto
470.071	P	H-05	certain	inherits from 470	auto
470.072	P	H-05	certain	inherits from 470	auto
470.1	I	H-09	low	has ptr to file 200 (staff/provider); no ptr to file 2 or 4	auto
470.2	I	H-15	moderate	package=INTEGRATED PATIENT FUNDS (PRPF)	auto
470.21	I	H-05	certain	inherits from 470.2	auto
470.3	I	H-15	moderate	package=INTEGRATED PATIENT FUNDS (PRPF)	auto
470.4	I	H-15	moderate	package=INTEGRATED PATIENT FUNDS (PRPF)	auto
470.5	I	H-15	moderate	package=INTEGRATED PATIENT FUNDS (PRPF)	auto
470.6	I	H-15	moderate	package=INTEGRATED PATIENT FUNDS (PRPF)	auto
470.9	I	H-15	moderate	package=INTEGRATED PATIENT FUNDS (PRPF)	auto
48	I	H-11	high	global=	auto
48.01	I	H-05	certain	inherits from 48	auto
48.016	I	H-05	certain	inherits from 48	auto
48.017	I	H-05	certain	inherits from 48	auto
48.02	I	H-05	certain	inherits from 48	auto
48.04	I	H-05	certain	inherits from 48	auto
48.041	I	H-05	certain	inherits from 48	auto
48.045	I	H-05	certain	inherits from 48	auto
48.046	I	H-05	certain	inherits from 48	auto
48.047	I	H-05	certain	inherits from 48	auto
48.048	I	H-05	certain	inherits from 48	auto
48.049	I	H-05	certain	inherits from 48	auto
48.0495	I	H-05	certain	inherits from 48	auto
48.0497	I	H-05	certain	inherits from 48	auto
48.05	I	H-05	certain	inherits from 48.04	auto
48.06	I	H-05	certain	inherits from 48	auto
48.07	I	H-05	certain	inherits from 48	auto
48.08	I	H-05	certain	inherits from 48	auto
48.09	I	H-05	certain	inherits from 48	auto
48.1	I	H-05	certain	inherits from 48	auto
48.11	I	H-05	certain	inherits from 48.02	auto
48.12	I	H-05	certain	inherits from 48	auto
48.13	I	H-05	certain	inherits from 48	auto
48.14	I	H-05	certain	inherits from 48.06	auto
48.161	I	H-05	certain	inherits from 48.016	auto
48.171	I	H-05	certain	inherits from 48.017	auto
48.5	I	H-11	high	global=	auto
49	I	H-09	low	has ptr to file 200 (staff/provider); no ptr to file 2 or 4	auto
49.04	I	H-05	certain	inherits from 49	auto
49.05	I	H-05	certain	inherits from 49	auto
49.06	I	H-05	certain	inherits from 49	auto
49.07	I	H-05	certain	inherits from 49	auto
5	S	H-13	high	global=	auto
5.01	S	H-05	certain	inherits from 5	auto
5.02	S	H-05	certain	inherits from 5.01	auto
5.1	P	manual-package	moderate	prefix=VIC batch triage	triage
5.11	K	H-20	low	name contains K-pattern	auto
5.12	K	H-20	low	name contains K-pattern	auto
5.13	K	H-20	low	name contains K-pattern	auto
50	K	H-12	high	global=	auto
50.01	K	H-05	certain	inherits from 50	auto
50.02	K	H-05	certain	inherits from 50	auto
50.0212	K	H-05	certain	inherits from 50	auto
50.0214	K	H-05	certain	inherits from 50	auto
50.032	K	H-05	certain	inherits from 50	auto
50.0321	K	H-05	certain	inherits from 50.032	auto
50.037	K	H-05	certain	inherits from 50	auto
50.0441	K	H-05	certain	inherits from 50	auto
50.0608009	K	H-05	certain	inherits from 50	auto
50.065	K	H-05	certain	inherits from 50	auto
50.073	K	H-12	high	global=	auto
50.07301	K	H-05	certain	inherits from 50.073	auto
50.07302	K	H-05	certain	inherits from 50.073	auto
50.07303	K	H-05	certain	inherits from 50.073	auto
50.0731	P	H-06	high	field=7 PATIENT points to file 2	auto
50.07311	P	H-05	certain	inherits from 50.0731	auto
50.0732	K	H-12	high	global=	auto
50.0733	K	H-12	high	global=	auto
50.07331	K	H-05	certain	inherits from 50.0733	auto
50.0903	K	H-05	certain	inherits from 50	auto
50.0904	K	H-05	certain	inherits from 50	auto
50.0906	K	H-05	certain	inherits from 50	auto
50.095	K	H-05	certain	inherits from 50	auto
50.1	K	H-05	certain	inherits from 50	auto
50.2	K	H-12	high	global=	auto
50.21	K	H-05	certain	inherits from 50.2	auto
50.3	K	H-12	high	global=	auto
50.31	K	H-05	certain	inherits from 50.3	auto
50.311	K	H-05	certain	inherits from 50.31	auto
50.32	K	H-05	certain	inherits from 50.3	auto
50.35	K	H-12	high	global=	auto
50.4	K	H-12	high	global=	auto
50.416	K	H-12	high	global=	auto
50.4161	K	H-05	certain	inherits from 50.416	auto
50.4164	K	H-05	certain	inherits from 50.416	auto
50.41641	K	H-05	certain	inherits from 50.4164	auto
50.4169	K	H-05	certain	inherits from 50.416	auto
50.5	K	H-12	high	global=	auto
50.6	K	H-12	high	global=	auto
50.6009	K	H-05	certain	inherits from 50.6	auto
50.605	K	H-12	high	global=	auto
50.60509	K	H-05	certain	inherits from 50.605	auto
50.6055	K	H-05	certain	inherits from 50.605	auto
50.60551	K	H-05	certain	inherits from 50.6055	auto
50.606	K	H-12	high	global=	auto
50.6061	K	H-05	certain	inherits from 50.606	auto
50.6066	K	H-05	certain	inherits from 50.606	auto
50.6068	K	H-05	certain	inherits from 50.606	auto
50.6069	K	H-05	certain	inherits from 50.606	auto
50.60699	K	manual	moderate	MASTER DOSAGE FORM — drug knowledge	triage
50.6069901	K	inherited-parent	moderate	inherits from 50.60699	inherited
50.60699901	K	inherited-parent	moderate	inherits from 50.60699	inherited
50.607	K	H-12	high	global=	auto
50.608	K	H-12	high	global=	auto
50.609	K	H-12	high	global=	auto
50.612	I	H-09	low	has ptr to file 200 (staff/provider); no ptr to file 2 or 4	auto
50.615	K	H-05	certain	inherits from 50.605	auto
50.621	K	H-12	high	global=	auto
50.6211	K	H-05	certain	inherits from 50.621	auto
50.62111	K	H-05	certain	inherits from 50.621	auto
50.62112	K	H-05	certain	inherits from 50.621	auto
50.62113	K	H-05	certain	inherits from 50.621	auto
50.62114	K	H-05	certain	inherits from 50.621	auto
50.62115	K	H-05	certain	inherits from 50.621	auto
50.6212	K	H-05	certain	inherits from 50.621	auto
50.6213	K	H-05	certain	inherits from 50.621	auto
50.6214	K	H-05	certain	inherits from 50.621	auto
50.6215	K	H-05	certain	inherits from 50.621	auto
50.6216	K	H-05	certain	inherits from 50.621	auto
50.6217	K	H-05	certain	inherits from 50.621	auto
50.6218	K	H-05	certain	inherits from 50.621	auto
50.6219	K	H-05	certain	inherits from 50.621	auto
50.622	K	H-12	high	global=	auto
50.6221	K	H-05	certain	inherits from 50.622	auto
50.62211	K	H-05	certain	inherits from 50.622	auto
50.62212	K	H-05	certain	inherits from 50.622	auto
50.62213	K	H-05	certain	inherits from 50.622	auto
50.62214	K	H-05	certain	inherits from 50.622	auto
50.62215	K	H-05	certain	inherits from 50.622	auto
50.6222	K	H-05	certain	inherits from 50.622	auto
50.6223	K	H-05	certain	inherits from 50.622	auto
50.6224	K	H-05	certain	inherits from 50.622	auto
50.6225	K	H-05	certain	inherits from 50.622	auto
50.6226	K	H-05	certain	inherits from 50.622	auto
50.6227	K	H-05	certain	inherits from 50.622	auto
50.6228	K	H-05	certain	inherits from 50.622	auto
50.6229	K	H-05	certain	inherits from 50.622	auto
50.623	K	H-12	high	global=	auto
50.624	K	H-12	high	global=	auto
50.625	K	H-12	high	global=	auto
50.6251	K	H-05	certain	inherits from 50.625	auto
50.626	K	H-12	high	global=	auto
50.6261	K	H-05	certain	inherits from 50.626	auto
50.627	K	H-12	high	global=	auto
50.631	K	H-05	certain	inherits from 50.621	auto
50.632	K	H-05	certain	inherits from 50.622	auto
50.64	K	H-12	high	global=	auto
50.65	K	H-05	certain	inherits from 50.6	auto
50.651	K	H-05	certain	inherits from 50.65	auto
50.67	K	H-12	high	global=	auto
50.6711	K	H-05	certain	inherits from 50.67	auto
50.6712	K	H-05	certain	inherits from 50.67	auto
50.676	K	H-05	certain	inherits from 50.67	auto
50.68	K	H-12	high	global=	auto
50.681	K	H-05	certain	inherits from 50.68	auto
50.68105	K	H-05	certain	inherits from 50.68	auto
50.68108	K	H-05	certain	inherits from 50.68	auto
50.6814	K	H-05	certain	inherits from 50.68	auto
50.6816	K	H-05	certain	inherits from 50.68	auto
50.6818	K	H-05	certain	inherits from 50.68	auto
50.6843	K	H-05	certain	inherits from 50.68	auto
50.68431	K	H-05	certain	inherits from 50.6843	auto
50.6845	K	H-05	certain	inherits from 50.68	auto
50.6899	K	H-05	certain	inherits from 50.68	auto
50.7	K	H-12	high	global=	auto
50.711	K	H-05	certain	inherits from 50.7	auto
50.713	K	H-05	certain	inherits from 50.7	auto
50.714	K	H-05	certain	inherits from 50.7	auto
50.72	K	H-05	certain	inherits from 50.7	auto
50.735	K	H-05	certain	inherits from 50.073	auto
50.76	K	H-05	certain	inherits from 50.7	auto
50.8	K	H-12	high	global=	auto
50.801	P	H-06	high	field=.01 PATIENT points to file 2	auto
50.802	P	H-05	certain	inherits from 50.801	auto
50.803	K	H-05	certain	inherits from 50.8	auto
50.804	K	H-05	certain	inherits from 50.803	auto
50.805	K	H-05	certain	inherits from 50.803	auto
50.806	P	H-06	high	field=.01 PATIENT points to file 2	auto
50.807	K	H-05	certain	inherits from 50.805	auto
50.808	K	H-05	certain	inherits from 50.805	auto
50.809	K	H-05	certain	inherits from 50.808	auto
50.9	S	H-39	moderate	orphan: 0 ptrs in, 0 ptrs out	auto
50.9001	I	H-09	low	has ptr to file 200 (staff/provider); no ptr to file 2 or 4	auto
50.9002	I	H-05	certain	inherits from 50.9001	auto
50.9003	S	H-05	certain	inherits(prop) from 50.9	auto
50.9004	I	H-09	low	has ptr to file 200 (staff/provider); no ptr to file 2 or 4	auto
50.9005	P	H-23	low	name contains P-pattern	auto
50.9006	I	H-22	low	name contains I-pattern	auto
50.9007	I	H-05	certain	inherits from 50.9006	auto
50.9008	I	H-22	low	name contains I-pattern	auto
50.9009	K	H-20	low	name contains K-pattern	auto
50.901	I	H-05	certain	inherits from 50.9006	auto
500004.01	S	manual-orphan	low	orphan subfile — parent 500004 absent from DD (local/test residue)	triage
509850	P	manual	moderate	CDR ACCOUNT — patient audiology	triage
509850.1	K	H-40	moderate	2 targets all classified K	auto
509850.11	K	H-05	certain	inherits(prop) from 509850.1	auto
509850.2	P	H-06	high	field=.01 NAME points to file 2	auto
509850.22	P	H-05	certain	inherits from 509850.2	auto
509850.3	I	H-09	low	has ptr to file 200 (staff/provider); no ptr to file 2 or 4	auto
509850.4	K	H-20	low	name contains K-pattern	auto
509850.41	K	H-05	certain	inherits from 509850.4	auto
509850.5	K	manual	moderate	A&SP PROCEDURE MODIFIER — knowledge	triage
509850.6	I	H-22	low	name contains I-pattern	auto
509850.61	I	H-05	certain	inherits from 509850.6	auto
509850.6101	I	H-05	certain	inherits from 509850.6	auto
509850.6102	I	H-05	certain	inherits from 509850.6	auto
509850.6103	I	H-05	certain	inherits from 509850.6	auto
509850.6104	I	H-05	certain	inherits from 509850.6	auto
509850.615	I	H-05	certain	inherits from 509850.6	auto
509850.62	I	H-05	certain	inherits from 509850.6	auto
509850.63	I	H-05	certain	inherits from 509850.6	auto
509850.64	I	H-05	certain	inherits from 509850.61	auto
509850.65	I	H-05	certain	inherits from 509850.6	auto
509850.66	I	H-05	certain	inherits from 509850.6	auto
509850.7	S	H-39	moderate	orphan: 0 ptrs in, 0 ptrs out	auto
509850.71	S	H-05	certain	inherits(prop) from 509850.7	auto
509850.72	S	H-05	certain	inherits(prop) from 509850.7	auto
509850.73	K	H-20	low	name contains K-pattern	auto
509850.74	S	H-05	certain	inherits(prop) from 509850.7	auto
509850.75	I	H-22	low	name contains I-pattern	auto
509850.751	I	H-05	certain	inherits from 509850.75	auto
509850.752	I	H-05	certain	inherits from 509850.75	auto
509850.753	I	H-05	certain	inherits from 509850.75	auto
509850.754	I	H-05	certain	inherits from 509850.75	auto
509850.755	I	H-05	certain	inherits from 509850.75	auto
509850.8	I	H-08	high	has ptr to file 4; no ptr to file 2	auto
509850.81	I	H-05	certain	inherits from 509850.8	auto
509850.83	I	H-05	certain	inherits from 509850.8	auto
509850.831	I	H-05	certain	inherits from 509850.83	auto
509850.832	I	H-05	certain	inherits from 509850.83	auto
509850.9	P	H-06	high	field=.02 PATIENT points to file 2	auto
509850.9122	P	H-05	certain	inherits from 509850.9	auto
51	K	H-12	high	global=	auto
51.01	K	H-05	certain	inherits from 51	auto
51.1	K	H-12	high	global=	auto
51.11	K	H-05	certain	inherits from 51.1	auto
51.111	K	H-05	certain	inherits from 51.1	auto
51.113	K	H-05	certain	inherits from 51.1	auto
51.15	K	H-12	high	global=	auto
51.153	K	H-05	certain	inherits from 51.15	auto
51.17	K	H-05	certain	inherits from 51.1	auto
51.2	K	H-12	high	global=	auto
51.23	K	H-12	high	global=	auto
51.2399	K	H-05	certain	inherits from 51.23	auto
51.24	K	H-12	high	global=	auto
51.242	K	H-05	certain	inherits from 51.24	auto
51.2499	K	H-05	certain	inherits from 51.24	auto
51.25	K	H-12	high	global=	auto
51.251	K	H-05	certain	inherits from 51.25	auto
51.26	K	H-12	high	global=	auto
51.262	K	H-05	certain	inherits from 51.26	auto
51.263	K	H-05	certain	inherits from 51.26	auto
51.2699	K	H-05	certain	inherits from 51.26	auto
51.27	K	H-05	certain	inherits from 51.2	auto
51.28	K	H-12	high	global=	auto
51.282	K	H-05	certain	inherits from 51.28	auto
51.2899	K	H-05	certain	inherits from 51.28	auto
51.29	P	H-06	high	field=.01 PATIENT points to file 2	auto
51.292	P	H-05	certain	inherits from 51.29	auto
51.321	K	H-05	certain	inherits from 51	auto
51.33	K	H-05	certain	inherits from 51	auto
51.5	S	H-13	high	global=	auto
51.7	K	H-12	high	global=	auto
51.71	K	H-05	certain	inherits from 51.7	auto
51.73	K	H-05	certain	inherits from 51.7	auto
513.8	P	H-06	high	field=.01 PATIENT points to file 2	auto
513.801	P	H-05	certain	inherits from 513.8	auto
513.802	P	H-05	certain	inherits from 513.801	auto
513.803	P	H-05	certain	inherits from 513.801	auto
513.804	P	H-05	certain	inherits from 513.801	auto
513.805	P	H-05	certain	inherits from 513.804	auto
513.806	P	H-05	certain	inherits from 513.801	auto
513.807	P	H-05	certain	inherits from 513.801	auto
513.808	P	H-05	certain	inherits from 513.801	auto
513.81	P	H-05	certain	inherits from 513.801	auto
513.811	P	H-05	certain	inherits from 513.801	auto
513.85	I	H-09	low	has ptr to file 200 (staff/provider); no ptr to file 2 or 4	auto
513.852	I	H-05	certain	inherits from 513.85	auto
52	P	H-06	high	field=2 PATIENT points to file 2	auto
52.01	P	H-05	certain	inherits from 52	auto
52.0107	P	H-05	certain	inherits from 52	auto
52.0113	P	H-05	certain	inherits from 52	auto
52.0115	P	H-05	certain	inherits from 52	auto
52.02	P	H-05	certain	inherits from 52	auto
52.03	P	H-05	certain	inherits from 52	auto
52.032	P	H-05	certain	inherits from 52	auto
52.037	P	H-05	certain	inherits from 52	auto
52.038	P	H-05	certain	inherits from 52	auto
52.039	P	H-05	certain	inherits from 52	auto
52.04	P	H-05	certain	inherits from 52	auto
52.0401	P	H-05	certain	inherits from 52	auto
52.052311	P	H-05	certain	inherits from 52	auto
52.07	P	H-05	certain	inherits from 52	auto
52.0725	P	H-05	certain	inherits from 52	auto
52.09	P	H-06	high	field=.02 PATIENT points to file 2	auto
52.092	P	H-05	certain	inherits from 52.09	auto
52.093	P	H-05	certain	inherits from 52.09	auto
52.1	P	H-05	certain	inherits from 52	auto
52.11	P	H-06	high	field=.01 PATIENT points to file 2	auto
52.1112	P	H-05	certain	inherits from 52.11	auto
52.2	P	H-05	certain	inherits from 52	auto
52.25	P	H-05	certain	inherits from 52	auto
52.2551	P	H-05	certain	inherits from 52.25	auto
52.3	P	H-05	certain	inherits from 52	auto
52.34	P	H-05	certain	inherits from 52.3	auto
52.35	K	H-12	high	global=	auto
52.351	K	H-05	certain	inherits from 52.35	auto
52.352	K	H-05	certain	inherits from 52.35	auto
52.353	K	H-05	certain	inherits from 52.35	auto
52.4	P	H-06	high	field=1 PATIENT NAME points to file 2	auto
52.41	P	H-06	high	field=1 PATIENT points to file 2	auto
52.41105	P	H-05	certain	inherits from 52.41	auto
52.4118	P	H-05	certain	inherits from 52.41	auto
52.41182	P	H-05	certain	inherits from 52.4118	auto
52.4124	P	H-05	certain	inherits from 52.41	auto
52.413	P	H-05	certain	inherits from 52.41	auto
52.41311	P	H-05	certain	inherits from 52.41	auto
52.419	P	H-05	certain	inherits from 52.41	auto
52.42	P	H-05	certain	inherits from 52.41	auto
52.43	P	H-06	high	field=9 PATIENT points to file 2	auto
52.44	P	H-05	certain	inherits from 52.41	auto
52.444	P	H-06	high	field=2 PATIENT points to file 2	auto
52.45	K	H-12	high	global=	auto
52.451	K	H-05	certain	inherits from 52.45	auto
52.452	K	H-05	certain	inherits from 52.45	auto
52.4521	K	H-05	certain	inherits from 52.45	auto
52.45211	K	H-05	certain	inherits from 52.4521	auto
52.46	P	H-06	high	field=1.5 LINKED VISTA PATIENT points to file 2	auto
52.4613	P	H-05	certain	inherits from 52.46	auto
52.4615	P	H-05	certain	inherits from 52.46	auto
52.4619	P	H-05	certain	inherits from 52.46	auto
52.462	P	H-05	certain	inherits from 52.46	auto
52.465	P	H-05	certain	inherits from 52.46	auto
52.47	K	H-12	high	global=	auto
52.472	K	H-05	certain	inherits from 52.47	auto
52.473	K	H-05	certain	inherits from 52.47	auto
52.477	K	H-05	certain	inherits from 52.47	auto
52.48	K	H-12	high	global=	auto
52.4811	K	H-05	certain	inherits from 52.48	auto
52.483	K	H-05	certain	inherits from 52.48	auto
52.486	K	H-05	certain	inherits from 52.48	auto
52.49	P	H-06	high	field=.05 VISTA PATIENT points to file 2	auto
52.49101	P	H-05	certain	inherits from 52.49	auto
52.4911	P	H-05	certain	inherits from 52.49	auto
52.4912	P	H-05	certain	inherits from 52.49	auto
52.49122	P	H-05	certain	inherits from 52.4912	auto
52.4914	P	H-05	certain	inherits from 52.49	auto
52.4916	P	H-05	certain	inherits from 52.49	auto
52.4918	P	H-05	certain	inherits from 52.49	auto
52.49186	P	H-05	certain	inherits from 52.4918	auto
52.4919	P	H-05	certain	inherits from 52.49	auto
52.492	P	H-05	certain	inherits from 52.49	auto
52.492001	P	H-05	certain	inherits from 52.492	auto
52.49201	P	H-05	certain	inherits from 52.49	auto
52.4921	P	H-05	certain	inherits from 52.49	auto
52.4926	P	H-05	certain	inherits from 52.49	auto
52.4928	P	H-05	certain	inherits from 52.49	auto
52.49303	P	H-05	certain	inherits from 52.49	auto
52.49304	P	H-05	certain	inherits from 52.49	auto
52.493046	P	H-05	certain	inherits from 52.49304	auto
52.49306	P	H-05	certain	inherits from 52.49	auto
52.4931	P	H-05	certain	inherits from 52.49	auto
52.49311	P	H-05	certain	inherits from 52.49	auto
52.4931112	P	H-05	certain	inherits from 52.49311	auto
52.49311123	P	H-05	certain	inherits from 52.4931112	auto
52.493111267	P	H-05	certain	inherits from 52.4931112	auto
52.493111275	P	H-05	certain	inherits from 52.4931112	auto
52.4931113	P	H-05	certain	inherits from 52.49311	auto
52.4931114	P	H-05	certain	inherits from 52.49311	auto
52.4931117	P	H-05	certain	inherits from 52.49311	auto
52.4931125	P	H-05	certain	inherits from 52.49311	auto
52.493113	P	H-05	certain	inherits from 52.49311	auto
52.4931146	P	H-05	certain	inherits from 52.49311	auto
52.4931151	P	H-05	certain	inherits from 52.49311	auto
52.4931157	P	H-05	certain	inherits from 52.49311	auto
52.4931159	P	H-05	certain	inherits from 52.49311	auto
52.493116	P	H-05	certain	inherits from 52.49311	auto
52.4931161	P	H-05	certain	inherits from 52.49311	auto
52.4931162	P	H-05	certain	inherits from 52.49311	auto
52.493117	P	H-05	certain	inherits from 52.49311	auto
52.493118	P	H-05	certain	inherits from 52.49311	auto
52.49316	P	H-05	certain	inherits from 52.49	auto
52.49317	P	H-05	certain	inherits from 52.49	auto
52.4949	P	H-05	certain	inherits from 52.49	auto
52.4955	P	H-05	certain	inherits from 52.49	auto
52.4961	P	H-05	certain	inherits from 52.49	auto
52.4971	P	H-05	certain	inherits from 52.49	auto
52.4972	P	H-05	certain	inherits from 52.49	auto
52.4973	P	H-05	certain	inherits from 52.49	auto
52.499	P	H-05	certain	inherits from 52.49	auto
52.499501	P	H-05	certain	inherits from 52.49	auto
52.499502	P	H-05	certain	inherits from 52.49	auto
52.5	P	H-06	high	field=.03 PATIENT points to file 2	auto
52.51	P	H-06	high	field=2 PATIENT points to file 2	auto
52.52	I	H-09	low	has ptr to file 200 (staff/provider); no ptr to file 2 or 4	auto
52.53	K	H-12	high	global=	auto
52.54	K	H-12	high	global=	auto
52.6	K	H-12	high	global=	auto
52.61	K	H-05	certain	inherits from 52.6	auto
52.62	K	H-05	certain	inherits from 52.6	auto
52.63	K	H-05	certain	inherits from 52.6	auto
52.64	K	H-05	certain	inherits from 52.6	auto
52.7	K	H-12	high	global=	auto
52.702	K	H-05	certain	inherits from 52.7	auto
52.703	K	H-05	certain	inherits from 52.7	auto
52.704	K	H-05	certain	inherits from 52.7	auto
52.7252	P	H-05	certain	inherits from 52.0725	auto
52.72521	P	H-05	certain	inherits from 52.7252	auto
52.72522	P	H-05	certain	inherits from 52.7252	auto
52.7253	P	H-05	certain	inherits from 52.0725	auto
52.7254	P	H-05	certain	inherits from 52.0725	auto
52.75	P	H-06	high	field=2 PATIENT points to file 2	auto
52.8	P	H-06	high	field=1 PATIENT # points to file 2	auto
52.85	K	H-12	high	global=	auto
52.8551	K	H-05	certain	inherits from 52.85	auto
52.86	I	H-09	low	has ptr to file 200 (staff/provider); no ptr to file 2 or 4	auto
52.865	I	H-05	certain	inherits from 52.86	auto
52.8651	I	H-05	certain	inherits from 52.86	auto
52.87	P	H-06	high	field=3 PATIENT points to file 2	auto
52.8713	P	H-05	certain	inherits from 52.87	auto
52.9	K	H-12	high	global=	auto
52.9001	P	H-06	high	field=.01 PATIENT NAME points to file 2	auto
52.9002	P	H-05	certain	inherits from 52.9001	auto
52.91	P	H-06	high	field=.01 PATIENT points to file 2	auto
52.92	I	H-08	high	has ptr to file 4; no ptr to file 2	auto
53	K	H-12	high	global=	auto
53.1	P	H-06	high	field=.5 PATIENT NAME points to file 2	auto
53.1012	P	H-05	certain	inherits from 53.1	auto
53.11	P	H-05	certain	inherits from 53.1	auto
53.1112	P	H-05	certain	inherits from 53.1	auto
53.11122	P	H-05	certain	inherits from 53.1112	auto
53.1114	P	H-05	certain	inherits from 53.1	auto
53.1119	P	H-05	certain	inherits from 53.1	auto
53.1135	P	H-05	certain	inherits from 53.1	auto
53.1136	P	H-05	certain	inherits from 53.1	auto
53.12	P	H-05	certain	inherits from 53.1	auto
53.13	P	H-05	certain	inherits from 53.1	auto
53.157	P	H-05	certain	inherits from 53.1	auto
53.158	P	H-05	certain	inherits from 53.1	auto
53.2	K	H-12	high	global=	auto
53.21	K	H-05	certain	inherits from 53.2	auto
53.2102	K	H-05	certain	inherits from 53.21	auto
53.22	K	H-05	certain	inherits from 53.2	auto
53.23	K	H-05	certain	inherits from 53.22	auto
53.3	K	H-12	high	global=	auto
53.4	I	H-09	low	has ptr to file 200 (staff/provider); no ptr to file 2 or 4	auto
53.401	P	H-06	high	field=.01 PATIENT points to file 2	auto
53.4011	P	H-05	certain	inherits from 53.401	auto
53.401101	P	H-05	certain	inherits from 53.4011	auto
53.41	K	H-12	high	global=	auto
53.4101	K	H-05	certain	inherits from 53.41	auto
53.4102	P	H-06	high	field=.01 PATIENT points to file 2	auto
53.4103	P	H-05	certain	inherits from 53.4102	auto
53.4104	P	H-05	certain	inherits from 53.4103	auto
53.42	K	H-12	high	global=	auto
53.43	K	H-12	high	global=	auto
53.4301	K	H-05	certain	inherits from 53.43	auto
53.43011	P	H-06	high	field=.01 PATIENT points to file 2	auto
53.44	I	H-09	low	has ptr to file 200 (staff/provider); no ptr to file 2 or 4	auto
53.4401	P	H-06	high	field=.01 PATIENT points to file 2	auto
53.4402	P	H-05	certain	inherits from 53.4401	auto
53.45	I	H-09	low	has ptr to file 200 (staff/provider); no ptr to file 2 or 4	auto
53.4501	I	H-05	certain	inherits from 53.45	auto
53.4502	I	H-05	certain	inherits from 53.45	auto
53.4504	I	H-05	certain	inherits from 53.45	auto
53.455	I	H-05	certain	inherits from 53.45	auto
53.456	I	H-05	certain	inherits from 53.45	auto
53.46	K	H-12	high	global=	auto
53.47	K	H-12	high	global=	auto
53.5	K	H-12	high	global=	auto
53.51	P	H-06	high	field=.01 PATIENT points to file 2	auto
53.52	P	H-05	certain	inherits from 53.51	auto
53.53	P	H-05	certain	inherits from 53.52	auto
53.55	K	H-12	high	global=	auto
53.56	K	H-05	certain	inherits from 53.55	auto
53.66	I	H-08	high	has ptr to file 4; no ptr to file 2	auto
53.67	I	H-05	certain	inherits from 53.66	auto
53.68	P	H-06	high	field=.11 PATIENT points to file 2	auto
53.686	P	H-05	certain	inherits from 53.68	auto
53.687	P	H-05	certain	inherits from 53.68	auto
53.69	P	H-06	high	field=.12 PATIENT points to file 2	auto
53.692	P	H-05	certain	inherits from 53.69	auto
53.7	S	H-39	moderate	orphan: 0 ptrs in, 0 ptrs out	auto
53.701	S	H-05	certain	inherits(prop) from 53.7	auto
53.702	S	H-05	certain	inherits(prop) from 53.7	auto
53.70211	S	H-05	certain	inherits(prop) from 53.702	auto
53.70212	S	H-05	certain	inherits(prop) from 53.702	auto
53.70213	S	H-05	certain	inherits(prop) from 53.702	auto
53.7028	S	H-05	certain	inherits(prop) from 53.702	auto
53.703	S	H-05	certain	inherits(prop) from 53.702	auto
53.71	S	H-21	low	name contains S-pattern	auto
53.713	S	H-05	certain	inherits from 53.71	auto
53.7135	S	H-05	certain	inherits from 53.713	auto
53.71351	S	H-05	certain	inherits from 53.7135	auto
53.77	P	H-06	high	field=.02 PATIENT ID points to file 2	auto
53.771	P	H-05	certain	inherits from 53.77	auto
53.7711	P	H-05	certain	inherits from 53.77	auto
53.7712	P	H-05	certain	inherits from 53.77	auto
53.78	P	H-06	high	field=.01 PATIENT NAME points to file 2	auto
53.79	P	H-06	high	field=.01 PATIENT NAME points to file 2	auto
53.793	P	H-05	certain	inherits from 53.79	auto
53.795	P	H-05	certain	inherits from 53.79	auto
53.796	P	H-05	certain	inherits from 53.79	auto
53.797	P	H-05	certain	inherits from 53.79	auto
53.799	P	H-05	certain	inherits from 53.79	auto
53.8	I	H-09	low	has ptr to file 200 (staff/provider); no ptr to file 2 or 4	auto
537000	I	H-08	high	has ptr to file 4; no ptr to file 2	auto
537010	P	H-23	low	name contains P-pattern	auto
537010.04	I	H-08	high	has ptr to file 4; no ptr to file 2	auto
537015	K	H-20	low	name contains K-pattern	auto
537025	I	H-08	high	has ptr to file 4; no ptr to file 2	auto
538	P	H-14	moderate	package=UTILIZATION MANAGEMENT ROLLUP (IBQ)	auto
538.113	P	H-05	certain	inherits from 538	auto
54	K	H-12	high	global=	auto
54.1	K	H-05	certain	inherits from 54	auto
548071	I	H-09	low	has ptr to file 200 (staff/provider); no ptr to file 2 or 4	auto
548071.09	I	H-05	certain	inherits from 548071	auto
548260	P	manual-package	moderate	prefix=AXA batch triage	triage
548260.1	P	manual-package	moderate	prefix=AXA batch triage	triage
548261	P	manual-package	moderate	prefix=AXA batch triage	triage
548261.01	P	inherited-parent	moderate	inherits from 548261	inherited
548270	I	H-09	low	has ptr to file 200 (staff/provider); no ptr to file 2 or 4	auto
55	P	H-06	high	field=.01 NAME points to file 2	auto
55.01	P	H-05	certain	inherits from 55	auto
55.0105	P	H-05	certain	inherits from 55	auto
55.0108	P	H-05	certain	inherits from 55	auto
55.0109	P	H-05	certain	inherits from 55	auto
55.02	P	H-05	certain	inherits from 55.01	auto
55.03	P	H-05	certain	inherits from 55	auto
55.04	P	H-05	certain	inherits from 55.01	auto
55.05	P	H-05	certain	inherits from 55	auto
55.051	P	H-05	certain	inherits from 55.05	auto
55.0511	P	H-05	certain	inherits from 55.051	auto
55.052	P	H-05	certain	inherits from 55.05	auto
55.06	P	H-06	high	field=.5 PATIENT NAME points to file 2	auto
55.061	P	H-05	certain	inherits from 55	auto
55.0611	P	H-05	certain	inherits from 55.06	auto
55.0612	P	H-05	certain	inherits from 55.06	auto
55.07	P	H-05	certain	inherits from 55.06	auto
55.08	P	H-05	certain	inherits from 55.06	auto
55.09	P	H-05	certain	inherits from 55.06	auto
55.1	P	H-05	certain	inherits from 55.06	auto
55.1057	P	H-05	certain	inherits from 55.0105	auto
55.1058	P	H-05	certain	inherits from 55.0105	auto
55.11	P	H-05	certain	inherits from 55.01	auto
55.1111	P	H-05	certain	inherits from 55.01	auto
55.1115	P	H-05	certain	inherits from 55.01	auto
55.1138	P	H-05	certain	inherits from 55.01	auto
55.1153	P	H-05	certain	inherits from 55.01	auto
55.1154	P	H-05	certain	inherits from 55.01	auto
55.12	P	H-05	certain	inherits from 55.06	auto
55.13	P	H-05	certain	inherits from 55	auto
55.14	P	H-05	certain	inherits from 55.13	auto
55.15	P	H-05	certain	inherits from 55.04	auto
55.16	P	H-05	certain	inherits from 55.09	auto
55.17	P	H-05	certain	inherits from 55	auto
55.174	P	H-05	certain	inherits from 55.17	auto
55.42	P	H-05	certain	inherits from 55.04	auto
55.43	P	H-05	certain	inherits from 55.04	auto
55.514	P	H-05	certain	inherits from 55.05	auto
55.516	P	H-05	certain	inherits from 55.05	auto
55.6114	P	H-05	certain	inherits from 55.06	auto
55.6132	P	H-05	certain	inherits from 55.06	auto
55.6135	P	H-05	certain	inherits from 55.06	auto
55.95	K	H-12	high	global=	auto
550	I	H-08	high	has ptr to file 4; no ptr to file 2	auto
550.04	I	H-05	certain	inherits from 550	auto
550.07	I	H-05	certain	inherits from 550	auto
550.08	I	H-05	certain	inherits from 550	auto
550.09	I	H-05	certain	inherits from 550	auto
550.1	S	H-39	moderate	orphan: 0 ptrs in, 0 ptrs out	auto
550.11	S	H-05	certain	inherits(prop) from 550.1	auto
550.1101	S	H-05	certain	inherits(prop) from 550.1	auto
550.2	I	H-09	low	has ptr to file 200 (staff/provider); no ptr to file 2 or 4	auto
550.215	P	H-06	high	field=.03 PATIENT points to file 2	auto
550.216	I	H-05	certain	inherits from 550.2	auto
5555555.01	S	manual-orphan	low	orphan subfile — parent 5555555 absent from DD (WP test residue)	triage
5555555.02	S	manual-orphan	low	orphan subfile — parent 5555555 absent from DD (WP test residue)	triage
56	K	H-12	high	global=	auto
560	P	H-14	moderate	package=VIRTUAL PATIENT RECORD (VPR)	auto
560.02	P	H-06	high	field=.01 PATIENT NAME points to file 2	auto
560.1	P	H-14	moderate	package=VIRTUAL PATIENT RECORD (VPR)	auto
560.11	P	H-05	certain	inherits from 560.1	auto
57	S	H-13	high	global=	auto
57.1	K	H-12	high	global=	auto
57.16	K	H-05	certain	inherits from 57.1	auto
57.17	K	H-05	certain	inherits from 57.1	auto
57.18	K	H-05	certain	inherits from 57.1	auto
57.23	K	H-12	high	global=	auto
57.231	K	H-05	certain	inherits from 57.23	auto
57.233	K	H-05	certain	inherits from 57.231	auto
57.2331	K	H-05	certain	inherits from 57.23	auto
57.2332	K	H-05	certain	inherits from 57.23	auto
57.2333	K	H-05	certain	inherits from 57.23	auto
57.2334	K	H-05	certain	inherits from 57.23	auto
57.234	K	H-05	certain	inherits from 57.23	auto
57.236	K	H-05	certain	inherits from 57.23	auto
57.24	K	H-05	certain	inherits from 57.23	auto
57.5	K	H-12	high	global=	auto
57.51	K	H-05	certain	inherits from 57.5	auto
57.6	K	H-12	high	global=	auto
57.61	K	H-05	certain	inherits from 57.6	auto
57.62	K	H-05	certain	inherits from 57.61	auto
57.63	K	H-05	certain	inherits from 57.62	auto
57.7	K	H-12	high	global=	auto
57.701	K	H-05	certain	inherits from 57.7	auto
57.702	K	H-05	certain	inherits from 57.701	auto
57.8	K	H-12	high	global=	auto
57.81	K	H-05	certain	inherits from 57.8	auto
577	P	manual-package	moderate	prefix=VDE batch triage	triage
577.4	K	H-20	low	name contains K-pattern	auto
579.1	P	manual-package	moderate	prefix=VDE batch triage	triage
579.2	P	manual-package	moderate	prefix=VDE batch triage	triage
579.3	P	manual-package	moderate	prefix=VDE batch triage	triage
579.31	P	inherited-parent	moderate	inherits from 579.3	inherited
579.311	P	inherited-parent	moderate	inherits from 579.31	inherited
579.313	P	inherited-parent	moderate	inherits from 579.31	inherited
579.32	P	inherited-parent	moderate	inherits from 579.3	inherited
579.5	S	H-21	low	name contains S-pattern	auto
579.6	P	manual-package	moderate	prefix=VDE batch triage	triage
58	S	H-13	high	global=	auto
58.1	K	manual	moderate	PHARMACY AOU STOCK — pharmacy knowledge	triage
58.11	K	inherited-parent	moderate	inherits from 58.1	inherited
58.12	K	inherited-parent	moderate	inherits from 58.11	inherited
58.13	K	H-20	low	name contains K-pattern	auto
58.14	I	H-22	low	name contains I-pattern	auto
58.15	K	inherited-parent	moderate	inherits from 58.11	inherited
58.152	K	inherited-parent	moderate	inherits from 58.15	inherited
58.16	K	H-20	low	name contains K-pattern	auto
58.17	S	H-39	moderate	orphan: 0 ptrs in, 0 ptrs out	auto
58.18	K	H-05	certain	inherits from 58.16	auto
58.19	I	H-09	low	has ptr to file 200 (staff/provider); no ptr to file 2 or 4	auto
58.2	S	H-39	moderate	orphan: 0 ptrs in, 0 ptrs out	auto
58.21	S	H-05	certain	inherits(prop) from 58.2	auto
58.22	K	H-20	low	name contains K-pattern	auto
58.23	S	H-05	certain	inherits(prop) from 58.2	auto
58.24	I	H-05	certain	inherits from 58.19	auto
58.25	I	H-05	certain	inherits from 58.24	auto
58.26	I	H-22	low	name contains I-pattern	auto
58.27	I	H-05	certain	inherits from 58.14	auto
58.28	I	H-09	low	has ptr to file 200 (staff/provider); no ptr to file 2 or 4	auto
58.29	S	H-05	certain	inherits(prop) from 58.2	auto
58.291	K	H-20	low	name contains K-pattern	auto
58.3	K	manual	moderate	PHARMACY BACKORDER — pharmacy knowledge	triage
58.31	K	inherited-parent	moderate	inherits from 58.3	inherited
58.32	K	inherited-parent	moderate	inherits from 58.31	inherited
58.35	K	H-12	high	global=	auto
58.351	K	H-05	certain	inherits from 58.35	auto
58.3511	K	H-05	certain	inherits from 58.351	auto
58.35111	K	H-05	certain	inherits from 58.3511	auto
58.36	K	H-12	high	global=	auto
58.4	K	H-12	high	global=	auto
58.4001	K	H-05	certain	inherits from 58.4	auto
58.40011	K	H-05	certain	inherits from 58.4001	auto
58.400111	K	H-05	certain	inherits from 58.40011	auto
58.4001111	K	H-05	certain	inherits from 58.400111	auto
58.41	K	H-12	high	global=	auto
58.410111	K	H-05	certain	inherits from 58.400111	auto
58.411	K	H-05	certain	inherits from 58.41	auto
58.412	K	H-05	certain	inherits from 58.41	auto
58.42	I	H-09	low	has ptr to file 200 (staff/provider); no ptr to file 2 or 4	auto
58.42001	I	H-05	certain	inherits from 58.42	auto
58.42002	I	H-05	certain	inherits from 58.42	auto
58.42102	I	H-05	certain	inherits from 58.42	auto
58.42201	I	H-05	certain	inherits from 58.42	auto
58.5	S	H-39	moderate	orphan: 0 ptrs in, 0 ptrs out	auto
58.501	P	H-23	low	name contains P-pattern	auto
58.51	P	H-05	certain	inherits from 58.501	auto
58.52	P	H-05	certain	inherits from 58.501	auto
58.53	P	H-05	certain	inherits from 58.52	auto
58.6	P	H-06	high	field=14 PATIENT points to file 2	auto
58.601	K	H-12	high	global=	auto
58.6011	K	H-05	certain	inherits from 58.601	auto
58.60111	K	H-05	certain	inherits from 58.6011	auto
58.60112	K	H-05	certain	inherits from 58.6011	auto
58.601121	K	H-05	certain	inherits from 58.60112	auto
58.601122	K	H-05	certain	inherits from 58.60112	auto
58.601123	K	H-05	certain	inherits from 58.60112	auto
58.6014	K	H-05	certain	inherits from 58.601	auto
58.60141	K	H-05	certain	inherits from 58.6014	auto
58.6015	K	H-05	certain	inherits from 58.601	auto
58.6016	K	H-05	certain	inherits from 58.601	auto
58.63	K	H-12	high	global=	auto
58.635	K	H-05	certain	inherits from 58.63	auto
58.636	K	H-05	certain	inherits from 58.63	auto
58.637	K	H-05	certain	inherits from 58.63	auto
58.638	K	H-05	certain	inherits from 58.63	auto
58.639	K	H-05	certain	inherits from 58.63	auto
58.64	I	H-09	low	has ptr to file 200 (staff/provider); no ptr to file 2 or 4	auto
58.65	K	H-05	certain	inherits from 58.63	auto
58.7	K	H-12	high	global=	auto
58.71	K	H-12	high	global=	auto
58.72	P	H-06	high	field=1 PATIENT points to file 2	auto
58.74	K	H-05	certain	inherits from 58.7	auto
58.741	K	H-05	certain	inherits from 58.74	auto
58.7411	K	H-05	certain	inherits from 58.741	auto
58.7412	K	H-05	certain	inherits from 58.74	auto
58.7413	K	H-05	certain	inherits from 58.74	auto
58.742	K	H-05	certain	inherits from 58.74	auto
58.746	K	H-05	certain	inherits from 58.74	auto
58.747	K	H-05	certain	inherits from 58.74	auto
58.748	K	H-05	certain	inherits from 58.74	auto
58.7481	K	H-05	certain	inherits from 58.748	auto
58.749	K	H-05	certain	inherits from 58.74	auto
58.8	K	H-12	high	global=	auto
58.8001	K	H-05	certain	inherits from 58.8	auto
58.800115	K	H-05	certain	inherits from 58.8001	auto
58.800116	K	H-05	certain	inherits from 58.8001	auto
58.800118	K	H-05	certain	inherits from 58.8001	auto
58.80011813	K	H-05	certain	inherits from 58.800118	auto
58.800119	K	H-05	certain	inherits from 58.8001	auto
58.801	K	H-05	certain	inherits from 58.8001	auto
58.81	P	H-06	high	field=73 PATIENT points to file 2	auto
58.811	K	H-12	high	global=	auto
58.8112	K	H-05	certain	inherits from 58.811	auto
58.81125	K	H-05	certain	inherits from 58.8112	auto
58.811259	K	H-05	certain	inherits from 58.81125	auto
58.81126	K	H-05	certain	inherits from 58.8112	auto
58.812	K	H-12	high	global=	auto
58.8121	K	H-05	certain	inherits from 58.812	auto
58.8122	K	H-05	certain	inherits from 58.812	auto
58.8123	K	H-05	certain	inherits from 58.812	auto
58.8126	P	H-05	certain	inherits from 58.81	auto
58.82	K	H-12	high	global=	auto
58.828	K	H-05	certain	inherits from 58.8	auto
58.83	K	H-12	high	global=	auto
58.831	K	H-05	certain	inherits from 58.8	auto
58.836	K	H-05	certain	inherits from 58.8	auto
58.84	K	H-12	high	global=	auto
58.842	K	H-05	certain	inherits from 58.8	auto
58.8445	K	H-05	certain	inherits from 58.8	auto
58.85	P	H-06	high	field=22 PATIENT points to file 2	auto
58.858	P	H-05	certain	inherits from 58.85	auto
58.86	P	H-06	high	field=18 PATIENT RETURNING DRUG points to file 2	auto
58.87	I	H-09	low	has ptr to file 200 (staff/provider); no ptr to file 2 or 4	auto
58.88	K	H-12	high	global=	auto
58.881	K	H-05	certain	inherits from 58.88	auto
58.89	I	H-09	low	has ptr to file 200 (staff/provider); no ptr to file 2 or 4	auto
58.895	I	H-05	certain	inherits from 58.89	auto
580950.1	S	H-17	moderate	package=VA FILEMAN (DI)	auto
580950.11	S	H-05	certain	inherits from 580950.1	auto
580950.2	S	manual-vestigial	low	*AJK1UB — obsolete local	triage
580950.21	S	inherited-parent	low	inherits from 580950.2	inherited
580950.3	S	manual-vestigial	low	*AJK1UB STATUS — obsolete local	triage
580950.31	S	inherited-parent	low	inherits from 580950.3	inherited
580950.4	S	H-17	moderate	package=VA FILEMAN (DI)	auto
580950.5	S	H-17	moderate	package=VA FILEMAN (DI)	auto
580950.6	S	H-17	moderate	package=VA FILEMAN (DI)	auto
580950.61	S	H-05	certain	inherits from 580950.6	auto
580950.7	S	H-17	moderate	package=VA FILEMAN (DI)	auto
580950.8	S	H-17	moderate	package=VA FILEMAN (DI)	auto
59	I	H-08	high	has ptr to file 4; no ptr to file 2	auto
59.01004	I	H-05	certain	inherits from 59	auto
59.01005	I	H-05	certain	inherits from 59	auto
59.01006	I	H-05	certain	inherits from 59	auto
59.0135	I	H-05	certain	inherits from 59	auto
59.02008	I	H-05	certain	inherits from 59	auto
59.08	I	H-08	high	has ptr to file 4; no ptr to file 2	auto
59.1	K	H-12	high	global=	auto
59.11	K	H-05	certain	inherits from 59.1	auto
59.12	K	H-12	high	global=	auto
59.121	K	H-05	certain	inherits from 59.12	auto
59.122	K	H-05	certain	inherits from 59.12	auto
59.123	K	H-05	certain	inherits from 59.12	auto
59.2	K	H-12	high	global=	auto
59.2001	K	H-05	certain	inherits from 59.2	auto
59.20081	I	H-05	certain	inherits from 59.02008	auto
59.3	K	H-12	high	global=	auto
59.30002	K	H-05	certain	inherits from 59.3	auto
59.4	I	H-08	high	has ptr to file 4; no ptr to file 2	auto
59.5	K	H-12	high	global=	auto
59.51	K	H-05	certain	inherits from 59.5	auto
59.52	K	H-05	certain	inherits from 59.5	auto
59.6	K	H-12	high	global=	auto
59.7	I	H-09	low	has ptr to file 200 (staff/provider); no ptr to file 2 or 4	auto
59.701	I	H-05	certain	inherits from 59.7	auto
59.721	I	H-05	certain	inherits from 59.7	auto
59.722	I	H-05	certain	inherits from 59.7	auto
59.7221	I	H-05	certain	inherits from 59.722	auto
59.723	I	H-05	certain	inherits from 59.7	auto
59.7231	I	H-05	certain	inherits from 59.723	auto
59.73	K	H-12	high	global=	auto
59.731	K	H-05	certain	inherits from 59.73	auto
59.74	K	H-12	high	global=	auto
59.747	I	H-05	certain	inherits from 59.7	auto
59.782	I	H-05	certain	inherits from 59.7	auto
59.79001	I	H-05	certain	inherits from 59.7	auto
59.79002	I	H-05	certain	inherits from 59.7	auto
59.79003	I	H-05	certain	inherits from 59.7	auto
59.8	K	H-12	high	global=	auto
59.81	K	H-05	certain	inherits from 59.8	auto
59.9	P	H-06	high	field=.02 PATIENT points to file 2	auto
6.666	S	H-17	moderate	package=KERNEL (XU)	auto
6.676	S	H-05	certain	inherits from 6.666	auto
60	K	H-12	high	global=	auto
60.01	K	H-05	certain	inherits from 60	auto
60.02	K	H-05	certain	inherits from 60	auto
60.021661	K	H-05	certain	inherits from 60	auto
60.03	K	H-05	certain	inherits from 60	auto
60.04	K	H-05	certain	inherits from 60.03	auto
60.05	K	H-05	certain	inherits from 60.03	auto
60.0505	K	H-05	certain	inherits from 60	auto
60.06	K	H-05	certain	inherits from 60.01	auto
60.07	K	H-05	certain	inherits from 60.01	auto
60.08	K	H-05	certain	inherits from 60	auto
60.09	K	H-05	certain	inherits from 60	auto
60.1	K	H-05	certain	inherits from 60	auto
60.11	I	H-08	high	has ptr to file 4; no ptr to file 2	auto
60.12	K	H-05	certain	inherits from 60	auto
60.121661	K	H-05	certain	inherits from 60.01	auto
60.13	K	H-05	certain	inherits from 60	auto
60.14	K	H-05	certain	inherits from 60.03	auto
60.15	I	H-08	high	has ptr to file 4; no ptr to file 2	auto
60.16	K	H-05	certain	inherits from 60	auto
60.196	K	H-05	certain	inherits from 60.01	auto
60.2	K	H-05	certain	inherits from 60.01	auto
60.28	K	H-05	certain	inherits from 60	auto
60.5051	K	H-05	certain	inherits from 60.0505	auto
600.7	P	H-14	moderate	package=MENTAL HEALTH (YS)	auto
600.71	P	H-06	high	field=1 PATIENT points to file 2	auto
6000	I	H-08	high	has ptr to file 4; no ptr to file 2	auto
6001	I	H-09	low	has ptr to file 200 (staff/provider); no ptr to file 2 or 4	auto
6001.01	I	H-05	certain	inherits from 6001	auto
6001.02	I	H-05	certain	inherits from 6001	auto
6002.01	P	H-06	high	field=9 DFN points to file 2	auto
6002.03	P	H-06	high	field=1 DFN points to file 2	auto
6002.04	P	H-14	moderate	package=VBECS (VBEC)	auto
6003	P	H-14	moderate	package=VBECS (VBEC)	auto
6003.01	P	H-05	certain	inherits from 6003	auto
6005	P	H-14	moderate	package=VBECS (VBEC)	auto
6007	P	H-14	moderate	package=VBECS (VBEC)	auto
6009	P	H-14	moderate	package=VBECS (VBEC)	auto
6009.01	P	H-05	certain	inherits from 6009	auto
601	I	H-09	low	has ptr to file 200 (staff/provider); no ptr to file 2 or 4	auto
601.01	I	H-05	certain	inherits from 601	auto
601.02	I	H-05	certain	inherits from 601	auto
601.03	I	H-05	certain	inherits from 601.02	auto
601.04	I	H-05	certain	inherits from 601.01	auto
601.05	I	H-05	certain	inherits from 601.02	auto
601.06	I	H-05	certain	inherits from 601	auto
601.07	I	H-05	certain	inherits from 601.06	auto
601.08	I	H-05	certain	inherits from 601	auto
601.09	I	H-05	certain	inherits from 601.08	auto
601.1	I	H-05	certain	inherits from 601	auto
601.11	I	H-05	certain	inherits from 601.1	auto
601.12	I	H-05	certain	inherits from 601	auto
601.13	I	H-05	certain	inherits from 601	auto
601.14	I	H-05	certain	inherits from 601	auto
601.15	I	H-05	certain	inherits from 601	auto
601.16	I	H-05	certain	inherits from 601	auto
601.2	P	H-06	high	field=.01 NAME points to file 2	auto
601.21	P	H-05	certain	inherits from 601.2	auto
601.22	P	H-05	certain	inherits from 601.21	auto
601.2213	P	H-05	certain	inherits from 601.22	auto
601.22139	P	H-05	certain	inherits from 601.2213	auto
601.3	P	manual-package	moderate	prefix=YTT batch triage	triage
601.31	P	inherited-parent	moderate	inherits from 601.3	inherited
601.4	P	H-06	high	field=.01 NAME points to file 2	auto
601.41	P	H-05	certain	inherits from 601.4	auto
601.6	P	manual-package	moderate	prefix=YTT batch triage	triage
601.66	P	inherited-parent	moderate	inherits from 601.6	inherited
601.662	P	inherited-parent	moderate	inherits from 601.66	inherited
601.71	P	manual-package	moderate	prefix=YTT batch triage	triage
601.711	P	inherited-parent	moderate	inherits from 601.71	inherited
601.71101	K	H-20	low	name contains K-pattern	auto
601.712	P	manual-package	moderate	prefix=YTT batch triage	triage
601.7121	P	inherited-parent	moderate	inherits from 601.712	inherited
601.72	P	manual-package	moderate	prefix=YTT batch triage	triage
601.721	P	inherited-parent	moderate	inherits from 601.72	inherited
601.73	P	manual-package	moderate	prefix=YTT batch triage	triage
601.731	P	inherited-parent	moderate	inherits from 601.73	inherited
601.74	K	H-20	low	name contains K-pattern	auto
601.75	P	manual-package	moderate	prefix=YTT batch triage	triage
601.751	K	H-20	low	name contains K-pattern	auto
601.76	P	manual-package	moderate	prefix=YTT batch triage	triage
601.77	P	manual-package	moderate	prefix=YTT batch triage	triage
601.78	P	manual-package	moderate	prefix=YTT batch triage	triage
601.781	I	H-09	low	has ptr to file 200 (staff/provider); no ptr to file 2 or 4	auto
601.79	P	manual-package	moderate	prefix=YTT batch triage	triage
601.81	P	manual-package	moderate	prefix=YTT batch triage	triage
601.82	P	manual-package	moderate	prefix=YTT batch triage	triage
601.83	P	manual-package	moderate	prefix=YTT batch triage	triage
601.84	P	H-06	high	field=1 PATIENT points to file 2	auto
601.841	P	H-05	certain	inherits from 601.84	auto
601.844	P	manual-package	moderate	prefix=YTT batch triage	triage
601.85	P	manual-package	moderate	prefix=YTT batch triage	triage
601.853	P	inherited-parent	moderate	inherits from 601.85	inherited
601.86	P	manual-package	moderate	prefix=YTT batch triage	triage
601.87	P	manual-package	moderate	prefix=YTT batch triage	triage
601.88	P	manual-package	moderate	prefix=YTT batch triage	triage
601.89	S	H-39	moderate	orphan: 0 ptrs in, 0 ptrs out	auto
601.91	P	manual-package	moderate	prefix=YTT batch triage	triage
601.92	P	manual-package	moderate	prefix=YTT batch triage	triage
601.921	P	inherited-parent	moderate	inherits from 601.92	inherited
601.93	P	manual-package	moderate	prefix=YTT batch triage	triage
601.932	P	inherited-parent	moderate	inherits from 601.93	inherited
601.94	P	H-06	high	field=1 PATIENT points to file 2	auto
601.949	P	H-05	certain	inherits from 601.94	auto
601.95	S	H-39	moderate	orphan: 0 ptrs in, 0 ptrs out	auto
601.951	S	H-05	certain	inherits(prop) from 601.95	auto
601.952	S	H-05	certain	inherits(prop) from 601.95	auto
601.953	I	H-09	low	has ptr to file 200 (staff/provider); no ptr to file 2 or 4	auto
601.954	S	H-05	certain	inherits(prop) from 601.95	auto
601.96	S	H-39	moderate	orphan: 0 ptrs in, 0 ptrs out	auto
601.961	S	H-05	certain	inherits(prop) from 601.96	auto
601.97	K	H-20	low	name contains K-pattern	auto
603.01	P	H-06	high	field=1 CLOZAPINE PATIENT points to file 2	auto
603.02	P	H-14	moderate	package=MENTAL HEALTH (YS)	auto
603.03	P	H-14	moderate	package=MENTAL HEALTH (YS)	auto
603.04	P	H-14	moderate	package=MENTAL HEALTH (YS)	auto
603.05	P	H-06	high	field=.01 CLOZAPINE PATIENT points to file 2	auto
603.41	P	H-05	certain	inherits from 603.04	auto
603.51	P	H-05	certain	inherits from 603.05	auto
603.52	P	H-05	certain	inherits from 603.05	auto
604	P	H-06	high	field=.02 NAME points to file 2	auto
604.01	P	H-05	certain	inherits from 604	auto
604.0187	P	H-05	certain	inherits from 604	auto
604.0188	P	H-05	certain	inherits from 604	auto
604.02	P	H-05	certain	inherits from 604	auto
604.03	P	H-05	certain	inherits from 604	auto
604.05	P	H-05	certain	inherits from 604	auto
604.06	P	H-05	certain	inherits from 604	auto
604.09	P	H-05	certain	inherits from 604	auto
604.11	P	H-05	certain	inherits from 604	auto
604.12	P	H-05	certain	inherits from 604	auto
604.26	P	H-14	moderate	package=MENTAL HEALTH (YS)	auto
604.3	P	H-14	moderate	package=MENTAL HEALTH (YS)	auto
604.4	P	H-14	moderate	package=MENTAL HEALTH (YS)	auto
604.45	P	H-14	moderate	package=MENTAL HEALTH (YS)	auto
604.48	P	H-14	moderate	package=MENTAL HEALTH (YS)	auto
604.5	P	H-14	moderate	package=MENTAL HEALTH (YS)	auto
604.55	P	H-14	moderate	package=MENTAL HEALTH (YS)	auto
604.66	P	H-14	moderate	package=MENTAL HEALTH (YS)	auto
604.6613	P	H-05	certain	inherits from 604.66	auto
604.6614	P	H-05	certain	inherits from 604.66	auto
604.68	P	H-14	moderate	package=MENTAL HEALTH (YS)	auto
604.681	P	H-05	certain	inherits from 604.68	auto
604.77	P	H-14	moderate	package=MENTAL HEALTH (YS)	auto
604.8	I	H-08	high	has ptr to file 4; no ptr to file 2	auto
604.81	I	H-05	certain	inherits from 604.8	auto
605.1	P	H-14	moderate	package=MENTAL HEALTH (YS)	auto
605.12	P	H-05	certain	inherits from 605.1	auto
605.124	P	H-05	certain	inherits from 605.12	auto
605.13	P	H-05	certain	inherits from 605.1	auto
61	K	H-12	high	global=	auto
61.01	K	H-05	certain	inherits from 61	auto
61.02	K	H-05	certain	inherits from 61	auto
61.023	K	H-05	certain	inherits from 61	auto
61.0231	K	H-05	certain	inherits from 61.023	auto
61.1	K	H-12	high	global=	auto
61.11	K	H-05	certain	inherits from 61.1	auto
61.12	K	H-05	certain	inherits from 61.1	auto
61.13	K	H-05	certain	inherits from 61.12	auto
61.2	K	H-12	high	global=	auto
61.21	K	H-05	certain	inherits from 61.2	auto
61.211	K	H-05	certain	inherits from 61.2	auto
61.22	K	H-05	certain	inherits from 61.2	auto
61.223	K	H-05	certain	inherits from 61.2	auto
61.2231	K	H-05	certain	inherits from 61.223	auto
61.23	K	H-05	certain	inherits from 61.2	auto
61.24	K	H-05	certain	inherits from 61.21	auto
61.3	K	H-12	high	global=	auto
61.31	K	H-05	certain	inherits from 61.3	auto
61.32	K	H-05	certain	inherits from 61.3	auto
61.33	K	H-05	certain	inherits from 61.32	auto
61.34	K	H-05	certain	inherits from 61.3	auto
61.37	K	H-05	certain	inherits from 61.3	auto
61.38	K	H-12	high	global=	auto
61.382	K	H-05	certain	inherits from 61.38	auto
61.39	K	H-12	high	global=	auto
61.391	K	H-05	certain	inherits from 61.39	auto
61.392	K	H-05	certain	inherits from 61.39	auto
61.393	K	H-05	certain	inherits from 61.39	auto
61.394	K	H-05	certain	inherits from 61.39	auto
61.3941	K	H-05	certain	inherits from 61.394	auto
61.4	K	H-12	high	global=	auto
61.41	K	H-05	certain	inherits from 61.4	auto
61.411	K	H-05	certain	inherits from 61.4	auto
61.421	K	H-05	certain	inherits from 61.411	auto
61.5	K	H-12	high	global=	auto
61.51	K	H-05	certain	inherits from 61.5	auto
61.52	K	H-05	certain	inherits from 61.5	auto
61.53	K	H-05	certain	inherits from 61.52	auto
61.6	K	H-12	high	global=	auto
61.61	K	H-05	certain	inherits from 61.6	auto
61.62	K	H-05	certain	inherits from 61.6	auto
615	P	H-06	high	field=.01 NAME points to file 2	auto
615.01	P	H-05	certain	inherits from 615	auto
615.02	P	H-05	certain	inherits from 615.01	auto
615.03	P	H-05	certain	inherits from 615.01	auto
615.04	P	H-05	certain	inherits from 615	auto
615.05	P	H-05	certain	inherits from 615.04	auto
615.06	P	H-05	certain	inherits from 615.04	auto
615.07	P	H-05	certain	inherits from 615.04	auto
615.08	P	H-05	certain	inherits from 615.04	auto
615.09	P	H-05	certain	inherits from 615.04	auto
615.1	P	H-05	certain	inherits from 615.04	auto
615.11	P	H-05	certain	inherits from 615.04	auto
615.12	P	H-05	certain	inherits from 615.04	auto
615.13	P	H-05	certain	inherits from 615.04	auto
615.14	P	H-05	certain	inherits from 615.13	auto
615.15	P	H-05	certain	inherits from 615.04	auto
615.2	P	H-06	high	field=.02 NAME points to file 2	auto
615.21	P	H-05	certain	inherits from 615.2	auto
615.23	P	H-05	certain	inherits from 615.2	auto
615.24	P	H-05	certain	inherits from 615.2	auto
615.27	P	H-05	certain	inherits from 615.2	auto
615.28	P	H-05	certain	inherits from 615.2	auto
615.29	P	H-05	certain	inherits from 615.2	auto
615.3	P	H-05	certain	inherits from 615.2	auto
615.31	P	H-05	certain	inherits from 615.3	auto
615.32	P	H-05	certain	inherits from 615.31	auto
615.33	P	H-05	certain	inherits from 615.2	auto
615.34	P	H-05	certain	inherits from 615.2	auto
615.35	P	H-05	certain	inherits from 615.2	auto
615.351	P	H-05	certain	inherits from 615.35	auto
615.5	P	H-14	moderate	package=MENTAL HEALTH (YS)	auto
615.6	P	H-14	moderate	package=MENTAL HEALTH (YS)	auto
615.7	P	H-14	moderate	package=MENTAL HEALTH (YS)	auto
615.8	P	H-14	moderate	package=MENTAL HEALTH (YS)	auto
615.9	P	H-14	moderate	package=MENTAL HEALTH (YS)	auto
617	P	H-14	moderate	package=MENTAL HEALTH (YS)	auto
617.01	P	H-06	high	field=.01 PATIENT points to file 2	auto
618	P	H-14	moderate	package=MENTAL HEALTH (YS)	auto
618.04	P	H-06	high	field=.01 PATIENT BOARDED ON PSYCH points to file 2	auto
618.2	I	H-09	low	has ptr to file 200 (staff/provider); no ptr to file 2 or 4	auto
618.21	I	H-05	certain	inherits from 618.2	auto
618.4	P	H-06	high	field=1 PATIENT points to file 2	auto
618.418	P	H-05	certain	inherits from 618.4	auto
618.4182	P	H-05	certain	inherits from 618.418	auto
618.419	P	H-05	certain	inherits from 618.4	auto
62	K	H-12	high	global=	auto
62.01	K	H-05	certain	inherits from 62	auto
62.02	K	H-05	certain	inherits from 62	auto
62.023	K	H-05	certain	inherits from 62	auto
62.0231	K	H-05	certain	inherits from 62.023	auto
62.05	K	H-12	high	global=	auto
62.06	K	H-12	high	global=	auto
62.061	K	H-05	certain	inherits from 62.06	auto
62.062	K	H-05	certain	inherits from 62.06	auto
62.063	K	H-05	certain	inherits from 62.062	auto
62.07	K	H-12	high	global=	auto
62.071	K	H-05	certain	inherits from 62.07	auto
62.08	K	H-05	certain	inherits from 62.06	auto
62.081	K	H-05	certain	inherits from 62.061	auto
62.09	K	H-05	certain	inherits from 62.07	auto
62.091	K	H-05	certain	inherits from 62.061	auto
62.1	K	H-12	high	global=	auto
62.11	K	H-05	certain	inherits from 62.1	auto
62.131	K	H-05	certain	inherits from 62.1	auto
62.1311	K	H-05	certain	inherits from 62.131	auto
62.2	K	H-12	high	global=	auto
62.201	K	H-05	certain	inherits from 62.2	auto
62.21	K	H-05	certain	inherits from 62.02	auto
62.211	K	H-05	certain	inherits from 62.21	auto
62.3	K	H-12	high	global=	auto
62.31	K	H-05	certain	inherits from 62.3	auto
62.32	K	H-05	certain	inherits from 62.3	auto
62.4	K	H-12	high	global=	auto
62.41	K	H-05	certain	inherits from 62.4	auto
62.4107	K	H-05	certain	inherits from 62.4	auto
62.41071	K	H-05	certain	inherits from 62.4107	auto
62.42	K	H-05	certain	inherits from 62.4	auto
62.43	K	H-05	certain	inherits from 62.4	auto
62.44	K	H-05	certain	inherits from 62.43	auto
62.45	K	H-05	certain	inherits from 62.4	auto
62.46	K	H-05	certain	inherits from 62.43	auto
62.461	K	H-05	certain	inherits from 62.43	auto
62.47	K	H-12	high	global=	auto
62.4701	K	H-05	certain	inherits from 62.47	auto
62.48	S	H-21	low	name contains S-pattern	auto
62.481	S	H-05	certain	inherits from 62.48	auto
62.482	S	H-05	certain	inherits from 62.48	auto
62.483	S	H-05	certain	inherits from 62.48	auto
62.485	S	H-21	low	name contains S-pattern	auto
62.487	K	H-12	high	global=	auto
62.4871	K	H-05	certain	inherits from 62.487	auto
62.49	K	H-40	moderate	2 targets all classified K	auto
62.49002	K	H-05	certain	inherits(prop) from 62.49	auto
62.49162	K	H-05	certain	inherits(prop) from 62.49	auto
62.495	K	H-05	certain	inherits(prop) from 62.49	auto
62.5	K	H-12	high	global=	auto
62.51	K	H-05	certain	inherits from 62.5	auto
62.55	K	H-12	high	global=	auto
62.6	K	H-12	high	global=	auto
62.61	K	H-05	certain	inherits from 62.6	auto
62.7501	K	H-05	certain	inherits from 62.07	auto
62.75011	K	H-05	certain	inherits from 62.7501	auto
62.8	K	H-40	moderate	2 targets all classified K	auto
62.801	K	H-05	certain	inherits(prop) from 62.8	auto
62.85	I	H-09	low	has ptr to file 200 (staff/provider); no ptr to file 2 or 4	auto
62.9	I	H-08	high	has ptr to file 4; no ptr to file 2	auto
62.9001	I	H-08	high	has ptr to file 4; no ptr to file 2	auto
62.9002	I	H-05	certain	inherits from 62.9001	auto
62.9003	I	H-05	certain	inherits from 62.9	auto
62.91	K	manual	moderate	LAB SHIPPING CONTAINER — lab reference	triage
62.92	K	manual	moderate	LAB SHIPPING METHOD — lab reference	triage
62.93	K	manual	moderate	LAB SHIPPING CONDITIONS — lab reference	triage
620	S	H-13	high	global=	auto
625	S	H-13	high	global=	auto
627	S	H-13	high	global=	auto
627.5	S	H-13	high	global=	auto
627.51	S	H-05	certain	inherits from 627.5	auto
627.7	P	H-14	moderate	package=MENTAL HEALTH (YS)	auto
627.701	P	H-05	certain	inherits from 627.7	auto
627.8	P	H-06	high	field=.02 PATIENT NAME points to file 2	auto
627.81	P	H-05	certain	inherits from 627.8	auto
627.82	P	H-05	certain	inherits from 627.8	auto
627.9	S	H-13	high	global=	auto
627.904	S	H-05	certain	inherits from 627.9	auto
627.92	S	H-05	certain	inherits from 627.9	auto
63	I	H-08	high	has ptr to file 4; no ptr to file 2	auto
63.00012	I	H-08	high	has ptr to file 4; no ptr to file 2	auto
63.00013	I	H-05	certain	inherits from 63	auto
63.00014	I	H-05	certain	inherits from 63	auto
63.01	I	H-05	certain	inherits from 63	auto
63.011	I	H-05	certain	inherits from 63.01	auto
63.0112	I	H-05	certain	inherits from 63.01	auto
63.0114	I	H-05	certain	inherits from 63.01	auto
63.012	I	H-05	certain	inherits from 63.01	auto
63.013	I	H-05	certain	inherits from 63.01	auto
63.014	I	H-05	certain	inherits from 63.01	auto
63.015	I	H-05	certain	inherits from 63.014	auto
63.016	I	H-05	certain	inherits from 63	auto
63.017	I	H-05	certain	inherits from 63	auto
63.0171	I	H-05	certain	inherits from 63	auto
63.018	I	H-05	certain	inherits from 63.01	auto
63.019	I	H-05	certain	inherits from 63.018	auto
63.02	I	H-08	high	has ptr to file 4; no ptr to file 2	auto
63.025	I	H-05	certain	inherits from 63.02	auto
63.0251	I	H-05	certain	inherits from 63.025	auto
63.027	I	H-05	certain	inherits from 63.017	auto
63.0272	I	H-05	certain	inherits from 63.02	auto
63.02721	I	H-05	certain	inherits from 63.0272	auto
63.029	I	H-05	certain	inherits from 63.02	auto
63.0297	I	H-05	certain	inherits from 63.02	auto
63.03	I	H-05	certain	inherits from 63	auto
63.033	I	H-05	certain	inherits from 63	auto
63.04	I	H-08	high	has ptr to file 4; no ptr to file 2	auto
63.041	I	H-05	certain	inherits from 63.04	auto
63.05	I	H-08	high	has ptr to file 4; no ptr to file 2	auto
63.06	I	H-05	certain	inherits from 63.05	auto
63.061	I	H-05	certain	inherits from 63.05	auto
63.07	I	H-05	certain	inherits from 63.04	auto
63.075	I	H-05	certain	inherits from 63	auto
63.076	I	H-05	certain	inherits from 63	auto
63.08	I	H-08	high	has ptr to file 4; no ptr to file 2	auto
63.084	I	H-05	certain	inherits from 63	auto
63.0841	I	H-05	certain	inherits from 63.084	auto
63.085	I	H-05	certain	inherits from 63.08	auto
63.0851	I	H-05	certain	inherits from 63.085	auto
63.086	I	H-05	certain	inherits from 63.08	auto
63.0861	I	H-05	certain	inherits from 63.086	auto
63.087	I	H-05	certain	inherits from 63.08	auto
63.0871	I	H-05	certain	inherits from 63.087	auto
63.089	I	H-05	certain	inherits from 63.08	auto
63.0897	I	H-05	certain	inherits from 63.08	auto
63.09	I	H-08	high	has ptr to file 4; no ptr to file 2	auto
63.095	I	H-05	certain	inherits from 63.09	auto
63.0951	I	H-05	certain	inherits from 63.095	auto
63.097	I	H-05	certain	inherits from 63.09	auto
63.0971	I	H-05	certain	inherits from 63.097	auto
63.099	I	H-05	certain	inherits from 63.09	auto
63.0997	I	H-05	certain	inherits from 63.09	auto
63.1	I	H-05	certain	inherits from 63.05	auto
63.101	I	H-05	certain	inherits from 63	auto
63.11	I	H-05	certain	inherits from 63.05	auto
63.111	I	H-05	certain	inherits from 63.05	auto
63.12	I	H-05	certain	inherits from 63.08	auto
63.13	I	H-05	certain	inherits from 63	auto
63.14	I	H-05	certain	inherits from 63	auto
63.141	I	H-05	certain	inherits from 63	auto
63.15	I	H-05	certain	inherits from 63.12	auto
63.16	I	H-05	certain	inherits from 63.12	auto
63.17	I	H-05	certain	inherits from 63.16	auto
63.172	I	H-05	certain	inherits from 63.0171	auto
63.18	I	H-05	certain	inherits from 63.05	auto
63.181	I	H-05	certain	inherits from 63.05	auto
63.186	I	H-05	certain	inherits from 63.017	auto
63.19	I	H-05	certain	inherits from 63.08	auto
63.199	I	H-05	certain	inherits from 63.01	auto
63.2	I	H-05	certain	inherits from 63	auto
63.201	I	H-05	certain	inherits from 63.02	auto
63.202	I	H-05	certain	inherits from 63.02	auto
63.2021	I	H-05	certain	inherits from 63.202	auto
63.20211	I	H-05	certain	inherits from 63.2021	auto
63.203	I	H-05	certain	inherits from 63.02	auto
63.204	I	H-05	certain	inherits from 63.02	auto
63.205	I	H-05	certain	inherits from 63.02	auto
63.206	I	H-05	certain	inherits from 63.02	auto
63.207	I	H-05	certain	inherits from 63.02	auto
63.2072	I	H-05	certain	inherits from 63.207	auto
63.20721	I	H-05	certain	inherits from 63.2072	auto
63.208	I	H-05	certain	inherits from 63.02	auto
63.21	I	H-05	certain	inherits from 63.2	auto
63.211	I	H-05	certain	inherits from 63.02	auto
63.212	I	H-05	certain	inherits from 63.02	auto
63.213	I	H-05	certain	inherits from 63.02	auto
63.214	I	H-05	certain	inherits from 63.02	auto
63.215	I	H-05	certain	inherits from 63.212	auto
63.216	I	H-05	certain	inherits from 63.212	auto
63.217	I	H-05	certain	inherits from 63.216	auto
63.218	I	H-05	certain	inherits from 63.207	auto
63.219	I	H-05	certain	inherits from 63.212	auto
63.22	I	H-05	certain	inherits from 63.2	auto
63.22005	I	H-05	certain	inherits from 63.02	auto
63.221	I	H-05	certain	inherits from 63.219	auto
63.23	I	H-05	certain	inherits from 63.22	auto
63.24	I	H-05	certain	inherits from 63.2	auto
63.242	I	H-05	certain	inherits from 63.02	auto
63.243	I	H-05	certain	inherits from 63.242	auto
63.25	I	H-05	certain	inherits from 63.2	auto
63.26	I	H-05	certain	inherits from 63.2	auto
63.27	I	H-05	certain	inherits from 63.26	auto
63.28	I	H-05	certain	inherits from 63.2	auto
63.282	I	H-05	certain	inherits from 63.212	auto
63.285	I	H-05	certain	inherits from 63.212	auto
63.29	I	H-05	certain	inherits from 63.05	auto
63.291	I	H-05	certain	inherits from 63.05	auto
63.292	I	H-05	certain	inherits from 63.05	auto
63.3	I	H-05	certain	inherits from 63.05	auto
63.31	I	H-05	certain	inherits from 63.3	auto
63.32	I	H-05	certain	inherits from 63.3	auto
63.322	I	H-05	certain	inherits from 63	auto
63.323	I	H-05	certain	inherits from 63	auto
63.324	I	H-05	certain	inherits from 63	auto
63.3241	I	H-05	certain	inherits from 63.324	auto
63.3242	I	H-05	certain	inherits from 63.324	auto
63.32421	I	H-05	certain	inherits from 63.3242	auto
63.33	I	H-05	certain	inherits from 63.05	auto
63.331	I	H-05	certain	inherits from 63.033	auto
63.3311	I	H-05	certain	inherits from 63.331	auto
63.34	I	H-05	certain	inherits from 63.05	auto
63.341	I	H-05	certain	inherits from 63.05	auto
63.35	I	H-05	certain	inherits from 63.34	auto
63.351	I	H-05	certain	inherits from 63.35	auto
63.36	I	H-05	certain	inherits from 63.05	auto
63.361	I	H-05	certain	inherits from 63.05	auto
63.37	I	H-05	certain	inherits from 63.05	auto
63.371	I	H-05	certain	inherits from 63.05	auto
63.372	I	H-05	certain	inherits from 63.37	auto
63.38	I	H-05	certain	inherits from 63.05	auto
63.39	I	H-05	certain	inherits from 63.05	auto
63.4	I	H-05	certain	inherits from 63.39	auto
63.41	I	H-05	certain	inherits from 63.05	auto
63.42	I	H-05	certain	inherits from 63.05	auto
63.43	I	H-05	certain	inherits from 63.05	auto
63.431	I	H-05	certain	inherits from 63.05	auto
63.432	I	H-05	certain	inherits from 63.05	auto
63.44	I	H-05	certain	inherits from 63.05	auto
63.45	I	H-05	certain	inherits from 63.2	auto
63.46	I	H-05	certain	inherits from 63.01	auto
63.47	I	H-05	certain	inherits from 63.09	auto
63.48	I	H-05	certain	inherits from 63.01	auto
63.49	I	H-05	certain	inherits from 63.02	auto
63.5	I	H-05	certain	inherits from 63.05	auto
63.51	I	H-05	certain	inherits from 63.09	auto
63.52	I	H-05	certain	inherits from 63.02	auto
63.53	I	H-05	certain	inherits from 63.08	auto
63.539	I	H-08	high	has ptr to file 4; no ptr to file 2	auto
63.801	I	H-05	certain	inherits from 63.08	auto
63.802	I	H-05	certain	inherits from 63.08	auto
63.808	I	H-05	certain	inherits from 63	auto
63.81	I	H-05	certain	inherits from 63.08	auto
63.811	I	H-05	certain	inherits from 63.08	auto
63.812	I	H-05	certain	inherits from 63.08	auto
63.8121	I	H-05	certain	inherits from 63.812	auto
63.8122	I	H-05	certain	inherits from 63.8121	auto
63.813	I	H-05	certain	inherits from 63.08	auto
63.814	I	H-05	certain	inherits from 63.08	auto
63.815	I	H-05	certain	inherits from 63.08	auto
63.816	I	H-05	certain	inherits from 63.08	auto
63.817	I	H-05	certain	inherits from 63.08	auto
63.8172	I	H-05	certain	inherits from 63.817	auto
63.81721	I	H-05	certain	inherits from 63.8172	auto
63.818	I	H-05	certain	inherits from 63.817	auto
63.819	I	H-05	certain	inherits from 63.12	auto
63.82	I	H-05	certain	inherits from 63.12	auto
63.82005	I	H-05	certain	inherits from 63.08	auto
63.821	I	H-05	certain	inherits from 63.819	auto
63.822	I	H-05	certain	inherits from 63.812	auto
63.823	I	H-05	certain	inherits from 63.822	auto
63.824	I	H-05	certain	inherits from 63.812	auto
63.825	I	H-05	certain	inherits from 63.824	auto
63.84	I	H-05	certain	inherits from 63.08	auto
63.841	I	H-05	certain	inherits from 63.84	auto
63.85	I	H-05	certain	inherits from 63.12	auto
63.88	I	H-05	certain	inherits from 63.08	auto
63.901	I	H-05	certain	inherits from 63.09	auto
63.902	I	H-05	certain	inherits from 63.09	auto
63.9024	I	H-05	certain	inherits from 63.902	auto
63.90241	I	H-05	certain	inherits from 63.9024	auto
63.9025	I	H-05	certain	inherits from 63.902	auto
63.90251	I	H-05	certain	inherits from 63.9025	auto
63.903	I	H-05	certain	inherits from 63.09	auto
63.905	I	H-05	certain	inherits from 63.09	auto
63.906	I	H-05	certain	inherits from 63.09	auto
63.907	I	H-05	certain	inherits from 63.09	auto
63.9072	I	H-05	certain	inherits from 63.907	auto
63.90721	I	H-05	certain	inherits from 63.9072	auto
63.908	I	H-05	certain	inherits from 63.09	auto
63.91	I	H-05	certain	inherits from 63.09	auto
63.911	I	H-05	certain	inherits from 63.09	auto
63.912	I	H-05	certain	inherits from 63.09	auto
63.9121	I	H-05	certain	inherits from 63.902	auto
63.9122	I	H-05	certain	inherits from 63.9121	auto
63.913	I	H-05	certain	inherits from 63.09	auto
63.914	I	H-05	certain	inherits from 63.09	auto
63.915	I	H-05	certain	inherits from 63.912	auto
63.916	I	H-05	certain	inherits from 63.912	auto
63.917	I	H-05	certain	inherits from 63.916	auto
63.918	I	H-05	certain	inherits from 63.907	auto
63.919	I	H-05	certain	inherits from 63.912	auto
63.92005	I	H-05	certain	inherits from 63.09	auto
63.921	I	H-05	certain	inherits from 63.919	auto
63.922	I	H-05	certain	inherits from 63.902	auto
63.923	I	H-05	certain	inherits from 63.922	auto
63.924	I	H-05	certain	inherits from 63.902	auto
63.9241	I	H-05	certain	inherits from 63.924	auto
63.94	I	H-05	certain	inherits from 63.09	auto
63.941	I	H-05	certain	inherits from 63.94	auto
63.97	I	H-05	certain	inherits from 63	auto
63.98	I	H-05	certain	inherits from 63.08	auto
63.982	I	H-05	certain	inherits from 63.912	auto
63.985	I	H-05	certain	inherits from 63.912	auto
63.99	I	H-05	certain	inherits from 63	auto
63.999	I	H-05	certain	inherits from 63	auto
63.9999	P	manual	moderate	ARCHIVED LR DATA — patient lab data	triage
63.999904	I	H-09	low	has ptr to file 200 (staff/provider); no ptr to file 2 or 4	auto
63.9999041	I	H-05	certain	inherits from 63.999904	auto
63.999905	S	H-21	low	name contains S-pattern	auto
631	P	H-06	high	field=.01 NAME points to file 2	auto
631.01	P	H-05	certain	inherits from 631	auto
631.1	P	manual-package	moderate	prefix=HBH batch triage	triage
631.2	P	manual-package	moderate	prefix=HBH batch triage	triage
631.3	P	manual-package	moderate	prefix=HBH batch triage	triage
631.4	I	H-09	low	has ptr to file 200 (staff/provider); no ptr to file 2 or 4	auto
631.5	K	H-20	low	name contains K-pattern	auto
631.6	I	H-22	low	name contains I-pattern	auto
631.7	I	H-22	low	name contains I-pattern	auto
631.8	K	H-20	low	name contains K-pattern	auto
631.9	I	H-08	high	has ptr to file 4; no ptr to file 2	auto
631.99	I	H-05	certain	inherits from 631.9	auto
632	P	H-06	high	field=.01 PATIENT NAME points to file 2	auto
632.032	P	H-05	certain	inherits from 632	auto
632.033	P	H-05	certain	inherits from 632	auto
632.321	P	H-05	certain	inherits from 632.032	auto
633	P	manual-package	moderate	prefix=HBH batch triage	triage
633.1	S	H-21	low	name contains S-pattern	auto
633.2	I	H-09	low	has ptr to file 200 (staff/provider); no ptr to file 2 or 4	auto
633.21	I	H-05	certain	inherits from 633.2	auto
633.213	I	H-05	certain	inherits from 633.2	auto
633.214	I	H-05	certain	inherits from 633.2	auto
633.215	I	H-05	certain	inherits from 633.2	auto
633.216	I	H-05	certain	inherits from 633.2	auto
633.218	I	H-05	certain	inherits from 633.2	auto
633.219	I	H-05	certain	inherits from 633.2	auto
633.221	I	H-05	certain	inherits from 633.2	auto
633.222	I	H-05	certain	inherits from 633.2	auto
633.223	I	H-05	certain	inherits from 633.2	auto
633.224	I	H-05	certain	inherits from 633.2	auto
634	S	H-39	moderate	orphan: 0 ptrs in, 0 ptrs out	auto
634.1	P	H-06	high	field=.01 PATIENT NAME points to file 2	auto
634.2	P	H-06	high	field=.01 PATIENT NAME points to file 2	auto
634.3	P	H-06	high	field=.01 PATIENT NAME points to file 2	auto
634.4	S	H-39	moderate	orphan: 0 ptrs in, 0 ptrs out	auto
634.5	P	H-06	high	field=.01 PATIENT NAME points to file 2	auto
634.6	S	H-39	moderate	orphan: 0 ptrs in, 0 ptrs out	auto
634.7	S	H-21	low	name contains S-pattern	auto
64	K	H-12	high	global=	auto
64.01	K	H-05	certain	inherits from 64	auto
64.018	K	H-05	certain	inherits from 64	auto
64.019	K	H-05	certain	inherits from 64	auto
64.02	K	H-05	certain	inherits from 64.01	auto
64.023	K	H-05	certain	inherits from 64	auto
64.024	K	H-05	certain	inherits from 64	auto
64.03	I	H-08	high	has ptr to file 4; no ptr to file 2	auto
64.036	I	H-09	low	has ptr to file 200 (staff/provider); no ptr to file 2 or 4	auto
64.04	K	H-05	certain	inherits from 64	auto
64.05	K	H-12	high	global=	auto
64.06	I	H-08	high	has ptr to file 4; no ptr to file 2	auto
64.061	K	H-12	high	global=	auto
64.062	K	H-12	high	global=	auto
64.1	I	H-08	high	has ptr to file 4; no ptr to file 2	auto
64.11	I	H-05	certain	inherits from 64.1	auto
64.111	I	H-05	certain	inherits from 64.11	auto
64.1111	I	H-05	certain	inherits from 64.111	auto
64.112	I	H-05	certain	inherits from 64.11	auto
64.12	I	H-05	certain	inherits from 64.1	auto
64.13	I	H-05	certain	inherits from 64.1	auto
64.131	I	H-05	certain	inherits from 64.13	auto
64.186	K	H-05	certain	inherits from 64.018	auto
64.19999	S	H-39	moderate	orphan: 0 ptrs in, 0 ptrs out	auto
64.2	K	H-12	high	global=	auto
64.20999	S	H-05	certain	inherits(prop) from 64.19999	auto
64.21	K	H-12	high	global=	auto
64.21999	K	H-20	low	name contains K-pattern	auto
64.22	K	H-12	high	global=	auto
64.22999	S	H-05	certain	inherits(prop) from 64.19999	auto
64.23	K	H-05	certain	inherits from 64.2	auto
64.23999	K	H-20	low	name contains K-pattern	auto
64.24999	S	H-05	certain	inherits(prop) from 64.20999	auto
64.3	K	H-12	high	global=	auto
64.317	I	H-05	certain	inherits from 64.03	auto
64.368	I	H-05	certain	inherits from 64.036	auto
64.369	I	H-05	certain	inherits from 64.036	auto
64.40999	K	H-05	certain	inherits from 64.21999	auto
64.5	K	H-12	high	global=	auto
64.51	K	H-05	certain	inherits from 64.5	auto
64.52	K	H-05	certain	inherits from 64.51	auto
64.53	K	H-05	certain	inherits from 64.52	auto
64.54	K	H-05	certain	inherits from 64.5	auto
64.55	K	H-05	certain	inherits from 64.54	auto
64.56	K	H-05	certain	inherits from 64.5	auto
64.57	K	H-05	certain	inherits from 64.5	auto
64.6	I	H-08	high	has ptr to file 4; no ptr to file 2	auto
64.60999	K	H-05	certain	inherits from 64.23999	auto
64.61	I	H-05	certain	inherits from 64.06	auto
64.614	K	H-05	certain	inherits from 64.061	auto
64.7	P	manual	moderate	CUMULATIVE — patient lab cumulative	triage
64.701	P	inherited-parent	moderate	inherits from 64.7	inherited
64.702	P	inherited-parent	moderate	inherits from 64.7	inherited
64.703	P	inherited-parent	moderate	inherits from 64.701	inherited
64.704	P	inherited-parent	moderate	inherits from 64.703	inherited
64.705	P	inherited-parent	moderate	inherits from 64.704	inherited
64.706	P	inherited-parent	moderate	inherits from 64.704	inherited
64.707	P	inherited-parent	moderate	inherits from 64.702	inherited
64.708	P	inherited-parent	moderate	inherits from 64.707	inherited
64.709	P	inherited-parent	moderate	inherits from 64.707	inherited
64.81	K	H-12	high	global=	auto
64.8117	K	H-05	certain	inherits from 64.81	auto
64.811718	K	H-05	certain	inherits from 64.8117	auto
64.8117186	K	H-05	certain	inherits from 64.811718	auto
64.811719	K	H-05	certain	inherits from 64.8117	auto
64.813	K	H-05	certain	inherits from 64.8117	auto
64.9178	S	H-21	low	name contains S-pattern	auto
64.9278	S	H-05	certain	inherits from 64.9178	auto
65	I	H-08	high	has ptr to file 4; no ptr to file 2	auto
65.01	I	H-05	certain	inherits from 65	auto
65.02	I	H-05	certain	inherits from 65.01	auto
65.03	P	H-06	high	field=.07 VA PATIENT NUMBER points to file 2	auto
65.04	I	H-05	certain	inherits from 65	auto
65.05	I	H-05	certain	inherits from 65	auto
65.06	I	H-05	certain	inherits from 65	auto
65.07	I	H-05	certain	inherits from 65	auto
65.08	I	H-05	certain	inherits from 65	auto
65.09	I	H-05	certain	inherits from 65	auto
65.091	I	H-05	certain	inherits from 65	auto
65.0911	I	H-05	certain	inherits from 65.02	auto
65.0912	I	H-05	certain	inherits from 65.02	auto
65.0913	I	H-05	certain	inherits from 65.02	auto
65.099	I	H-05	certain	inherits from 65	auto
65.15	I	H-05	certain	inherits from 65	auto
65.16	I	H-05	certain	inherits from 65	auto
65.3	I	H-05	certain	inherits from 65	auto
65.31	I	H-08	high	has ptr to file 4; no ptr to file 2	auto
65.311	I	H-05	certain	inherits from 65.31	auto
65.4	K	H-12	high	global=	auto
65.41	K	H-05	certain	inherits from 65.4	auto
65.42	K	H-05	certain	inherits from 65.4	auto
65.5	I	H-09	low	has ptr to file 200 (staff/provider); no ptr to file 2 or 4	auto
65.51	I	H-05	certain	inherits from 65.5	auto
65.52	I	H-05	certain	inherits from 65.5	auto
65.53	I	H-05	certain	inherits from 65.5	auto
65.54	I	H-05	certain	inherits from 65.5	auto
65.546	I	H-05	certain	inherits from 65.54	auto
65.55	I	H-05	certain	inherits from 65.54	auto
65.56	I	H-05	certain	inherits from 65.5	auto
65.57	I	H-05	certain	inherits from 65.5	auto
65.58	I	H-05	certain	inherits from 65.5	auto
65.59	I	H-05	certain	inherits from 65.5	auto
65.599	I	H-05	certain	inherits from 65.54	auto
65.5991	I	H-05	certain	inherits from 65.599	auto
65.59911	I	H-05	certain	inherits from 65.5991	auto
65.6	I	H-05	certain	inherits from 65.54	auto
65.61	I	H-05	certain	inherits from 65.54	auto
65.62	I	H-05	certain	inherits from 65.61	auto
65.66	I	H-05	certain	inherits from 65.54	auto
65.67	I	H-05	certain	inherits from 65.66	auto
65.9	K	H-12	high	global=	auto
65.91	K	H-05	certain	inherits from 65.9	auto
65.94	K	H-05	certain	inherits from 65.9	auto
65.95	K	H-05	certain	inherits from 65.9	auto
65.96	K	H-05	certain	inherits from 65.9	auto
65.97	K	H-05	certain	inherits from 65.9	auto
65.99	I	H-05	certain	inherits from 65.5	auto
655.01	S	manual-orphan	low	orphan subfile — parent 655 absent from DD	triage
66	K	H-12	high	global=	auto
66.01	K	H-05	certain	inherits from 66	auto
66.02	K	H-05	certain	inherits from 66.01	auto
66.021	K	H-05	certain	inherits from 66	auto
66.03	K	H-05	certain	inherits from 66	auto
66.04	K	H-05	certain	inherits from 66	auto
66.05	K	H-05	certain	inherits from 66	auto
66.06	K	H-05	certain	inherits from 66	auto
66.07	K	H-05	certain	inherits from 66	auto
66.08	K	H-05	certain	inherits from 66	auto
66.09	K	H-05	certain	inherits from 66	auto
66.1	I	H-08	high	has ptr to file 4; no ptr to file 2	auto
66.2	K	H-12	high	global=	auto
66.21	K	H-05	certain	inherits from 66.2	auto
66.211	K	H-05	certain	inherits from 66.21	auto
66.22	K	H-05	certain	inherits from 66.21	auto
66.3	P	H-14	moderate	package=LAB SERVICE (LR)	auto
66.399	P	H-05	certain	inherits from 66.3	auto
66.4	I	H-08	high	has ptr to file 4; no ptr to file 2	auto
66.5	K	H-12	high	global=	auto
66.51	K	H-05	certain	inherits from 66.5	auto
66.9	K	H-12	high	global=	auto
66.91	K	H-05	certain	inherits from 66.9	auto
66.92	K	H-05	certain	inherits from 66.9	auto
660	I	H-08	high	has ptr to file 4; no ptr to file 2	auto
660.028	I	H-05	certain	inherits from 660	auto
660.1	I	H-08	high	has ptr to file 4; no ptr to file 2	auto
660.11	I	H-05	certain	inherits from 660.1	auto
661	I	H-15	moderate	package=PROSTHETICS (RMPR)	auto
661.1	I	H-15	moderate	package=PROSTHETICS (RMPR)	auto
661.11	I	H-08	high	has ptr to file 4; no ptr to file 2	auto
661.12	I	H-05	certain	inherits from 661.1	auto
661.14	I	H-05	certain	inherits from 661.1	auto
661.18	I	H-05	certain	inherits from 661.1	auto
661.2	I	H-08	high	has ptr to file 4; no ptr to file 2	auto
661.3	I	H-08	high	has ptr to file 4; no ptr to file 2	auto
661.31	I	H-05	certain	inherits from 661.3	auto
661.312	I	H-05	certain	inherits from 661.31	auto
661.4	I	H-08	high	has ptr to file 4; no ptr to file 2	auto
661.41	I	H-08	high	has ptr to file 4; no ptr to file 2	auto
661.5	I	H-08	high	has ptr to file 4; no ptr to file 2	auto
661.6	I	H-08	high	has ptr to file 4; no ptr to file 2	auto
661.63	I	H-08	high	has ptr to file 4; no ptr to file 2	auto
661.69	I	H-15	moderate	package=PROSTHETICS (RMPR)	auto
661.7	I	H-08	high	has ptr to file 4; no ptr to file 2	auto
661.8	I	H-15	moderate	package=PROSTHETICS (RMPR)	auto
661.9	I	H-08	high	has ptr to file 4; no ptr to file 2	auto
662	I	H-15	moderate	package=PROSTHETICS (RMPR)	auto
662.06	I	H-05	certain	inherits from 662	auto
663	I	H-15	moderate	package=PROSTHETICS (RMPR)	auto
663.2	I	H-15	moderate	package=PROSTHETICS (RMPR)	auto
663.21	I	H-05	certain	inherits from 663.2	auto
663.22	I	H-05	certain	inherits from 663.2	auto
663.3	I	H-15	moderate	package=PROSTHETICS (RMPR)	auto
663.4	I	H-08	high	has ptr to file 4; no ptr to file 2	auto
664	I	H-08	high	has ptr to file 4; no ptr to file 2	auto
664.02	I	H-05	certain	inherits from 664	auto
664.1	I	H-08	high	has ptr to file 4; no ptr to file 2	auto
664.11	I	H-05	certain	inherits from 664.1	auto
664.111	I	H-05	certain	inherits from 664.1	auto
664.12	I	H-05	certain	inherits from 664.1	auto
664.129	I	H-05	certain	inherits from 664.1	auto
664.1294	I	H-05	certain	inherits from 664.129	auto
664.15	I	H-05	certain	inherits from 664.1	auto
664.16	I	H-05	certain	inherits from 664.1	auto
664.167	I	H-05	certain	inherits from 664.16	auto
664.2	I	H-08	high	has ptr to file 4; no ptr to file 2	auto
664.212	I	H-05	certain	inherits from 664.2	auto
664.214	I	H-05	certain	inherits from 664.02	auto
664.22	I	H-05	certain	inherits from 664.2	auto
664.229	I	H-05	certain	inherits from 664.22	auto
664.3	I	H-08	high	has ptr to file 4; no ptr to file 2	auto
664.33	I	H-05	certain	inherits from 664.3	auto
664.4	I	H-08	high	has ptr to file 4; no ptr to file 2	auto
665	P	H-06	high	field=.01 NAME points to file 2	auto
665.01	P	H-05	certain	inherits from 665	auto
665.012	P	H-05	certain	inherits from 665	auto
665.013	P	H-05	certain	inherits from 665	auto
665.014	P	H-05	certain	inherits from 665	auto
665.02	P	H-05	certain	inherits from 665	auto
665.03	P	H-05	certain	inherits from 665	auto
665.1	I	H-08	high	has ptr to file 4; no ptr to file 2	auto
665.15	I	H-05	certain	inherits from 665.1	auto
665.193	P	H-05	certain	inherits from 665	auto
665.1933	P	H-05	certain	inherits from 665.193	auto
665.194	P	H-05	certain	inherits from 665	auto
665.2	I	H-15	moderate	package=PROSTHETICS (RMPR)	auto
665.21	I	H-05	certain	inherits from 665.2	auto
665.4	P	H-06	high	field=.01 NAME points to file 2	auto
665.43	P	H-05	certain	inherits from 665.4	auto
665.48	P	H-05	certain	inherits from 665.4	auto
665.72	P	manual	moderate	HOME OXYGEN TRANSACTIONS — patient care	triage
665.723	P	inherited-parent	moderate	inherits from 665.72	inherited
665.7231	P	inherited-parent	moderate	inherits from 665.723	inherited
665.72319	P	H-06	high	field=.01 PATIENT points to file 2	auto
665.723191	P	H-05	certain	inherits from 665.72319	auto
665.7232	I	H-09	low	has ptr to file 200 (staff/provider); no ptr to file 2 or 4	auto
667	I	H-08	high	has ptr to file 4; no ptr to file 2	auto
667.01	I	H-05	certain	inherits from 667	auto
667.1	I	H-15	moderate	package=PROSTHETICS (RMPR)	auto
667.2	I	H-15	moderate	package=PROSTHETICS (RMPR)	auto
667.3	I	H-08	high	has ptr to file 4; no ptr to file 2	auto
667.35	I	H-05	certain	inherits from 667.3	auto
668	P	H-06	high	field=1 VETERAN points to file 2	auto
668.011	P	H-05	certain	inherits from 668	auto
668.012	P	H-05	certain	inherits from 668	auto
668.021	P	H-05	certain	inherits from 668	auto
668.04	P	H-05	certain	inherits from 668	auto
668.07	P	H-05	certain	inherits from 668	auto
668.111	P	H-05	certain	inherits from 668.011	auto
668.81	P	H-05	certain	inherits from 668	auto
668.82	P	H-05	certain	inherits from 668	auto
669.1	I	H-15	moderate	package=PROSTHETICS (RMPR)	auto
669.9	I	H-08	high	has ptr to file 4; no ptr to file 2	auto
669.9001	I	H-05	certain	inherits from 669.9	auto
669.9002	I	H-05	certain	inherits from 669.9	auto
669.9003	I	H-05	certain	inherits from 669.9	auto
669.922	I	H-05	certain	inherits from 669.9	auto
669.961	I	H-05	certain	inherits from 669.9	auto
669.962	I	H-05	certain	inherits from 669.9	auto
669.965	I	H-05	certain	inherits from 669.9	auto
669.972	I	H-05	certain	inherits from 669.9	auto
669.974	I	H-05	certain	inherits from 669.9	auto
67	P	H-06	high	field=2 PATIENT FILE REF points to file 2	auto
67.1	I	H-09	low	has ptr to file 200 (staff/provider); no ptr to file 2 or 4	auto
67.11	I	H-08	high	has ptr to file 4; no ptr to file 2	auto
67.111	I	H-05	certain	inherits from 67.11	auto
67.2	I	H-09	low	has ptr to file 200 (staff/provider); no ptr to file 2 or 4	auto
67.3	I	H-09	low	has ptr to file 200 (staff/provider); no ptr to file 2 or 4	auto
67.4	P	H-14	moderate	package=LAB SERVICE (LR)	auto
67.9	I	H-08	high	has ptr to file 4; no ptr to file 2	auto
67.901	I	H-08	high	has ptr to file 4; no ptr to file 2	auto
67.911	I	H-05	certain	inherits from 67.901	auto
67.9114	I	H-05	certain	inherits from 67.911	auto
67.91148	I	H-05	certain	inherits from 67.9114	auto
67.99999	S	H-39	moderate	orphan: 0 ptrs in, 0 ptrs out	auto
67.9999901	I	H-22	low	name contains I-pattern	auto
67.9999911	I	H-05	certain	inherits from 67.9999901	auto
67.99999114	I	H-05	certain	inherits from 67.9999911	auto
67.999991148	I	H-05	certain	inherits from 67.99999114	auto
68	I	H-09	low	has ptr to file 200 (staff/provider); no ptr to file 2 or 4	auto
68.01	I	H-05	certain	inherits from 68	auto
68.02	I	H-08	high	has ptr to file 4; no ptr to file 2	auto
68.03	I	H-08	high	has ptr to file 4; no ptr to file 2	auto
68.04	I	H-05	certain	inherits from 68.02	auto
68.05	I	H-05	certain	inherits from 68.02	auto
68.06	I	H-05	certain	inherits from 68.02	auto
68.07	I	H-05	certain	inherits from 68.01	auto
68.08	I	H-05	certain	inherits from 68.07	auto
68.09	I	H-05	certain	inherits from 68	auto
68.1	I	H-05	certain	inherits from 68.09	auto
68.11	I	H-05	certain	inherits from 68.01	auto
68.12	I	H-05	certain	inherits from 68.11	auto
68.13	I	H-05	certain	inherits from 68.05	auto
68.14	I	H-08	high	has ptr to file 4; no ptr to file 2	auto
68.2	P	H-14	moderate	package=LAB SERVICE (LR)	auto
68.21	P	H-05	certain	inherits from 68.2	auto
68.22	P	H-05	certain	inherits from 68.21	auto
68.222	P	H-05	certain	inherits from 68.22	auto
68.225	P	H-05	certain	inherits from 68.22	auto
68.23	I	H-08	high	has ptr to file 4; no ptr to file 2	auto
68.24	I	H-05	certain	inherits from 68.23	auto
68.25	I	H-05	certain	inherits from 68.23	auto
68.26	I	H-05	certain	inherits from 68.25	auto
68.27	I	H-05	certain	inherits from 68.23	auto
68.28	I	H-05	certain	inherits from 68.23	auto
68.29	I	H-05	certain	inherits from 68.23	auto
68.3	P	H-05	certain	inherits from 68.2	auto
68.4	S	H-13	high	global=	auto
68.41	S	H-05	certain	inherits from 68.4	auto
69	P	H-14	moderate	package=LAB SERVICE (LR)	auto
69.01	I	H-08	high	has ptr to file 4; no ptr to file 2	auto
69.02	I	H-05	certain	inherits from 69.01	auto
69.03	I	H-08	high	has ptr to file 4; no ptr to file 2	auto
69.04	I	H-05	certain	inherits from 69.01	auto
69.05	I	H-05	certain	inherits from 69.03	auto
69.1	P	H-14	moderate	package=LAB SERVICE (LR)	auto
69.11	P	H-05	certain	inherits from 69.1	auto
69.2	P	H-14	moderate	package=LAB SERVICE (LR)	auto
69.21	P	H-05	certain	inherits from 69.2	auto
69.211	P	H-05	certain	inherits from 69.2	auto
69.212	P	H-05	certain	inherits from 69.2	auto
69.2166113	I	H-05	certain	inherits from 69.01	auto
69.2166114	I	H-05	certain	inherits from 69.01	auto
69.2166115	I	H-05	certain	inherits from 69.01	auto
69.2166116	I	H-05	certain	inherits from 69.01	auto
69.22	P	H-05	certain	inherits from 69.2	auto
69.221661	I	H-05	certain	inherits from 69.02	auto
69.2216612	I	H-05	certain	inherits from 69.02	auto
69.22166124	I	H-05	certain	inherits from 69.2216612	auto
69.23	P	H-05	certain	inherits from 69.2	auto
69.24	P	H-05	certain	inherits from 69.2	auto
69.25	P	H-05	certain	inherits from 69.2	auto
69.26	P	H-05	certain	inherits from 69.2	auto
69.27	P	H-05	certain	inherits from 69.2	auto
69.28	P	H-05	certain	inherits from 69.2	auto
69.29	P	H-05	certain	inherits from 69.2	auto
69.299	P	H-05	certain	inherits from 69.2	auto
69.3	P	H-06	high	field=.06 VA PATIENT NUMBER points to file 2	auto
69.31	P	H-05	certain	inherits from 69.2	auto
69.32	P	H-05	certain	inherits from 69.31	auto
69.321	P	H-05	certain	inherits from 69.32	auto
69.3211	P	H-05	certain	inherits from 69.321	auto
69.33	P	H-05	certain	inherits from 69.2	auto
69.34	P	H-05	certain	inherits from 69.33	auto
69.35	P	H-05	certain	inherits from 69.28	auto
69.36	P	H-05	certain	inherits from 69.35	auto
69.37	P	H-05	certain	inherits from 69.299	auto
69.38	P	H-05	certain	inherits from 69.2	auto
69.399	I	H-05	certain	inherits from 69.03	auto
69.3991	I	H-05	certain	inherits from 69.03	auto
69.4	K	H-12	high	global=	auto
69.45	K	H-05	certain	inherits from 69.4	auto
69.5	K	H-12	high	global=	auto
69.51	K	H-12	high	global=	auto
69.514	K	H-05	certain	inherits from 69.5	auto
69.515	K	H-05	certain	inherits from 69.5	auto
69.52	K	H-05	certain	inherits from 69.5	auto
69.53	K	H-05	certain	inherits from 69.5	auto
69.54	K	H-05	certain	inherits from 69.5	auto
69.55	K	H-05	certain	inherits from 69.5	auto
69.56	K	H-05	certain	inherits from 69.5	auto
69.57	K	H-05	certain	inherits from 69.5	auto
69.58	K	H-05	certain	inherits from 69.5	auto
69.6	I	H-08	high	has ptr to file 4; no ptr to file 2	auto
69.6061	I	H-05	certain	inherits from 69.6	auto
69.6063	I	H-08	high	has ptr to file 4; no ptr to file 2	auto
69.60631	I	H-05	certain	inherits from 69.6063	auto
69.61	P	H-05	certain	inherits from 69.2	auto
69.62	P	H-05	certain	inherits from 69.61	auto
69.63	P	H-05	certain	inherits from 69.61	auto
69.64	I	H-05	certain	inherits from 69.6	auto
69.699	I	H-05	certain	inherits from 69.6	auto
69.71	K	H-12	high	global=	auto
69.712	K	H-05	certain	inherits from 69.71	auto
69.713	K	H-05	certain	inherits from 69.71	auto
69.714	K	H-05	certain	inherits from 69.71	auto
69.86	I	H-09	low	has ptr to file 200 (staff/provider); no ptr to file 2 or 4	auto
69.861	I	H-05	certain	inherits from 69.86	auto
69.8616	I	H-05	certain	inherits from 69.86	auto
69.862	I	H-05	certain	inherits from 69.86	auto
69.8625	I	H-05	certain	inherits from 69.86	auto
69.863	I	H-05	certain	inherits from 69.86	auto
69.8632	I	H-05	certain	inherits from 69.86	auto
69.864	I	H-05	certain	inherits from 69.86	auto
69.8645	I	H-05	certain	inherits from 69.86	auto
69.8654	I	H-05	certain	inherits from 69.86	auto
69.867	I	H-05	certain	inherits from 69.86	auto
69.868	I	H-05	certain	inherits from 69.86	auto
69.87	I	H-09	low	has ptr to file 200 (staff/provider); no ptr to file 2 or 4	auto
69.9	I	H-08	high	has ptr to file 4; no ptr to file 2	auto
69.9001	I	H-08	high	has ptr to file 4; no ptr to file 2	auto
69.9002	I	H-05	certain	inherits from 69.9	auto
69.9003	I	H-05	certain	inherits from 69.9	auto
69.9004	I	H-05	certain	inherits from 69.9	auto
69.9005	I	H-05	certain	inherits from 69.9	auto
69.9006	I	H-08	high	has ptr to file 4; no ptr to file 2	auto
69.9007	I	H-08	high	has ptr to file 4; no ptr to file 2	auto
69.9008	I	H-05	certain	inherits from 69.9	auto
69.91	K	H-12	high	global=	auto
69.911	K	H-05	certain	inherits from 69.91	auto
69.9113	K	H-05	certain	inherits from 69.911	auto
69.913	K	H-05	certain	inherits from 69.91	auto
69.914	K	H-05	certain	inherits from 69.91	auto
69.915	K	H-05	certain	inherits from 69.91	auto
69.916	K	H-05	certain	inherits from 69.91	auto
69.9618	I	H-08	high	has ptr to file 4; no ptr to file 2	auto
69.98	I	H-05	certain	inherits from 69.9	auto
69.981	I	H-08	high	has ptr to file 4; no ptr to file 2	auto
69.99	I	H-05	certain	inherits from 69.9	auto
690	P	H-06	high	field=.01 NAME points to file 2	auto
690.015	P	H-05	certain	inherits from 690	auto
690.07	P	H-05	certain	inherits from 690	auto
690.08	P	H-05	certain	inherits from 690	auto
690.1	S	H-21	low	name contains S-pattern	auto
690.17	S	H-05	certain	inherits from 690.1	auto
690.18	S	H-05	certain	inherits from 690.1	auto
690.2	P	manual-package	moderate	prefix=MCA batch triage	triage
690.22	P	inherited-parent	moderate	inherits from 690.2	inherited
690.23	P	inherited-parent	moderate	inherits from 690.2	inherited
690.231	P	inherited-parent	moderate	inherits from 690.23	inherited
690.24	P	inherited-parent	moderate	inherits from 690.2	inherited
690.5	P	manual-package	moderate	prefix=MCA batch triage	triage
690.7	P	manual-package	moderate	prefix=MCA batch triage	triage
690.97	S	H-39	moderate	orphan: 0 ptrs in, 0 ptrs out	auto
690.99	S	H-39	moderate	orphan: 0 ptrs in, 0 ptrs out	auto
691	I	H-09	low	has ptr to file 200 (staff/provider); no ptr to file 2 or 4	auto
691.01	I	H-05	certain	inherits from 691	auto
691.02	I	H-05	certain	inherits from 691	auto
691.02005	I	H-05	certain	inherits from 691	auto
691.03	I	H-05	certain	inherits from 691	auto
691.04	I	H-05	certain	inherits from 691	auto
691.05	I	H-05	certain	inherits from 691	auto
691.06	I	H-05	certain	inherits from 691	auto
691.07	I	H-05	certain	inherits from 691	auto
691.08	I	H-05	certain	inherits from 691	auto
691.09	I	H-05	certain	inherits from 691	auto
691.1	I	H-09	low	has ptr to file 200 (staff/provider); no ptr to file 2 or 4	auto
691.11	I	H-05	certain	inherits from 691.1	auto
691.12	I	H-05	certain	inherits from 691.1	auto
691.12005	I	H-05	certain	inherits from 691.1	auto
691.13	I	H-05	certain	inherits from 691.1	auto
691.14	I	H-05	certain	inherits from 691.1	auto
691.15	I	H-05	certain	inherits from 691	auto
691.16	I	H-05	certain	inherits from 691.1	auto
691.17	I	H-05	certain	inherits from 691.1	auto
691.18	I	H-05	certain	inherits from 691.1	auto
691.19	I	H-05	certain	inherits from 691	auto
691.2	I	H-05	certain	inherits from 691.1	auto
691.21	I	H-05	certain	inherits from 691.1	auto
691.22	I	H-05	certain	inherits from 691.1	auto
691.23	I	H-05	certain	inherits from 691.1	auto
691.24	I	H-05	certain	inherits from 691.1	auto
691.25	I	H-05	certain	inherits from 691.1	auto
691.26	I	H-05	certain	inherits from 691.1	auto
691.27	I	H-05	certain	inherits from 691.1	auto
691.28	I	H-05	certain	inherits from 691.1	auto
691.29	I	H-05	certain	inherits from 691.1	auto
691.3	I	H-05	certain	inherits from 691.1	auto
691.31	I	H-05	certain	inherits from 691.1	auto
691.32	I	H-05	certain	inherits from 691.1	auto
691.33	I	H-05	certain	inherits from 691.1	auto
691.34	I	H-05	certain	inherits from 691.1	auto
691.35	I	H-05	certain	inherits from 691.1	auto
691.36	I	H-05	certain	inherits from 691.1	auto
691.37	I	H-05	certain	inherits from 691.36	auto
691.38	I	H-05	certain	inherits from 691.37	auto
691.39	I	H-05	certain	inherits from 691.1	auto
691.4	I	H-05	certain	inherits from 691.1	auto
691.41	I	H-05	certain	inherits from 691.1	auto
691.42	I	H-05	certain	inherits from 691.1	auto
691.43	I	H-05	certain	inherits from 691.1	auto
691.44	I	H-05	certain	inherits from 691.1	auto
691.45	I	H-05	certain	inherits from 691.26	auto
691.46	I	H-05	certain	inherits from 691.1	auto
691.47	I	H-05	certain	inherits from 691.1	auto
691.48	I	H-05	certain	inherits from 691	auto
691.5	I	H-09	low	has ptr to file 200 (staff/provider); no ptr to file 2 or 4	auto
691.51	I	H-05	certain	inherits from 691.5	auto
691.517	I	H-05	certain	inherits from 691.5	auto
691.52	I	H-05	certain	inherits from 691.5	auto
691.52005	I	H-05	certain	inherits from 691.5	auto
691.53	I	H-05	certain	inherits from 691.5	auto
691.54	I	H-05	certain	inherits from 691.5	auto
691.55	I	H-05	certain	inherits from 691.5	auto
691.56	I	H-05	certain	inherits from 691.5	auto
691.57	I	H-05	certain	inherits from 691.5	auto
691.58	I	H-05	certain	inherits from 691.5	auto
691.6	I	H-09	low	has ptr to file 200 (staff/provider); no ptr to file 2 or 4	auto
691.61	I	H-05	certain	inherits from 691.6	auto
691.62	I	H-05	certain	inherits from 691.6	auto
691.63	I	H-05	certain	inherits from 691.6	auto
691.64	I	H-05	certain	inherits from 691.6	auto
691.65	I	H-05	certain	inherits from 691.6	auto
691.66	I	H-05	certain	inherits from 691.6	auto
691.67	I	H-05	certain	inherits from 691.6	auto
691.68	I	H-05	certain	inherits from 691.6	auto
691.69	I	H-05	certain	inherits from 691.6	auto
691.7	I	H-09	low	has ptr to file 200 (staff/provider); no ptr to file 2 or 4	auto
691.701	I	H-05	certain	inherits from 691.7	auto
691.702	I	H-05	certain	inherits from 691.7	auto
691.703	I	H-05	certain	inherits from 691.7	auto
691.704	I	H-05	certain	inherits from 691.7	auto
691.71	I	H-05	certain	inherits from 691.7	auto
691.72	I	H-05	certain	inherits from 691.7	auto
691.73	I	H-05	certain	inherits from 691.7	auto
691.74	I	H-05	certain	inherits from 691.7	auto
691.75	I	H-05	certain	inherits from 691.7	auto
691.8	I	H-09	low	has ptr to file 200 (staff/provider); no ptr to file 2 or 4	auto
691.801	I	H-05	certain	inherits from 691.8	auto
691.802	I	H-05	certain	inherits from 691.8	auto
691.803	I	H-05	certain	inherits from 691.8	auto
691.804	I	H-05	certain	inherits from 691.8	auto
691.805	I	H-05	certain	inherits from 691.8	auto
691.806	I	H-05	certain	inherits from 691.8	auto
691.811	I	H-05	certain	inherits from 691.8	auto
691.812	I	H-05	certain	inherits from 691.8	auto
691.813	I	H-05	certain	inherits from 691.8	auto
691.814	I	H-05	certain	inherits from 691.8	auto
691.815	I	H-05	certain	inherits from 691.8	auto
691.87	I	H-05	certain	inherits from 691.8	auto
691.9	I	H-09	low	has ptr to file 200 (staff/provider); no ptr to file 2 or 4	auto
691.9001	I	H-05	certain	inherits from 691.9	auto
691.911	I	H-05	certain	inherits from 691.9	auto
691.921	I	H-05	certain	inherits from 691.9	auto
691.9212	I	H-05	certain	inherits from 691.921	auto
691.922	I	H-05	certain	inherits from 691.9	auto
691.923	I	H-05	certain	inherits from 691.9	auto
691.93	I	H-05	certain	inherits from 691.9	auto
691.931	I	H-05	certain	inherits from 691.93	auto
691.96	I	H-05	certain	inherits from 691.8	auto
691.97	I	H-05	certain	inherits from 691.8	auto
6910	I	H-08	high	has ptr to file 4; no ptr to file 2	auto
6910.01	I	H-05	certain	inherits from 6910	auto
6910.012	I	H-05	certain	inherits from 6910	auto
6910.08	I	H-05	certain	inherits from 6910	auto
6910.09	I	H-05	certain	inherits from 6910	auto
6910.1	S	H-13	high	global=	auto
6910.2	I	H-11	high	global=	auto
6910.21	I	H-05	certain	inherits from 6910.2	auto
6910.3	I	H-11	high	global=	auto
6910.5	I	H-11	high	global=	auto
6910.51	I	H-05	certain	inherits from 6910.5	auto
6910.52	I	H-05	certain	inherits from 6910.5	auto
6910.9	I	H-11	high	global=	auto
6910.97	I	H-05	certain	inherits from 6910.9	auto
6911	I	H-11	high	global=	auto
6911.01	I	H-05	certain	inherits from 6911	auto
6911.02	I	H-05	certain	inherits from 6911	auto
6911.13	I	H-05	certain	inherits from 6911.01	auto
6912	I	H-11	high	global=	auto
6912.01	I	H-05	certain	inherits from 6912	auto
6913	I	H-11	high	global=	auto
6914	I	H-09	low	has ptr to file 200 (staff/provider); no ptr to file 2 or 4	auto
6914.01	I	H-05	certain	inherits from 6914	auto
6914.02	I	H-05	certain	inherits from 6914	auto
6914.03	I	H-05	certain	inherits from 6914	auto
6914.04	I	H-05	certain	inherits from 6914	auto
6914.05	I	H-05	certain	inherits from 6914	auto
6914.092	I	H-05	certain	inherits from 6914	auto
6914.1	I	H-09	low	has ptr to file 200 (staff/provider); no ptr to file 2 or 4	auto
6914.2	I	H-11	high	global=	auto
6914.23	I	H-05	certain	inherits from 6914.2	auto
6914.3	I	H-11	high	global=	auto
6914.31	I	H-05	certain	inherits from 6914.3	auto
6914.4	I	H-11	high	global=	auto
6914.43	I	H-05	certain	inherits from 6914.04	auto
6914.6	I	H-11	high	global=	auto
6914.7	I	H-11	high	global=	auto
6914.8	I	H-11	high	global=	auto
6914.9	I	H-11	high	global=	auto
6915.1	I	H-11	high	global=	auto
6915.11	I	H-11	high	global=	auto
6915.2	I	H-09	low	has ptr to file 200 (staff/provider); no ptr to file 2 or 4	auto
6915.21	I	H-05	certain	inherits from 6915.2	auto
6915.3	I	H-09	low	has ptr to file 200 (staff/provider); no ptr to file 2 or 4	auto
6915.31	I	H-05	certain	inherits from 6915.3	auto
6915.4	I	H-09	low	has ptr to file 200 (staff/provider); no ptr to file 2 or 4	auto
6915.41	I	H-05	certain	inherits from 6915.4	auto
6915.5	I	H-09	low	has ptr to file 200 (staff/provider); no ptr to file 2 or 4	auto
6915.51	I	H-05	certain	inherits from 6915.5	auto
6915.6	I	H-09	low	has ptr to file 200 (staff/provider); no ptr to file 2 or 4	auto
6915.61	I	H-05	certain	inherits from 6915.6	auto
6915.9	I	H-11	high	global=	auto
6915.91	I	H-05	certain	inherits from 6915.9	auto
6915.911	I	H-05	certain	inherits from 6915.91	auto
6915.9111	I	H-05	certain	inherits from 6915.911	auto
6916	I	H-15	moderate	package=ENGINEERING (EN)	auto
6916.07	I	H-05	certain	inherits from 6916	auto
6916.08	I	H-05	certain	inherits from 6916.07	auto
6916.09	I	H-05	certain	inherits from 6916.07	auto
6916.1	I	H-05	certain	inherits from 6916	auto
6916.11	I	H-05	certain	inherits from 6916	auto
6916.12	I	H-05	certain	inherits from 6916.11	auto
6916.2	I	H-11	high	global=	auto
6916.21	I	H-05	certain	inherits from 6916.2	auto
6916.3	I	H-09	low	has ptr to file 200 (staff/provider); no ptr to file 2 or 4	auto
6916.31	I	H-05	certain	inherits from 6916.3	auto
6917	I	H-09	low	has ptr to file 200 (staff/provider); no ptr to file 2 or 4	auto
6917.016	I	H-05	certain	inherits from 6917	auto
6917.04	I	H-05	certain	inherits from 6917	auto
6918	I	H-11	high	global=	auto
6918.01	I	H-05	certain	inherits from 6918	auto
6918.1	I	H-11	high	global=	auto
6918.11	I	H-05	certain	inherits from 6918.1	auto
6919	I	H-11	high	global=	auto
6919.01	I	H-05	certain	inherits from 6919	auto
6919.02	I	H-05	certain	inherits from 6919	auto
6919.1	S	H-39	moderate	orphan: 0 ptrs in, 0 ptrs out	auto
6919.11	S	H-05	certain	inherits(prop) from 6919.1	auto
6919.12	S	H-05	certain	inherits(prop) from 6919.1	auto
6919.2	S	H-39	moderate	orphan: 0 ptrs in, 0 ptrs out	auto
6919.21	S	H-05	certain	inherits(prop) from 6919.2	auto
6919.22	S	H-05	certain	inherits(prop) from 6919.2	auto
6919.23	S	H-05	certain	inherits(prop) from 6919.2	auto
6919.24	S	H-05	certain	inherits(prop) from 6919.2	auto
692	I	H-09	low	has ptr to file 200 (staff/provider); no ptr to file 2 or 4	auto
692.01	I	H-05	certain	inherits from 692	auto
692.019	I	H-05	certain	inherits from 692	auto
692.02	I	H-05	certain	inherits from 692	auto
692.03	I	H-05	certain	inherits from 692	auto
692.07	I	H-05	certain	inherits from 692	auto
692.21	I	H-05	certain	inherits from 692.02	auto
6920	I	H-09	low	has ptr to file 200 (staff/provider); no ptr to file 2 or 4	auto
6920.01	I	H-05	certain	inherits from 6920	auto
6920.02	I	H-05	certain	inherits from 6920	auto
6920.035	I	H-05	certain	inherits from 6920	auto
6920.1	I	H-11	high	global=	auto
6920.11	I	H-05	certain	inherits from 6920.1	auto
6920.5	I	H-11	high	global=	auto
6921	S	H-13	high	global=	auto
6922	S	H-13	high	global=	auto
6922.03	S	H-05	certain	inherits from 6922	auto
6922.31	S	H-05	certain	inherits from 6922.03	auto
6924	I	H-11	high	global=	auto
6924.01	I	H-05	certain	inherits from 6924	auto
6924.02	I	H-05	certain	inherits from 6924	auto
6924.03	I	H-05	certain	inherits from 6924	auto
6924.04	I	H-05	certain	inherits from 6924	auto
6924.1	I	H-11	high	global=	auto
6924.2	I	H-11	high	global=	auto
6924.3	I	H-11	high	global=	auto
6925	I	H-08	high	has ptr to file 4; no ptr to file 2	auto
6925.01	I	H-05	certain	inherits from 6925	auto
6925.0164	I	H-05	certain	inherits from 6925	auto
6925.0166	I	H-05	certain	inherits from 6925	auto
6925.0177	I	H-05	certain	inherits from 6925	auto
6925.0186	I	H-05	certain	inherits from 6925	auto
6925.0192	I	H-05	certain	inherits from 6925	auto
6925.0225	I	H-05	certain	inherits from 6925	auto
6925.0277	I	H-05	certain	inherits from 6925	auto
6925.0278	I	H-05	certain	inherits from 6925	auto
6925.0282	I	H-05	certain	inherits from 6925	auto
6925.03	I	H-05	certain	inherits from 6925	auto
6925.0301	I	H-05	certain	inherits from 6925	auto
6925.04	I	H-05	certain	inherits from 6925	auto
6925.05	I	H-05	certain	inherits from 6925	auto
6925.06	I	H-05	certain	inherits from 6925	auto
6925.2	I	H-11	high	global=	auto
6925.3	I	H-11	high	global=	auto
6926	I	H-11	high	global=	auto
6926.01	I	H-05	certain	inherits from 6926	auto
6926.02	I	H-05	certain	inherits from 6926.01	auto
6927	I	H-11	high	global=	auto
6927.01	I	H-05	certain	inherits from 6927	auto
6927.02	I	H-05	certain	inherits from 6927.01	auto
6928	I	H-11	high	global=	auto
6928.01	I	H-05	certain	inherits from 6928	auto
6928.018	I	H-05	certain	inherits from 6928	auto
6928.02	I	H-05	certain	inherits from 6928	auto
6928.03	I	H-05	certain	inherits from 6928	auto
6928.04	I	H-05	certain	inherits from 6928	auto
6928.1	I	H-11	high	global=	auto
6928.2	I	H-11	high	global=	auto
6928.3	I	H-11	high	global=	auto
6928.321	I	H-05	certain	inherits from 6928.3	auto
6929	I	H-11	high	global=	auto
693	P	manual-package	moderate	prefix=MCA batch triage	triage
693.2	P	manual-package	moderate	prefix=MCA batch triage	triage
693.3	P	manual-package	moderate	prefix=MCA batch triage	triage
693.5	P	manual-package	moderate	prefix=MCA batch triage	triage
693.6	P	manual-package	moderate	prefix=MCA batch triage	triage
6930	P	manual-package	moderate	prefix=VIA batch triage	triage
694	I	H-09	low	has ptr to file 200 (staff/provider); no ptr to file 2 or 4	auto
694.01	I	H-05	certain	inherits from 694	auto
694.02	I	H-05	certain	inherits from 694	auto
694.02005	I	H-05	certain	inherits from 694	auto
694.035	I	H-05	certain	inherits from 694	auto
694.038	I	H-05	certain	inherits from 694	auto
694.041	I	H-05	certain	inherits from 694	auto
694.054	I	H-05	certain	inherits from 694	auto
694.055	I	H-05	certain	inherits from 694	auto
694.057	I	H-05	certain	inherits from 694	auto
694.058	I	H-05	certain	inherits from 694	auto
694.1	P	manual-package	moderate	prefix=MCA batch triage	triage
694.11	K	H-20	low	name contains K-pattern	auto
694.5	I	H-08	high	has ptr to file 4; no ptr to file 2	auto
694.586	I	H-05	certain	inherits from 694.5	auto
694.8	I	H-09	low	has ptr to file 200 (staff/provider); no ptr to file 2 or 4	auto
694.801	I	H-05	certain	inherits from 694.8	auto
694.802	I	H-05	certain	inherits from 694.8	auto
695	P	manual-package	moderate	prefix=MCA batch triage	triage
695.01	P	inherited-parent	moderate	inherits from 695	inherited
695.1	P	manual-package	moderate	prefix=MCA batch triage	triage
695.3	P	manual-package	moderate	prefix=MCA batch triage	triage
695.4	P	manual-package	moderate	prefix=MCA batch triage	triage
695.5	P	manual-package	moderate	prefix=MCA batch triage	triage
695.52	P	inherited-parent	moderate	inherits from 695.5	inherited
695.6	P	manual-package	moderate	prefix=MCA batch triage	triage
695.8	P	manual-package	moderate	prefix=MCA batch triage	triage
695.9	P	manual-package	moderate	prefix=MCA batch triage	triage
696	P	manual-package	moderate	prefix=MCA batch triage	triage
696.1	P	manual-package	moderate	prefix=MCA batch triage	triage
696.2	S	H-21	low	name contains S-pattern	auto
696.3	S	H-21	low	name contains S-pattern	auto
696.4	P	manual-package	moderate	prefix=MCA batch triage	triage
696.5	S	H-21	low	name contains S-pattern	auto
696.7	P	manual-package	moderate	prefix=MCA batch triage	triage
696.9	P	manual-package	moderate	prefix=MCA batch triage	triage
696.91	P	inherited-parent	moderate	inherits from 696.9	inherited
697	P	manual-package	moderate	prefix=MCA batch triage	triage
697.01	P	inherited-parent	moderate	inherits from 697	inherited
697.02	P	inherited-parent	moderate	inherits from 697	inherited
697.1	P	manual-package	moderate	prefix=MCA batch triage	triage
697.2	K	H-18	moderate	ptr_in=12 ptr_out=0	auto
697.21	K	H-05	certain	inherits from 697.2	auto
697.3	S	H-39	moderate	orphan: 0 ptrs in, 0 ptrs out	auto
697.31	K	H-20	low	name contains K-pattern	auto
697.5	K	H-18	moderate	ptr_in=11 ptr_out=1	auto
697.51	K	H-05	certain	inherits from 697.5	auto
697.53	K	H-05	certain	inherits from 697.5	auto
697.55	K	H-05	certain	inherits from 697.5	auto
698	I	H-08	high	has ptr to file 4; no ptr to file 2	auto
698.01	I	H-05	certain	inherits from 698	auto
698.02	I	H-05	certain	inherits from 698	auto
698.093	I	H-05	certain	inherits from 698	auto
698.1	I	H-09	low	has ptr to file 200 (staff/provider); no ptr to file 2 or 4	auto
698.11	I	H-05	certain	inherits from 698.1	auto
698.12	I	H-05	certain	inherits from 698.1	auto
698.2	I	H-09	low	has ptr to file 200 (staff/provider); no ptr to file 2 or 4	auto
698.21	I	H-05	certain	inherits from 698.2	auto
698.22	I	H-05	certain	inherits from 698.2	auto
698.3	I	H-09	low	has ptr to file 200 (staff/provider); no ptr to file 2 or 4	auto
698.31	I	H-05	certain	inherits from 698.3	auto
698.32	I	H-05	certain	inherits from 698.3	auto
698.4	P	manual-package	moderate	prefix=MCA batch triage	triage
698.6	P	manual-package	moderate	prefix=MCA batch triage	triage
698.9	P	manual-package	moderate	prefix=MCA batch triage	triage
699	I	H-09	low	has ptr to file 200 (staff/provider); no ptr to file 2 or 4	auto
699.01	I	H-05	certain	inherits from 699	auto
699.02	I	H-05	certain	inherits from 699.01	auto
699.02005	I	H-05	certain	inherits from 699	auto
699.0203	I	H-05	certain	inherits from 699	auto
699.0206	I	H-05	certain	inherits from 699	auto
699.0207	I	H-05	certain	inherits from 699	auto
699.03	I	H-05	certain	inherits from 699	auto
699.04	I	H-05	certain	inherits from 699	auto
699.05	I	H-05	certain	inherits from 699	auto
699.13	I	H-05	certain	inherits from 699.01	auto
699.15	I	H-05	certain	inherits from 699.01	auto
699.16	I	H-05	certain	inherits from 699	auto
699.17	I	H-05	certain	inherits from 699	auto
699.18	I	H-05	certain	inherits from 699	auto
699.19	I	H-05	certain	inherits from 699	auto
699.35	I	H-05	certain	inherits from 699	auto
699.36	I	H-05	certain	inherits from 699	auto
699.37	I	H-05	certain	inherits from 699	auto
699.38	I	H-05	certain	inherits from 699	auto
699.39	I	H-05	certain	inherits from 699	auto
699.4	I	H-05	certain	inherits from 699	auto
699.48	P	manual-package	moderate	prefix=MCA batch triage	triage
699.5	I	H-09	low	has ptr to file 200 (staff/provider); no ptr to file 2 or 4	auto
699.501	I	H-05	certain	inherits from 699.5	auto
699.51	I	H-05	certain	inherits from 699.5	auto
699.52	I	H-05	certain	inherits from 699.5	auto
699.52005	I	H-05	certain	inherits from 699.5	auto
699.53	I	H-05	certain	inherits from 699.5	auto
699.532	I	H-05	certain	inherits from 699.5	auto
699.533	I	H-05	certain	inherits from 699.5	auto
699.534	I	H-05	certain	inherits from 699.5	auto
699.535	I	H-05	certain	inherits from 699.5	auto
699.54	I	H-05	certain	inherits from 699.5	auto
699.55	P	manual-package	moderate	prefix=MCA batch triage	triage
699.551	P	inherited-parent	moderate	inherits from 699.55	inherited
699.56	I	H-05	certain	inherits from 699	auto
699.57	P	manual-package	moderate	prefix=MCA batch triage	triage
699.571	P	inherited-parent	moderate	inherits from 699.57	inherited
699.58	I	H-05	certain	inherits from 699	auto
699.59	I	H-05	certain	inherits from 699	auto
699.6	P	manual-package	moderate	prefix=MCA batch triage	triage
699.61	P	inherited-parent	moderate	inherits from 699.6	inherited
699.62	P	inherited-parent	moderate	inherits from 699.6	inherited
699.64	I	H-05	certain	inherits from 699	auto
699.66	I	H-05	certain	inherits from 699	auto
699.67	I	H-05	certain	inherits from 699	auto
699.68	I	H-05	certain	inherits from 699	auto
699.69	I	H-05	certain	inherits from 699	auto
699.7	S	H-21	low	name contains S-pattern	auto
699.71	I	H-05	certain	inherits from 699	auto
699.73	I	H-05	certain	inherits from 699	auto
699.74	I	H-05	certain	inherits from 699	auto
699.75	I	H-05	certain	inherits from 699	auto
699.81	P	manual-package	moderate	prefix=MCA batch triage	triage
699.811	P	inherited-parent	moderate	inherits from 699.81	inherited
699.82	K	H-20	low	name contains K-pattern	auto
699.83	P	manual-package	moderate	prefix=MCA batch triage	triage
699.831	P	inherited-parent	moderate	inherits from 699.83	inherited
699.84	P	manual-package	moderate	prefix=MCA batch triage	triage
699.85	S	H-21	low	name contains S-pattern	auto
699.851	S	H-05	certain	inherits from 699.85	auto
699.86	P	manual-package	moderate	prefix=MCA batch triage	triage
699.88	P	manual-package	moderate	prefix=MCA batch triage	triage
7	S	H-13	high	global=	auto
7.1	S	H-13	high	global=	auto
70	P	H-06	high	field=.01 NAME points to file 2	auto
70.02	P	H-05	certain	inherits from 70	auto
70.03	P	H-05	certain	inherits from 70.02	auto
70.04	P	H-05	certain	inherits from 70.03	auto
70.05	P	H-05	certain	inherits from 70.03	auto
70.06	P	H-05	certain	inherits from 70	auto
70.07	P	H-05	certain	inherits from 70.03	auto
70.08	P	H-05	certain	inherits from 70.06	auto
70.09	P	H-05	certain	inherits from 70.03	auto
70.1	P	H-05	certain	inherits from 70.03	auto
70.11	P	H-05	certain	inherits from 70.03	auto
70.12	P	H-05	certain	inherits from 70.03	auto
70.13	P	H-05	certain	inherits from 70.03	auto
70.14	P	H-05	certain	inherits from 70.03	auto
70.15	P	H-05	certain	inherits from 70.03	auto
70.16	P	H-05	certain	inherits from 70.03	auto
70.2	P	H-06	high	field=.01 PATIENT points to file 2	auto
70.21	P	H-05	certain	inherits from 70.2	auto
70.3	P	H-06	high	field=.01 PATIENT points to file 2	auto
70.31	P	H-05	certain	inherits from 70.3	auto
70.3135	P	H-05	certain	inherits from 70.03	auto
70.3225	P	H-05	certain	inherits from 70.03	auto
70.346	P	H-05	certain	inherits from 70.03	auto
700	I	H-09	low	has ptr to file 200 (staff/provider); no ptr to file 2 or 4	auto
700.01	I	H-05	certain	inherits from 700	auto
700.017	I	H-05	certain	inherits from 700	auto
700.018	I	H-05	certain	inherits from 700	auto
700.02	I	H-05	certain	inherits from 700	auto
700.021	I	H-05	certain	inherits from 700	auto
700.022	I	H-05	certain	inherits from 700	auto
700.023	I	H-05	certain	inherits from 700	auto
700.024	I	H-05	certain	inherits from 700	auto
700.026	I	H-05	certain	inherits from 700	auto
700.027	I	H-05	certain	inherits from 700	auto
700.029	I	H-05	certain	inherits from 700	auto
700.03	I	H-05	certain	inherits from 700	auto
700.032	I	H-05	certain	inherits from 700	auto
700.033	I	H-05	certain	inherits from 700	auto
700.04	I	H-05	certain	inherits from 700	auto
700.041	I	H-05	certain	inherits from 700	auto
700.042	I	H-05	certain	inherits from 700.032	auto
700.05	I	H-05	certain	inherits from 700	auto
700.06	I	H-05	certain	inherits from 700	auto
700.07	I	H-05	certain	inherits from 700	auto
700.08	I	H-05	certain	inherits from 700	auto
700.09	I	H-05	certain	inherits from 700	auto
700.1	P	manual-package	moderate	prefix=MCA batch triage	triage
700.2	P	manual-package	moderate	prefix=MCA batch triage	triage
700.3229	I	H-05	certain	inherits from 700.032	auto
700.5	S	H-39	moderate	orphan: 0 ptrs in, 0 ptrs out	auto
701	I	H-09	low	has ptr to file 200 (staff/provider); no ptr to file 2 or 4	auto
701.01	I	H-05	certain	inherits from 701	auto
701.0108	I	H-05	certain	inherits from 701	auto
701.02005	I	H-05	certain	inherits from 701	auto
701.0201	I	H-05	certain	inherits from 701	auto
701.0611	I	H-05	certain	inherits from 701	auto
701.0615	I	H-05	certain	inherits from 701	auto
702	P	H-06	high	field=.01 PATIENT points to file 2	auto
702.001	P	manual-package	moderate	prefix=MDD batch triage	triage
702.01	K	H-20	low	name contains K-pattern	auto
702.011	K	H-05	certain	inherits from 702.01	auto
702.09	P	manual	moderate	CP INSTRUMENT — clinical procedure	triage
702.091	P	H-05	certain	inherits from 702	auto
702.1	P	H-05	certain	inherits from 702	auto
703.1	P	H-06	high	field=.02 PATIENT points to file 2	auto
703.11	P	H-05	certain	inherits from 703.1	auto
703.12	P	H-05	certain	inherits from 703.11	auto
703.9	I	H-09	low	has ptr to file 200 (staff/provider); no ptr to file 2 or 4	auto
703.91	I	H-05	certain	inherits from 703.9	auto
703.92	I	H-05	certain	inherits from 703.9	auto
704.001	I	H-09	low	has ptr to file 200 (staff/provider); no ptr to file 2 or 4	auto
704.002	P	H-06	high	field=.06 PATIENT points to file 2	auto
704.004	S	H-21	low	name contains S-pattern	auto
704.005	P	H-06	high	field=.01 PATIENT points to file 2	auto
704.006	P	manual-package	moderate	prefix=MDC batch triage	triage
704.007	S	H-39	moderate	orphan: 0 ptrs in, 0 ptrs out	auto
704.008	P	manual-package	moderate	prefix=MDC batch triage	triage
704.101	K	H-18	moderate	ptr_in=16 ptr_out=1	auto
704.102	K	H-20	low	name contains K-pattern	auto
704.103	P	manual-package	moderate	prefix=MDC batch triage	triage
704.104	P	manual-package	moderate	prefix=MDC batch triage	triage
704.105	P	manual-package	moderate	prefix=MDC batch triage	triage
704.106	P	manual-package	moderate	prefix=MDC batch triage	triage
704.107	P	H-06	high	field=.08 PATIENT_ID points to file 2	auto
704.108	P	manual-package	moderate	prefix=MDC batch triage	triage
704.109	P	manual-package	moderate	prefix=MDC batch triage	triage
704.111	P	manual-package	moderate	prefix=MDC batch triage	triage
704.1111	S	H-21	low	name contains S-pattern	auto
704.1112	P	manual-package	moderate	prefix=MDC batch triage	triage
704.112	P	manual-package	moderate	prefix=MDC batch triage	triage
704.1121	P	manual-package	moderate	prefix=MDC batch triage	triage
704.1122	P	H-06	high	field=.03 PATIENT_ID points to file 2	auto
704.1123	P	manual-package	moderate	prefix=MDC batch triage	triage
704.113	P	manual-package	moderate	prefix=MDC batch triage	triage
704.1131	S	H-21	low	name contains S-pattern	auto
704.115	P	H-06	high	field=.02 PATIENT_ID points to file 2	auto
704.116	I	H-09	low	has ptr to file 200 (staff/provider); no ptr to file 2 or 4	auto
704.1161	P	manual-package	moderate	prefix=MDC batch triage	triage
704.117	P	H-06	high	field=.08 PATIENT_ID points to file 2	auto
704.118	P	manual-package	moderate	prefix=MDC batch triage	triage
704.119	I	H-09	low	has ptr to file 200 (staff/provider); no ptr to file 2 or 4	auto
704.121	P	H-06	high	field=.04 PATIENT_ID points to file 2	auto
704.1211	I	H-09	low	has ptr to file 200 (staff/provider); no ptr to file 2 or 4	auto
704.1212	I	H-09	low	has ptr to file 200 (staff/provider); no ptr to file 2 or 4	auto
704.201	P	H-06	high	field=.01 PATIENT_ID points to file 2	auto
704.2011	P	H-05	certain	inherits from 704.201	auto
704.2012	P	H-05	certain	inherits from 704.201	auto
704.2013	P	H-05	certain	inherits from 704.201	auto
704.202	P	H-06	high	field=.02 PATIENT points to file 2	auto
704.2021	P	H-05	certain	inherits from 704.202	auto
704.2022	P	H-05	certain	inherits from 704.202	auto
704.2023	P	H-05	certain	inherits from 704.202	auto
704.2024	P	H-05	certain	inherits from 704.202	auto
704.2025	P	H-05	certain	inherits from 704.202	auto
704.2026	P	H-05	certain	inherits from 704.202	auto
704.209	I	H-09	low	has ptr to file 200 (staff/provider); no ptr to file 2 or 4	auto
704.2091	I	H-05	certain	inherits from 704.209	auto
71	P	H-14	moderate	package=RADIOLOGY/NUCLEAR MEDICINE (RA)	auto
71.01	P	H-05	certain	inherits from 71	auto
71.0125	P	H-05	certain	inherits from 71	auto
71.0135	P	H-05	certain	inherits from 71	auto
71.02	P	H-05	certain	inherits from 71	auto
71.03	P	H-05	certain	inherits from 71	auto
71.04	P	H-05	certain	inherits from 71	auto
71.05	P	H-05	certain	inherits from 71	auto
71.055	P	H-05	certain	inherits from 71	auto
71.06	P	H-05	certain	inherits from 71	auto
71.07	P	H-05	certain	inherits from 71	auto
71.0731	P	H-05	certain	inherits from 71	auto
71.08	P	H-05	certain	inherits from 71	auto
71.09	P	H-05	certain	inherits from 71	auto
71.1	P	H-14	moderate	package=RADIOLOGY/NUCLEAR MEDICINE (RA)	auto
71.11	P	H-14	moderate	package=RADIOLOGY/NUCLEAR MEDICINE (RA)	auto
71.1102	P	H-05	certain	inherits from 71.11	auto
71.1103	P	H-05	certain	inherits from 71.11	auto
71.1105	P	H-05	certain	inherits from 71.11	auto
71.1108	P	H-05	certain	inherits from 71.11	auto
71.111	P	H-05	certain	inherits from 71.11	auto
71.11125	P	H-05	certain	inherits from 71.11	auto
71.11135	P	H-05	certain	inherits from 71.11	auto
71.1155	P	H-05	certain	inherits from 71.11	auto
71.11731	P	H-05	certain	inherits from 71.11	auto
71.12	P	H-05	certain	inherits from 71.11	auto
71.1235	P	H-14	moderate	package=RADIOLOGY/NUCLEAR MEDICINE (RA)	auto
71.13	P	H-05	certain	inherits from 71.11	auto
71.2	P	H-14	moderate	package=RADIOLOGY/NUCLEAR MEDICINE (RA)	auto
71.23	P	H-05	certain	inherits from 71.2	auto
71.3	P	H-14	moderate	package=RADIOLOGY/NUCLEAR MEDICINE (RA)	auto
71.312	P	H-05	certain	inherits from 71.3	auto
71.4	P	H-14	moderate	package=RADIOLOGY/NUCLEAR MEDICINE (RA)	auto
71.5	P	H-14	moderate	package=RADIOLOGY/NUCLEAR MEDICINE (RA)	auto
71.6	P	H-14	moderate	package=RADIOLOGY/NUCLEAR MEDICINE (RA)	auto
71.61	P	H-05	certain	inherits from 71.6	auto
71.62	P	H-05	certain	inherits from 71.6	auto
71.7	P	H-14	moderate	package=RADIOLOGY/NUCLEAR MEDICINE (RA)	auto
71.701	P	H-05	certain	inherits from 71.7	auto
71.8	P	H-14	moderate	package=RADIOLOGY/NUCLEAR MEDICINE (RA)	auto
71.9	P	H-14	moderate	package=RADIOLOGY/NUCLEAR MEDICINE (RA)	auto
71.98	I	H-09	low	has ptr to file 200 (staff/provider); no ptr to file 2 or 4	auto
71.99	P	H-14	moderate	package=RADIOLOGY/NUCLEAR MEDICINE (RA)	auto
71.9901	P	H-05	certain	inherits from 71.99	auto
71.993	P	H-05	certain	inherits from 71.99	auto
71.9999	P	H-05	certain	inherits from 71.99	auto
711	I	H-15	moderate	package=ENROLLMENT APPLICATION SYSTEM (EAS)	auto
7115.1	S	H-39	moderate	orphan: 0 ptrs in, 0 ptrs out	auto
7115.11	S	H-05	certain	inherits(prop) from 7115.1	auto
7115.3	K	H-20	low	name contains K-pattern	auto
7115.34	K	H-05	certain	inherits from 7115.3	auto
7115.5	I	manual-package	moderate	prefix=HDI batch triage	triage
7115.51	I	inherited-parent	moderate	inherits from 7115.5	inherited
7115.6	I	manual-package	moderate	prefix=HDI batch triage	triage
7118.11	I	manual-package	moderate	prefix=HDI batch triage	triage
7118.12	I	inherited-parent	moderate	inherits from 7118.11	inherited
7118.13	I	inherited-parent	moderate	inherits from 7118.11	inherited
7118.21	I	H-08	high	has ptr to file 4; no ptr to file 2	auto
7118.22	I	H-22	low	name contains I-pattern	auto
7118.25	I	manual-package	moderate	prefix=HDI batch triage	triage
7118.27	S	H-39	moderate	orphan: 0 ptrs in, 0 ptrs out	auto
7118.29	S	H-21	low	name contains S-pattern	auto
712	P	H-06	high	field=3.4 LINK TO FILE #2 points to file 2	auto
712.01	P	H-05	certain	inherits from 712	auto
712.013	P	H-05	certain	inherits from 712	auto
712.5	I	H-15	moderate	package=ENROLLMENT APPLICATION SYSTEM (EAS)	auto
712.6	I	H-15	moderate	package=ENROLLMENT APPLICATION SYSTEM (EAS)	auto
713	I	H-09	low	has ptr to file 200 (staff/provider); no ptr to file 2 or 4	auto
713.025	I	H-08	high	has ptr to file 4; no ptr to file 2	auto
713.1	P	H-06	high	field=.01 NAME points to file 2	auto
713.2	I	H-09	low	has ptr to file 200 (staff/provider); no ptr to file 2 or 4	auto
713.27	I	H-05	certain	inherits from 713.2	auto
713.3	I	H-15	moderate	package=ENROLLMENT APPLICATION SYSTEM (EAS)	auto
713.33	I	H-05	certain	inherits from 713.3	auto
713.34	I	H-08	high	has ptr to file 4; no ptr to file 2	auto
713.341	I	H-05	certain	inherits from 713.34	auto
714.1	I	H-15	moderate	package=ENROLLMENT APPLICATION SYSTEM (EAS)	auto
714.5	P	H-06	high	field=.01 PATIENT NAME points to file 2	auto
72	P	H-14	moderate	package=RADIOLOGY/NUCLEAR MEDICINE (RA)	auto
720.1	P	H-14	moderate	package=EVENT CAPTURE (EC)	auto
720.3	P	H-14	moderate	package=EVENT CAPTURE (EC)	auto
720.4	P	H-14	moderate	package=EVENT CAPTURE (EC)	auto
720.5	P	H-14	moderate	package=EVENT CAPTURE (EC)	auto
721	P	H-06	high	field=1 PATIENT points to file 2	auto
721.036	P	H-05	certain	inherits from 721	auto
721.038	P	H-05	certain	inherits from 721	auto
721.042	P	H-05	certain	inherits from 721	auto
722	I	H-09	low	has ptr to file 200 (staff/provider); no ptr to file 2 or 4	auto
723	P	H-14	moderate	package=EVENT CAPTURE (EC)	auto
724	P	H-14	moderate	package=EVENT CAPTURE (EC)	auto
725	P	H-14	moderate	package=EVENT CAPTURE (EC)	auto
726	P	H-14	moderate	package=EVENT CAPTURE (EC)	auto
727.1	K	H-20	low	name contains K-pattern	auto
727.11	K	H-05	certain	inherits from 727.1	auto
727.2	S	H-39	moderate	orphan: 0 ptrs in, 0 ptrs out	auto
727.21	S	H-05	certain	inherits(prop) from 727.2	auto
727.211	S	H-05	certain	inherits(prop) from 727.21	auto
727.22	S	H-05	certain	inherits(prop) from 727.2	auto
727.23	S	H-05	certain	inherits(prop) from 727.2	auto
727.24	S	H-05	certain	inherits(prop) from 727.2	auto
727.29	K	manual	moderate	DSS LOINC FILE — terminology knowledge	triage
727.3	I	H-22	low	name contains I-pattern	auto
727.4	I	H-22	low	name contains I-pattern	auto
727.5	S	H-39	moderate	orphan: 0 ptrs in, 0 ptrs out	auto
727.51	S	H-05	certain	inherits(prop) from 727.5	auto
727.7	S	H-39	moderate	orphan: 0 ptrs in, 0 ptrs out	auto
727.802	P	H-06	high	field=4 PATIENT NO. - DFN points to file 2	auto
727.804	P	H-06	high	field=4 PATIENT NO. - DFN points to file 2	auto
727.805	P	H-06	high	field=4 PATIENT NO. - DFN points to file 2	auto
727.806	P	H-06	high	field=4 PATIENT NO. - DFN points to file 2	auto
727.808	P	H-06	high	field=4 PATIENT NO. - DFN points to file 2	auto
727.809	P	H-06	high	field=4 PATIENT NO. - DFN points to file 2	auto
727.81	P	H-06	high	field=4 PATIENT NO. - DFN points to file 2	auto
727.811	P	H-06	high	field=4 PATIENT NO. - DFN points to file 2	auto
727.812	P	H-06	high	field=4 PATIENT NO. - DFN points to file 2	auto
727.813	P	manual	moderate	LABORATORY EXTRACT — patient lab	triage
727.814	P	H-06	high	field=4 PATIENT NO. - DFN points to file 2	auto
727.815	P	H-06	high	field=4 PATIENT NO. - DFN points to file 2	auto
727.817	P	H-06	high	field=4 PATIENT NO. - DFN points to file 2	auto
727.819	P	H-06	high	field=4 PATIENT NO. - DFN points to file 2	auto
727.823	P	H-06	high	field=4 PATIENT NO. - DFN points to file 2	auto
727.824	P	H-06	high	field=4 PATIENT NO. - DFN points to file 2	auto
727.825	P	H-06	high	field=4 PATIENT NO. - DFN points to file 2	auto
727.826	P	H-06	high	field=4 PATIENT NO. DFN points to file 2	auto
727.827	P	H-06	high	field=4 PATIENT NO. - DFN points to file 2	auto
727.829	P	H-06	high	field=4 PATIENT NO. - DFN points to file 2	auto
727.831	I	manual	moderate	DSS TREATING SPECIALTY — facility reference	triage
727.832	P	H-06	high	field=4 PATIENT NO. - DFN points to file 2	auto
727.833	P	H-06	high	field=4 PATIENT NO. - DFN points to file 2	auto
728	I	H-08	high	has ptr to file 4; no ptr to file 2	auto
728.059	I	H-08	high	has ptr to file 4; no ptr to file 2	auto
728.068	I	H-05	certain	inherits from 728	auto
728.44	I	H-08	high	has ptr to file 4; no ptr to file 2	auto
728.441	I	H-22	low	name contains I-pattern	auto
728.4412	I	H-05	certain	inherits from 728.441	auto
728.442	K	H-20	low	name contains K-pattern	auto
728.45	S	H-39	moderate	orphan: 0 ptrs in, 0 ptrs out	auto
728.451	S	H-05	certain	inherits(prop) from 728.45	auto
728.46	I	H-08	high	has ptr to file 4; no ptr to file 2	auto
729	S	H-39	moderate	orphan: 0 ptrs in, 0 ptrs out	auto
73.1	P	H-14	moderate	package=RADIOLOGY/NUCLEAR MEDICINE (RA)	auto
73.2	P	H-14	moderate	package=RADIOLOGY/NUCLEAR MEDICINE (RA)	auto
730	P	H-14	moderate	package=EVENT CAPTURE (EC)	auto
730.01	P	H-05	certain	inherits from 730	auto
730.0747	P	H-05	certain	inherits from 730	auto
731	S	H-39	moderate	orphan: 0 ptrs in, 0 ptrs out	auto
731.01	I	H-22	low	name contains I-pattern	auto
731.02	S	H-05	certain	inherits(prop) from 731	auto
731.03	P	H-23	low	name contains P-pattern	auto
731.04	P	H-23	low	name contains P-pattern	auto
731.5	I	manual	moderate	VAMC PLANNED EQUIPMENT — facility	triage
731.51	I	inherited-parent	moderate	inherits from 731.5	inherited
731.7	S	H-39	moderate	orphan: 0 ptrs in, 0 ptrs out	auto
731.701	I	H-22	low	name contains I-pattern	auto
7335.7	K	manual-package	moderate	prefix=OFM batch triage	triage
7336.3	K	H-20	low	name contains K-pattern	auto
7336.6	K	manual-package	moderate	prefix=OFM batch triage	triage
7336.8	K	H-20	low	name contains K-pattern	auto
7336.9	K	H-20	low	name contains K-pattern	auto
74	P	H-06	high	field=2 PATIENT NAME points to file 2	auto
74.01	P	H-05	certain	inherits from 74	auto
74.02	P	H-05	certain	inherits from 74	auto
74.02005	P	H-05	certain	inherits from 74	auto
74.03	P	H-05	certain	inherits from 74	auto
74.04	P	H-05	certain	inherits from 74	auto
74.05	P	H-05	certain	inherits from 74	auto
74.06	P	H-05	certain	inherits from 74	auto
74.1	P	H-14	moderate	package=RADIOLOGY/NUCLEAR MEDICINE (RA)	auto
74.11	P	H-05	certain	inherits from 74.1	auto
74.12	P	H-05	certain	inherits from 74.1	auto
74.16	P	H-05	certain	inherits from 74.01	auto
74.18	P	H-05	certain	inherits from 74.01	auto
74.19	P	H-05	certain	inherits from 74.01	auto
74.2	I	H-09	low	has ptr to file 200 (staff/provider); no ptr to file 2 or 4	auto
74.21	I	H-05	certain	inherits from 74.2	auto
74.3	P	H-14	moderate	package=RADIOLOGY/NUCLEAR MEDICINE (RA)	auto
74.33	P	H-05	certain	inherits from 74.3	auto
74.4	I	H-09	low	has ptr to file 200 (staff/provider); no ptr to file 2 or 4	auto
74.62	P	H-05	certain	inherits from 74.06	auto
740	I	H-08	high	has ptr to file 4; no ptr to file 2	auto
740.01	I	H-05	certain	inherits from 740	auto
740.02	I	H-05	certain	inherits from 740	auto
740.03	I	H-08	high	has ptr to file 4; no ptr to file 2	auto
740.0752	I	H-08	high	has ptr to file 4; no ptr to file 2	auto
740.1	S	manual-package	moderate	prefix=QA7 batch triage	triage
740.11	S	inherited-parent	moderate	inherits from 740.1	inherited
740.5	S	H-21	low	name contains S-pattern	auto
740.51	S	H-05	certain	inherits from 740.5	auto
741	P	H-06	high	field=.01 QA PATIENT points to file 2	auto
741.01	P	H-05	certain	inherits from 741	auto
741.017	P	H-05	certain	inherits from 741	auto
741.02	P	H-05	certain	inherits from 741.01	auto
741.024	P	H-05	certain	inherits from 741	auto
741.025	P	H-05	certain	inherits from 741	auto
741.026	P	H-05	certain	inherits from 741	auto
741.027	P	H-05	certain	inherits from 741.017	auto
741.1	S	manual-package	moderate	prefix=QA7 batch triage	triage
741.12	P	H-05	certain	inherits from 741.01	auto
741.15	P	H-05	certain	inherits from 741.01	auto
741.2	S	manual-package	moderate	prefix=QA7 batch triage	triage
741.3	I	H-09	low	has ptr to file 200 (staff/provider); no ptr to file 2 or 4	auto
741.4	I	H-22	low	name contains I-pattern	auto
741.5	S	manual-package	moderate	prefix=QA7 batch triage	triage
741.6	S	manual-package	moderate	prefix=QA7 batch triage	triage
741.7	S	manual-package	moderate	prefix=QA7 batch triage	triage
741.8	S	manual-package	moderate	prefix=QA7 batch triage	triage
741.9	S	manual-package	moderate	prefix=QA7 batch triage	triage
741.93	S	manual-package	moderate	prefix=QA7 batch triage	triage
741.95	S	H-39	moderate	orphan: 0 ptrs in, 0 ptrs out	auto
741.97	S	manual-package	moderate	prefix=QA7 batch triage	triage
741.99	S	H-39	moderate	orphan: 0 ptrs in, 0 ptrs out	auto
743	S	manual-package	moderate	prefix=QA7 batch triage	triage
743.01	S	inherited-parent	moderate	inherits from 743	inherited
743.02	S	inherited-parent	moderate	inherits from 743	inherited
743.03	I	H-22	low	name contains I-pattern	auto
743.04	S	inherited-parent	moderate	inherits from 743	inherited
743.05	S	inherited-parent	moderate	inherits from 743.04	inherited
743.06	S	inherited-parent	moderate	inherits from 743	inherited
743.1	P	H-06	high	field=.01 PATIENT points to file 2	auto
743.11	P	H-05	certain	inherits from 743.1	auto
743.2	S	manual-package	moderate	prefix=QA7 batch triage	triage
743.3	S	manual-package	moderate	prefix=QA7 batch triage	triage
743.33	S	inherited-parent	moderate	inherits from 743.3	inherited
743.34	S	inherited-parent	moderate	inherits from 743.3	inherited
743.4	S	manual-package	moderate	prefix=QA7 batch triage	triage
743.42	S	inherited-parent	moderate	inherits from 743.4	inherited
743.422	S	inherited-parent	moderate	inherits from 743.4	inherited
743.428	S	inherited-parent	moderate	inherits from 743.4	inherited
743.5	S	manual-package	moderate	prefix=QA7 batch triage	triage
743.51	S	inherited-parent	moderate	inherits from 743.5	inherited
743.6	S	H-39	moderate	orphan: 0 ptrs in, 0 ptrs out	auto
743.61	S	H-05	certain	inherits(prop) from 743.6	auto
743.91	S	manual-package	moderate	prefix=QA7 batch triage	triage
743.92	S	manual-package	moderate	prefix=QA7 batch triage	triage
748	I	H-09	low	has ptr to file 200 (staff/provider); no ptr to file 2 or 4	auto
748.01	I	H-05	certain	inherits from 748	auto
748.02	I	H-05	certain	inherits from 748	auto
748.03	I	H-05	certain	inherits from 748	auto
748.12	I	H-05	certain	inherits from 748	auto
748.2	S	manual-package	moderate	prefix=QA7 batch triage	triage
748.25	S	manual-package	moderate	prefix=QA7 batch triage	triage
748.26	S	inherited-parent	moderate	inherits from 748.25	inherited
748.27	S	inherited-parent	moderate	inherits from 748.26	inherited
748.28	S	inherited-parent	moderate	inherits from 748.26	inherited
748.29	S	inherited-parent	moderate	inherits from 748.26	inherited
748.3	S	manual-package	moderate	prefix=QA7 batch triage	triage
748.31	S	inherited-parent	moderate	inherits from 748.3	inherited
748.312	S	inherited-parent	moderate	inherits from 748.31	inherited
748.33	I	H-05	certain	inherits from 748.03	auto
748.36	S	inherited-parent	moderate	inherits from 748.3	inherited
75.1	P	H-06	high	field=.01 NAME points to file 2	auto
75.11	P	H-05	certain	inherits from 75.1	auto
75.1125	P	H-05	certain	inherits from 75.1	auto
75.12	P	H-05	certain	inherits from 75.1	auto
75.125	P	H-05	certain	inherits from 75.1	auto
75.13	P	H-05	certain	inherits from 75.1	auto
75.2	P	H-14	moderate	package=RADIOLOGY/NUCLEAR MEDICINE (RA)	auto
75.3	P	H-14	moderate	package=RADIOLOGY/NUCLEAR MEDICINE (RA)	auto
757	K	H-12	high	global=	auto
757.001	K	H-12	high	global=	auto
757.01	K	H-12	high	global=	auto
757.011	K	H-12	high	global=	auto
757.014	K	H-12	high	global=	auto
757.016	K	H-05	certain	inherits from 757.01	auto
757.018	K	H-12	high	global=	auto
757.02	K	H-12	high	global=	auto
757.03	K	H-12	high	global=	auto
757.033	K	H-12	high	global=	auto
757.04	K	H-12	high	global=	auto
757.041	P	H-10	high	global=	auto
757.043	K	H-05	certain	inherits from 757.033	auto
757.05	K	H-12	high	global=	auto
757.06	K	H-12	high	global=	auto
757.07	K	H-12	high	global=	auto
757.0701	K	H-05	certain	inherits from 757.07	auto
757.071	K	H-12	high	global=	auto
757.08	K	H-05	certain	inherits from 757.03	auto
757.09	S	H-39	moderate	orphan: 0 ptrs in, 0 ptrs out	auto
757.1	K	H-12	high	global=	auto
757.11	K	H-12	high	global=	auto
757.112	K	H-05	certain	inherits from 757.11	auto
757.113	K	H-05	certain	inherits from 757.11	auto
757.118	K	H-05	certain	inherits from 757.01	auto
757.12	K	H-12	high	global=	auto
757.123	K	H-05	certain	inherits from 757.12	auto
757.13	K	H-12	high	global=	auto
757.14	K	H-12	high	global=	auto
757.17	K	H-05	certain	inherits from 757.01	auto
757.18	K	H-05	certain	inherits from 757.01	auto
757.181	K	H-05	certain	inherits from 757.018	auto
757.2	K	H-16	moderate	package=LEXICON UTILITY (LEX)	auto
757.201	K	H-05	certain	inherits from 757.2	auto
757.21	K	H-12	high	global=	auto
757.22	K	H-05	certain	inherits from 757.2	auto
757.28	K	H-05	certain	inherits from 757.02	auto
757.3	K	H-12	high	global=	auto
757.305	K	H-05	certain	inherits from 757.3	auto
757.31	K	H-12	high	global=	auto
757.313	K	H-05	certain	inherits from 757.31	auto
757.32	K	H-12	high	global=	auto
757.322	K	H-05	certain	inherits from 757.32	auto
757.33	K	H-12	high	global=	auto
757.331	K	H-05	certain	inherits from 757.033	auto
757.332	K	H-05	certain	inherits from 757.033	auto
757.333	K	H-05	certain	inherits from 757.33	auto
757.334	K	H-05	certain	inherits from 757.033	auto
757.335	K	H-05	certain	inherits from 757.033	auto
757.345	K	H-05	certain	inherits from 757.335	auto
757.36	K	H-05	certain	inherits from 757.3	auto
757.4	K	H-12	high	global=	auto
757.401	K	H-05	certain	inherits from 757.4	auto
757.41	K	H-12	high	global=	auto
757.411	K	H-05	certain	inherits from 757.41	auto
757.5	K	H-12	high	global=	auto
757.53	K	H-05	certain	inherits from 757.05	auto
770	S	H-17	moderate	package=HEALTH LEVEL SEVEN (HL)	auto
770.01	S	H-05	certain	inherits from 770	auto
771	S	H-17	moderate	package=HEALTH LEVEL SEVEN (HL)	auto
771.05	S	H-05	certain	inherits from 771	auto
771.06	S	H-05	certain	inherits from 771	auto
771.1	S	H-17	moderate	package=HEALTH LEVEL SEVEN (HL)	auto
771.11	S	H-05	certain	inherits from 771.1	auto
771.113	S	H-05	certain	inherits from 771.1	auto
771.12	S	H-05	certain	inherits from 771.1	auto
771.2	S	H-17	moderate	package=HEALTH LEVEL SEVEN (HL)	auto
771.23	S	H-05	certain	inherits from 771.2	auto
771.3	S	H-17	moderate	package=HEALTH LEVEL SEVEN (HL)	auto
771.33	S	H-05	certain	inherits from 771.3	auto
771.4	S	H-17	moderate	package=HEALTH LEVEL SEVEN (HL)	auto
771.43	S	H-05	certain	inherits from 771.4	auto
771.5	S	H-17	moderate	package=HEALTH LEVEL SEVEN (HL)	auto
771.6	S	H-17	moderate	package=HEALTH LEVEL SEVEN (HL)	auto
771.63	S	H-05	certain	inherits from 771.6	auto
771.7	S	H-17	moderate	package=HEALTH LEVEL SEVEN (HL)	auto
771.72	S	H-05	certain	inherits from 771.7	auto
771.8	S	H-17	moderate	package=HEALTH LEVEL SEVEN (HL)	auto
771.82	S	H-05	certain	inherits from 771.8	auto
771.9	S	H-17	moderate	package=HEALTH LEVEL SEVEN (HL)	auto
771.9051	S	H-05	certain	inherits from 771.9	auto
771.93	S	H-05	certain	inherits from 771.9	auto
772	S	H-17	moderate	package=HEALTH LEVEL SEVEN (HL)	auto
772.02	S	H-05	certain	inherits from 772	auto
773	S	H-17	moderate	package=HEALTH LEVEL SEVEN (HL)	auto
773.01	S	H-05	certain	inherits from 773	auto
774	S	H-17	moderate	package=HEALTH LEVEL SEVEN (HL)	auto
774.01	I	H-08	high	has ptr to file 4; no ptr to file 2	auto
774.18	I	H-05	certain	inherits from 774.01	auto
776	S	H-17	moderate	package=HEALTH LEVEL SEVEN (HL)	auto
776.001	S	H-05	certain	inherits from 776	auto
776.002	S	H-05	certain	inherits from 776	auto
776.003	S	H-05	certain	inherits from 776	auto
776.1	S	H-17	moderate	package=HEALTH LEVEL SEVEN (HL)	auto
776.101	S	H-05	certain	inherits from 776.1	auto
776.1041	S	H-05	certain	inherits from 776.1	auto
776.106	S	H-05	certain	inherits from 776.1	auto
776.1061	S	H-05	certain	inherits from 776.1	auto
776.1062	S	H-05	certain	inherits from 776.1	auto
776.2	I	H-09	low	has ptr to file 200 (staff/provider); no ptr to file 2 or 4	auto
776.201	I	H-05	certain	inherits from 776.2	auto
776.2051	I	H-05	certain	inherits from 776.2	auto
776.3	S	H-17	moderate	package=HEALTH LEVEL SEVEN (HL)	auto
776.32	I	H-08	high	has ptr to file 4; no ptr to file 2	auto
776.33	S	H-05	certain	inherits from 776.3	auto
776.4	I	H-08	high	has ptr to file 4; no ptr to file 2	auto
776.41	I	H-05	certain	inherits from 776.4	auto
776.42	I	H-05	certain	inherits from 776.4	auto
776.43	I	H-05	certain	inherits from 776.4	auto
776.5	I	H-09	low	has ptr to file 200 (staff/provider); no ptr to file 2 or 4	auto
776.51	I	H-08	high	has ptr to file 4; no ptr to file 2	auto
776.52	I	H-05	certain	inherits from 776.5	auto
776.53	I	H-05	certain	inherits from 776.5	auto
776.54	I	H-05	certain	inherits from 776.5	auto
776.999	S	H-17	moderate	package=HEALTH LEVEL SEVEN (HL)	auto
777	S	H-17	moderate	package=HEALTH LEVEL SEVEN (HL)	auto
777.01	S	H-05	certain	inherits from 777	auto
777.02	S	H-05	certain	inherits from 777	auto
777.21	S	H-05	certain	inherits from 777.02	auto
778	S	H-17	moderate	package=HEALTH LEVEL SEVEN (HL)	auto
778.03	S	H-05	certain	inherits from 778	auto
779.001	S	H-17	moderate	package=HEALTH LEVEL SEVEN (HL)	auto
779.002	S	H-17	moderate	package=HEALTH LEVEL SEVEN (HL)	auto
779.00201	S	H-05	certain	inherits from 779.002	auto
779.003	S	H-17	moderate	package=HEALTH LEVEL SEVEN (HL)	auto
779.00301	S	H-05	certain	inherits from 779.003	auto
779.004	S	H-17	moderate	package=HEALTH LEVEL SEVEN (HL)	auto
779.00401	S	H-05	certain	inherits from 779.004	auto
779.00409	S	H-05	certain	inherits from 779.004	auto
779.005	S	H-17	moderate	package=HEALTH LEVEL SEVEN (HL)	auto
779.0053	S	H-05	certain	inherits from 779.005	auto
779.0101	S	H-05	certain	inherits from 779.001	auto
779.1	S	H-17	moderate	package=HEALTH LEVEL SEVEN (HL)	auto
779.11	I	H-09	low	has ptr to file 200 (staff/provider); no ptr to file 2 or 4	auto
779.111	I	H-05	certain	inherits from 779.11	auto
779.115	I	H-05	certain	inherits from 779.11	auto
779.2	S	H-17	moderate	package=HEALTH LEVEL SEVEN (HL)	auto
779.21	S	H-05	certain	inherits from 779.2	auto
779.3	S	H-17	moderate	package=HEALTH LEVEL SEVEN (HL)	auto
779.4	S	H-17	moderate	package=HEALTH LEVEL SEVEN (HL)	auto
779.41	S	H-05	certain	inherits from 779.4	auto
779.5	S	H-17	moderate	package=HEALTH LEVEL SEVEN (HL)	auto
779.51	S	H-05	certain	inherits from 779.5	auto
779.512	S	H-05	certain	inherits from 779.51	auto
779.5123	S	H-05	certain	inherits from 779.512	auto
779.9	S	H-17	moderate	package=HEALTH LEVEL SEVEN (HL)	auto
779.91	S	H-05	certain	inherits from 779.9	auto
78.1	P	H-14	moderate	package=RADIOLOGY/NUCLEAR MEDICINE (RA)	auto
78.2	P	H-14	moderate	package=RADIOLOGY/NUCLEAR MEDICINE (RA)	auto
78.21	P	H-05	certain	inherits from 78.2	auto
78.22	P	H-05	certain	inherits from 78.2	auto
78.3	P	H-14	moderate	package=RADIOLOGY/NUCLEAR MEDICINE (RA)	auto
78.4	P	H-14	moderate	package=RADIOLOGY/NUCLEAR MEDICINE (RA)	auto
78.6	P	H-14	moderate	package=RADIOLOGY/NUCLEAR MEDICINE (RA)	auto
78.7	P	H-14	moderate	package=RADIOLOGY/NUCLEAR MEDICINE (RA)	auto
783	P	H-06	high	field=.03 PATIENT points to file 2	auto
783.01	P	H-05	certain	inherits from 783	auto
783.9	I	H-08	high	has ptr to file 4; no ptr to file 2	auto
783.9001	I	H-05	certain	inherits from 783.9	auto
785	I	H-08	high	has ptr to file 4; no ptr to file 2	auto
785.01	I	H-05	certain	inherits from 785	auto
785.02	I	H-05	certain	inherits from 785	auto
785.03	I	H-05	certain	inherits from 785	auto
785.04	I	H-05	certain	inherits from 785	auto
785.061	I	H-05	certain	inherits from 785	auto
785.1	I	H-15	moderate	package=EEO COMPLAINT TRACKING (EEO)	auto
785.2	I	H-15	moderate	package=EEO COMPLAINT TRACKING (EEO)	auto
785.5	I	H-08	high	has ptr to file 4; no ptr to file 2	auto
785.51	I	H-05	certain	inherits from 785.5	auto
785.52	I	H-05	certain	inherits from 785.5	auto
785.54	I	H-05	certain	inherits from 785.5	auto
785.561	I	H-05	certain	inherits from 785.5	auto
786	I	H-15	moderate	package=EEO COMPLAINT TRACKING (EEO)	auto
787.5	I	H-15	moderate	package=EEO COMPLAINT TRACKING (EEO)	auto
787.51	I	H-05	certain	inherits from 787.5	auto
787.5999	I	H-05	certain	inherits from 787.5	auto
789.5	I	H-08	high	has ptr to file 4; no ptr to file 2	auto
79	I	H-08	high	has ptr to file 4; no ptr to file 2	auto
79.01	I	H-05	certain	inherits from 79	auto
79.0125	I	H-05	certain	inherits from 79	auto
79.0175	I	H-05	certain	inherits from 79	auto
79.02	I	H-05	certain	inherits from 79	auto
79.03	I	H-05	certain	inherits from 79	auto
79.1	P	H-14	moderate	package=RADIOLOGY/NUCLEAR MEDICINE (RA)	auto
79.11	P	H-05	certain	inherits from 79.1	auto
79.1135	P	H-05	certain	inherits from 79.1	auto
79.12	P	H-05	certain	inherits from 79.1	auto
79.13	P	H-05	certain	inherits from 79.1	auto
79.188	P	H-05	certain	inherits from 79.1	auto
79.2	P	H-14	moderate	package=RADIOLOGY/NUCLEAR MEDICINE (RA)	auto
79.21	P	H-05	certain	inherits from 79.2	auto
79.22	P	H-05	certain	inherits from 79.2	auto
79.23	P	H-05	certain	inherits from 79.2	auto
79.3	P	H-06	high	field=.03 PATIENT points to file 2	auto
79.7	P	H-14	moderate	package=RADIOLOGY/NUCLEAR MEDICINE (RA)	auto
79.72	P	H-05	certain	inherits from 79.7	auto
79.721	P	H-05	certain	inherits from 79.72	auto
79.7211	P	H-05	certain	inherits from 79.721	auto
79.72114	P	H-05	certain	inherits from 79.7211	auto
790	P	H-06	high	field=.01 NAME points to file 2	auto
790.01	I	H-09	low	has ptr to file 200 (staff/provider); no ptr to file 2 or 4	auto
790.011	I	H-09	low	has ptr to file 200 (staff/provider); no ptr to file 2 or 4	auto
790.02	I	H-08	high	has ptr to file 4; no ptr to file 2	auto
790.03	P	H-14	moderate	package=WOMEN'S HEALTH (WV)	auto
790.04	P	H-14	moderate	package=WOMEN'S HEALTH (WV)	auto
790.05	P	H-05	certain	inherits from 790	auto
790.06	P	H-05	certain	inherits from 790	auto
790.07	P	H-14	moderate	package=WOMEN'S HEALTH (WV)	auto
790.08	P	H-06	high	field=.02 PATIENT points to file 2	auto
790.09	P	H-05	certain	inherits from 790	auto
790.1	I	H-08	high	has ptr to file 4; no ptr to file 2	auto
790.11	I	H-05	certain	inherits from 790.1	auto
790.12	P	H-05	certain	inherits from 790	auto
790.13	I	H-05	certain	inherits from 790.02	auto
790.14	I	H-05	certain	inherits from 790.02	auto
790.15	P	H-05	certain	inherits from 790.05	auto
790.16	P	H-05	certain	inherits from 790	auto
790.17	P	H-05	certain	inherits from 790.05	auto
790.18	P	H-05	certain	inherits from 790.16	auto
790.19	I	H-05	certain	inherits from 790.1	auto
790.2	P	H-14	moderate	package=WOMEN'S HEALTH (WV)	auto
790.21	P	H-05	certain	inherits from 790.2	auto
790.22	P	H-05	certain	inherits from 790.2	auto
790.23	I	H-05	certain	inherits from 790.1	auto
790.24	I	H-05	certain	inherits from 790.1	auto
790.243	I	H-05	certain	inherits from 790.02	auto
790.3	P	H-14	moderate	package=WOMEN'S HEALTH (WV)	auto
790.31	P	H-14	moderate	package=WOMEN'S HEALTH (WV)	auto
790.32	P	H-14	moderate	package=WOMEN'S HEALTH (WV)	auto
790.4	I	H-08	high	has ptr to file 4; no ptr to file 2	auto
790.403	P	H-14	moderate	package=WOMEN'S HEALTH (WV)	auto
790.404	P	H-14	moderate	package=WOMEN'S HEALTH (WV)	auto
790.405	P	H-14	moderate	package=WOMEN'S HEALTH (WV)	auto
790.414	P	H-05	certain	inherits from 790.404	auto
790.5	P	H-14	moderate	package=WOMEN'S HEALTH (WV)	auto
790.51	P	H-14	moderate	package=WOMEN'S HEALTH (WV)	auto
790.6	P	H-14	moderate	package=WOMEN'S HEALTH (WV)	auto
790.61	P	H-05	certain	inherits from 790.6	auto
790.71	I	H-08	high	has ptr to file 4; no ptr to file 2	auto
790.72	I	H-09	low	has ptr to file 200 (staff/provider); no ptr to file 2 or 4	auto
790.8	P	H-14	moderate	package=WOMEN'S HEALTH (WV)	auto
790.801	P	H-05	certain	inherits from 790.8	auto
790.802	P	H-05	certain	inherits from 790.801	auto
790.9	P	H-06	high	field=2 PATIENT points to file 2	auto
790.9001	P	H-05	certain	inherits from 790.9	auto
791	P	H-14	moderate	package=WOMEN'S HEALTH (WV)	auto
791810	P	H-06	high	field=.04 PATIENT points to file 2	auto
791810.0101	P	H-05	certain	inherits from 791810	auto
791810.0201	P	H-05	certain	inherits from 791810	auto
791810.0301	P	H-05	certain	inherits from 791810	auto
791810.1	I	H-15	moderate	package=REMOTE ORDER/ENTRY SYSTEM (RMPF)	auto
791810.101101	P	H-05	certain	inherits from 791810.0101	auto
791810.101102	P	H-05	certain	inherits from 791810.0101	auto
791810.11	I	H-05	certain	inherits from 791810.1	auto
791810.1101	I	H-05	certain	inherits from 791810.1	auto
791810.1102	I	H-05	certain	inherits from 791810.1	auto
791810.1103	I	H-05	certain	inherits from 791810.1	auto
791810.2	I	H-15	moderate	package=REMOTE ORDER/ENTRY SYSTEM (RMPF)	auto
791810.201101	P	H-05	certain	inherits from 791810.0201	auto
791810.2101	I	H-05	certain	inherits from 791810.2	auto
791810.3	I	H-15	moderate	package=REMOTE ORDER/ENTRY SYSTEM (RMPF)	auto
791810.3101	I	H-05	certain	inherits from 791810.3	auto
791810.4	I	H-15	moderate	package=REMOTE ORDER/ENTRY SYSTEM (RMPF)	auto
791810.5	I	H-15	moderate	package=REMOTE ORDER/ENTRY SYSTEM (RMPF)	auto
791810.6	I	H-15	moderate	package=REMOTE ORDER/ENTRY SYSTEM (RMPF)	auto
791811	I	H-15	moderate	package=REMOTE ORDER/ENTRY SYSTEM (RMPF)	auto
791811.0101	I	H-05	certain	inherits from 791811	auto
791811.0102	I	H-05	certain	inherits from 791811	auto
791811.1	I	H-15	moderate	package=REMOTE ORDER/ENTRY SYSTEM (RMPF)	auto
791811.1101	I	H-05	certain	inherits from 791811.1	auto
791811.2	I	H-15	moderate	package=REMOTE ORDER/ENTRY SYSTEM (RMPF)	auto
791811.3	I	H-15	moderate	package=REMOTE ORDER/ENTRY SYSTEM (RMPF)	auto
791811.4	I	H-15	moderate	package=REMOTE ORDER/ENTRY SYSTEM (RMPF)	auto
791812	I	H-09	low	has ptr to file 200 (staff/provider); no ptr to file 2 or 4	auto
791812.0101	I	H-05	certain	inherits from 791812	auto
791813	I	H-08	high	has ptr to file 4; no ptr to file 2	auto
791813.0101	I	H-05	certain	inherits from 791813	auto
798	I	H-08	high	has ptr to file 4; no ptr to file 2	auto
798.01	I	H-08	high	has ptr to file 4; no ptr to file 2	auto
798.02	I	H-05	certain	inherits from 798	auto
798.1	P	H-14	moderate	package=CLINICAL CASE REGISTRIES (ROR)	auto
798.11	P	H-05	certain	inherits from 798.1	auto
798.112	P	H-05	certain	inherits from 798.1	auto
798.114	P	H-05	certain	inherits from 798.1	auto
798.118	P	H-05	certain	inherits from 798.1	auto
798.12	P	H-05	certain	inherits from 798.1	auto
798.122	P	H-05	certain	inherits from 798.1	auto
798.128	P	H-05	certain	inherits from 798.1	auto
798.129	P	H-05	certain	inherits from 798.1	auto
798.13	P	H-05	certain	inherits from 798.1	auto
798.15	P	H-05	certain	inherits from 798.1	auto
798.2	P	H-14	moderate	package=CLINICAL CASE REGISTRIES (ROR)	auto
798.25	P	H-05	certain	inherits from 798.2	auto
798.26	P	H-05	certain	inherits from 798.2	auto
798.3	P	H-06	high	field=.01 PATIENT NAME points to file 2	auto
798.31	P	H-05	certain	inherits from 798.3	auto
798.32	P	H-05	certain	inherits from 798.3	auto
798.4	P	H-06	high	field=.01 PATIENT NAME points to file 2	auto
798.5	P	H-14	moderate	package=CLINICAL CASE REGISTRIES (ROR)	auto
798.51	P	H-05	certain	inherits from 798.5	auto
798.52	P	H-05	certain	inherits from 798.5	auto
798.53	P	H-05	certain	inherits from 798.5	auto
798.6	P	H-14	moderate	package=CLINICAL CASE REGISTRIES (ROR)	auto
798.7	I	H-09	low	has ptr to file 200 (staff/provider); no ptr to file 2 or 4	auto
798.73	I	H-05	certain	inherits from 798.7	auto
798.74	P	H-06	high	field=3 PATIENT points to file 2	auto
798.744	P	H-05	certain	inherits from 798.74	auto
798.8	I	H-09	low	has ptr to file 200 (staff/provider); no ptr to file 2 or 4	auto
798.83	I	H-05	certain	inherits from 798.8	auto
798.87	I	H-05	certain	inherits from 798.8	auto
798.872	I	H-05	certain	inherits from 798.87	auto
798.873	I	H-05	certain	inherits from 798.87	auto
798.9	P	H-14	moderate	package=CLINICAL CASE REGISTRIES (ROR)	auto
798.92	P	H-05	certain	inherits from 798.9	auto
799.1	P	H-14	moderate	package=CLINICAL CASE REGISTRIES (ROR)	auto
799.2	P	H-14	moderate	package=CLINICAL CASE REGISTRIES (ROR)	auto
799.22	P	H-05	certain	inherits from 799.2	auto
799.23	P	H-05	certain	inherits from 799.2	auto
799.25	P	H-05	certain	inherits from 799.2	auto
799.31	P	H-14	moderate	package=CLINICAL CASE REGISTRIES (ROR)	auto
799.33	P	H-14	moderate	package=CLINICAL CASE REGISTRIES (ROR)	auto
799.34	P	H-14	moderate	package=CLINICAL CASE REGISTRIES (ROR)	auto
799.3411	P	H-05	certain	inherits from 799.34	auto
799.3412	P	H-05	certain	inherits from 799.34	auto
799.4	I	H-08	high	has ptr to file 4; no ptr to file 2	auto
799.41	I	H-05	certain	inherits from 799.4	auto
799.425	I	H-05	certain	inherits from 799.4	auto
799.49	P	H-14	moderate	package=CLINICAL CASE REGISTRIES (ROR)	auto
799.492	P	H-05	certain	inherits from 799.49	auto
799.51	P	H-14	moderate	package=CLINICAL CASE REGISTRIES (ROR)	auto
799.53	P	H-14	moderate	package=CLINICAL CASE REGISTRIES (ROR)	auto
799.6	P	H-14	moderate	package=CLINICAL CASE REGISTRIES (ROR)	auto
799.61	P	H-05	certain	inherits from 799.6	auto
799.63	P	H-05	certain	inherits from 799.6	auto
799.64	P	H-05	certain	inherits from 799.6	auto
799.641	P	H-05	certain	inherits from 799.64	auto
8	I	H-08	high	has ptr to file 4; no ptr to file 2	auto
8.01	I	H-05	certain	inherits from 8	auto
8.1	S	H-13	high	global=	auto
8.2	S	H-13	high	global=	auto
8.21	S	H-05	certain	inherits from 8.2	auto
80	K	H-12	high	global=	auto
80.01	K	H-05	certain	inherits from 80	auto
80.0103	K	H-05	certain	inherits from 80	auto
80.011	K	H-05	certain	inherits from 80	auto
80.012	K	H-05	certain	inherits from 80	auto
80.02	K	H-05	certain	inherits from 80	auto
80.03	K	H-05	certain	inherits from 80	auto
80.04	K	H-05	certain	inherits from 80	auto
80.066	K	H-05	certain	inherits from 80	auto
80.067	K	H-05	certain	inherits from 80	auto
80.068	K	H-05	certain	inherits from 80	auto
80.071	K	H-05	certain	inherits from 80	auto
80.072	K	H-05	certain	inherits from 80	auto
80.073	K	H-05	certain	inherits from 80	auto
80.1	K	H-12	high	global=	auto
80.11	K	H-05	certain	inherits from 80.1	auto
80.166	K	H-05	certain	inherits from 80.1	auto
80.167	K	H-05	certain	inherits from 80.1	auto
80.168	K	H-05	certain	inherits from 80.1	auto
80.1682	K	H-05	certain	inherits from 80.168	auto
80.171	K	H-05	certain	inherits from 80.1	auto
80.1711	K	H-05	certain	inherits from 80.171	auto
80.17111	K	H-05	certain	inherits from 80.1711	auto
80.173	K	H-05	certain	inherits from 80.1	auto
80.2	K	H-12	high	global=	auto
80.21	K	H-05	certain	inherits from 80.2	auto
80.22	K	H-05	certain	inherits from 80.2	auto
80.23	K	H-05	certain	inherits from 80.2	auto
80.24	K	H-05	certain	inherits from 80.23	auto
80.266	K	H-05	certain	inherits from 80.2	auto
80.268	K	H-05	certain	inherits from 80.2	auto
80.2681	K	H-05	certain	inherits from 80.268	auto
80.271	K	H-05	certain	inherits from 80.2	auto
80.3	K	H-18	moderate	ptr_in=16 ptr_out=0	auto
80.31	K	H-05	certain	inherits from 80.3	auto
80.32	K	H-05	certain	inherits from 80.31	auto
80.4	K	H-16	moderate	package=DRG GROUPER (ICD)	auto
80.5	K	H-16	moderate	package=DRG GROUPER (ICD)	auto
80.51	K	H-05	certain	inherits from 80.5	auto
80.511	K	H-05	certain	inherits from 80.51	auto
80.6	K	H-16	moderate	package=DRG GROUPER (ICD)	auto
80.62	K	H-05	certain	inherits from 80.6	auto
80.63	K	H-05	certain	inherits from 80.6	auto
80.682	K	H-05	certain	inherits from 80.068	auto
80.7	K	H-16	moderate	package=DRG GROUPER (ICD)	auto
80.71	K	H-05	certain	inherits from 80.7	auto
80.711	K	H-05	certain	inherits from 80.071	auto
80.72	K	H-05	certain	inherits from 80.7	auto
80.73	K	H-05	certain	inherits from 80.7	auto
80.8	K	H-16	moderate	package=DRG GROUPER (ICD)	auto
80.82	K	H-05	certain	inherits from 80.8	auto
80.9	K	H-16	moderate	package=DRG GROUPER (ICD)	auto
80.91	K	H-05	certain	inherits from 80.9	auto
80.92	K	H-05	certain	inherits from 80.9	auto
80.93	K	H-05	certain	inherits from 80.9	auto
80.94	K	H-05	certain	inherits from 80.93	auto
800	P	H-14	moderate	package=CLINICAL REMINDERS (PXRM)	auto
800.01	P	H-05	certain	inherits from 800	auto
800.016	P	H-05	certain	inherits from 800	auto
800.02	P	H-05	certain	inherits from 800	auto
800.04	P	H-05	certain	inherits from 800	auto
800.41	P	H-05	certain	inherits from 800.04	auto
800000	S	H-39	moderate	orphan: 0 ptrs in, 0 ptrs out	auto
800000.01	P	H-06	high	field=.01 PATIENT NAME points to file 2	auto
800000.02	S	H-05	certain	inherits(prop) from 800000	auto
800000.1	P	H-06	high	field=.02 PATIENT points to file 2	auto
800000.101	P	H-05	certain	inherits from 800000.1	auto
800000.11	S	H-39	moderate	orphan: 0 ptrs in, 0 ptrs out	auto
800000.111	S	H-05	certain	inherits(prop) from 800000.11	auto
800000.14	P	H-05	certain	inherits from 800000.01	auto
800000.142	P	H-05	certain	inherits from 800000.14	auto
800000.2	P	manual-package	moderate	prefix=HMP batch triage	triage
800000.202	P	inherited-parent	moderate	inherits from 800000.2	inherited
800000.203	P	inherited-parent	moderate	inherits from 800000.2	inherited
800000.209	P	inherited-parent	moderate	inherits from 800000.2	inherited
800000.21	P	manual-package	moderate	prefix=HMP batch triage	triage
800000.22	P	manual-package	moderate	prefix=HMP batch triage	triage
800001	P	manual-package	moderate	prefix=HMP batch triage	triage
800001.05	S	H-21	low	name contains S-pattern	auto
800001.2	I	H-09	low	has ptr to file 200 (staff/provider); no ptr to file 2 or 4	auto
800001.21	I	H-05	certain	inherits from 800001.2	auto
800001.23	P	H-06	high	field=.01 PATIENT points to file 2	auto
800001.5	P	H-06	high	field=.01 PATIENT NAME points to file 2	auto
800003	S	H-39	moderate	orphan: 0 ptrs in, 0 ptrs out	auto
800003.01	S	H-05	certain	inherits(prop) from 800003	auto
801	P	H-14	moderate	package=PCE PATIENT CARE ENCOUNTER (PX)	auto
801.01	P	H-05	certain	inherits from 801	auto
801.015	P	H-05	certain	inherits from 801	auto
801.03	P	H-05	certain	inherits from 801	auto
801.04	P	H-05	certain	inherits from 801	auto
801.1	P	H-14	moderate	package=PCE PATIENT CARE ENCOUNTER (PX)	auto
801.11	P	H-05	certain	inherits from 801.1	auto
801.12	P	H-05	certain	inherits from 801.1	auto
801.13	P	H-05	certain	inherits from 801.1	auto
801.132	P	H-05	certain	inherits from 801.13	auto
801.147	P	H-05	certain	inherits from 801.1	auto
801.32	P	H-05	certain	inherits from 801.03	auto
801.41	P	H-14	moderate	package=CLINICAL REMINDERS (PXRM)	auto
801.41121	P	H-05	certain	inherits from 801.41	auto
801.411211	P	H-05	certain	inherits from 801.41121	auto
801.41143	P	H-05	certain	inherits from 801.41	auto
801.4118	P	H-05	certain	inherits from 801.41	auto
801.412	P	H-05	certain	inherits from 801.41	auto
801.4125	P	H-05	certain	inherits from 801.41	auto
801.4135	P	H-05	certain	inherits from 801.41	auto
801.4145	P	H-05	certain	inherits from 801.41	auto
801.42	P	H-14	moderate	package=CLINICAL REMINDERS (PXRM)	auto
801.421	P	H-05	certain	inherits from 801.42	auto
801.422	P	H-05	certain	inherits from 801.42	auto
801.43	P	H-14	moderate	package=CLINICAL REMINDERS (PXRM)	auto
801.44	P	H-05	certain	inherits from 801.41	auto
801.442	P	H-05	certain	inherits from 801.44	auto
801.45	P	H-14	moderate	package=CLINICAL REMINDERS (PXRM)	auto
801.451	P	H-05	certain	inherits from 801.45	auto
801.4515	P	H-05	certain	inherits from 801.451	auto
801.46	P	H-14	moderate	package=CLINICAL REMINDERS (PXRM)	auto
801.47	P	H-14	moderate	package=CLINICAL REMINDERS (PXRM)	auto
801.473	P	H-05	certain	inherits from 801.47	auto
801.474	P	H-05	certain	inherits from 801.47	auto
801.4742	P	H-05	certain	inherits from 801.474	auto
801.48	P	H-14	moderate	package=CLINICAL REMINDERS (PXRM)	auto
801.485	P	H-05	certain	inherits from 801.48	auto
801.486	P	H-05	certain	inherits from 801.48	auto
801.487	P	H-05	certain	inherits from 801.48	auto
801.5	I	H-09	low	has ptr to file 200 (staff/provider); no ptr to file 2 or 4	auto
801.55	P	H-06	high	field=.01 PATIENT points to file 2	auto
801.9	I	H-09	low	has ptr to file 200 (staff/provider); no ptr to file 2 or 4	auto
801.9001	I	H-05	certain	inherits from 801.9	auto
801.901	I	H-05	certain	inherits from 801.9	auto
801.95	P	H-14	moderate	package=CLINICAL REMINDERS (PXRM)	auto
801.9501	P	H-05	certain	inherits from 801.95	auto
802.1	P	H-14	moderate	package=CLINICAL REMINDERS (PXRM)	auto
802.2	P	H-14	moderate	package=CLINICAL REMINDERS (PXRM)	auto
802.24	P	H-05	certain	inherits from 802.2	auto
802.241	P	H-05	certain	inherits from 802.24	auto
802.2411	P	H-05	certain	inherits from 802.241	auto
802.25	P	H-05	certain	inherits from 802.2	auto
802.3	P	H-14	moderate	package=CLINICAL REMINDERS (PXRM)	auto
802.313	P	H-05	certain	inherits from 802.3	auto
802.314	P	H-05	certain	inherits from 802.3	auto
802.34	P	H-05	certain	inherits from 802.3	auto
802.4	P	H-14	moderate	package=CLINICAL REMINDERS (PXRM)	auto
802.41	P	H-05	certain	inherits from 802.4	auto
802.42	P	H-05	certain	inherits from 802.4	auto
802.422	P	H-05	certain	inherits from 802.42	auto
809	P	H-06	high	field=2 PATIENT points to file 2	auto
809.04	P	H-05	certain	inherits from 809	auto
81	K	H-12	high	global=	auto
81.01	K	H-05	certain	inherits from 81	auto
81.02	K	H-05	certain	inherits from 81	auto
81.061	K	H-05	certain	inherits from 81	auto
81.062	K	H-05	certain	inherits from 81	auto
81.1	K	H-20	low	name contains K-pattern	auto
81.11	K	H-05	certain	inherits from 81.1	auto
81.2	S	H-13	high	global=	auto
81.21	S	H-05	certain	inherits from 81.2	auto
81.3	K	H-18	moderate	ptr_in=22 ptr_out=0	auto
81.31	K	H-05	certain	inherits from 81.3	auto
81.32	K	H-05	certain	inherits from 81.3	auto
81.33	K	H-05	certain	inherits from 81.3	auto
81.361	K	H-05	certain	inherits from 81.3	auto
81.362	K	H-05	certain	inherits from 81.3	auto
81.372	K	H-05	certain	inherits from 81.362	auto
81.621	K	H-05	certain	inherits from 81.062	auto
810.1	I	H-09	low	has ptr to file 200 (staff/provider); no ptr to file 2 or 4	auto
810.11	I	H-05	certain	inherits from 810.1	auto
810.111	I	H-05	certain	inherits from 810.1	auto
810.112	I	H-05	certain	inherits from 810.1	auto
810.113	I	H-05	certain	inherits from 810.1	auto
810.114	I	H-05	certain	inherits from 810.1	auto
810.12	I	H-05	certain	inherits from 810.1	auto
810.13	I	H-08	high	has ptr to file 4; no ptr to file 2	auto
810.14	I	H-05	certain	inherits from 810.1	auto
810.16	P	H-06	high	field=.01 PATIENT points to file 2	auto
810.17	I	H-05	certain	inherits from 810.1	auto
810.18	I	H-05	certain	inherits from 810.1	auto
810.2	P	H-14	moderate	package=CLINICAL REMINDERS (PXRM)	auto
810.21	P	H-05	certain	inherits from 810.2	auto
810.22	P	H-05	certain	inherits from 810.21	auto
810.23	P	H-05	certain	inherits from 810.2	auto
810.24	P	H-05	certain	inherits from 810.2	auto
810.242	P	H-05	certain	inherits from 810.24	auto
810.3	I	H-09	low	has ptr to file 200 (staff/provider); no ptr to file 2 or 4	auto
810.31	P	H-06	high	field=.01 PATIENT points to file 2	auto
810.32	I	H-05	certain	inherits from 810.3	auto
810.33	I	H-08	high	has ptr to file 4; no ptr to file 2	auto
810.331	I	H-05	certain	inherits from 810.33	auto
810.3316	P	H-06	high	field=.01 UNIQUE APPLICABLE PATIENT points to file 2	auto
810.36	I	H-05	certain	inherits from 810.3	auto
810.4	P	H-14	moderate	package=CLINICAL REMINDERS (PXRM)	auto
810.41	P	H-05	certain	inherits from 810.4	auto
810.42	P	H-05	certain	inherits from 810.4	auto
810.422	P	H-05	certain	inherits from 810.42	auto
810.5	I	H-09	low	has ptr to file 200 (staff/provider); no ptr to file 2 or 4	auto
810.51	I	H-05	certain	inherits from 810.5	auto
810.53	P	H-06	high	field=.01 PATIENTS points to file 2	auto
810.531	P	H-05	certain	inherits from 810.53	auto
810.532	P	H-05	certain	inherits from 810.53	auto
810.535	I	H-05	certain	inherits from 810.5	auto
810.54	I	H-05	certain	inherits from 810.5	auto
810.545	I	H-05	certain	inherits from 810.5	auto
810.7	P	H-14	moderate	package=CLINICAL REMINDERS (PXRM)	auto
810.701	P	H-05	certain	inherits from 810.7	auto
810.71	P	H-05	certain	inherits from 810.7	auto
810.72	P	H-05	certain	inherits from 810.7	auto
810.722	P	H-05	certain	inherits from 810.72	auto
810.8	P	H-14	moderate	package=CLINICAL REMINDERS (PXRM)	auto
810.801	P	H-05	certain	inherits from 810.8	auto
810.82	P	H-05	certain	inherits from 810.8	auto
810.822	P	H-05	certain	inherits from 810.82	auto
810.9	P	H-14	moderate	package=CLINICAL REMINDERS (PXRM)	auto
810.9001	P	H-05	certain	inherits from 810.9	auto
810.90011	P	H-05	certain	inherits from 810.9001	auto
810.9002	P	H-05	certain	inherits from 810.9	auto
810.90022	P	H-05	certain	inherits from 810.9002	auto
810.91	P	H-05	certain	inherits from 810.9	auto
810.944	P	H-05	certain	inherits from 810.9	auto
811.1	P	H-14	moderate	package=PCE PATIENT CARE ENCOUNTER (PX)	auto
811.2	P	H-14	moderate	package=PCE PATIENT CARE ENCOUNTER (PX)	auto
811.21	P	H-05	certain	inherits from 811.2	auto
811.212	P	H-05	certain	inherits from 811.21	auto
811.22	P	H-05	certain	inherits from 811.2	auto
811.23	P	H-05	certain	inherits from 811.2	auto
811.231	P	H-05	certain	inherits from 811.23	auto
811.2312	P	H-05	certain	inherits from 811.231	auto
811.24	P	H-05	certain	inherits from 811.2	auto
811.4	P	H-14	moderate	package=CLINICAL REMINDERS (PXRM)	auto
811.41	P	H-05	certain	inherits from 811.4	auto
811.42	P	H-05	certain	inherits from 811.4	auto
811.422	P	H-05	certain	inherits from 811.42	auto
811.5	P	H-14	moderate	package=CLINICAL REMINDERS (PXRM)	auto
811.51	P	H-05	certain	inherits from 811.5	auto
811.52	P	H-05	certain	inherits from 811.5	auto
811.53	P	H-05	certain	inherits from 811.5	auto
811.532	P	H-05	certain	inherits from 811.53	auto
811.54	P	H-05	certain	inherits from 811.52	auto
811.6	P	H-14	moderate	package=CLINICAL REMINDERS (PXRM)	auto
811.61	P	H-05	certain	inherits from 811.6	auto
811.611	P	H-05	certain	inherits from 811.61	auto
811.62	P	H-05	certain	inherits from 811.6	auto
811.63	P	H-05	certain	inherits from 811.6	auto
811.632	P	H-05	certain	inherits from 811.63	auto
811.7	P	H-14	moderate	package=CLINICAL REMINDERS (PXRM)	auto
811.701	P	H-05	certain	inherits from 811.7	auto
811.71	P	H-05	certain	inherits from 811.7	auto
811.72	P	H-05	certain	inherits from 811.7	auto
811.8	P	H-14	moderate	package=PCE PATIENT CARE ENCOUNTER (PX)	auto
811.801	P	H-05	certain	inherits from 811.8	auto
811.802	P	H-05	certain	inherits from 811.8	auto
811.8021	P	H-05	certain	inherits from 811.802	auto
811.803	P	H-05	certain	inherits from 811.8	auto
811.8031	P	H-05	certain	inherits from 811.803	auto
811.80315	P	H-05	certain	inherits from 811.8031	auto
811.804	P	H-05	certain	inherits from 811.8	auto
811.805	P	H-05	certain	inherits from 811.8	auto
811.9	P	H-14	moderate	package=PCE PATIENT CARE ENCOUNTER (PX)	auto
811.9001	P	H-05	certain	inherits from 811.9	auto
811.90012	P	H-05	certain	inherits from 811.9001	auto
811.9002	P	H-05	certain	inherits from 811.9	auto
811.90021	P	H-05	certain	inherits from 811.9002	auto
811.9003	P	H-05	certain	inherits from 811.9	auto
811.9004	P	H-05	certain	inherits from 811.9	auto
811.902	P	H-05	certain	inherits from 811.9	auto
811.90221	P	H-05	certain	inherits from 811.902	auto
811.9024	P	H-05	certain	inherits from 811.902	auto
811.9025	P	H-05	certain	inherits from 811.902	auto
811.92	P	H-05	certain	inherits from 811.9	auto
811.925	P	H-05	certain	inherits from 811.9	auto
811.9251	P	H-05	certain	inherits from 811.925	auto
811.9252	P	H-05	certain	inherits from 811.925	auto
811.9253	P	H-05	certain	inherits from 811.925	auto
811.9255	P	H-05	certain	inherits from 811.925	auto
811.9256	P	H-05	certain	inherits from 811.9255	auto
811.93	P	H-05	certain	inherits from 811.9	auto
811.948	P	H-05	certain	inherits from 811.9	auto
811.961	P	H-05	certain	inherits from 811.9	auto
811.965	P	H-05	certain	inherits from 811.9	auto
811.966	P	H-05	certain	inherits from 811.9	auto
811.97	P	H-05	certain	inherits from 811.9	auto
811.971	P	H-05	certain	inherits from 811.9	auto
811.973	P	H-05	certain	inherits from 811.97	auto
811.974	P	H-05	certain	inherits from 811.97	auto
811.975	P	H-05	certain	inherits from 811.9	auto
811.976	P	H-05	certain	inherits from 811.9	auto
811.983	P	H-05	certain	inherits from 811.9	auto
811.984	P	H-05	certain	inherits from 811.9	auto
811.993	P	H-05	certain	inherits from 811.9	auto
811.994	P	H-05	certain	inherits from 811.9	auto
812	I	H-09	low	has ptr to file 200 (staff/provider); no ptr to file 2 or 4	auto
812.01	I	H-05	certain	inherits from 812	auto
812.02	I	H-05	certain	inherits from 812.01	auto
815	P	H-14	moderate	package=PCE PATIENT CARE ENCOUNTER (PX)	auto
815.01	P	H-05	certain	inherits from 815	auto
815.0401	P	H-05	certain	inherits from 815	auto
815.0701	P	H-05	certain	inherits from 815	auto
815.0702	P	H-05	certain	inherits from 815	auto
815.0801	P	H-05	certain	inherits from 815	auto
815.0802	P	H-05	certain	inherits from 815	auto
815.0803	P	H-05	certain	inherits from 815	auto
815.0804	P	H-05	certain	inherits from 815	auto
815.0805	P	H-05	certain	inherits from 815	auto
818	P	H-06	high	field=.01 PATIENT points to file 2	auto
818.01	P	H-05	certain	inherits from 818	auto
818.02	P	H-05	certain	inherits from 818.01	auto
818.03	P	H-05	certain	inherits from 818.01	auto
818.04	P	H-05	certain	inherits from 818.01	auto
818.141	P	H-05	certain	inherits from 818.01	auto
818.41	P	H-05	certain	inherits from 818.04	auto
82	K	H-16	moderate	package=DRG GROUPER (ICD)	auto
82.1	K	H-16	moderate	package=DRG GROUPER (ICD)	auto
82.11	K	H-16	moderate	package=DRG GROUPER (ICD)	auto
82.111	K	H-05	certain	inherits from 82.11	auto
82.1111	K	H-05	certain	inherits from 82.111	auto
82.1112	K	H-05	certain	inherits from 82.111	auto
82.1113	K	H-05	certain	inherits from 82.111	auto
82.1114	K	H-05	certain	inherits from 82.111	auto
82.1115	K	H-05	certain	inherits from 82.111	auto
82.1116	K	H-05	certain	inherits from 82.111	auto
82.11161	K	H-05	certain	inherits from 82.1116	auto
82.12	K	H-16	moderate	package=DRG GROUPER (ICD)	auto
82.121	K	H-05	certain	inherits from 82.12	auto
82.1211	K	H-05	certain	inherits from 82.121	auto
82.1212	K	H-05	certain	inherits from 82.121	auto
82.1213	K	H-05	certain	inherits from 82.121	auto
82.1214	K	H-05	certain	inherits from 82.121	auto
82.1215	K	H-05	certain	inherits from 82.121	auto
82.1216	K	H-05	certain	inherits from 82.121	auto
82.12161	K	H-05	certain	inherits from 82.1216	auto
82.13	K	H-16	moderate	package=DRG GROUPER (ICD)	auto
82.131	K	H-05	certain	inherits from 82.13	auto
83	K	H-16	moderate	package=DRG GROUPER (ICD)	auto
83.1	K	H-16	moderate	package=DRG GROUPER (ICD)	auto
83.1001	K	H-05	certain	inherits from 83.1	auto
83.11	K	H-16	moderate	package=DRG GROUPER (ICD)	auto
83.1101	K	H-05	certain	inherits from 83.11	auto
83.2	K	H-16	moderate	package=DRG GROUPER (ICD)	auto
83.2001	K	H-05	certain	inherits from 83.2	auto
83.3	K	H-16	moderate	package=DRG GROUPER (ICD)	auto
83.5	K	H-16	moderate	package=DRG GROUPER (ICD)	auto
83.5001	K	H-05	certain	inherits from 83.5	auto
83.5002	K	H-05	certain	inherits from 83.5	auto
83.5003	K	H-05	certain	inherits from 83.5	auto
83.51	K	H-16	moderate	package=DRG GROUPER (ICD)	auto
83.6	K	H-16	moderate	package=DRG GROUPER (ICD)	auto
83.6001	K	H-05	certain	inherits from 83.6	auto
83.6002	K	H-05	certain	inherits from 83.6	auto
83.6003	K	H-05	certain	inherits from 83.6	auto
83.61	K	H-16	moderate	package=DRG GROUPER (ICD)	auto
83.6101	K	H-05	certain	inherits from 83.61	auto
83.6102	K	H-05	certain	inherits from 83.61	auto
83.7	K	H-16	moderate	package=DRG GROUPER (ICD)	auto
83.71	K	H-16	moderate	package=DRG GROUPER (ICD)	auto
839.01	P	H-14	moderate	package=PCE PATIENT CARE ENCOUNTER (PX)	auto
839.011	P	H-05	certain	inherits from 839.01	auto
839.012	P	H-05	certain	inherits from 839.01	auto
839.7	I	H-08	high	has ptr to file 4; no ptr to file 2	auto
839.7101	I	H-05	certain	inherits from 839.7	auto
853	I	H-15	moderate	package=VPS KIOSK (VPS)	auto
853.01	I	H-05	certain	inherits from 853	auto
853.011	I	H-05	certain	inherits from 853.01	auto
853.012	I	H-05	certain	inherits from 853.01	auto
853.013	I	H-05	certain	inherits from 853.01	auto
853.1	I	H-15	moderate	package=VPS KIOSK (VPS)	auto
853.3	I	H-15	moderate	package=VPS KIOSK (VPS)	auto
853.5	P	H-06	high	field=.01 PATIENT points to file 2	auto
853.51	P	H-05	certain	inherits from 853.5	auto
853.5121	P	H-05	certain	inherits from 853.51	auto
853.52	I	H-08	high	has ptr to file 4; no ptr to file 2	auto
853.523	I	H-05	certain	inherits from 853.52	auto
853.525	I	H-05	certain	inherits from 853.52	auto
853.526	I	H-05	certain	inherits from 853.52	auto
853.527	I	H-05	certain	inherits from 853.52	auto
853.53	P	H-05	certain	inherits from 853.51	auto
853.531	P	H-05	certain	inherits from 853.53	auto
853.54	I	H-08	high	has ptr to file 4; no ptr to file 2	auto
853.5423	I	H-05	certain	inherits from 853.54	auto
853.5424	I	H-05	certain	inherits from 853.54	auto
853.5425	I	H-05	certain	inherits from 853.54	auto
853.5452	I	H-05	certain	inherits from 853.54	auto
853.5454	I	H-05	certain	inherits from 853.54	auto
853.5455	I	H-05	certain	inherits from 853.54	auto
853.55	P	H-05	certain	inherits from 853.51	auto
853.5512	P	H-05	certain	inherits from 853.55	auto
853.557	P	H-05	certain	inherits from 853.55	auto
853.56	I	H-05	certain	inherits from 853.52	auto
853.57	I	H-05	certain	inherits from 853.52	auto
853.58	I	H-05	certain	inherits from 853.52	auto
853.59	P	H-05	certain	inherits from 853.53	auto
853.7	I	H-15	moderate	package=VPS KIOSK (VPS)	auto
853.8	P	H-06	high	field=.01 PATIENT points to file 2	auto
853.805	P	H-05	certain	inherits from 853.8	auto
853.81	P	H-05	certain	inherits from 853.805	auto
853.811	P	H-05	certain	inherits from 853.81	auto
853.8111	P	H-05	certain	inherits from 853.811	auto
853.8112	P	H-05	certain	inherits from 853.811	auto
853.8113	P	H-05	certain	inherits from 853.811	auto
853.81132	P	H-05	certain	inherits from 853.8113	auto
853.81133	P	H-05	certain	inherits from 853.8113	auto
853.811336	P	H-05	certain	inherits from 853.81133	auto
853.85	I	H-15	moderate	package=VPS KIOSK (VPS)	auto
853.853	I	H-05	certain	inherits from 853.85	auto
853.875	I	H-15	moderate	package=VPS KIOSK (VPS)	auto
853.9	I	H-15	moderate	package=VPS KIOSK (VPS)	auto
853.91	P	H-06	high	field=2 PATIENT points to file 2	auto
860.1	P	H-06	high	field=.01 PATIENT points to file 2	auto
860.11	P	H-05	certain	inherits from 860.1	auto
860.111	P	H-05	certain	inherits from 860.11	auto
860.12	P	H-05	certain	inherits from 860.1	auto
860.121	P	H-05	certain	inherits from 860.12	auto
860.2	K	manual-package	moderate	prefix=OCX batch triage	triage
860.21	K	inherited-parent	moderate	inherits from 860.2	inherited
860.22	K	inherited-parent	moderate	inherits from 860.2	inherited
860.3	K	manual-package	moderate	prefix=OCX batch triage	triage
860.31	K	inherited-parent	moderate	inherits from 860.3	inherited
860.4	K	manual-package	moderate	prefix=OCX batch triage	triage
860.41	K	inherited-parent	moderate	inherits from 860.4	inherited
860.5	K	manual-package	moderate	prefix=OCX batch triage	triage
860.6	K	manual-package	moderate	prefix=OCX batch triage	triage
860.7	P	H-23	low	name contains P-pattern	auto
860.71	P	H-05	certain	inherits from 860.7	auto
860.712	P	H-05	certain	inherits from 860.71	auto
860.7122	P	H-05	certain	inherits from 860.712	auto
860.71223	P	H-05	certain	inherits from 860.7122	auto
860.8	S	H-39	moderate	orphan: 0 ptrs in, 0 ptrs out	auto
860.801	K	H-20	low	name contains K-pattern	auto
860.81	S	H-05	certain	inherits(prop) from 860.8	auto
860.9	S	H-39	moderate	orphan: 0 ptrs in, 0 ptrs out	auto
860.91	S	H-05	certain	inherits(prop) from 860.9	auto
861	S	H-21	low	name contains S-pattern	auto
861.01	S	H-05	certain	inherits from 861	auto
863	K	H-20	low	name contains K-pattern	auto
863.01	K	H-05	certain	inherits from 863	auto
863.02	K	H-05	certain	inherits from 863	auto
863.1	S	H-39	moderate	orphan: 0 ptrs in, 0 ptrs out	auto
863.11	S	H-21	low	name contains S-pattern	auto
863.12	S	H-05	certain	inherits(prop) from 863.1	auto
863.13	S	H-05	certain	inherits(prop) from 863.1	auto
863.2	K	manual-package	moderate	prefix=OCX batch triage	triage
863.21	S	H-21	low	name contains S-pattern	auto
863.22	K	inherited-parent	moderate	inherits from 863.2	inherited
863.3	K	H-40	moderate	3 targets all classified K	auto
863.31	K	H-05	certain	inherits(prop) from 863.3	auto
863.32	S	H-21	low	name contains S-pattern	auto
863.4	K	manual-package	moderate	prefix=OCX batch triage	triage
863.41	S	H-21	low	name contains S-pattern	auto
863.5	I	H-09	low	has ptr to file 200 (staff/provider); no ptr to file 2 or 4	auto
863.51	I	H-05	certain	inherits from 863.5	auto
863.52	I	H-05	certain	inherits from 863.5	auto
863.54	I	H-05	certain	inherits from 863.5	auto
863.55	I	H-05	certain	inherits from 863.5	auto
863.6	K	manual-package	moderate	prefix=OCX batch triage	triage
863.61	K	inherited-parent	moderate	inherits from 863.6	inherited
863.63	S	H-21	low	name contains S-pattern	auto
863.7	K	manual-package	moderate	prefix=OCX batch triage	triage
863.72	K	inherited-parent	moderate	inherits from 863.7	inherited
863.74	S	H-21	low	name contains S-pattern	auto
863.8	K	H-18	moderate	ptr_in=10 ptr_out=0	auto
863.81	K	H-05	certain	inherits from 863.8	auto
863.84	K	H-05	certain	inherits from 863.8	auto
863.9	K	manual-package	moderate	prefix=OCX batch triage	triage
863.91	S	H-21	low	name contains S-pattern	auto
863.92	K	inherited-parent	moderate	inherits from 863.9	inherited
864	S	H-39	moderate	orphan: 0 ptrs in, 0 ptrs out	auto
864.1	K	H-20	low	name contains K-pattern	auto
864.11	K	H-05	certain	inherits from 864.1	auto
869.1	S	H-17	moderate	package=HEALTH LEVEL SEVEN (HL)	auto
869.2	S	H-17	moderate	package=HEALTH LEVEL SEVEN (HL)	auto
869.3	I	H-08	high	has ptr to file 4; no ptr to file 2	auto
869.31	I	H-05	certain	inherits from 869.3	auto
869.311	I	H-05	certain	inherits from 869.31	auto
869.32	I	H-05	certain	inherits from 869.3	auto
869.33	I	H-05	certain	inherits from 869.3	auto
869.34	I	H-05	certain	inherits from 869.3	auto
869.35	I	H-05	certain	inherits from 869.3	auto
869.36	I	H-05	certain	inherits from 869.3	auto
869.391	I	H-05	certain	inherits from 869.3	auto
869.392	I	H-05	certain	inherits from 869.3	auto
869.393	I	H-05	certain	inherits from 869.3	auto
870	I	H-08	high	has ptr to file 4; no ptr to file 2	auto
870.01	I	H-05	certain	inherits from 870	auto
870.019	I	H-05	certain	inherits from 870	auto
870.02	I	H-05	certain	inherits from 870	auto
870.13	I	H-05	certain	inherits from 870.01	auto
870.193	I	H-05	certain	inherits from 870.019	auto
8925	I	H-08	high	has ptr to file 4; no ptr to file 2	auto
8925.02	I	H-05	certain	inherits from 8925	auto
8925.03	I	H-05	certain	inherits from 8925	auto
8925.1	I	H-09	low	has ptr to file 200 (staff/provider); no ptr to file 2 or 4	auto
8925.11	I	H-05	certain	inherits from 8925.1	auto
8925.111	I	H-05	certain	inherits from 8925.1	auto
8925.112	I	H-05	certain	inherits from 8925.1	auto
8925.113	I	H-05	certain	inherits from 8925.1	auto
8925.114	I	H-05	certain	inherits from 8925.1	auto
8925.12	I	H-05	certain	inherits from 8925.1	auto
8925.13	I	H-05	certain	inherits from 8925.1	auto
8925.14	I	H-05	certain	inherits from 8925.1	auto
8925.2	I	H-09	low	has ptr to file 200 (staff/provider); no ptr to file 2 or 4	auto
8925.21	I	H-05	certain	inherits from 8925.2	auto
8925.22	I	H-05	certain	inherits from 8925.2	auto
8925.3	P	H-10	high	global=	auto
8925.4	I	H-08	high	has ptr to file 4; no ptr to file 2	auto
8925.41	I	H-05	certain	inherits from 8925.4	auto
8925.42	I	H-05	certain	inherits from 8925.4	auto
8925.5	P	H-06	high	field=1.04 FINAL PATIENT points to file 2	auto
8925.51	P	H-05	certain	inherits from 8925.5	auto
8925.6	P	H-10	high	global=	auto
8925.61	P	H-05	certain	inherits from 8925.6	auto
8925.699	P	H-05	certain	inherits from 8925.6	auto
8925.7	I	H-09	low	has ptr to file 200 (staff/provider); no ptr to file 2 or 4	auto
8925.71	P	H-10	high	global=	auto
8925.714	P	H-05	certain	inherits from 8925.71	auto
8925.715	P	H-05	certain	inherits from 8925.71	auto
8925.8	P	H-10	high	global=	auto
8925.9	P	H-10	high	global=	auto
8925.91	P	H-10	high	global=	auto
8925.93	P	H-10	high	global=	auto
8925.94	P	H-10	high	global=	auto
8925.95	P	H-10	high	global=	auto
8925.951	P	H-05	certain	inherits from 8925.95	auto
8925.952	P	H-05	certain	inherits from 8925.95	auto
8925.954	P	H-05	certain	inherits from 8925.95	auto
8925.955	P	H-05	certain	inherits from 8925.95	auto
8925.956	P	H-05	certain	inherits from 8925.95	auto
8925.957	P	H-05	certain	inherits from 8925.95	auto
8925.958	P	H-05	certain	inherits from 8925.95	auto
8925.97	P	H-10	high	global=	auto
8925.98	I	H-09	low	has ptr to file 200 (staff/provider); no ptr to file 2 or 4	auto
8925.9801	I	H-05	certain	inherits from 8925.98	auto
8925.99	I	H-08	high	has ptr to file 4; no ptr to file 2	auto
8925.9901	I	H-05	certain	inherits from 8925.99	auto
8925.9902	I	H-05	certain	inherits from 8925.99	auto
8925.992	I	H-05	certain	inherits from 8925.99	auto
8926	I	H-09	low	has ptr to file 200 (staff/provider); no ptr to file 2 or 4	auto
8926.01	I	H-05	certain	inherits from 8926	auto
8926.1	P	H-10	high	global=	auto
8926.12	P	H-05	certain	inherits from 8926.1	auto
8926.121	P	H-05	certain	inherits from 8926.12	auto
8926.199	P	H-05	certain	inherits from 8926.1	auto
8926.2	P	H-10	high	global=	auto
8926.299	P	H-05	certain	inherits from 8926.2	auto
8926.3	P	H-10	high	global=	auto
8926.399	P	H-05	certain	inherits from 8926.3	auto
8926.4	P	H-10	high	global=	auto
8926.499	P	H-05	certain	inherits from 8926.4	auto
8926.5	P	H-10	high	global=	auto
8926.599	P	H-05	certain	inherits from 8926.5	auto
8926.6	P	H-10	high	global=	auto
8926.699	P	H-05	certain	inherits from 8926.6	auto
8926.72	P	H-10	high	global=	auto
8926.73	P	H-10	high	global=	auto
8926.74	P	H-10	high	global=	auto
8926.75	P	H-10	high	global=	auto
8926.76	P	H-10	high	global=	auto
8927	I	H-09	low	has ptr to file 200 (staff/provider); no ptr to file 2 or 4	auto
8927.02	I	H-05	certain	inherits from 8927	auto
8927.03	I	H-05	certain	inherits from 8927	auto
8927.05	I	H-05	certain	inherits from 8927	auto
8927.1	P	H-10	high	global=	auto
8927.11	P	H-05	certain	inherits from 8927.1	auto
8927.12	P	H-05	certain	inherits from 8927.1	auto
8927.9	P	H-10	high	global=	auto
8928	I	H-08	high	has ptr to file 4; no ptr to file 2	auto
8928.01	I	H-05	certain	inherits from 8928	auto
8928.02	I	H-05	certain	inherits from 8928	auto
8930	S	H-17	moderate	package=AUTHORIZATION/SUBSCRIPTION (USR)	auto
8930.01	S	H-05	certain	inherits from 8930	auto
8930.1	S	H-17	moderate	package=AUTHORIZATION/SUBSCRIPTION (USR)	auto
8930.11	S	H-05	certain	inherits from 8930.1	auto
8930.2	S	H-17	moderate	package=AUTHORIZATION/SUBSCRIPTION (USR)	auto
8930.21	S	H-05	certain	inherits from 8930.2	auto
8930.3	I	H-09	low	has ptr to file 200 (staff/provider); no ptr to file 2 or 4	auto
8930.4	S	H-17	moderate	package=AUTHORIZATION/SUBSCRIPTION (USR)	auto
8930.6	S	H-17	moderate	package=AUTHORIZATION/SUBSCRIPTION (USR)	auto
8930.61	S	H-05	certain	inherits from 8930.6	auto
8930.8	S	H-17	moderate	package=AUTHORIZATION/SUBSCRIPTION (USR)	auto
8930.81	S	H-05	certain	inherits from 8930.8	auto
8930.82	S	H-05	certain	inherits from 8930.8	auto
8932.1	K	H-18	moderate	ptr_in=12 ptr_out=1	auto
8932.111	K	H-05	certain	inherits from 8932.1	auto
8932.199	K	H-05	certain	inherits from 8932.1	auto
8932.2	K	manual	moderate	PROGRAM OF STUDY — knowledge reference	triage
8933.1	I	H-09	low	has ptr to file 200 (staff/provider); no ptr to file 2 or 4	auto
8935.91	S	H-17	moderate	package=HEALTHEVET DESKTOP (XHD)	auto
8935.912	S	H-05	certain	inherits from 8935.91	auto
8935.913	S	H-05	certain	inherits from 8935.91	auto
8969	S	H-39	moderate	orphan: 0 ptrs in, 0 ptrs out	auto
8969.02	S	H-39	moderate	orphan: 0 ptrs in, 0 ptrs out	auto
8969.03	S	H-21	low	name contains S-pattern	auto
8970.1	S	H-39	moderate	orphan: 0 ptrs in, 0 ptrs out	auto
8970.11	S	H-05	certain	inherits(prop) from 8970.1	auto
8971.1	S	H-17	moderate	package=CAPACITY MANAGEMENT - RUM (KMPR)	auto
8972.1	I	H-09	low	has ptr to file 200 (staff/provider); no ptr to file 2 or 4	auto
8972.11	I	H-05	certain	inherits from 8972.1	auto
8972.111	I	H-05	certain	inherits from 8972.1	auto
8972.3	S	H-17	moderate	package=CAPACITY MANAGEMENT TOOLS (KMPD)	auto
8973	I	H-08	high	has ptr to file 4; no ptr to file 2	auto
8973.01	I	H-05	certain	inherits from 8973	auto
8973.02	I	H-05	certain	inherits from 8973	auto
8973.03	I	H-05	certain	inherits from 8973	auto
8973.04	I	H-05	certain	inherits from 8973	auto
8973.05	I	H-05	certain	inherits from 8973	auto
8973.1	S	H-17	moderate	package=CAPACITY MANAGEMENT TOOLS (KMPD)	auto
8973.2	I	H-09	low	has ptr to file 200 (staff/provider); no ptr to file 2 or 4	auto
8973.201	I	H-05	certain	inherits from 8973	auto
8973.3	S	H-17	moderate	package=CAPACITY MANAGEMENT TOOLS (KMPD)	auto
8973.31	S	H-05	certain	inherits from 8973.3	auto
8980	I	H-09	low	has ptr to file 200 (staff/provider); no ptr to file 2 or 4	auto
8980.01	I	H-05	certain	inherits from 8980	auto
8980.021	I	H-05	certain	inherits from 8980	auto
8980.2	I	H-09	low	has ptr to file 200 (staff/provider); no ptr to file 2 or 4	auto
8980.21	I	H-05	certain	inherits from 8980.2	auto
8980.22	S	H-17	moderate	package=KERNEL (XU)	auto
8984.1	S	H-13	high	global=	auto
8984.2	S	H-13	high	global=	auto
8984.3	S	H-13	high	global=	auto
8984.31	S	H-05	certain	inherits from 8984.3	auto
8984.4	S	H-13	high	global=	auto
8985.1	S	H-17	moderate	package=TOOLKIT (XT)	auto
8985.11	S	H-05	certain	inherits from 8985.1	auto
8987.1	S	H-17	moderate	package=MSM CAPACITY MANAGEMENT (XUCS)	auto
8987.13	S	H-05	certain	inherits from 8987.1	auto
8987.16	S	H-05	certain	inherits from 8987.1	auto
8987.17	S	H-05	certain	inherits from 8987.1	auto
8987.2	S	H-17	moderate	package=MSM CAPACITY MANAGEMENT (XUCS)	auto
8987.21	S	H-05	certain	inherits from 8987.2	auto
8987.32	S	H-05	certain	inherits from 8987.21	auto
8987.33	S	H-05	certain	inherits from 8987.21	auto
8987.34	S	H-05	certain	inherits from 8987.21	auto
8987.35	S	H-05	certain	inherits from 8987.21	auto
8987.36	S	H-05	certain	inherits from 8987.21	auto
8987.37	S	H-05	certain	inherits from 8987.21	auto
8989.2	S	H-13	high	global=	auto
8989.3	I	H-08	high	has ptr to file 4; no ptr to file 2	auto
8989.304	I	H-05	certain	inherits from 8989.3	auto
8989.305	I	H-05	certain	inherits from 8989.3	auto
8989.309	I	H-05	certain	inherits from 8989.3	auto
8989.324	I	H-05	certain	inherits from 8989.3	auto
8989.3245	I	H-05	certain	inherits from 8989.3	auto
8989.33	I	H-05	certain	inherits from 8989.3	auto
8989.332	I	H-05	certain	inherits from 8989.3	auto
8989.3321	I	H-05	certain	inherits from 8989.332	auto
8989.33211	I	H-05	certain	inherits from 8989.3321	auto
8989.333	I	H-05	certain	inherits from 8989.3	auto
8989.34	I	H-05	certain	inherits from 8989.3	auto
8989.35	I	H-05	certain	inherits from 8989.3	auto
8989.36	I	H-05	certain	inherits from 8989.3	auto
8989.5	S	H-13	high	global=	auto
8989.502	S	H-05	certain	inherits from 8989.5	auto
8989.51	S	H-13	high	global=	auto
8989.512	S	H-05	certain	inherits from 8989.51	auto
8989.513	S	H-05	certain	inherits from 8989.51	auto
8989.514	S	H-05	certain	inherits from 8989.51	auto
8989.518	S	H-13	high	global=	auto
8989.52	S	H-13	high	global=	auto
8989.521	S	H-05	certain	inherits from 8989.52	auto
8991	S	H-13	high	global=	auto
8991.01	S	H-05	certain	inherits from 8991	auto
8991.11	S	H-05	certain	inherits from 8991.01	auto
8991.12	S	H-05	certain	inherits from 8991.11	auto
8991.19	S	H-13	high	global=	auto
8991.191	S	H-05	certain	inherits from 8991.19	auto
8991.192	S	H-05	certain	inherits from 8991.19	auto
8991.2	S	H-13	high	global=	auto
8991.21	S	H-05	certain	inherits from 8991.2	auto
8991.211	S	H-05	certain	inherits from 8991.21	auto
8991.2112	S	H-05	certain	inherits from 8991.211	auto
8991.21121	S	H-05	certain	inherits from 8991.2112	auto
8991.212	S	H-05	certain	inherits from 8991.21	auto
8991.311	S	H-05	certain	inherits from 8991.211	auto
8991.5	S	H-13	high	global=	auto
8991.51	S	H-05	certain	inherits from 8991.5	auto
8991.511	S	H-05	certain	inherits from 8991.51	auto
8991.5111	S	H-05	certain	inherits from 8991.511	auto
8991.6	I	H-09	low	has ptr to file 200 (staff/provider); no ptr to file 2 or 4	auto
8991.7	I	H-09	low	has ptr to file 200 (staff/provider); no ptr to file 2 or 4	auto
8991.8	S	H-13	high	global=	auto
8991.9	I	H-09	low	has ptr to file 200 (staff/provider); no ptr to file 2 or 4	auto
8992	I	H-09	low	has ptr to file 200 (staff/provider); no ptr to file 2 or 4	auto
8992.01	P	H-06	high	field=3.02 PATIENT points to file 2	auto
8992.02	I	H-05	certain	inherits from 8992	auto
8992.04	P	H-05	certain	inherits from 8992.01	auto
8992.1	P	H-06	high	field=.04 PATIENT points to file 2	auto
8992.11	P	H-05	certain	inherits from 8992.1	auto
8992.111	P	H-05	certain	inherits from 8992.11	auto
8992.112	P	H-05	certain	inherits from 8992.11	auto
8992.113	P	H-05	certain	inherits from 8992.11	auto
8992.14	P	H-05	certain	inherits from 8992.1	auto
8992.2	S	H-13	high	global=	auto
8992.3	S	H-13	high	global=	auto
8992.7	S	H-13	high	global=	auto
8992.71	S	H-05	certain	inherits from 8992.7	auto
8992.8	S	H-13	high	global=	auto
8992.81	S	H-05	certain	inherits from 8992.8	auto
8992.82	S	H-05	certain	inherits from 8992.8	auto
8993	S	manual	moderate	XULM LOCK DICTIONARY — system	triage
8993.02	S	inherited-parent	moderate	inherits from 8993	inherited
8993.03	S	inherited-parent	moderate	inherits from 8993	inherited
8993.04	S	inherited-parent	moderate	inherits from 8993	inherited
8993.1	I	H-08	high	has ptr to file 4; no ptr to file 2	auto
8993.11	I	H-05	certain	inherits from 8993.1	auto
8993.15	I	H-05	certain	inherits from 8993.1	auto
8993.2	I	H-09	low	has ptr to file 200 (staff/provider); no ptr to file 2 or 4	auto
8993.21	I	H-05	certain	inherits from 8993.2	auto
8993.32	S	inherited-parent	moderate	inherits from 8993.03	inherited
8994	S	H-17	moderate	package=RPC BROKER (XWB)	auto
8994.01	S	H-05	certain	inherits from 8994	auto
8994.02	S	H-05	certain	inherits from 8994	auto
8994.021	S	H-05	certain	inherits from 8994.02	auto
8994.03	S	H-05	certain	inherits from 8994	auto
8994.1	I	H-08	high	has ptr to file 4; no ptr to file 2	auto
8994.17	I	H-05	certain	inherits from 8994.1	auto
8994.171	I	H-05	certain	inherits from 8994.17	auto
8994.5	S	H-17	moderate	package=RPC BROKER (XWB)	auto
8994.51	S	H-05	certain	inherits from 8994.5	auto
9.2	I	H-09	low	has ptr to file 200 (staff/provider); no ptr to file 2 or 4	auto
9.21	I	H-05	certain	inherits from 9.2	auto
9.22	I	H-05	certain	inherits from 9.2	auto
9.23	I	H-05	certain	inherits from 9.2	auto
9.24	I	H-05	certain	inherits from 9.2	auto
9.4	S	H-13	high	global=	auto
9.4014	S	H-05	certain	inherits from 9.4	auto
9.402	S	H-05	certain	inherits from 9.4	auto
9.41	S	H-05	certain	inherits from 9.4	auto
9.415007	S	H-05	certain	inherits from 9.4	auto
9.432	S	H-05	certain	inherits from 9.4	auto
9.44	S	H-05	certain	inherits from 9.4	auto
9.45	S	H-05	certain	inherits from 9.44	auto
9.46	S	H-05	certain	inherits from 9.4	auto
9.47	S	H-05	certain	inherits from 9.4	auto
9.48	S	H-05	certain	inherits from 9.4	auto
9.485	S	H-05	certain	inherits from 9.4	auto
9.49	S	H-05	certain	inherits from 9.4	auto
9.4901	S	H-05	certain	inherits from 9.49	auto
9.49011	S	H-05	certain	inherits from 9.4901	auto
9.495	S	H-05	certain	inherits from 9.4	auto
9.54	S	H-05	certain	inherits from 9.49	auto
9.6	S	H-13	high	global=	auto
9.61	S	H-05	certain	inherits from 9.6	auto
9.611	S	H-05	certain	inherits from 9.6	auto
9.62	S	H-05	certain	inherits from 9.6	auto
9.623	S	H-05	certain	inherits from 9.62	auto
9.626	S	H-05	certain	inherits from 9.62	auto
9.63	S	H-05	certain	inherits from 9.6	auto
9.64	S	H-05	certain	inherits from 9.6	auto
9.641	S	H-05	certain	inherits from 9.64	auto
9.6411	S	H-05	certain	inherits from 9.641	auto
9.65	S	H-05	certain	inherits from 9.6	auto
9.66	S	H-05	certain	inherits from 9.6	auto
9.661	S	H-05	certain	inherits from 9.66	auto
9.67	S	H-05	certain	inherits from 9.6	auto
9.68	S	H-05	certain	inherits from 9.67	auto
9.7	I	H-09	low	has ptr to file 200 (staff/provider); no ptr to file 2 or 4	auto
9.701	I	H-05	certain	inherits from 9.7	auto
9.702	I	H-05	certain	inherits from 9.7	auto
9.703	I	H-05	certain	inherits from 9.7	auto
9.704	I	H-05	certain	inherits from 9.7	auto
9.713	I	H-05	certain	inherits from 9.7	auto
9.714	I	H-05	certain	inherits from 9.7	auto
9.715	I	H-05	certain	inherits from 9.7	auto
9.716	I	H-05	certain	inherits from 9.7	auto
9.718	I	H-05	certain	inherits from 9.7	auto
9.8	S	H-13	high	global=	auto
9.801	S	H-05	certain	inherits from 9.8	auto
9.802	S	H-05	certain	inherits from 9.801	auto
9.803	S	H-05	certain	inherits from 9.8	auto
9.804	S	H-05	certain	inherits from 9.8	auto
9.805	S	H-05	certain	inherits from 9.8	auto
9.806	S	H-05	certain	inherits from 9.8	auto
9.807	S	H-05	certain	inherits from 9.806	auto
9.808	S	H-05	certain	inherits from 9.8	auto
9.81	S	H-05	certain	inherits from 9.8	auto
9.818	S	H-05	certain	inherits from 9.8	auto
9.819	S	H-05	certain	inherits from 9.8	auto
9.823	S	H-05	certain	inherits from 9.8	auto
9.82311	S	H-05	certain	inherits from 9.823	auto
9.83	S	H-05	certain	inherits from 9.8	auto
9.831	S	H-05	certain	inherits from 9.83	auto
9.9	I	H-09	low	has ptr to file 200 (staff/provider); no ptr to file 2 or 4	auto
9.95	S	H-13	high	global=	auto
9.951	S	H-05	certain	inherits from 9.95	auto
9.954	S	H-05	certain	inherits from 9.95	auto
9.9541	S	H-05	certain	inherits from 9.954	auto
90	P	H-06	high	field=.01 NAME points to file 2	auto
90.01	P	H-05	certain	inherits from 90	auto
90.02	P	H-05	certain	inherits from 90.01	auto
90.03	P	H-05	certain	inherits from 90.01	auto
90.04	P	H-05	certain	inherits from 90	auto
90.05	P	H-05	certain	inherits from 90.04	auto
90.06	P	H-05	certain	inherits from 90	auto
90.07	P	H-05	certain	inherits from 90	auto
90.1	P	H-05	certain	inherits from 90	auto
90.11	P	H-05	certain	inherits from 90.1	auto
90.16	P	H-05	certain	inherits from 90	auto
90.17	P	H-05	certain	inherits from 90	auto
9000001	P	H-06	high	field=.01 NAME points to file 2	auto
9000001.12	P	H-05	certain	inherits from 9000001	auto
9000001.41	P	H-05	certain	inherits from 9000001	auto
9000010	I	H-09	low	has ptr to file 200 (staff/provider); no ptr to file 2 or 4	auto
9000010.06	I	H-09	low	has ptr to file 200 (staff/provider); no ptr to file 2 or 4	auto
9000010.07	I	H-09	low	has ptr to file 200 (staff/provider); no ptr to file 2 or 4	auto
9000010.11	I	H-09	low	has ptr to file 200 (staff/provider); no ptr to file 2 or 4	auto
9000010.1111	I	H-05	certain	inherits from 9000010.11	auto
9000010.112	I	H-05	certain	inherits from 9000010.11	auto
9000010.1126	I	H-05	certain	inherits from 9000010.11	auto
9000010.1127	I	H-05	certain	inherits from 9000010.11	auto
9000010.113	I	H-05	certain	inherits from 9000010.11	auto
9000010.1182	I	H-05	certain	inherits from 9000010.11	auto
9000010.12	I	H-09	low	has ptr to file 200 (staff/provider); no ptr to file 2 or 4	auto
9000010.13	I	H-09	low	has ptr to file 200 (staff/provider); no ptr to file 2 or 4	auto
9000010.15	I	H-09	low	has ptr to file 200 (staff/provider); no ptr to file 2 or 4	auto
9000010.16	I	H-09	low	has ptr to file 200 (staff/provider); no ptr to file 2 or 4	auto
9000010.18	I	H-09	low	has ptr to file 200 (staff/provider); no ptr to file 2 or 4	auto
9000010.181	I	H-05	certain	inherits from 9000010.18	auto
9000010.23	I	H-09	low	has ptr to file 200 (staff/provider); no ptr to file 2 or 4	auto
9000010.707	I	H-09	low	has ptr to file 200 (staff/provider); no ptr to file 2 or 4	auto
9000010.71	I	H-09	low	has ptr to file 200 (staff/provider); no ptr to file 2 or 4	auto
9000011	I	H-09	low	has ptr to file 200 (staff/provider); no ptr to file 2 or 4	auto
9000011.11	I	H-05	certain	inherits from 9000011	auto
9000011.1111	I	H-05	certain	inherits from 9000011.11	auto
9000011.803	I	H-05	certain	inherits from 9000011	auto
9000080.11	I	H-09	low	has ptr to file 200 (staff/provider); no ptr to file 2 or 4	auto
9000080.1111	I	H-05	certain	inherits from 9000080.11	auto
9000080.112	I	H-05	certain	inherits from 9000080.11	auto
9000080.1126	I	H-05	certain	inherits from 9000080.11	auto
9000080.1127	I	H-05	certain	inherits from 9000080.11	auto
9000080.113	I	H-05	certain	inherits from 9000080.11	auto
9000080.1182	I	H-05	certain	inherits from 9000080.11	auto
9001	K	H-20	low	name contains K-pattern	auto
9001017	S	manual-vestigial	low	unnamed file — no global root	triage
9002099.3	S	H-39	moderate	orphan: 0 ptrs in, 0 ptrs out	auto
9002313.02	I	H-09	low	has ptr to file 200 (staff/provider); no ptr to file 2 or 4	auto
9002313.0201	I	H-05	certain	inherits from 9002313.02	auto
9002313.022044	I	H-05	certain	inherits from 9002313.0201	auto
9002313.02354	I	H-05	certain	inherits from 9002313.0201	auto
9002313.023771	I	H-05	certain	inherits from 9002313.0201	auto
9002313.03	P	H-14	moderate	package=E CLAIMS MGMT ENGINE (BPS)	auto
9002313.0301	P	H-05	certain	inherits from 9002313.03	auto
9002313.032052	P	H-05	certain	inherits from 9002313.0301	auto
9002313.032087	P	H-05	certain	inherits from 9002313.0301	auto
9002313.032091	P	H-05	certain	inherits from 9002313.0301	auto
9002313.03511	P	H-05	certain	inherits from 9002313.0301	auto
9002313.035501	P	H-05	certain	inherits from 9002313.0301	auto
9002313.039201	P	H-05	certain	inherits from 9002313.0301	auto
9002313.0401	I	H-05	certain	inherits from 9002313.0201	auto
9002313.0501	I	H-05	certain	inherits from 9002313.0201	auto
9002313.05011	I	H-05	certain	inherits from 9002313.0501	auto
9002313.0601	I	H-05	certain	inherits from 9002313.0201	auto
9002313.0701	I	H-05	certain	inherits from 9002313.0201	auto
9002313.0801	I	H-05	certain	inherits from 9002313.0201	auto
9002313.0901	I	H-05	certain	inherits from 9002313.0201	auto
9002313.1001	I	H-05	certain	inherits from 9002313.0201	auto
9002313.1101	P	H-05	certain	inherits from 9002313.0301	auto
9002313.12	P	H-10	high	global=	auto
9002313.1201	P	H-05	certain	inherits from 9002313.12	auto
9002313.13001	P	H-05	certain	inherits from 9002313.0301	auto
9002313.1301	P	H-05	certain	inherits from 9002313.0301	auto
9002313.1401	P	H-05	certain	inherits from 9002313.0301	auto
9002313.15	P	H-10	high	global=	auto
9002313.19	P	H-10	high	global=	auto
9002313.191	P	H-05	certain	inherits from 9002313.19	auto
9002313.2	P	H-10	high	global=	auto
9002313.201	P	H-05	certain	inherits from 9002313.2	auto
9002313.201459	I	H-05	certain	inherits from 9002313.0201	auto
9002313.21	P	H-10	high	global=	auto
9002313.22	P	H-10	high	global=	auto
9002313.23	P	H-10	high	global=	auto
9002313.24	P	H-10	high	global=	auto
9002313.25	P	H-10	high	global=	auto
9002313.26	P	H-10	high	global=	auto
9002313.261	P	H-05	certain	inherits from 9002313.26	auto
9002313.27	P	H-10	high	global=	auto
9002313.271	P	H-05	certain	inherits from 9002313.27	auto
9002313.28	P	H-10	high	global=	auto
9002313.281	P	H-05	certain	inherits from 9002313.28	auto
9002313.29	P	H-10	high	global=	auto
9002313.291	P	H-05	certain	inherits from 9002313.29	auto
9002313.29999	I	H-05	certain	inherits from 9002313.02	auto
9002313.301548	P	H-05	certain	inherits from 9002313.0301	auto
9002313.31	P	H-06	high	field=903 PATIENT IEN points to file 2	auto
9002313.311	P	H-05	certain	inherits from 9002313.31	auto
9002313.312	P	H-05	certain	inherits from 9002313.31	auto
9002313.3121	P	H-05	certain	inherits from 9002313.312	auto
9002313.3122	P	H-05	certain	inherits from 9002313.312	auto
9002313.3123	P	H-05	certain	inherits from 9002313.312	auto
9002313.31231	P	H-05	certain	inherits from 9002313.3123	auto
9002313.31232	P	H-05	certain	inherits from 9002313.3123	auto
9002313.31233	P	H-05	certain	inherits from 9002313.3123	auto
9002313.31234	P	H-05	certain	inherits from 9002313.3123	auto
9002313.3124	P	H-05	certain	inherits from 9002313.312	auto
9002313.32	P	H-10	high	global=	auto
9002313.321	P	H-05	certain	inherits from 9002313.32	auto
9002313.34	P	H-10	high	global=	auto
9002313.35	P	H-10	high	global=	auto
9002313.36	P	H-10	high	global=	auto
9002313.37	P	H-10	high	global=	auto
9002313.38	P	H-10	high	global=	auto
9002313.39	P	H-10	high	global=	auto
9002313.39999	P	H-05	certain	inherits from 9002313.03	auto
9002313.4	P	H-10	high	global=	auto
9002313.401342	I	H-05	certain	inherits from 9002313.0401	auto
9002313.401353	I	H-05	certain	inherits from 9002313.0401	auto
9002313.401392	I	H-05	certain	inherits from 9002313.0401	auto
9002313.401472	I	H-05	certain	inherits from 9002313.0401	auto
9002313.41	P	H-10	high	global=	auto
9002313.42	P	H-10	high	global=	auto
9002313.43	P	H-10	high	global=	auto
9002313.44	P	H-10	high	global=	auto
9002313.45	P	H-10	high	global=	auto
9002313.511	P	H-10	high	global=	auto
9002313.5111	P	H-05	certain	inherits from 9002313.511	auto
9002313.5112	P	H-05	certain	inherits from 9002313.511	auto
9002313.56	I	H-09	low	has ptr to file 200 (staff/provider); no ptr to file 2 or 4	auto
9002313.5601	I	H-05	certain	inherits from 9002313.56	auto
9002313.57	P	H-06	high	field=5 PATIENT points to file 2	auto
9002313.57111	P	H-05	certain	inherits from 9002313.57	auto
9002313.5713	P	H-05	certain	inherits from 9002313.57	auto
9002313.5714	P	H-05	certain	inherits from 9002313.57	auto
9002313.57141	P	H-05	certain	inherits from 9002313.5714	auto
9002313.57142	P	H-05	certain	inherits from 9002313.5714	auto
9002313.57902	P	H-05	certain	inherits from 9002313.57	auto
9002313.58	P	H-14	moderate	package=E CLAIMS MGMT ENGINE (BPS)	auto
9002313.59	P	H-06	high	field=5 PATIENT points to file 2	auto
9002313.59111	P	H-05	certain	inherits from 9002313.59	auto
9002313.5913	P	H-05	certain	inherits from 9002313.59	auto
9002313.5914	P	H-05	certain	inherits from 9002313.59	auto
9002313.59141	P	H-05	certain	inherits from 9002313.5914	auto
9002313.59142	P	H-05	certain	inherits from 9002313.5914	auto
9002313.59902	P	H-05	certain	inherits from 9002313.59	auto
9002313.77	P	H-06	high	field=1.15 PATIENT points to file 2	auto
9002313.771	P	H-05	certain	inherits from 9002313.77	auto
9002313.772	P	H-05	certain	inherits from 9002313.77	auto
9002313.778	P	H-05	certain	inherits from 9002313.77	auto
9002313.7781	P	H-05	certain	inherits from 9002313.778	auto
9002313.7782	P	H-05	certain	inherits from 9002313.778	auto
9002313.78	I	H-09	low	has ptr to file 200 (staff/provider); no ptr to file 2 or 4	auto
9002313.83	P	H-14	moderate	package=E CLAIMS MGMT ENGINE (BPS)	auto
9002313.89	P	H-14	moderate	package=E CLAIMS MGMT ENGINE (BPS)	auto
9002313.9	P	H-14	moderate	package=E CLAIMS MGMT ENGINE (BPS)	auto
9002313.91	P	H-14	moderate	package=E CLAIMS MGMT ENGINE (BPS)	auto
9002313.9101	P	H-05	certain	inherits from 9002313.91	auto
9002313.9102	P	H-05	certain	inherits from 9002313.91	auto
9002313.9103	P	H-05	certain	inherits from 9002313.91	auto
9002313.9104	P	H-05	certain	inherits from 9002313.91	auto
9002313.92	P	H-14	moderate	package=E CLAIMS MGMT ENGINE (BPS)	auto
9002313.9205	P	H-05	certain	inherits from 9002313.92	auto
9002313.92051	P	H-05	certain	inherits from 9002313.9205	auto
9002313.92052	P	H-05	certain	inherits from 9002313.9205	auto
9002313.9206	P	H-05	certain	inherits from 9002313.92	auto
9002313.92061	P	H-05	certain	inherits from 9002313.9206	auto
9002313.92062	P	H-05	certain	inherits from 9002313.9206	auto
9002313.9207	P	H-05	certain	inherits from 9002313.92	auto
9002313.92071	P	H-05	certain	inherits from 9002313.9207	auto
9002313.92072	P	H-05	certain	inherits from 9002313.9207	auto
9002313.9208	P	H-05	certain	inherits from 9002313.92	auto
9002313.92081	P	H-05	certain	inherits from 9002313.9208	auto
9002313.92082	P	H-05	certain	inherits from 9002313.9208	auto
9002313.9209	P	H-05	certain	inherits from 9002313.92	auto
9002313.92091	P	H-05	certain	inherits from 9002313.9209	auto
9002313.92092	P	H-05	certain	inherits from 9002313.9209	auto
9002313.921	P	H-05	certain	inherits from 9002313.92	auto
9002313.9211	P	H-05	certain	inherits from 9002313.921	auto
9002313.9212	P	H-05	certain	inherits from 9002313.921	auto
9002313.9213	P	H-05	certain	inherits from 9002313.92	auto
9002313.92131	P	H-05	certain	inherits from 9002313.9213	auto
9002313.92132	P	H-05	certain	inherits from 9002313.9213	auto
9002313.9214	P	H-05	certain	inherits from 9002313.92	auto
9002313.92141	P	H-05	certain	inherits from 9002313.9214	auto
9002313.92142	P	H-05	certain	inherits from 9002313.9214	auto
9002313.9215	P	H-05	certain	inherits from 9002313.92	auto
9002313.92151	P	H-05	certain	inherits from 9002313.9215	auto
9002313.92152	P	H-05	certain	inherits from 9002313.9215	auto
9002313.9216	P	H-05	certain	inherits from 9002313.92	auto
9002313.92161	P	H-05	certain	inherits from 9002313.9216	auto
9002313.92162	P	H-05	certain	inherits from 9002313.9216	auto
9002313.9217	P	H-05	certain	inherits from 9002313.92	auto
9002313.92171	P	H-05	certain	inherits from 9002313.9217	auto
9002313.92172	P	H-05	certain	inherits from 9002313.9217	auto
9002313.9218	P	H-05	certain	inherits from 9002313.92	auto
9002313.92181	P	H-05	certain	inherits from 9002313.9218	auto
9002313.92182	P	H-05	certain	inherits from 9002313.9218	auto
9002313.9219	P	H-05	certain	inherits from 9002313.92	auto
9002313.921901	P	H-05	certain	inherits from 9002313.92	auto
9002313.92191	P	H-05	certain	inherits from 9002313.9219	auto
9002313.92192	P	H-05	certain	inherits from 9002313.9219	auto
9002313.922	P	H-05	certain	inherits from 9002313.92	auto
9002313.9221	P	H-05	certain	inherits from 9002313.922	auto
9002313.9222	P	H-05	certain	inherits from 9002313.922	auto
9002313.9223	P	H-05	certain	inherits from 9002313.92	auto
9002313.92231	P	H-05	certain	inherits from 9002313.9223	auto
9002313.92232	P	H-05	certain	inherits from 9002313.9223	auto
9002313.9224	P	H-05	certain	inherits from 9002313.92	auto
9002313.92241	P	H-05	certain	inherits from 9002313.9224	auto
9002313.92242	P	H-05	certain	inherits from 9002313.9224	auto
9002313.9225	P	H-05	certain	inherits from 9002313.92	auto
9002313.92251	P	H-05	certain	inherits from 9002313.9225	auto
9002313.92252	P	H-05	certain	inherits from 9002313.9225	auto
9002313.9227	P	H-05	certain	inherits from 9002313.92	auto
9002313.92271	P	H-05	certain	inherits from 9002313.9227	auto
9002313.92272	P	H-05	certain	inherits from 9002313.9227	auto
9002313.9228	P	H-05	certain	inherits from 9002313.92	auto
9002313.92281	P	H-05	certain	inherits from 9002313.9228	auto
9002313.92282	P	H-05	certain	inherits from 9002313.9228	auto
9002313.9229	P	H-05	certain	inherits from 9002313.92	auto
9002313.92291	P	H-05	certain	inherits from 9002313.9229	auto
9002313.92292	P	H-05	certain	inherits from 9002313.9229	auto
9002313.923	P	H-05	certain	inherits from 9002313.92	auto
9002313.9231	P	H-05	certain	inherits from 9002313.923	auto
9002313.9232	P	H-05	certain	inherits from 9002313.923	auto
9002313.93	P	H-14	moderate	package=E CLAIMS MGMT ENGINE (BPS)	auto
9002313.94	P	H-14	moderate	package=E CLAIMS MGMT ENGINE (BPS)	auto
9002313.99	I	H-09	low	has ptr to file 200 (staff/provider); no ptr to file 2 or 4	auto
9009032.3	K	H-20	low	name contains K-pattern	auto
9009032.4	P	H-06	high	field=.02 PATIENT points to file 2	auto
9009032.411	P	H-05	certain	inherits from 9009032.4	auto
9009032.412	P	H-05	certain	inherits from 9009032.4	auto
9009032.413	P	H-05	certain	inherits from 9009032.4	auto
9009032.414	P	H-05	certain	inherits from 9009032.4	auto
9009032.415	P	H-05	certain	inherits from 9009032.4	auto
9009032.416	P	H-05	certain	inherits from 9009032.4	auto
9009032.5	K	manual	moderate	APSP INTERVENTION — pharmacy knowledge	triage
910	P	manual-package	moderate	prefix=ESP batch triage	triage
910.01	P	inherited-parent	moderate	inherits from 910	inherited
910.02	P	inherited-parent	moderate	inherits from 910	inherited
910.1	S	H-39	moderate	orphan: 0 ptrs in, 0 ptrs out	auto
910.11	I	H-09	low	has ptr to file 200 (staff/provider); no ptr to file 2 or 4	auto
910.12	I	H-05	certain	inherits from 910.11	auto
910.2	S	H-21	low	name contains S-pattern	auto
910.22	S	H-05	certain	inherits from 910.2	auto
910.7	P	manual-package	moderate	prefix=ESP batch triage	triage
910.8	P	manual-package	moderate	prefix=ESP batch triage	triage
910.81	P	inherited-parent	moderate	inherits from 910.8	inherited
910.811	P	inherited-parent	moderate	inherits from 910.81	inherited
910.85	I	H-09	low	has ptr to file 200 (staff/provider); no ptr to file 2 or 4	auto
911	K	H-20	low	name contains K-pattern	auto
911.2	K	H-20	low	name contains K-pattern	auto
912	I	H-08	high	has ptr to file 4; no ptr to file 2	auto
912.01	I	H-05	certain	inherits from 912	auto
912.02	I	H-05	certain	inherits from 912	auto
912.03	I	H-05	certain	inherits from 912	auto
912.04	I	H-05	certain	inherits from 912	auto
912.05	I	H-05	certain	inherits from 912	auto
912.06	I	H-05	certain	inherits from 912	auto
912.07	I	H-05	certain	inherits from 912	auto
912.072	I	H-05	certain	inherits from 912	auto
912.073	I	H-05	certain	inherits from 912	auto
912.074	I	H-05	certain	inherits from 912	auto
912.08	I	H-05	certain	inherits from 912	auto
912.09	I	H-05	certain	inherits from 912	auto
912.1	I	H-05	certain	inherits from 912	auto
912.11	I	H-05	certain	inherits from 912.05	auto
912.12	I	H-05	certain	inherits from 912.04	auto
912.13	I	H-05	certain	inherits from 912.02	auto
912.14	I	H-05	certain	inherits from 912	auto
912.15	I	H-05	certain	inherits from 912	auto
912.16	I	H-05	certain	inherits from 912.15	auto
912.17	I	H-05	certain	inherits from 912	auto
912.18	I	H-05	certain	inherits from 912.17	auto
912.3	I	H-22	low	name contains I-pattern	auto
912.31	I	H-05	certain	inherits from 912.3	auto
912.4	S	H-39	moderate	orphan: 0 ptrs in, 0 ptrs out	auto
912.41	I	H-22	low	name contains I-pattern	auto
912.5	I	H-09	low	has ptr to file 200 (staff/provider); no ptr to file 2 or 4	auto
912.55	I	H-05	certain	inherits from 912.5	auto
912.555	I	H-05	certain	inherits from 912.55	auto
912.7	P	manual-package	moderate	prefix=ESP batch triage	triage
912.8	K	H-20	low	name contains K-pattern	auto
912.9	K	H-20	low	name contains K-pattern	auto
913	I	H-09	low	has ptr to file 200 (staff/provider); no ptr to file 2 or 4	auto
913.01	I	H-05	certain	inherits from 913	auto
913.02	I	H-05	certain	inherits from 913	auto
913.03	I	H-05	certain	inherits from 913	auto
914	I	H-08	high	has ptr to file 4; no ptr to file 2	auto
914.01	I	H-05	certain	inherits from 914	auto
915	K	H-20	low	name contains K-pattern	auto
915.01	K	H-05	certain	inherits from 915	auto
916	P	manual-package	moderate	prefix=ESP batch triage	triage
916.03	P	inherited-parent	moderate	inherits from 916	inherited
916.04	P	inherited-parent	moderate	inherits from 916	inherited
916.05	I	H-09	low	has ptr to file 200 (staff/provider); no ptr to file 2 or 4	auto
916.31	I	H-09	low	has ptr to file 200 (staff/provider); no ptr to file 2 or 4	auto
916.53	I	H-05	certain	inherits from 916.05	auto
920	K	manual-package	moderate	prefix=AUT batch triage	triage
920.02	K	inherited-parent	moderate	inherits from 920	inherited
920.05	I	H-08	high	has ptr to file 4; no ptr to file 2	auto
920.051	I	H-05	certain	inherits from 920.05	auto
920.052	I	H-05	certain	inherits from 920.05	auto
920.1	P	H-14	moderate	package=PCE PATIENT CARE ENCOUNTER (PX)	auto
920.199	P	H-05	certain	inherits from 920.1	auto
920.2	P	H-14	moderate	package=PCE PATIENT CARE ENCOUNTER (PX)	auto
920.299	P	H-05	certain	inherits from 920.2	auto
920.3	P	H-14	moderate	package=PCE PATIENT CARE ENCOUNTER (PX)	auto
920.399	P	H-05	certain	inherits from 920.3	auto
920.4	P	H-14	moderate	package=PCE PATIENT CARE ENCOUNTER (PX)	auto
920.43	P	H-05	certain	inherits from 920.4	auto
920.499	P	H-05	certain	inherits from 920.4	auto
920.5	P	H-14	moderate	package=PCE PATIENT CARE ENCOUNTER (PX)	auto
920.599	P	H-05	certain	inherits from 920.5	auto
920.6	P	H-14	moderate	package=PCE PATIENT CARE ENCOUNTER (PX)	auto
920.61	P	H-05	certain	inherits from 920.6	auto
920.71	P	H-14	moderate	package=PCE PATIENT CARE ENCOUNTER (PX)	auto
920.75	P	H-14	moderate	package=PCE PATIENT CARE ENCOUNTER (PX)	auto
920.76	P	H-14	moderate	package=PCE PATIENT CARE ENCOUNTER (PX)	auto
920.761	P	H-05	certain	inherits from 920.76	auto
920.77	P	H-14	moderate	package=PCE PATIENT CARE ENCOUNTER (PX)	auto
920.772	P	H-05	certain	inherits from 920.77	auto
920.773	P	H-05	certain	inherits from 920.77	auto
920.774	P	H-05	certain	inherits from 920.77	auto
920.99	K	inherited-parent	moderate	inherits from 920	inherited
95	K	H-12	high	global=	auto
95.01	K	H-05	certain	inherits from 95	auto
95.11	I	H-09	low	has ptr to file 200 (staff/provider); no ptr to file 2 or 4	auto
95.3	K	H-12	high	global=	auto
95.3099	K	H-05	certain	inherits from 95.3	auto
95.31	K	H-12	high	global=	auto
95.32	K	H-05	certain	inherits from 95.3	auto
95.33	K	H-05	certain	inherits from 95.3	auto
95.384	K	H-05	certain	inherits from 95.3	auto
95.39	K	H-05	certain	inherits from 95.3	auto
95.399	K	H-05	certain	inherits from 95.3	auto
95.4	I	H-08	high	has ptr to file 4; no ptr to file 2	auto
95.401	I	H-05	certain	inherits from 95.4	auto
95.4011	I	H-05	certain	inherits from 95.401	auto
95.42	K	H-05	certain	inherits from 95.31	auto
950	S	H-21	low	name contains S-pattern	auto
950.01	S	H-05	certain	inherits from 950	auto
984.1	P	H-23	low	name contains P-pattern	auto
984.5	S	H-39	moderate	orphan: 0 ptrs in, 0 ptrs out	auto
984.8	S	H-39	moderate	orphan: 0 ptrs in, 0 ptrs out	auto
984.9	P	H-06	high	field=.04 PATIENT points to file 2	auto
987.5	P	H-06	high	field=18 PATIENTS INTERNAL ENTRY NUMBER points to file 2	auto
987.6	P	H-14	moderate	package=WOUNDED INJURED ILL WARRIORS (WII)	auto
99	P	H-06	high	field=.01 NAME points to file 2	auto
99.01	P	H-05	certain	inherits from 99	auto
99.02	P	H-05	certain	inherits from 99.01	auto
99.03	P	H-05	certain	inherits from 99.02	auto
99.04	P	H-05	certain	inherits from 99.03	auto
99.05	P	H-05	certain	inherits from 99	auto
99.06	P	H-05	certain	inherits from 99.05	auto
99.07	P	H-05	certain	inherits from 99.06	auto
99.08	P	H-05	certain	inherits from 99.07	auto
99.09	P	H-05	certain	inherits from 99.06	auto
99.1	P	H-05	certain	inherits from 99.09	auto
99.11	P	H-05	certain	inherits from 99.06	auto
99.12	P	H-05	certain	inherits from 99.11	auto
99.13	P	H-05	certain	inherits from 99	auto
99.14	P	H-05	certain	inherits from 99.13	auto
99.15	P	H-05	certain	inherits from 99.14	auto
99.16	P	H-05	certain	inherits from 99	auto
99.17	P	H-05	certain	inherits from 99.16	auto
99.18	P	H-05	certain	inherits from 99.17	auto
99.29	P	H-05	certain	inherits from 99	auto
99.3	P	H-05	certain	inherits from 99.29	auto
99.31	P	H-05	certain	inherits from 99.3	auto
99.32	P	H-05	certain	inherits from 99.31	auto
99.39	P	H-05	certain	inherits from 99	auto
99.4	P	H-05	certain	inherits from 99.39	auto
99.41	P	H-05	certain	inherits from 99.4	auto
99.42	P	H-05	certain	inherits from 99.41	auto
990.8	I	H-08	high	has ptr to file 4; no ptr to file 2	auto
991.1	S	H-17	moderate	package=CLINICAL INFO RESOURCE NETWORK (RG)	auto
991.11	S	H-17	moderate	package=CLINICAL INFO RESOURCE NETWORK (RG)	auto
991.112	S	H-05	certain	inherits from 991.11	auto
991.1199	S	H-05	certain	inherits from 991.11	auto
991.12	P	H-06	high	field=3 PATIENT points to file 2	auto
991.1211	P	H-05	certain	inherits from 991.12	auto
991.8	P	H-06	high	field=118 PSEUDO INIT LAST points to file 2	auto
991.817	P	H-05	certain	inherits from 991.8	auto
995	S	H-17	moderate	package=CLINICAL INFO RESOURCE NETWORK (RG)	auto
995.099	S	H-05	certain	inherits from 995	auto
995.1	S	H-17	moderate	package=CLINICAL INFO RESOURCE NETWORK (RG)	auto
995.2	S	H-17	moderate	package=CLINICAL INFO RESOURCE NETWORK (RG)	auto
996	S	H-17	moderate	package=EXTENSIBLE EDITOR (RGED)	auto
996.01	S	H-05	certain	inherits from 996	auto
996.02	S	H-05	certain	inherits from 996	auto
996.03	S	H-05	certain	inherits from 996	auto
996.04	S	H-05	certain	inherits from 996	auto
996.09	S	H-05	certain	inherits from 996	auto
996.11	S	H-05	certain	inherits from 996.01	auto
996.2	S	H-17	moderate	package=EXTENSIBLE EDITOR (RGED)	auto
996.24	S	H-05	certain	inherits from 996.02	auto
9999994.01	S	H-39	moderate	orphan: 0 ptrs in, 0 ptrs out	auto
99999941	S	H-39	moderate	orphan: 0 ptrs in, 0 ptrs out	auto
999999410	S	H-39	moderate	orphan: 0 ptrs in, 0 ptrs out	auto
999999411	S	H-39	moderate	orphan: 0 ptrs in, 0 ptrs out	auto
999999412	S	H-39	moderate	orphan: 0 ptrs in, 0 ptrs out	auto
999999413	S	H-39	moderate	orphan: 0 ptrs in, 0 ptrs out	auto
999999414	S	H-39	moderate	orphan: 0 ptrs in, 0 ptrs out	auto
999999415	S	H-39	moderate	orphan: 0 ptrs in, 0 ptrs out	auto
999999416	S	H-39	moderate	orphan: 0 ptrs in, 0 ptrs out	auto
999999417	S	H-39	moderate	orphan: 0 ptrs in, 0 ptrs out	auto
999999418	S	H-39	moderate	orphan: 0 ptrs in, 0 ptrs out	auto
999999419	S	H-39	moderate	orphan: 0 ptrs in, 0 ptrs out	auto
99999942	S	H-39	moderate	orphan: 0 ptrs in, 0 ptrs out	auto
999999420	S	H-39	moderate	orphan: 0 ptrs in, 0 ptrs out	auto
999999421	S	H-39	moderate	orphan: 0 ptrs in, 0 ptrs out	auto
999999422	S	H-39	moderate	orphan: 0 ptrs in, 0 ptrs out	auto
999999423	S	H-39	moderate	orphan: 0 ptrs in, 0 ptrs out	auto
999999424	S	H-39	moderate	orphan: 0 ptrs in, 0 ptrs out	auto
99999943	S	H-39	moderate	orphan: 0 ptrs in, 0 ptrs out	auto
99999944	S	H-39	moderate	orphan: 0 ptrs in, 0 ptrs out	auto
99999945	S	H-39	moderate	orphan: 0 ptrs in, 0 ptrs out	auto
99999946	S	H-39	moderate	orphan: 0 ptrs in, 0 ptrs out	auto
99999947	S	H-39	moderate	orphan: 0 ptrs in, 0 ptrs out	auto
99999948	S	H-39	moderate	orphan: 0 ptrs in, 0 ptrs out	auto
99999949	S	H-39	moderate	orphan: 0 ptrs in, 0 ptrs out	auto
9999999.04	K	manual-package	moderate	prefix=AUT batch triage	triage
9999999.0411	K	inherited-parent	moderate	inherits from 9999999.04	inherited
9999999.0499	K	inherited-parent	moderate	inherits from 9999999.04	inherited
9999999.06	I	H-08	high	has ptr to file 4; no ptr to file 2	auto
9999999.09	K	H-18	moderate	ptr_in=10 ptr_out=2	auto
9999999.091001	K	H-05	certain	inherits from 9999999.09	auto
9999999.0911	K	H-05	certain	inherits from 9999999.09	auto
9999999.0912	K	H-05	certain	inherits from 9999999.09	auto
9999999.1	K	H-05	certain	inherits from 9999999.09	auto
9999999.11	K	H-05	certain	inherits from 9999999.09	auto
9999999.12	K	H-05	certain	inherits from 9999999.1	auto
9999999.14	K	H-40	moderate	2 targets all classified K	auto
9999999.141	K	H-05	certain	inherits(prop) from 9999999.14	auto
9999999.142	K	H-05	certain	inherits(prop) from 9999999.14	auto
9999999.143	K	H-05	certain	inherits(prop) from 9999999.14	auto
9999999.1431	K	H-20	low	name contains K-pattern	auto
9999999.144	K	H-05	certain	inherits(prop) from 9999999.14	auto
9999999.145	K	H-05	certain	inherits(prop) from 9999999.14	auto
9999999.147	K	H-05	certain	inherits(prop) from 9999999.14	auto
9999999.1499	K	H-05	certain	inherits(prop) from 9999999.14	auto
9999999.15	K	manual-package	moderate	prefix=AUT batch triage	triage
9999999.15201	K	inherited-parent	moderate	inherits from 9999999.15	inherited
9999999.16	I	H-09	low	has ptr to file 200 (staff/provider); no ptr to file 2 or 4	auto
9999999.162	I	H-05	certain	inherits from 9999999.16	auto
9999999.17	K	manual-package	moderate	prefix=AUT batch triage	triage
9999999.18	K	H-20	low	name contains K-pattern	auto
9999999.19	K	H-05	certain	inherits from 9999999.09	auto
9999999.2	I	H-09	low	has ptr to file 200 (staff/provider); no ptr to file 2 or 4	auto
9999999.27	K	manual-package	moderate	prefix=AUT batch triage	triage
9999999.28	K	H-18	moderate	ptr_in=10 ptr_out=2	auto
9999999.283	K	H-05	certain	inherits from 9999999.28	auto
9999999.2831	K	H-05	certain	inherits from 9999999.283	auto
9999999.2899	K	H-05	certain	inherits from 9999999.28	auto
9999999.41	I	H-08	high	has ptr to file 4; no ptr to file 2	auto
9999999.411	I	H-05	certain	inherits from 9999999.41	auto
9999999.64	K	H-12	high	global=	auto
9999999.641101	K	H-05	certain	inherits from 9999999.64	auto
9999999.64201	K	H-05	certain	inherits from 9999999.64	auto
9999999.65	K	H-05	certain	inherits from 9999999.64	auto
9999999.652	K	H-05	certain	inherits from 9999999.65	auto
9999999.66	K	H-05	certain	inherits from 9999999.64	auto
9999999.67	K	H-05	certain	inherits from 9999999.64	auto
9999999.9201	K	H-05	certain	inherits from 9999999.09	auto
