ien	name	tag	routine_name	return_type	return_type_label	availability	inactive	inactive_label	version	package	package_dir
1	XWB EGCHO STRING	ECHO1	XWBZ1	1	SINGLE VALUE	R		ACTIVE		RPC BROKER	RPC Broker
10	XUS SIGNON SETUP	SETUP	XUSRB	2	ARRAY	S		ACTIVE	1	KERNEL	Kernel
100	IBD VALIDATE USER	VALIDAV	IBDFBK1	1	SINGLE VALUE	R	1	INACTIVE		AUTOMATED INFO COLLECTION SYS	Automated Information Collection System
1000	TIU TEMPLATE GETLINK	GETLINK	TIUSRVT1	1	SINGLE VALUE	R		ACTIVE		TEXT INTEGRATION UTILITIES	Text Integration Utility
1001	TIU TEMPLATE ALL TITLES	TITLELST	TIUSRVT1	2	ARRAY	R		ACTIVE		TEXT INTEGRATION UTILITIES	Text Integration Utility
1002	ORQPT DEFAULT CLINIC DATE RANG	CDATRANG	ORQPTQ2	1	SINGLE VALUE	S		ACTIVE		ORDER ENTRY/RESULTS REPORTING	Order Entry Results Reporting
1003	ORWTPR OCDESC	OCDESC	ORWTPR	2	ARRAY			ACTIVE		ORDER ENTRY/RESULTS REPORTING	Order Entry Results Reporting
1004	ORWTPR NOTDESC	NOTDESC	ORWTPR	2	ARRAY			ACTIVE		ORDER ENTRY/RESULTS REPORTING	Order Entry Results Reporting
1005	ORWDPS1 FAILDEA	FAILDEA	ORWDPS1	1	SINGLE VALUE			ACTIVE		ORDER ENTRY/RESULTS REPORTING	Order Entry Results Reporting
1006	ORWTIU CANLINK	CANLINK	ORWTIU	1	SINGLE VALUE			ACTIVE		ORDER ENTRY/RESULTS REPORTING	Order Entry Results Reporting
1007	ORWCOM PTOBJ	PTOBJ	ORWCOM	1	SINGLE VALUE	R		ACTIVE		ORDER ENTRY/RESULTS REPORTING	Order Entry Results Reporting
1008	ORWCOM ORDEROBJ	ORDEROBJ	ORWCOM	1	SINGLE VALUE			ACTIVE		ORDER ENTRY/RESULTS REPORTING	Order Entry Results Reporting
1009	ORWCOM GETOBJS	GETOBJS	ORWCOM	2	ARRAY	R		ACTIVE		ORDER ENTRY/RESULTS REPORTING	Order Entry Results Reporting
101	IBD RECEIVE DATA	SEND	IBDFRPC4	2	ARRAY	P	1	INACTIVE		AUTOMATED INFO COLLECTION SYS	Automated Information Collection System
1010	ORWCOM DETAILS	DETAILS	ORWCOM	1	SINGLE VALUE	R		ACTIVE		ORDER ENTRY/RESULTS REPORTING	Order Entry Results Reporting
1011	ORWSR SHOW SURG TAB	SHOWSURG	ORWSR	1	SINGLE VALUE			ACTIVE		ORDER ENTRY/RESULTS REPORTING	Order Entry Results Reporting
1012	ORWSR LIST	LIST	ORWSR	4	GLOBAL ARRAY			ACTIVE		ORDER ENTRY/RESULTS REPORTING	Order Entry Results Reporting
1013	ORWSR GET SURG CONTEXT	GTSURCTX	ORWSR	1	SINGLE VALUE			ACTIVE		ORDER ENTRY/RESULTS REPORTING	Order Entry Results Reporting
1014	ORWSR SAVE SURG CONTEXT	SVSURCTX	ORWSR	1	SINGLE VALUE			ACTIVE		ORDER ENTRY/RESULTS REPORTING	Order Entry Results Reporting
1015	MAG3 TR THIN CLIENT ALLOWED	TCALLOW	MAGNTLR3	1	SINGLE VALUE	R	0	ACTIVE		IMAGING	Imaging
1016	DVBAB GET SET	GETSET	DVBABDDU	2	ARRAY	R		ACTIVE	1	AUTOMATED MED INFO EXCHANGE	Automated Medical Information Exchange
1017	ORWSR ONECASE	ONECASE	ORWSR	2	ARRAY			ACTIVE		ORDER ENTRY/RESULTS REPORTING	Order Entry Results Reporting
1018	ORWSR CASELIST	CASELIST	ORWSR	4	GLOBAL ARRAY			ACTIVE		ORDER ENTRY/RESULTS REPORTING	Order Entry Results Reporting
1019	ORWSR SHOW OPTOP WHEN SIGNING	SHOWOPTP	ORWSR	1	SINGLE VALUE			ACTIVE		ORDER ENTRY/RESULTS REPORTING	Order Entry Results Reporting
102	IBD RETURN IMAGE ID	IMAGEID	IBDFBK1	1	SINGLE VALUE	P	1	INACTIVE		AUTOMATED INFO COLLECTION SYS	Automated Information Collection System
1020	ORWSR IS NON-OR PROCEDURE	ISNONOR	ORWSR	1	SINGLE VALUE			ACTIVE		ORDER ENTRY/RESULTS REPORTING	Order Entry Results Reporting
1021	ORQQCN GET PROC IEN	PROCIEN	ORQQCN1	1	SINGLE VALUE			ACTIVE		ORDER ENTRY/RESULTS REPORTING	Order Entry Results Reporting
1022	ORWRP3 EXPAND COLUMNS	LIST	ORWRP3	2	ARRAY	R		ACTIVE		ORDER ENTRY/RESULTS REPORTING	Order Entry Results Reporting
1023	ORWTPD DELDFLT	DELDFLT	ORWTPD	1	SINGLE VALUE			ACTIVE		ORDER ENTRY/RESULTS REPORTING	Order Entry Results Reporting
1024	ORWTPD GETDFLT	GETDFLT	ORWTPD	1	SINGLE VALUE			ACTIVE		ORDER ENTRY/RESULTS REPORTING	Order Entry Results Reporting
1025	ORWTPD SUINDV	SUINDV	ORWTPD	1	SINGLE VALUE			ACTIVE		ORDER ENTRY/RESULTS REPORTING	Order Entry Results Reporting
1026	ORWTPD RSDFLT	RSDFLT	ORWTPD	1	SINGLE VALUE			ACTIVE		ORDER ENTRY/RESULTS REPORTING	Order Entry Results Reporting
1027	ORWTPD SUDF	SUDF	ORWTPD	1	SINGLE VALUE			ACTIVE		ORDER ENTRY/RESULTS REPORTING	Order Entry Results Reporting
1028	ORWTPD ACTDF	ACTDF	ORWTPD	1	SINGLE VALUE			ACTIVE		ORDER ENTRY/RESULTS REPORTING	Order Entry Results Reporting
1029	ORWTPD GETSETS	GETSETS	ORWTPD	2	ARRAY			ACTIVE		ORDER ENTRY/RESULTS REPORTING	Order Entry Results Reporting
103	IBD ELAPSED TIME	ETIME	IBDFBK1	1	SINGLE VALUE	P	1	INACTIVE		AUTOMATED INFO COLLECTION SYS	Automated Information Collection System
1030	ORWRP PRINT V REPORT	PRINTV	ORWRPP1	1	SINGLE VALUE	S		ACTIVE		ORDER ENTRY/RESULTS REPORTING	Order Entry Results Reporting
1031	ORWCH SAVECOL	SAVECOL	ORWCH	1	SINGLE VALUE			ACTIVE		ORDER ENTRY/RESULTS REPORTING	Order Entry Results Reporting
1032	ORWRP2 COMPABV	COMPABV	ORWRP2	2	ARRAY	R		ACTIVE		ORDER ENTRY/RESULTS REPORTING	Order Entry Results Reporting
1033	ORWRP2 SAVLKUP	SAVLKUP	ORWRP2	1	SINGLE VALUE			ACTIVE		ORDER ENTRY/RESULTS REPORTING	Order Entry Results Reporting
1034	ORWRP2 GETLKUP	GETLKUP	ORWRP2	1	SINGLE VALUE			ACTIVE		ORDER ENTRY/RESULTS REPORTING	Order Entry Results Reporting
1035	ORWRP2 COMPDISP	COMPDISP	ORWRP2	2	ARRAY	R		ACTIVE		ORDER ENTRY/RESULTS REPORTING	Order Entry Results Reporting
1036	ORWPCE ISCLINIC	ISCLINIC	ORWPCE2	1	SINGLE VALUE	R		ACTIVE		ORDER ENTRY/RESULTS REPORTING	Order Entry Results Reporting
1037	ORWSR RPTLIST	RPTLIST	ORWSR	4	GLOBAL ARRAY			ACTIVE		ORDER ENTRY/RESULTS REPORTING	Order Entry Results Reporting
1038	ORQQPXRM MST UPDATE	MST	ORQQPXRM	1	SINGLE VALUE	R		ACTIVE		ORDER ENTRY/RESULTS REPORTING	Order Entry Results Reporting
1039	ORWMC PATIENT PROCEDURES1	PROD1	ORWMC	4	GLOBAL ARRAY	S		ACTIVE		ORDER ENTRY/RESULTS REPORTING	Order Entry Results Reporting
104	IBD STORE WORKSTATION ERROR	WSERR	IBDFBK1	1	SINGLE VALUE	P	1	INACTIVE		AUTOMATED INFO COLLECTION SYS	Automated Information Collection System
1040	ORWRA IMAGING EXAMS1	EXAMS1	ORWRA	4	GLOBAL ARRAY	S		ACTIVE		ORDER ENTRY/RESULTS REPORTING	Order Entry Results Reporting
1041	ORWRA REPORT TEXT1	RPT1	ORWRA	4	GLOBAL ARRAY	S		ACTIVE		ORDER ENTRY/RESULTS REPORTING	Order Entry Results Reporting
1042	XWB EXAMPLE TRAP PARAMS	ERRTRAP	XWBEXMPL	1	SINGLE VALUE	P		ACTIVE		RPC BROKER	RPC Broker
1043	IBARXM QUERY ONLY	RQUERY	IBARXMR	2	ARRAY	R	0	ACTIVE		INTEGRATED BILLING	Integrated Billing
1044	IBARXM TRANS DATA	TRANS	IBARXMR	1	SINGLE VALUE	R		ACTIVE		INTEGRATED BILLING	Integrated Billing
1045	DVBAB REPORT CHECKLIST	REPORT1	DVBAB9	2	ARRAY			ACTIVE		AUTOMATED MED INFO EXCHANGE	Automated Medical Information Exchange
1046	DVBAB CHECK CREDENTIALS	CHKCRED	DVBAB1	1	SINGLE VALUE			ACTIVE		AUTOMATED MED INFO EXCHANGE	Automated Medical Information Exchange
1047	DVBAB FIND EXAMS	FINDEXAM	DVBAB1	2	ARRAY	S		ACTIVE		AUTOMATED MED INFO EXCHANGE	Automated Medical Information Exchange
1048	DVBAB SEND MSG	MSG	DVBAB1	1	SINGLE VALUE	S		ACTIVE		AUTOMATED MED INFO EXCHANGE	Automated Medical Information Exchange
1049	DVBAB APPOINTMENT LIST	DPA	DVBAB1B	4	GLOBAL ARRAY			ACTIVE		AUTOMATED MED INFO EXCHANGE	Automated Medical Information Exchange
105	IBD STORE IMAGE NAME	IMAGENM	IBDFBK1	1	SINGLE VALUE	P	1	INACTIVE		AUTOMATED INFO COLLECTION SYS	Automated Information Collection System
1050	DVBAB REPORT LISTS	LIST	DVBAB1	2	ARRAY	S		ACTIVE		AUTOMATED MED INFO EXCHANGE	Automated Medical Information Exchange
1051	DVBAB PTINQ	PTINQ	DVBAB1	4	GLOBAL ARRAY			ACTIVE		AUTOMATED MED INFO EXCHANGE	Automated Medical Information Exchange
1052	DVBAB INCREASE EXAM COUNT	INCEXAM	DVBAB1	1	SINGLE VALUE	R		ACTIVE		AUTOMATED MED INFO EXCHANGE	Automated Medical Information Exchange
1053	DVBAB HEALTH SUMMARY TEXT	RPT	DVBAB1	4	GLOBAL ARRAY	S		ACTIVE		AUTOMATED MED INFO EXCHANGE	Automated Medical Information Exchange
1054	DVBAB 2507 PENDING REPORT	STRT	DVBAB6	4	GLOBAL ARRAY	S		ACTIVE		AUTOMATED MED INFO EXCHANGE	Automated Medical Information Exchange
1055	DVBAB INST LIST	INSTLIST	DVBAB1	4	GLOBAL ARRAY	S		ACTIVE		AUTOMATED MED INFO EXCHANGE	Automated Medical Information Exchange
1056	DVBAB DATETIME	DTTM	DVBAB1	1	SINGLE VALUE	S		ACTIVE		AUTOMATED MED INFO EXCHANGE	Automated Medical Information Exchange
1057	DVBAB AMIS REPORT	STRT	DVBAB3	2	ARRAY	R	0	ACTIVE		AUTOMATED MED INFO EXCHANGE	Automated Medical Information Exchange
1058	DVBAB SC VETERAN REPORT	EN	DVBAB4	2	ARRAY	S		ACTIVE		AUTOMATED MED INFO EXCHANGE	Automated Medical Information Exchange
1059	DVBAB PENDING C&P REPORT	STRT	DVBAB6	4	GLOBAL ARRAY	R		ACTIVE		AUTOMATED MED INFO EXCHANGE	Automated Medical Information Exchange
106	IBD GET ALL PCE DATA	GETALL	IBDFRPC5	2	ARRAY	P	1	INACTIVE		AUTOMATED INFO COLLECTION SYS	Automated Information Collection System
1060	DVBAB REPORT EXAM CHKLIST	STRT	DVBAB4	2	ARRAY	R		ACTIVE		AUTOMATED MED INFO EXCHANGE	Automated Medical Information Exchange
1061	DVBAB REPORT ADMINQ	ENBROKE2	DVBAADRP	4	GLOBAL ARRAY	R	0	ACTIVE		AUTOMATED MED INFO EXCHANGE	Automated Medical Information Exchange
1062	DVBAB REPORT INCOMPVET	STRT	DVBAB51	4	GLOBAL ARRAY	R	0	ACTIVE		AUTOMATED MED INFO EXCHANGE	Automated Medical Information Exchange
1063	DVBAB REPORT DISCHARGE	STRT	DVBAB53	4	GLOBAL ARRAY	R	0	ACTIVE		AUTOMATED MED INFO EXCHANGE	Automated Medical Information Exchange
1064	DVBAB REPORT READMIT	STRT	DVBAB56	4	GLOBAL ARRAY	R	0	ACTIVE		AUTOMATED MED INFO EXCHANGE	Automated Medical Information Exchange
1065	DVBAB REPORT ADMISSIONS	STRT	DVBAB54	4	GLOBAL ARRAY	R	0	ACTIVE		AUTOMATED MED INFO EXCHANGE	Automated Medical Information Exchange
1066	DVBAB REPORT PENDING7131	STRT	DVBAB57	4	GLOBAL ARRAY	R		ACTIVE		AUTOMATED MED INFO EXCHANGE	Automated Medical Information Exchange
1067	DVBAB REPORT CPDETAILS	STRT	DVBAB70	2	ARRAY	R		ACTIVE		AUTOMATED MED INFO EXCHANGE	Automated Medical Information Exchange
1068	DVBAB REPORT 7131INQ	STRT	DVBAB71	4	GLOBAL ARRAY	R		ACTIVE		AUTOMATED MED INFO EXCHANGE	Automated Medical Information Exchange
1069	DVBAB LABLIST	LABLIST	DVBAB1	4	GLOBAL ARRAY	R		ACTIVE		AUTOMATED MED INFO EXCHANGE	Automated Medical Information Exchange
107	IBD GET PAST APPT LIST	APPTLST	IBDFRPC5	2	ARRAY	P	1	INACTIVE		AUTOMATED INFO COLLECTION SYS	Automated Information Collection System
1070	DVBAB VERSION	VERSION	DVBAB1	1	SINGLE VALUE	R		ACTIVE		AUTOMATED MED INFO EXCHANGE	Automated Medical Information Exchange
1071	DVBAB DIVISION	DIVISION	DVBAB1	1	SINGLE VALUE	S		ACTIVE		AUTOMATED MED INFO EXCHANGE	Automated Medical Information Exchange
1072	EC GETDSSUNITUSRS	ECUSR	ECUMRPC	4	GLOBAL ARRAY	A		ACTIVE		EVENT CAPTURE	Event Capture
1073	EC GETECSCREEN	ECSCN	ECUMRPC	4	GLOBAL ARRAY	A		ACTIVE		EVENT CAPTURE	Event Capture
1074	EC GETPXREASON	ECPXRS	ECUMRPC	4	GLOBAL ARRAY	A		ACTIVE		EVENT CAPTURE	Event Capture
1075	EC GETECSDETAIL	ECSDTLS	ECUMRPC	1	SINGLE VALUE	A		ACTIVE		EVENT CAPTURE	Event Capture
1076	EC GETPATPROCS	PATPROC	ECUERPC	4	GLOBAL ARRAY	R		ACTIVE		EVENT CAPTURE	Event Capture
1077	EC GETSCNHELP	ECHELP	ECUURPC	4	GLOBAL ARRAY	P		ACTIVE		EVENT CAPTURE	Event Capture
1078	EC GETECLOC	ECLOC	ECUMRPC	4	GLOBAL ARRAY	A		ACTIVE		EVENT CAPTURE	Event Capture
1079	EC GETUSRDSSUNIT	USRUNT	ECUERPC	4	GLOBAL ARRAY	R		ACTIVE		EVENT CAPTURE	Event Capture
108	XWB EXAMPLE ECHO STRING	ECHOSTR	XWBEXMPL	1	SINGLE VALUE	R		ACTIVE		RPC BROKER	RPC Broker
1080	EC GETCPTLST	CPTFND	ECUMRPC2	4	GLOBAL ARRAY	S		ACTIVE		EVENT CAPTURE	Event Capture
1081	EC GETECSPROCS	PROC	ECUERPC	4	GLOBAL ARRAY	R		ACTIVE		EVENT CAPTURE	Event Capture
1082	EC GETECSCATS	CAT	ECUERPC	4	GLOBAL ARRAY	A		ACTIVE		EVENT CAPTURE	Event Capture
1083	EC GETBATPROCS	PROCBAT	ECUERPC1	4	GLOBAL ARRAY	R		ACTIVE		EVENT CAPTURE	Event Capture
1084	EC REPORTS	RPTEN	ECRRPC	4	GLOBAL ARRAY	R		ACTIVE		EVENT CAPTURE	Event Capture
1085	EC GETIEN	FNDIEN	ECUURPC	1	SINGLE VALUE	A		ACTIVE		EVENT CAPTURE	Event Capture
1086	EC GETPATINFO	PATINF	ECUERPC1	4	GLOBAL ARRAY	R		ACTIVE		EVENT CAPTURE	Event Capture
1087	EC GETPXMODIFIER	ECPXMOD	ECUERPC	4	GLOBAL ARRAY	A		ACTIVE		EVENT CAPTURE	Event Capture
1088	EC GETPROVIDER	PRVDER	ECUERPC	4	GLOBAL ARRAY	A		ACTIVE		EVENT CAPTURE	Event Capture
1089	EC GETNATPX	ECNATPX	ECUMRPC	4	GLOBAL ARRAY	A		ACTIVE		EVENT CAPTURE	Event Capture
109	XWB EXAMPLE GET LIST	GETLIST	XWBEXMPL	4	GLOBAL ARRAY	R		ACTIVE		RPC BROKER	RPC Broker
1090	EC VALIDATE SPREADSHEET DATA	IN	ECV1RPC	2	ARRAY	P		ACTIVE		EVENT CAPTURE	Event Capture
1091	EC GETPATELIG	ELIG	ECUERPC	4	GLOBAL ARRAY	A		ACTIVE		EVENT CAPTURE	Event Capture
1092	EC GETPATCLASTAT	PATCLAST	ECUERPC1	1	SINGLE VALUE	R		ACTIVE		EVENT CAPTURE	Event Capture
1093	EC GETENCDXS	ENCDXS	ECUERPC1	4	GLOBAL ARRAY	R		ACTIVE		EVENT CAPTURE	Event Capture
1094	EC GETDSSUNIT	DSSUNT	ECUMRPC1	4	GLOBAL ARRAY	A		ACTIVE		EVENT CAPTURE	Event Capture
1095	EC GETCAT	CAT	ECUMRPC1	4	GLOBAL ARRAY	A		ACTIVE		EVENT CAPTURE	Event Capture
1096	EC GETPXLST	PXFND	ECUMRPC2	4	GLOBAL ARRAY	A		ACTIVE		EVENT CAPTURE	Event Capture
1097	EC DSSCATCHECK	CATCHK	ECUMRPC1	1	SINGLE VALUE	R		ACTIVE		EVENT CAPTURE	Event Capture
1098	EC FILER	FILE	ECFLRPC	4	GLOBAL ARRAY	R		ACTIVE		EVENT CAPTURE	Event Capture
1099	EC GETLIST	SRCLST	ECUMRPC1	4	GLOBAL ARRAY	R		ACTIVE		EVENT CAPTURE	Event Capture
11	XUS SEND KEYS	SENDKEYS	XUSRB	2	ARRAY	R		ACTIVE		KERNEL	Kernel
110	XWB EXAMPLE WPTEXT	WPTEXT	XWBEXMPL	3	WORD PROCESSING	R		ACTIVE		RPC BROKER	RPC Broker
1100	EC GETDSSECS	DSSECS	ECUMRPC	4	GLOBAL ARRAY	R		ACTIVE		EVENT CAPTURE	Event Capture
1101	EC GETLOC	GLOC	ECUMRPC2	4	GLOBAL ARRAY	A		ACTIVE		EVENT CAPTURE	Event Capture
1102	EC GETPRODEFS	PRDEFS	ECUERPC	1	SINGLE VALUE	R		ACTIVE		EVENT CAPTURE	Event Capture
1103	EC GETDATE	ECDATE	ECUURPC	1	SINGLE VALUE	S		ACTIVE		EVENT CAPTURE	Event Capture
1104	EC CLASHELP	CLHLP	ECUERPC1	4	GLOBAL ARRAY	R		ACTIVE		EVENT CAPTURE	Event Capture
1105	VEJD TPA GET KIDS STATUS	KID	VEJDTP01	2	ARRAY	A		ACTIVE		VENDOR - DOCUMENT STORAGE SYS	Vendor - Document Storage Systems
1106	DSIV XPAR GET ALL FOR ENT	GET	DSIVXPR	2	ARRAY	A		ACTIVE		INSURANCE CAPTURE BUFFER	Insurance Capture Buffer
1107	DENTV ADA CODES QUICK	GET	DENTVRP2	4	GLOBAL ARRAY	A		ACTIVE		DENTAL	Dental
1108	DENTV ADD QL ENTRY	ADD	DENTVRP2	1	SINGLE VALUE	A		ACTIVE		DENTAL	Dental
1109	DENTV DD FIELD UPDATE	FILE	DENTVRP3	1	SINGLE VALUE	A		ACTIVE		DENTAL	Dental
111	XWB EXAMPLE SORT NUMBERS	SORTNUM	XWBEXMPL	2	ARRAY	R		ACTIVE		RPC BROKER	RPC Broker
1110	MAG FIELD VALIDATE	DVAL	MAGQBUT4	1	SINGLE VALUE	R	0	ACTIVE		IMAGING	Imaging
1111	MAG KEY VALIDATE	KVAL	MAGQBUT4	1	SINGLE VALUE	R	0	ACTIVE		IMAGING	Imaging
1112	DENTV DD GET DATA	GTD	DENTVRP3	2	ARRAY	A		ACTIVE		DENTAL	Dental
1113	DENTV DD GET/ADD RECORD	ADD	DENTVRP3	1	SINGLE VALUE	A		ACTIVE		DENTAL	Dental
1114	DENTV DD SECURITY KEY	KEY	DENTVRP3	1	SINGLE VALUE	A		ACTIVE		DENTAL	Dental
1115	DENTV DELETE HISTORY ENTRY	DELH	DENTVRHD	1	SINGLE VALUE	A		ACTIVE		DENTAL	Dental
1116	DENTV DELETE QL ENTRY	DEL	DENTVRP2	1	SINGLE VALUE	A		ACTIVE		DENTAL	Dental
1117	DENTV DENT HISTORY ENC	ENC	DENTVRH	2	ARRAY	A		ACTIVE		DENTAL	Dental
1118	DENTV DENTAL CLASSIFICATIONS	DC	DENTVRP1	2	ARRAY	A		ACTIVE		DENTAL	Dental
1119	DENTV EXCEL EXTRACT	EXCEL	DENTVRP9	4	GLOBAL ARRAY	A		ACTIVE		DENTAL	Dental
112	XUS KEY CHECK	OWNSKEY	XUSRB	2	ARRAY	P		ACTIVE	1	KERNEL	Kernel
1120	DENTV FILE ADMIN TIME	NON	DENTVRP4	1	SINGLE VALUE	A		ACTIVE		DENTAL	Dental
1121	DENTV FILE DATA	UPD	DENTVRF	2	ARRAY	A		ACTIVE			
1122	DENTV GET CATEG/CODES	CATC	DENTVRP1	4	GLOBAL ARRAY	A		ACTIVE		DENTAL	Dental
1123	DENTV GET CATEGORIES	CAT	DENTVRP1	2	ARRAY	A		ACTIVE		DENTAL	Dental
1124	DENTV GET CODE LIST	LIST	DENTVRP1	4	GLOBAL ARRAY	A		ACTIVE		DENTAL	Dental
1125	DENTV TOOTH HISTORY	TH	DENTVRH	4	GLOBAL ARRAY	A		ACTIVE		DENTAL	Dental
1126	MAGQ ADD RAID GROUP	ADDRG	MAGQBUT5	1	SINGLE VALUE	R		ACTIVE		IMAGING	Imaging
1127	DENTV DENTAL PROVIDER	PROV	DENTVRP1	1	SINGLE VALUE	A		ACTIVE		DENTAL	Dental
1128	YTAPI NEW ASI	ADDER	YTAPI8	2	ARRAY	S		ACTIVE		MENTAL HEALTH	Mental Health
1129	TIU FIELD CHECK	CHKFLD	TIUSRVF1	2	ARRAY	R		ACTIVE		TEXT INTEGRATION UTILITIES	Text Integration Utility
113	XUS CVC	CVC	XUSRB	2	ARRAY	R		ACTIVE		KERNEL	Kernel
1130	TIU FIELD LIST ADD	XFLDLD	TIUSRVF1	2	ARRAY	R		ACTIVE	1	TEXT INTEGRATION UTILITIES	Text Integration Utility
1131	TIU FIELD LIST IMPORT	LIMPORT	TIUSRVF1	2	ARRAY			ACTIVE		TEXT INTEGRATION UTILITIES	Text Integration Utility
1132	TIU SET DOCUMENT TEXT	SETTEXT	TIUSRVPT	1	SINGLE VALUE	S		ACTIVE		TEXT INTEGRATION UTILITIES	Text Integration Utility
1133	TIU SET ADMINISTRATIVE CLOSURE	ADMNCLOS	TIUSRVPT	1	SINGLE VALUE	S		ACTIVE		TEXT INTEGRATION UTILITIES	Text Integration Utility
1134	IBARXM TRANS BILL	BILL	IBARXMR	1	SINGLE VALUE	R		ACTIVE		INTEGRATED BILLING	Integrated Billing
1135	ORWPCE HNCOK	HNCOK	ORWPCE2	1	SINGLE VALUE	R		ACTIVE		ORDER ENTRY/RESULTS REPORTING	Order Entry Results Reporting
1136	ORWORB KILL UNVER ORDERS ALERT	KILUNVOR	ORWORB	1	SINGLE VALUE			ACTIVE		ORDER ENTRY/RESULTS REPORTING	Order Entry Results Reporting
1137	ORWORB KILL UNVER MEDS ALERT	KILUNVMD	ORWORB	1	SINGLE VALUE			ACTIVE		ORDER ENTRY/RESULTS REPORTING	Order Entry Results Reporting
1138	ORWPS MEDHIST	MEDHIST	ORWPS	4	GLOBAL ARRAY			ACTIVE		ORDER ENTRY/RESULTS REPORTING	Order Entry Results Reporting
1139	ORWDPS4 CPLST	CPLST	ORWDPS4	2	ARRAY			ACTIVE		ORDER ENTRY/RESULTS REPORTING	Order Entry Results Reporting
114	XUS AV HELP	AVHELP	XUSRB	2	ARRAY	R		ACTIVE		KERNEL	Kernel
1140	ORWDPS4 CPINFO	CPINFO	ORWDPS4	1	SINGLE VALUE			ACTIVE		ORDER ENTRY/RESULTS REPORTING	Order Entry Results Reporting
1141	ORWDPS2 CHKPI	CHKPI	ORWDPS2	1	SINGLE VALUE			ACTIVE		ORDER ENTRY/RESULTS REPORTING	Order Entry Results Reporting
1142	ORWDXR GTORITM	GTORITM	ORWDXR	1	SINGLE VALUE			ACTIVE		ORDER ENTRY/RESULTS REPORTING	Order Entry Results Reporting
1143	ORWDPS2 CHKGRP	CHKGRP	ORWDPS2	1	SINGLE VALUE			ACTIVE		ORDER ENTRY/RESULTS REPORTING	Order Entry Results Reporting
1144	VAFC REMOTE PDAT	PDAT	VAFCRPC	2	ARRAY	P	0	ACTIVE	1	REGISTRATION	Registration
1145	ORWDPS2 QOGRP	QOGRP	ORWDPS2	1	SINGLE VALUE			ACTIVE		ORDER ENTRY/RESULTS REPORTING	Order Entry Results Reporting
1146	ORWDXR GETPKG	GETPKG	ORWDXR	1	SINGLE VALUE			ACTIVE		ORDER ENTRY/RESULTS REPORTING	Order Entry Results Reporting
1147	MAGJ PTRADEXAMS	PTLIST	MAGJLST1	4	GLOBAL ARRAY	R		ACTIVE		IMAGING	Imaging
1148	MAGJ ROUTE ENABLE	RTENA	MAGJRT	1	SINGLE VALUE	R		ACTIVE		IMAGING	Imaging
1149	MAGJ ROUTE REQUEST	RTREQ	MAGJRT	4	GLOBAL ARRAY	R		ACTIVE		IMAGING	Imaging
115	SDOE GET DIAGNOSES	GETDX	SDOERPC	2	ARRAY	P		ACTIVE		SCHEDULING	Scheduling
1150	MAGJ ROUTE EXAMS	RTEXAM	MAGJRT	4	GLOBAL ARRAY	R		ACTIVE		IMAGING	Imaging
1151	MAGQ ALL SERVER	ALLSERV	MAGQBUT1	2	ARRAY	R		ACTIVE		IMAGING	Imaging
1152	MAG4 POST PROCESSING	ACTION	MAGGSPP	2	ARRAY	R		ACTIVE		IMAGING	Imaging
1153	MAG4 VERSION CHECK	CHKVER	MAGGTU4	2	ARRAY	R		ACTIVE		IMAGING	Imaging
1154	MAGJ RADACTIVEEXAMS	ACTIVE	MAGJLS2	4	GLOBAL ARRAY	R		ACTIVE		IMAGING	Imaging
1155	MAGJ RADCASEIMAGES	OPENCASE	MAGJEX1	4	GLOBAL ARRAY	R		ACTIVE		IMAGING	Imaging
1156	MAGJ PRIOREXAMS	PRIOR1	MAGJEX2	2	ARRAY	R		ACTIVE		IMAGING	Imaging
1157	MAGJ RADSTATUSUPDATE	STATUS	MAGJUPD1	4	GLOBAL ARRAY	R		ACTIVE		IMAGING	Imaging
1158	MAGJ RADORDERDISP	ORD	MAGJRPT	4	GLOBAL ARRAY	R		ACTIVE		IMAGING	Imaging
1159	MAGJ CACHELOCATION	CACHEQ	MAGJUTL3	4	GLOBAL ARRAY	R		ACTIVE		IMAGING	Imaging
116	SDOE GET PROVIDERS	GETPRV	SDOERPC	2	ARRAY	P		ACTIVE		SCHEDULING	Scheduling
1160	MAGJ CUSTOM LISTS	LISTINF	MAGJUTL3	4	GLOBAL ARRAY	R		ACTIVE		IMAGING	Imaging
1161	MAGJ PT ALL EXAMS	PTLSTALL	MAGJLST1	4	GLOBAL ARRAY	R		ACTIVE		IMAGING	Imaging
1162	MAGJ EXAM REPORT	RADRPT	MAGJRPT	4	GLOBAL ARRAY	R		ACTIVE		IMAGING	Imaging
1163	MAGJ PT INFO	PINF1	MAGJUTL3	1	SINGLE VALUE	R		ACTIVE		IMAGING	Imaging
1164	MAG4 VALIDATE DATA	VAL	MAGGSIV	2	ARRAY	R		ACTIVE	1	IMAGING	Imaging
1165	MAG4 REMOTE IMPORT	REMOTE	MAGGSIUI	2	ARRAY	R		ACTIVE		IMAGING	Imaging
1166	MAG4 DATA FROM IMPORT QUEUE	GETARR	MAGGSIUI	2	ARRAY	R		ACTIVE		IMAGING	Imaging
1167	MAG4 ADD IMAGE	ADD	MAGGSIA	2	ARRAY	R		ACTIVE		IMAGING	Imaging
1168	MAG4 STATUS CALLBACK	STATUSCB	MAGGSIUI	1	SINGLE VALUE	R		ACTIVE	.9	IMAGING	Imaging
1169	MAG4 CP CONSULT TO TIUDA	TIUDA	MAGGSCP	2	ARRAY	R		ACTIVE		IMAGING	Imaging
117	SDOE GET PROCEDURES	GETCPT	SDOERPC	2	ARRAY	P		ACTIVE		SCHEDULING	Scheduling
1170	MAG4 CP GET REQUESTS	LIST	MAGGSCP	2	ARRAY	R		ACTIVE		IMAGING	Imaging
1171	MAG4 CP GET VISITS	VISITS	MAGGSCP	2	ARRAY	R		ACTIVE		IMAGING	Imaging
1172	MAG4 GET SUPPORTED EXTENSIONS	LIST	MAGGSFT	2	ARRAY	R		ACTIVE		IMAGING	Imaging
1173	MAG4 CP UPDATE CONSULT	UPDCONS	MAGGSCP	1	SINGLE VALUE	R		ACTIVE		IMAGING	Imaging
1174	ORBCMA5 GETUD	GETUD	ORBCMA5	1	SINGLE VALUE			ACTIVE		ORDER ENTRY/RESULTS REPORTING	Order Entry Results Reporting
1175	ORBCMA5 GETUDID	GETUDID	ORBCMA5	1	SINGLE VALUE			ACTIVE		ORDER ENTRY/RESULTS REPORTING	Order Entry Results Reporting
1176	ORBCMA5 GETIVID	GETIVID	ORBCMA5	1	SINGLE VALUE			ACTIVE		ORDER ENTRY/RESULTS REPORTING	Order Entry Results Reporting
1177	ORBCMA5 ODITMBC	ODITMBC	ORBCMA5	2	ARRAY			ACTIVE		ORDER ENTRY/RESULTS REPORTING	Order Entry Results Reporting
1178	ORWUBCMA USERINFO	USERINFO	ORWUBCMA	1	SINGLE VALUE			ACTIVE		ORDER ENTRY/RESULTS REPORTING	Order Entry Results Reporting
1179	ORBCMA32 DLGSLCT	DLGSLCT	ORBCMA32	2	ARRAY			ACTIVE		ORDER ENTRY/RESULTS REPORTING	Order Entry Results Reporting
118	SDOE ASSIGNED A PROVIDER	PRV	SDOERPC	1	SINGLE VALUE	P		ACTIVE		SCHEDULING	Scheduling
1180	ORBCMA1 ODSLCT	ODSLCT	ORBCMA1	2	ARRAY			ACTIVE		ORDER ENTRY/RESULTS REPORTING	Order Entry Results Reporting
1181	ORBCMA1 CHK94	CHK94	ORBCMA1	1	SINGLE VALUE			ACTIVE		ORDER ENTRY/RESULTS REPORTING	Order Entry Results Reporting
1182	ORBCMA1 FAILDEA	FAILDEA	ORBCMA1	1	SINGLE VALUE			ACTIVE		ORDER ENTRY/RESULTS REPORTING	Order Entry Results Reporting
1183	ORBCMA1 FORMALT	FORMALT	ORBCMA1	2	ARRAY			ACTIVE		ORDER ENTRY/RESULTS REPORTING	Order Entry Results Reporting
1184	ORBCMA1 DOSEALT	DOSEALT	ORBCMA1	2	ARRAY			ACTIVE		ORDER ENTRY/RESULTS REPORTING	Order Entry Results Reporting
1185	ORBCMA1 SCHALL	SCHALL	ORBCMA1	2	ARRAY			ACTIVE		ORDER ENTRY/RESULTS REPORTING	Order Entry Results Reporting
1186	ORBCMA32 AUTH	AUTH	ORBCMA32	1	SINGLE VALUE			ACTIVE		ORDER ENTRY/RESULTS REPORTING	Order Entry Results Reporting
1187	ORBCMA32 DRUGMSG	DRUGMSG	ORBCMA32	1	SINGLE VALUE			ACTIVE		ORDER ENTRY/RESULTS REPORTING	Order Entry Results Reporting
1188	ORBCMA32 FORMALT	FORMALT	ORBCMA32	2	ARRAY			ACTIVE		ORDER ENTRY/RESULTS REPORTING	Order Entry Results Reporting
1189	ORBCMA32 VALROUTE	VALROUTE	ORBCMA32	1	SINGLE VALUE			ACTIVE		ORDER ENTRY/RESULTS REPORTING	Order Entry Results Reporting
119	SDOE ASSIGNED A DIAGNOSIS	DX	SDOERPC	1	SINGLE VALUE	P		ACTIVE		SCHEDULING	Scheduling
1190	ORBCMA32 ISSPLY	ISSPLY	ORBCMA32	1	SINGLE VALUE			ACTIVE		ORDER ENTRY/RESULTS REPORTING	Order Entry Results Reporting
1191	ORBCMA32 IVAMT	IVAMT	ORBCMA32	1	SINGLE VALUE			ACTIVE		ORDER ENTRY/RESULTS REPORTING	Order Entry Results Reporting
1192	ORBCMA32 VALRATE	VALRATE	ORBCMA32	1	SINGLE VALUE			ACTIVE		ORDER ENTRY/RESULTS REPORTING	Order Entry Results Reporting
1193	ORBCMA32 VALSCH	VALSCH	ORBCMA32	1	SINGLE VALUE			ACTIVE		ORDER ENTRY/RESULTS REPORTING	Order Entry Results Reporting
1194	ORQPT MAKE RPL	RPLMAKE	ORQPTQ11	1	SINGLE VALUE	S		ACTIVE		ORDER ENTRY/RESULTS REPORTING	Order Entry Results Reporting
1195	ORQPT READ RPL	RPLREAD	ORQPTQ11	2	ARRAY			ACTIVE		ORDER ENTRY/RESULTS REPORTING	Order Entry Results Reporting
1196	ORQPT KILL RPL	RPLCLEAN	ORQPTQ11	1	SINGLE VALUE	S		ACTIVE		ORDER ENTRY/RESULTS REPORTING	Order Entry Results Reporting
1197	ORWDPS1 LOCPICK	LOCPICK	ORWDPS1	1	SINGLE VALUE			ACTIVE		ORDER ENTRY/RESULTS REPORTING	Order Entry Results Reporting
1198	ORWTIU GET SAVED CP FIELDS	GETCP	ORWTIU	1	SINGLE VALUE			ACTIVE		ORDER ENTRY/RESULTS REPORTING	Order Entry Results Reporting
1199	ORWOR PKIUSE	PKIUSE	ORWOR	1	SINGLE VALUE			ACTIVE		ORDER ENTRY/RESULTS REPORTING	Order Entry Results Reporting
12	XUS AV CODE	VALIDAV	XUSRB	2	ARRAY	R		ACTIVE	1	KERNEL	Kernel
120	SDOE ASSIGNED A PROCEDURE	CPT	SDOERPC	1	SINGLE VALUE	P		ACTIVE		SCHEDULING	Scheduling
1200	ORWPT LAST5 RPL	LAST5RPL	ORWPT	2	ARRAY			ACTIVE		ORDER ENTRY/RESULTS REPORTING	Order Entry Results Reporting
1201	ORWPT FULLSSN RPL	FSSNRPL	ORWPT	2	ARRAY			ACTIVE		ORDER ENTRY/RESULTS REPORTING	Order Entry Results Reporting
1202	ORWOR1 CHKDIG	CHKDIG	ORWOR1	1	SINGLE VALUE			ACTIVE		ORDER ENTRY/RESULTS REPORTING	Order Entry Results Reporting
1203	ORWOR1 GETDTEXT	GETDTEXT	ORWOR1	2	ARRAY			ACTIVE		ORDER ENTRY/RESULTS REPORTING	Order Entry Results Reporting
1204	ORWOR1 GETDSIG	GETDSIG	ORWOR1	1	SINGLE VALUE			ACTIVE		ORDER ENTRY/RESULTS REPORTING	Order Entry Results Reporting
1205	ORWOR1 SIG	SIG	ORWOR1	1	SINGLE VALUE			ACTIVE		ORDER ENTRY/RESULTS REPORTING	Order Entry Results Reporting
1206	ORWCIRN RESTRICT	RESTRICT	ORWCIRN	2	ARRAY			ACTIVE		ORDER ENTRY/RESULTS REPORTING	Order Entry Results Reporting
1207	ORWTPD GETIMG	GETIMG	ORWTPD	1	SINGLE VALUE			ACTIVE		ORDER ENTRY/RESULTS REPORTING	Order Entry Results Reporting
1208	TIU IS THIS A CLINPROC?	ISCP	TIUCP	1	SINGLE VALUE	S		ACTIVE		TEXT INTEGRATION UTILITIES	Text Integration Utility
1209	TIU IDENTIFY CLINPROC CLASS	CPCLASS	TIUCP	1	SINGLE VALUE	S		ACTIVE		TEXT INTEGRATION UTILITIES	Text Integration Utility
121	SDOE FIND PROVIDER	FINDPRV	SDOERPC	1	SINGLE VALUE	P		ACTIVE		SCHEDULING	Scheduling
1210	TIU LONG LIST CLINPROC TITLES	LNGCP	TIUCP	2	ARRAY	S		ACTIVE		TEXT INTEGRATION UTILITIES	Text Integration Utility
1211	ORWORB TEXT FOLLOWUP	TXTFUP	ORWORB	4	GLOBAL ARRAY	S		ACTIVE		ORDER ENTRY/RESULTS REPORTING	Order Entry Results Reporting
1212	IBARXM QUERY SUPPRESS USER	RQUERY	IBARXMR	2	ARRAY	R	0	ACTIVE		INTEGRATED BILLING	Integrated Billing
1213	XQAL GUI ALERTS	ENTRY	XQALGUI	4	GLOBAL ARRAY			ACTIVE		KERNEL	Kernel
1214	DGWPT DFLTSRC	DFLTSRC	DGWPT	1	SINGLE VALUE			ACTIVE		REGISTRATION	Registration
1215	DGWPT TOP	TOP	DGWPT	2	ARRAY			ACTIVE		REGISTRATION	Registration
1216	DGWPT SELCHK	SELCHK	DGWPT	1	SINGLE VALUE			ACTIVE		REGISTRATION	Registration
1217	DGWPT SAVDFLT	SAVDFLT	DGWPT	1	SINGLE VALUE			ACTIVE		REGISTRATION	Registration
1218	DGWPT CLINRNG	CLINRNG	DGWPT	2	ARRAY			ACTIVE		REGISTRATION	Registration
1219	DGWPT BYWARD	BYWARD	DGWPT	2	ARRAY			ACTIVE		REGISTRATION	Registration
122	SDOE FIND DIAGNOSIS	FINDDX	SDOERPC	1	SINGLE VALUE	P		ACTIVE		SCHEDULING	Scheduling
1220	DGWPT DIEDON	DIEDON	DGWPT	1	SINGLE VALUE			ACTIVE		REGISTRATION	Registration
1221	DGWPT1 PRCARE	PRCARE	DGWPT1	1	SINGLE VALUE			ACTIVE		REGISTRATION	Registration
1222	DGWPT SELECT	SELECT	DGWPT	1	SINGLE VALUE			ACTIVE		REGISTRATION	Registration
1223	YTRP INSTRUMENT REPORT	INTRMNT	YTRPWRP	4	GLOBAL ARRAY	P		ACTIVE		MENTAL HEALTH	Mental Health
1224	YTAPI QUEST	QUEST	YTAPI6	2	ARRAY	R	1	INACTIVE		MENTAL HEALTH	Mental Health
1225	YTAPI PRIVLEGE	PRIVL	YTAPI5	2	ARRAY	S	1	INACTIVE		MENTAL HEALTH	Mental Health
1226	YTAPI SAVE INCOMPLETES	SAVEINC	YTAPI7	2	ARRAY	S	1	INACTIVE		MENTAL HEALTH	Mental Health
1227	YTAPI GET INCOMPLETE	GETINC	YTAPI7	2	ARRAY	S	1	INACTIVE		MENTAL HEALTH	Mental Health
1228	YTAPI LIST INCOMPLETES	LISTINC	YTAPI7	2	ARRAY	S	1	INACTIVE		MENTAL HEALTH	Mental Health
1229	YTAPI NEW GAF	ENT	YSGAFAP1	2	ARRAY	S	1	INACTIVE		MENTAL HEALTH	Mental Health
123	SDOE FIND PROCEDURE	FINDCPT	SDOERPC	1	SINGLE VALUE	P		ACTIVE		SCHEDULING	Scheduling
1230	YTAPI ASI LISTER	LISTASI	YTAPI8	2	ARRAY	S		ACTIVE		MENTAL HEALTH	Mental Health
1231	YTAPI GET ASI RESPONSES	GETASI	YTAPI8	2	ARRAY	S		ACTIVE		MENTAL HEALTH	Mental Health
1232	YSRP ASI NARRATIVE	ASINAR	YSASRPWP	4	GLOBAL ARRAY	P		ACTIVE		MENTAL HEALTH	Mental Health
1233	YSRP ASI ITEM	ASIITM	YSASRPWP	4	GLOBAL ARRAY			ACTIVE		MENTAL HEALTH	Mental Health
1234	YTAPI ASI SIGNER	SIGN	YTAPI8	2	ARRAY	S		ACTIVE		MENTAL HEALTH	Mental Health
1235	YTAPI TEST BULLETIN	SNDBUL	YTAPI9	2	ARRAY	S	1	INACTIVE		MENTAL HEALTH	Mental Health
1236	YTAPI CLERK RESPONSES	CLERK	YTAPI9	2	ARRAY	S	1	INACTIVE		MENTAL HEALTH	Mental Health
1237	YTAPI ASI SAVE DATA	SAVASI	YTAPI9	2	ARRAY	S		ACTIVE		MENTAL HEALTH	Mental Health
1238	YTAPI ASI PNOTE	ASIPN	YTAPI9	2	ARRAY	S		ACTIVE		MENTAL HEALTH	Mental Health
1239	YTAPI TEST BATTERY	BATT	YTAPI9	2	ARRAY	S	1	INACTIVE		MENTAL HEALTH	Mental Health
124	SDOE FIND FIRST STANDALONE	EXAE	SDOERPC	1	SINGLE VALUE	P		ACTIVE		SCHEDULING	Scheduling
1240	YTAPI SAVE TEST COMMENT	ADDCOMM	YTRPEXT	2	ARRAY		1	INACTIVE		MENTAL HEALTH	Mental Health
1241	YTAPI ASI FACTORS	EN	YSASFS	2	ARRAY	S		ACTIVE		MENTAL HEALTH	Mental Health
1242	GMV CONVERT DATE	GETDT	GMVGETQ	1	SINGLE VALUE	S	0	ACTIVE		GEN. MED. REC. - VITALS	General Medical Record - Vitals
1243	GMV ADD VM	EN1	GMVDCSAV	1	SINGLE VALUE	S	0	ACTIVE		GEN. MED. REC. - VITALS	General Medical Record - Vitals
1244	GMV EXTRACT REC	GETVM	GMVGETD	4	GLOBAL ARRAY	S	0	ACTIVE		GEN. MED. REC. - VITALS	General Medical Record - Vitals
1245	GMV WARD LOCATION	WARDLOC	GMVGETD	4	GLOBAL ARRAY	R	0	ACTIVE		GEN. MED. REC. - VITALS	General Medical Record - Vitals
1246	GMV WARD PT	WARDPT	GMVGETD	4	GLOBAL ARRAY	R	0	ACTIVE		GEN. MED. REC. - VITALS	General Medical Record - Vitals
1247	GMV MARK ERROR	ERROR	GMVUTL1	1	SINGLE VALUE	S	0	ACTIVE		GEN. MED. REC. - VITALS	General Medical Record - Vitals
1248	GMV PT GRAPH	EN1	GMVSR0	1	SINGLE VALUE	R	0	ACTIVE		GEN. MED. REC. - VITALS	General Medical Record - Vitals
1249	GMV V/M ALLDATA	VMDATA	GMVGGR1	4	GLOBAL ARRAY	S	0	ACTIVE		GEN. MED. REC. - VITALS	General Medical Record - Vitals
125	SDOE GET PRIMARY DIAGNOSIS	GETPDX	SDOERPC	1	SINGLE VALUE	P		ACTIVE		SCHEDULING	Scheduling
1250	GMV TEAM PATIENTS	TEAMPT	GMVUTL3	2	ARRAY	R	0	ACTIVE		GEN. MED. REC. - VITALS	General Medical Record - Vitals
1251	GMV ALLERGY	ALLERGY	GMVUTL3	2	ARRAY	S	0	ACTIVE		GEN. MED. REC. - VITALS	General Medical Record - Vitals
1252	GMV CLINIC PT	CLINPTS	GMVCLIN	2	ARRAY	R	0	ACTIVE		GEN. MED. REC. - VITALS	General Medical Record - Vitals
1253	GMV VITALS/CAT/QUAL	GETVITAL	GMVUTL7	2	ARRAY	S	0	ACTIVE		GEN. MED. REC. - VITALS	General Medical Record - Vitals
1254	GMV PTSELECT	RPC	GMVRPCP	4	GLOBAL ARRAY	R	0	ACTIVE		GEN. MED. REC. - VITALS	General Medical Record - Vitals
1255	GMV LATEST VM	GETLAT	GMVGETD	4	GLOBAL ARRAY	S	0	ACTIVE		GEN. MED. REC. - VITALS	General Medical Record - Vitals
1256	GMV ROOM/BED	ROOMBED	GMVGETD	4	GLOBAL ARRAY	R	0	ACTIVE		GEN. MED. REC. - VITALS	General Medical Record - Vitals
1257	GMV CUMULATIVE REPORT	EN1	GMVSC0	1	SINGLE VALUE	R	0	ACTIVE		GEN. MED. REC. - VITALS	General Medical Record - Vitals
1258	GMV LATEST VITALS BY LOCATION	EN1	GMVDS1	1	SINGLE VALUE	R	0	ACTIVE		GEN. MED. REC. - VITALS	General Medical Record - Vitals
1259	GMV LATEST VITALS FOR PATIENT	EN1	GMVDS1	1	SINGLE VALUE	R	0	ACTIVE		GEN. MED. REC. - VITALS	General Medical Record - Vitals
126	SDOE FIND FIRST ENCOUNTER	EXOE	SDOERPC	1	SINGLE VALUE	P		ACTIVE		SCHEDULING	Scheduling
1260	GMV ENTERED IN ERROR-PATIENT	EN1	GMVER0	1	SINGLE VALUE	R	0	ACTIVE		GEN. MED. REC. - VITALS	General Medical Record - Vitals
1261	GMV QUALIFIER TABLE	EN1	GMVCAQU	4	GLOBAL ARRAY	R	0	ACTIVE		GEN. MED. REC. - VITALS	General Medical Record - Vitals
1262	GMV MANAGER	RPC	GMVRPCM	4	GLOBAL ARRAY	S	0	ACTIVE		GEN. MED. REC. - VITALS	General Medical Record - Vitals
1263	GMV WARD/ROOM PATIENTS	ROOMPT	GMVUTL7	2	ARRAY	R	0	ACTIVE		GEN. MED. REC. - VITALS	General Medical Record - Vitals
1264	GMV GET CURRENT TIME	TIME	GMVUTL7	1	SINGLE VALUE	S	0	ACTIVE		GEN. MED. REC. - VITALS	General Medical Record - Vitals
1265	GMV USER	RPC	GMVRPCU	4	GLOBAL ARRAY	S	0	ACTIVE		GEN. MED. REC. - VITALS	General Medical Record - Vitals
1266	GMV NUR UNIT PT	APTLIST	GMVUTL8	2	ARRAY	R	0	ACTIVE		GEN. MED. REC. - VITALS	General Medical Record - Vitals
1267	GMV CHECK DEVICE	CHKDEV	GMVUTL2	2	ARRAY	R	0	ACTIVE		GEN. MED. REC. - VITALS	General Medical Record - Vitals
1268	GMV PARAMETER	RPC	GMVPAR	4	GLOBAL ARRAY	S	0	ACTIVE		GEN. MED. REC. - VITALS	General Medical Record - Vitals
1269	RG REMOTE HL7 TASK	TASK	RGMTRUN	2	ARRAY	P	0	ACTIVE	1	CLINICAL INFO RESOURCE NETWORK	Clinical Information Resource Network
127	SDOE FIND LAST STANDALONE	GETLAST	SDOERPC	1	SINGLE VALUE	P		ACTIVE		SCHEDULING	Scheduling
1270	RG REM ACTIVITY	EN	RGACTIV	2	ARRAY	P		ACTIVE	1	CLINICAL INFO RESOURCE NETWORK	Clinical Information Resource Network
1271	PSB GETORDERTAB	RPC	PSBVDLTB	4	GLOBAL ARRAY	P		ACTIVE	3	BAR CODE MED ADMIN	Barcode Medication Administration
1272	PSB WARDLIST	WLIST	PSBPARIV	4	GLOBAL ARRAY	P		ACTIVE	2	BAR CODE MED ADMIN	Barcode Medication Administration
1273	PSB GETIVPAR	GETPAR	PSBPARIV	4	GLOBAL ARRAY	P		ACTIVE	2	BAR CODE MED ADMIN	Barcode Medication Administration
1274	PSB DEVICE	DEVICE	PSBRPC1	2	ARRAY			ACTIVE	2	BAR CODE MED ADMIN	Barcode Medication Administration
1275	PSB PUTIVPAR	PUTPAR	PSBPARIV	4	GLOBAL ARRAY	P		ACTIVE	2	BAR CODE MED ADMIN	Barcode Medication Administration
1276	PSB IV ORDER HISTORY	GETOHIST	PSBRPC2	4	GLOBAL ARRAY	P		ACTIVE	2	BAR CODE MED ADMIN	Barcode Medication Administration
1277	PSB BAG DETAIL	BAGDTL	PSBRPC2	2	ARRAY	P		ACTIVE	2	BAR CODE MED ADMIN	Barcode Medication Administration
1278	PSB ALLERGY	ALLR	PSBALL	2	ARRAY	P		ACTIVE	2	BAR CODE MED ADMIN	Barcode Medication Administration
1279	PSB GETPROVIDER	PROVLST	PSBRPCMO	2	ARRAY	P		ACTIVE	2	BAR CODE MED ADMIN	Barcode Medication Administration
128	SDOE GET GENERAL DATA	GETGEN	SDOERPC	2	ARRAY	P		ACTIVE		SCHEDULING	Scheduling
1280	PSB MOB DRUG LIST	OILST	PSBRPCMO	2	ARRAY	P		ACTIVE	2	BAR CODE MED ADMIN	Barcode Medication Administration
1281	PSB CPRS ORDER	ORDER	PSBRPCMO	2	ARRAY	P		ACTIVE	2	BAR CODE MED ADMIN	Barcode Medication Administration
1282	PSB NURS WARDLIST	NWLIST	PSBRPC	2	ARRAY	P		ACTIVE	2	BAR CODE MED ADMIN	Barcode Medication Administration
1283	PSB MAXDAYS	MAX	PSBRPC	2	ARRAY	P		ACTIVE	2	BAR CODE MED ADMIN	Barcode Medication Administration
1284	ORWOR RESULT HISTORY	RESHIST	ORWOR	4	GLOBAL ARRAY	S		ACTIVE		ORDER ENTRY/RESULTS REPORTING	Order Entry Results Reporting
1285	ORWCIRN CHECKLINK	CHKLNK	ORWCIRN	1	SINGLE VALUE			ACTIVE		ORDER ENTRY/RESULTS REPORTING	Order Entry Results Reporting
1286	OREVNTX PAT	PAT	OREVNTX	2	ARRAY			ACTIVE		ORDER ENTRY/RESULTS REPORTING	Order Entry Results Reporting
1287	OREVNTX ACTIVE	ACTIVE	OREVNTX	2	ARRAY			ACTIVE		ORDER ENTRY/RESULTS REPORTING	Order Entry Results Reporting
1288	OREVNTX1 PUTEVNT	PUTEVNT	OREVNTX1	1	SINGLE VALUE			ACTIVE		ORDER ENTRY/RESULTS REPORTING	Order Entry Results Reporting
1289	OREVNTX1 GTEVT	GTEVT	OREVNTX1	1	SINGLE VALUE			ACTIVE		ORDER ENTRY/RESULTS REPORTING	Order Entry Results Reporting
129	SDOE PARSE GENERAL DATA	PARSE	SDOERPC	2	ARRAY	P		ACTIVE		SCHEDULING	Scheduling
1290	OREVNTX1 WRLSTED	WRLSTED	OREVNTX1	2	ARRAY			ACTIVE		ORDER ENTRY/RESULTS REPORTING	Order Entry Results Reporting
1291	OREVNTX1 EVT	EVT	OREVNTX1	1	SINGLE VALUE			ACTIVE		ORDER ENTRY/RESULTS REPORTING	Order Entry Results Reporting
1292	OREVNTX1 EXISTS	EXISTS	OREVNTX1	1	SINGLE VALUE			ACTIVE		ORDER ENTRY/RESULTS REPORTING	Order Entry Results Reporting
1293	OREVNTX1 NAME	NAME	OREVNTX1	1	SINGLE VALUE			ACTIVE		ORDER ENTRY/RESULTS REPORTING	Order Entry Results Reporting
1294	OREVNTX1 MATCH	MATCH	OREVNTX1	1	SINGLE VALUE			ACTIVE		ORDER ENTRY/RESULTS REPORTING	Order Entry Results Reporting
1295	OREVNTX1 GTEVT1	GTEVT1	OREVNTX1	1	SINGLE VALUE			ACTIVE		ORDER ENTRY/RESULTS REPORTING	Order Entry Results Reporting
1296	OREVNTX1 DIV	DIV	OREVNTX1	1	SINGLE VALUE			ACTIVE		ORDER ENTRY/RESULTS REPORTING	Order Entry Results Reporting
1297	OREVNTX1 DIV1	DIV1	OREVNTX1	1	SINGLE VALUE			ACTIVE		ORDER ENTRY/RESULTS REPORTING	Order Entry Results Reporting
1298	OREVNTX1 LOC	LOC	OREVNTX1	1	SINGLE VALUE			ACTIVE		ORDER ENTRY/RESULTS REPORTING	Order Entry Results Reporting
1299	OREVNTX1 LOC1	LOC1	OREVNTX1	1	SINGLE VALUE			ACTIVE		ORDER ENTRY/RESULTS REPORTING	Order Entry Results Reporting
13	XUS INTRO MSG	INTRO	XUSRB	3	WORD PROCESSING	R		ACTIVE		KERNEL	Kernel
130	SDOE GET ZERO NODE	GETOE	SDOERPC	1	SINGLE VALUE	P		ACTIVE		SCHEDULING	Scheduling
1300	OREVNTX1 CHGEVT	CHGEVT	OREVNTX1	1	SINGLE VALUE			ACTIVE		ORDER ENTRY/RESULTS REPORTING	Order Entry Results Reporting
1301	OREVNTX1 EMPTY	EMPTY	OREVNTX1	1	SINGLE VALUE			ACTIVE		ORDER ENTRY/RESULTS REPORTING	Order Entry Results Reporting
1302	OREVNTX1 DELPTEVT	DELPTEVT	OREVNTX1	1	SINGLE VALUE			ACTIVE		ORDER ENTRY/RESULTS REPORTING	Order Entry Results Reporting
1303	ORWDX SENDED	SENDED	ORWDX	2	ARRAY			ACTIVE		ORDER ENTRY/RESULTS REPORTING	Order Entry Results Reporting
1304	OREVNTX1 GETDLG	GETDLG	OREVNTX1	1	SINGLE VALUE			ACTIVE		ORDER ENTRY/RESULTS REPORTING	Order Entry Results Reporting
1305	OREVNTX1 CURSPE	CURSPE	OREVNTX1	1	SINGLE VALUE			ACTIVE		ORDER ENTRY/RESULTS REPORTING	Order Entry Results Reporting
1306	OREVNTX1 DFLTEVT	DFLTEVT	OREVNTX1	1	SINGLE VALUE			ACTIVE		ORDER ENTRY/RESULTS REPORTING	Order Entry Results Reporting
1307	OREVNTX1 DONE	DONE	OREVNTX1	1	SINGLE VALUE			ACTIVE		ORDER ENTRY/RESULTS REPORTING	Order Entry Results Reporting
1308	OREVNTX1 CPACT	CPACT	OREVNTX1	1	SINGLE VALUE			ACTIVE		ORDER ENTRY/RESULTS REPORTING	Order Entry Results Reporting
1309	OREVNTX1 PRMPTID	PRMPTID	OREVNTX1	1	SINGLE VALUE			ACTIVE		ORDER ENTRY/RESULTS REPORTING	Order Entry Results Reporting
131	SDOE LIST ENCOUNTERS FOR DATES	LIST	SDOERPC	4	GLOBAL ARRAY	P		ACTIVE		SCHEDULING	Scheduling
1310	ORECS01 CHKESSO	CHKESSO	ORECS01	1	SINGLE VALUE			ACTIVE		ORDER ENTRY/RESULTS REPORTING	Order Entry Results Reporting
1311	ORECS01 VSITID	VSITID	ORECS01	1	SINGLE VALUE			ACTIVE		ORDER ENTRY/RESULTS REPORTING	Order Entry Results Reporting
1312	OREVNTX LIST	LIST	OREVNTX	2	ARRAY			ACTIVE		ORDER ENTRY/RESULTS REPORTING	Order Entry Results Reporting
1313	ORECS01 ECPRINT	ECPRINT	ORECS01	1	SINGLE VALUE			ACTIVE		ORDER ENTRY/RESULTS REPORTING	Order Entry Results Reporting
1314	ORECS01 ECRPT	ECRPT	ORECS01	4	GLOBAL ARRAY	S		ACTIVE		ORDER ENTRY/RESULTS REPORTING	Order Entry Results Reporting
1315	OREVNTX1 ISDCOD	ISDCOD	OREVNTX1	1	SINGLE VALUE			ACTIVE		ORDER ENTRY/RESULTS REPORTING	Order Entry Results Reporting
1316	OREVNTX1 SETDFLT	SETDFLT	OREVNTX1	1	SINGLE VALUE			ACTIVE		ORDER ENTRY/RESULTS REPORTING	Order Entry Results Reporting
1317	ORWDPS1 HASOIPI	HASOIPI	ORWDPS1	1	SINGLE VALUE			ACTIVE		ORDER ENTRY/RESULTS REPORTING	Order Entry Results Reporting
1318	OREVNTX1 DEFLTS	DEFLTS	OREVNTX1	1	SINGLE VALUE			ACTIVE		ORDER ENTRY/RESULTS REPORTING	Order Entry Results Reporting
1319	OREVNTX1 MULTS	MULTS	OREVNTX1	2	ARRAY			ACTIVE		ORDER ENTRY/RESULTS REPORTING	Order Entry Results Reporting
132	SDOE LIST ENCOUNTERS FOR PAT	LISTPAT	SDOERPC	4	GLOBAL ARRAY	P		ACTIVE		SCHEDULING	Scheduling
1320	OREVNTX1 PROMPT IDS	PRTIDS	OREVNTX1	1	SINGLE VALUE			ACTIVE		ORDER ENTRY/RESULTS REPORTING	Order Entry Results Reporting
1321	ORWDPS1 HASROUTE	HASROUTE	ORWDPS1	1	SINGLE VALUE			ACTIVE		ORDER ENTRY/RESULTS REPORTING	Order Entry Results Reporting
1322	OREVNTX1 DELDFLT	DELDFLT	OREVNTX1	1	SINGLE VALUE			ACTIVE		ORDER ENTRY/RESULTS REPORTING	Order Entry Results Reporting
1323	OREVNTX1 DFLTDLG	DFLTDLG	OREVNTX1	1	SINGLE VALUE			ACTIVE		ORDER ENTRY/RESULTS REPORTING	Order Entry Results Reporting
1324	ORECS01 GETDIV	GETDIV	ORECS01	1	SINGLE VALUE			ACTIVE		ORDER ENTRY/RESULTS REPORTING	Order Entry Results Reporting
1325	OREVNTX1 TYPEXT	TYPEXT	OREVNTX1	1	SINGLE VALUE			ACTIVE		ORDER ENTRY/RESULTS REPORTING	Order Entry Results Reporting
1326	ORWORR RGET	RGET	ORWORR	4	GLOBAL ARRAY			ACTIVE		ORDER ENTRY/RESULTS REPORTING	Order Entry Results Reporting
1327	OREVNTX1 AUTHMREL	AUTHMREL	OREVNTX1	1	SINGLE VALUE			ACTIVE		ORDER ENTRY/RESULTS REPORTING	Order Entry Results Reporting
1328	OREVNTX1 HAVEPRT	HAVEPRT	OREVNTX1	1	SINGLE VALUE			ACTIVE		ORDER ENTRY/RESULTS REPORTING	Order Entry Results Reporting
1329	OREVNTX1 CMEVTS	CMEVTS	OREVNTX1	2	ARRAY			ACTIVE		ORDER ENTRY/RESULTS REPORTING	Order Entry Results Reporting
133	SDOE LIST ENCOUNTERS FOR VISIT	LISTVST	SDOERPC	4	GLOBAL ARRAY	P		ACTIVE		SCHEDULING	Scheduling
1330	OREVNTX1 ODPTEVID	ODPTEVID	OREVNTX1	1	SINGLE VALUE			ACTIVE		ORDER ENTRY/RESULTS REPORTING	Order Entry Results Reporting
1331	ORWOR PKISITE	PKISITE	ORWOR	1	SINGLE VALUE			ACTIVE		ORDER ENTRY/RESULTS REPORTING	Order Entry Results Reporting
1332	OREVNTX1 COMP	COMP	OREVNTX1	1	SINGLE VALUE			ACTIVE		ORDER ENTRY/RESULTS REPORTING	Order Entry Results Reporting
1333	OREVNTX1 ISHDORD	ISHDORD	OREVNTX1	1	SINGLE VALUE			ACTIVE		ORDER ENTRY/RESULTS REPORTING	Order Entry Results Reporting
1334	OREVNTX1 ISPASS	ISPASS	OREVNTX1	1	SINGLE VALUE			ACTIVE		ORDER ENTRY/RESULTS REPORTING	Order Entry Results Reporting
1335	OREVNTX1 ISPASS1	ISPASS1	OREVNTX1	1	SINGLE VALUE			ACTIVE		ORDER ENTRY/RESULTS REPORTING	Order Entry Results Reporting
1336	OREVNTX1 DLGIEN	DLGIEN	OREVNTX1	1	SINGLE VALUE			ACTIVE		ORDER ENTRY/RESULTS REPORTING	Order Entry Results Reporting
1337	PSB VERSION CHECK	GUICHK	PSBRPC3	2	ARRAY	P		ACTIVE	2	BAR CODE MED ADMIN	Barcode Medication Administration
1338	IBO MT LTC COPAY QUERY	RETURN	IBOMTLTC	4	GLOBAL ARRAY	R		ACTIVE		INTEGRATED BILLING	Integrated Billing
1339	XWB M2M EXAMPLE LARRY	LARRYRP	XWBM2MT	2	ARRAY			ACTIVE		RPC BROKER	RPC Broker
134	TIU IS THIS A CONSULT?	ISCNSLT	TIUCNSLT	1	SINGLE VALUE	S		ACTIVE		TEXT INTEGRATION UTILITIES	Text Integration Utility
1340	XWB M2M EXAMPLE REF	REFRP	XWBM2MT	2	ARRAY	R		ACTIVE		RPC BROKER	RPC Broker
1341	MAGQ BP UAT	UAT	MAGQBUT5	1	SINGLE VALUE	R		ACTIVE		IMAGING	Imaging
1342	MAGQ DEL NLOC	RLOCA	MAGQBU6A	1	SINGLE VALUE	S		ACTIVE		IMAGING	Imaging
1343	MAGQ DFNIQ	DFNIQ	MAGQBPG1	1	SINGLE VALUE	R		ACTIVE		IMAGING	Imaging
1344	MAGQ FINDC	FINDC	MAGQBUT5	1	SINGLE VALUE	R	0	ACTIVE		IMAGING	Imaging
1345	MAGQ FS CHNGE	CHGSERV	MAGQBUT	1	SINGLE VALUE	R		ACTIVE		IMAGING	Imaging
1346	MAGQ FTYPE	FTYPE	MAGQBUT5	2	ARRAY	R		ACTIVE		IMAGING	Imaging
1347	MAGQ JBQUE	JBQUE	MAGQBUT2	1	SINGLE VALUE	R		ACTIVE		IMAGING	Imaging
1348	MAGQ JBSCN	CNP2	MAGQBPG1	1	SINGLE VALUE	R		ACTIVE		IMAGING	Imaging
1349	MAGQ QCNT	QCNT	MAGQBUT4	1	SINGLE VALUE	R		ACTIVE		IMAGING	Imaging
135	TIU LONG LIST OF TITLES	LONGLIST	TIUSRVD	2	ARRAY	S		ACTIVE		TEXT INTEGRATION UTILITIES	Text Integration Utility
1350	MAGQ QRNGE	QRNGE	MAGQBUT5	1	SINGLE VALUE	R		ACTIVE		IMAGING	Imaging
1351	MAGQB QUEDEL	DQUE1	MAGQBUT2	1	SINGLE VALUE	R		ACTIVE		IMAGING	Imaging
1352	MAGQBP ALL SHARES	ALLSHR	MAGQBUT1	2	ARRAY	R		ACTIVE		IMAGING	Imaging
1353	ROR LOG MESSAGE DETAILS	EN3	RORRP7	2	ARRAY	A		ACTIVE			
1354	MAGQBP FREF	FILEREF	MAGQBPRG	1	SINGLE VALUE	R		ACTIVE		IMAGING	Imaging
1355	MAGG IMAGE STATISTICS BY USER	GETUSRPT	MAGGA03Q	4	GLOBAL ARRAY	R		ACTIVE		IMAGING	Imaging
1356	MAGG IMAGE STATISTICS QUE	STATS	MAGGA03Q	4	GLOBAL ARRAY	R		ACTIVE		IMAGING	Imaging
1357	MAGG JUKE BOX PATH	JB	MAGGUJB	1	SINGLE VALUE	R		ACTIVE		IMAGING	Imaging
1358	MAGG MULTI IMAGE PRINT	LOGPRNT	MAGGROI	1	SINGLE VALUE	R		ACTIVE		IMAGING	Imaging
1359	VPR GET PATIENT DATA	GET	VPRD	4	GLOBAL ARRAY	S		ACTIVE	1	VIRTUAL PATIENT RECORD	Virtual Patient Record
136	TIU PERSONAL TITLE LIST	PERSLIST	TIUSRVD	2	ARRAY	S		ACTIVE		TEXT INTEGRATION UTILITIES	Text Integration Utility
1360	VPR DATA VERSION	VERSION	VPRD	1	SINGLE VALUE	S		ACTIVE		VIRTUAL PATIENT RECORD	Virtual Patient Record
1361	MAG DICOM GET PATIENT VITALS	GETPAT	MAGDHWR	2	ARRAY	R	0	ACTIVE	3	IMAGING	Imaging
1362	EC SPACEBAR	ECDEF	ECUERPC1	1	SINGLE VALUE	R		ACTIVE		EVENT CAPTURE	Event Capture
1363	EC DIEDON	ECDOD	ECUERPC2	1	SINGLE VALUE	R		ACTIVE		EVENT CAPTURE	Event Capture
1364	EC GETVISITINFO	VISINFO	ECUERPC2	1	SINGLE VALUE	R		ACTIVE		EVENT CAPTURE	Event Capture
1365	SD W/L RETRIVE FULL DATA	OUTPUT	SDWLRP1	4	GLOBAL ARRAY	R		ACTIVE	1	SCHEDULING	Scheduling
1366	SD W/L CREATE FILE	INPUT	SDWLRP1	2	ARRAY	R		ACTIVE	1	SCHEDULING	Scheduling
1367	SD W/L RETRIVE BRIEF	OUTPUT1	SDWLRP1	4	GLOBAL ARRAY	R		ACTIVE	1	SCHEDULING	Scheduling
1368	SD W/L RETRIVE MEDICAL REVIEW	OUTPUT2	SDWLRP1	2	ARRAY	R		ACTIVE	1	SCHEDULING	Scheduling
1369	SD W/L RETRIVE DISPOSITION	OUTPUT3	SDWLRP1	2	ARRAY	R		ACTIVE	1	SCHEDULING	Scheduling
137	TIU LONG LIST CONSULT TITLES	LNGCNSLT	TIUSRVD	2	ARRAY	S		ACTIVE		TEXT INTEGRATION UTILITIES	Text Integration Utility
1370	SD W/L RETRIVE INSTITUTION(#4)	OUTIN	SDWLRP2	4	GLOBAL ARRAY	P		ACTIVE		SCHEDULING	Scheduling
1371	SD W/L RETRIVE CLINIC(#409.32)	OUTSC0	SDWLRP2	4	GLOBAL ARRAY	P		ACTIVE		SCHEDULING	Scheduling
1372	SD W/L RETRIVE HOSP LOC(#44)	OUTSC2	SDWLRP2	4	GLOBAL ARRAY	P		ACTIVE	1	SCHEDULING	Scheduling
1373	SD W/L RETRIVE TEAM(#404.51)	OUTST	SDWLRP2	4	GLOBAL ARRAY	R		ACTIVE	1	SCHEDULING	Scheduling
1374	SD W/L RETRIVE TM POS(404.57)	OUTSP	SDWLRP2	4	GLOBAL ARRAY	R		ACTIVE	1	SCHEDULING	Scheduling
1375	SD W/L RETRIVE SER/SP(409.31)	OUTSS	SDWLRP2	4	GLOBAL ARRAY	R		ACTIVE	1	SCHEDULING	Scheduling
1376	SD W/L RETRIVE PERSON(200)	OUTPROV	SDWLRP2	4	GLOBAL ARRAY	P		ACTIVE	1	SCHEDULING	Scheduling
1377	SD W/L PRIORITY(#409.3)	SDPRIOUT	SDWLRP3	2	ARRAY	R		ACTIVE	1	SCHEDULING	Scheduling
1378	SD W/L REQ BY(409.3)	SDREQOUT	SDWLRP3	2	ARRAY	R		ACTIVE	1	SCHEDULING	Scheduling
1379	SD W/L TYPE(409.3)	SDTYOUT	SDWLRP3	2	ARRAY	R		ACTIVE	1	SCHEDULING	Scheduling
138	TIU IDENTIFY CONSULTS CLASS	CNSLCLAS	TIUSRVD	1	SINGLE VALUE	S		ACTIVE		TEXT INTEGRATION UTILITIES	Text Integration Utility
1380	SD W/L DISPOSITION(409.3)	SDDISOUT	SDWLRP3	2	ARRAY	R		ACTIVE	1	SCHEDULING	Scheduling
1381	SD W/L CURRENT STATUS(409.3)	SDSTOUT	SDWLRP3	2	ARRAY	R		ACTIVE	1	SCHEDULING	Scheduling
1382	SD W/L PACKAGE(409.3)	SDPACOUT	SDWLRP3	2	ARRAY	R		ACTIVE	1	SCHEDULING	Scheduling
1383	SD W/L NEW ENROLLEE(409.3)	SDNEOUT	SDWLRP3	2	ARRAY	R		ACTIVE	1	SCHEDULING	Scheduling
1384	SD W/L CREATE DISPOSITION	INPUTD	SDWLRP1	2	ARRAY	R		ACTIVE	1	SCHEDULING	Scheduling
1385	SD W/L CREATE M/R	INPUTMR	SDWLRP1	2	ARRAY	R		ACTIVE	1	SCHEDULING	Scheduling
1386	SD W/L IMPORT API	INPUT	SDWLRP4	1	SINGLE VALUE	R		ACTIVE	1	SCHEDULING	Scheduling
1387	SCMC WAIT LIST ENTRY	WAIT	SCMCWAIT	2	ARRAY	A	0	ACTIVE		SCHEDULING	Scheduling
1388	SC FTEE BUILD LIST	FTEE	SCMCTSK	2	ARRAY		0	ACTIVE		SCHEDULING	Scheduling
1389	SC FTEE FILE LIST	FILE	SCMCTSK	1	SINGLE VALUE		0	ACTIVE		SCHEDULING	Scheduling
139	ORQQAL LIST	LIST	ORQQAL	2	ARRAY	S		ACTIVE		ORDER ENTRY/RESULTS REPORTING	Order Entry Results Reporting
1390	SC PC PROVIDER	PC	SCMCWAIT	2	ARRAY	A	0	ACTIVE		SCHEDULING	Scheduling
1391	SC SC CONDITION LIST	SCLI	SCMCWAIT	2	ARRAY	P	0	ACTIVE		SCHEDULING	Scheduling
1392	EC GETPATCH	PATCH	ECUURPC	1	SINGLE VALUE	R		ACTIVE		EVENT CAPTURE	Event Capture
1393	ORWOR1 SETDTEXT	SETDTEXT	ORWOR1	2	ARRAY			ACTIVE		ORDER ENTRY/RESULTS REPORTING	Order Entry Results Reporting
1394	ORWOR1 GETDEA	GETDEA	ORWOR1	1	SINGLE VALUE			ACTIVE		ORDER ENTRY/RESULTS REPORTING	Order Entry Results Reporting
1395	ORWOR1 GETDSCH	GETDSCH	ORWOR1	1	SINGLE VALUE			ACTIVE		ORDER ENTRY/RESULTS REPORTING	Order Entry Results Reporting
1396	ORWCH LDFONT	LDFONT	ORWCH	1	SINGLE VALUE			ACTIVE		ORDER ENTRY/RESULTS REPORTING	Order Entry Results Reporting
1397	ORQQCN UNRESOLVED	UNRSLVD	ORQQCN2	1	SINGLE VALUE			ACTIVE		ORDER ENTRY/RESULTS REPORTING	Order Entry Results Reporting
1398	ORWU1 NAMECVT	NAMECVT	ORWU1	1	SINGLE VALUE			ACTIVE		ORDER ENTRY/RESULTS REPORTING	Order Entry Results Reporting
1399	ORWDPS5 LESGRP	LESGRP	ORWDPS5	1	SINGLE VALUE			ACTIVE		ORDER ENTRY/RESULTS REPORTING	Order Entry Results Reporting
14	XWB CREATE CONTEXT	CRCONTXT	XWBSEC	1	SINGLE VALUE	S	0	ACTIVE	1	RPC BROKER	RPC Broker
140	ORQQAL DETAIL	DETAIL	ORQQAL	2	ARRAY	S		ACTIVE		ORDER ENTRY/RESULTS REPORTING	Order Entry Results Reporting
1400	ORWDPS5 LESAPI	LESAPI	ORWDPS5	2	ARRAY			ACTIVE		ORDER ENTRY/RESULTS REPORTING	Order Entry Results Reporting
1401	ORWDXR ORCPLX	ORCPLX	ORWDXR	2	ARRAY			ACTIVE		ORDER ENTRY/RESULTS REPORTING	Order Entry Results Reporting
1402	ORWDXR CANRN	CANRN	ORWDXR	1	SINGLE VALUE			ACTIVE		ORDER ENTRY/RESULTS REPORTING	Order Entry Results Reporting
1403	ORWDXR ISCPLX	ISCPLX	ORWDXR	1	SINGLE VALUE			ACTIVE		ORDER ENTRY/RESULTS REPORTING	Order Entry Results Reporting
1404	ORWDXA OFCPLX	OFCPLX	ORWDXA	1	SINGLE VALUE			ACTIVE		ORDER ENTRY/RESULTS REPORTING	Order Entry Results Reporting
1405	ORQQPX GET NOT PURPOSE	PURP	PXRMWHN	2	ARRAY	P		ACTIVE	20.2		
1406	ORWDPS1 IVDEA	FDEA1	ORWDPS1	1	SINGLE VALUE			ACTIVE		ORDER ENTRY/RESULTS REPORTING	Order Entry Results Reporting
1407	ORWDXR ISNOW	ISNOW	ORWDXR	1	SINGLE VALUE			ACTIVE		ORDER ENTRY/RESULTS REPORTING	Order Entry Results Reporting
1408	ORRHCQ QRYITR	QRYITR	ORRHCQ	1	SINGLE VALUE	R		ACTIVE		ORDER ENTRY/RESULTS REPORTING	Order Entry Results Reporting
1409	ORWU DEFAULT DIVISION	DEFDIV	ORWU1	1	SINGLE VALUE			ACTIVE		ORDER ENTRY/RESULTS REPORTING	Order Entry Results Reporting
141	ORQQPL LIST	LIST	ORQQPL	2	ARRAY	S		ACTIVE		ORDER ENTRY/RESULTS REPORTING	Order Entry Results Reporting
1410	OREVNTX1 GETSTS	GETSTS	OREVNTX1	1	SINGLE VALUE			ACTIVE		ORDER ENTRY/RESULTS REPORTING	Order Entry Results Reporting
1411	ORWDXA ISACTOI	ISACTOI	ORWDXA	1	SINGLE VALUE			ACTIVE		ORDER ENTRY/RESULTS REPORTING	Order Entry Results Reporting
1412	ORECS01 SAVPATH	SAVPATH	ORECS01	1	SINGLE VALUE			ACTIVE		ORDER ENTRY/RESULTS REPORTING	Order Entry Results Reporting
1413	TIU USER INACTIVE?	USRINACT	TIUSRVA	1	SINGLE VALUE	S		ACTIVE		TEXT INTEGRATION UTILITIES	Text Integration Utility
1414	TIU ONE VISIT NOTE?	TIUVISIT	TIUSRVA	1	SINGLE VALUE	R	0	ACTIVE		TEXT INTEGRATION UTILITIES	Text Integration Utility
1415	ORPRF HASFLG	HASFLG	ORPRF	2	ARRAY			ACTIVE		ORDER ENTRY/RESULTS REPORTING	Order Entry Results Reporting
1416	ORWPCE ACTIVE CODE	CODACTIV	ORWPCE2	1	SINGLE VALUE			ACTIVE		ORDER ENTRY/RESULTS REPORTING	Order Entry Results Reporting
1417	ORPRF GETFLG	GETFLG	ORPRF	2	ARRAY			ACTIVE		ORDER ENTRY/RESULTS REPORTING	Order Entry Results Reporting
1418	ORPRF CLEAR	CLEAR	ORPRF	1	SINGLE VALUE			ACTIVE		ORDER ENTRY/RESULTS REPORTING	Order Entry Results Reporting
1419	ORWU1 NEWLOC	NEWLOC	ORWU1	2	ARRAY			ACTIVE		ORDER ENTRY/RESULTS REPORTING	Order Entry Results Reporting
142	ORQQPL DETAIL	DETAIL	ORQQPL	2	ARRAY	S		ACTIVE		ORDER ENTRY/RESULTS REPORTING	Order Entry Results Reporting
1420	ORQQPXRM GET WH LETTER TEXT	LETTER	WVRPCNO1	2	ARRAY	S		ACTIVE		WOMEN'S HEALTH	Womens Health
1421	ORQQPXRM GET WH LETTER TYPE	GETTYPE	WVRPCNO	2	ARRAY	S		ACTIVE		WOMEN'S HEALTH	Womens Health
1422	ORQQPXRM GET WH PROC RESULT	DX	PXRMWOBJ	2	ARRAY	S		ACTIVE			
1423	ORQQPXRM WOMEN HEALTH SAVE	WH	ORQQPXRM	2	ARRAY	S		ACTIVE		ORDER ENTRY/RESULTS REPORTING	Order Entry Results Reporting
1424	ORRHCR RPTLST	RPTLST	ORRHCR	2	ARRAY	R		ACTIVE		ORDER ENTRY/RESULTS REPORTING	Order Entry Results Reporting
1425	ORRHCR RPTDEF	RPTDEF	ORRHCR	2	ARRAY	R		ACTIVE		ORDER ENTRY/RESULTS REPORTING	Order Entry Results Reporting
1426	ORRHCU ID2EXT	ID2EXT	ORRHCU	2	ARRAY	R		ACTIVE		ORDER ENTRY/RESULTS REPORTING	Order Entry Results Reporting
1427	ORRHCO OISETS	OISETS	ORRHCO	2	ARRAY	R		ACTIVE		ORDER ENTRY/RESULTS REPORTING	Order Entry Results Reporting
1428	ORRHCO ORDITM	ORDITM	ORRHCO	2	ARRAY	R		ACTIVE		ORDER ENTRY/RESULTS REPORTING	Order Entry Results Reporting
1429	ORRHCT DOCCLS	DOCCLS	ORRHCT	2	ARRAY	R		ACTIVE		ORDER ENTRY/RESULTS REPORTING	Order Entry Results Reporting
143	ORQQXQA PATIENT	PATIENT	ORQQXQA	2	ARRAY	S		ACTIVE		ORDER ENTRY/RESULTS REPORTING	Order Entry Results Reporting
1430	ORRHCO ORDSTS	ORDSTS	ORRHCO	2	ARRAY	R		ACTIVE		ORDER ENTRY/RESULTS REPORTING	Order Entry Results Reporting
1431	ORRHCO SIGNSTS	SIGNSTS	ORRHCO	2	ARRAY	R		ACTIVE		ORDER ENTRY/RESULTS REPORTING	Order Entry Results Reporting
1432	ORRHCT DOCSTS	DOCSTS	ORRHCT	2	ARRAY	R		ACTIVE		ORDER ENTRY/RESULTS REPORTING	Order Entry Results Reporting
1433	ORRHCU BYREG	BYREG	ORRHCU	2	ARRAY	R		ACTIVE		ORDER ENTRY/RESULTS REPORTING	Order Entry Results Reporting
1434	ORRHCR USRRPT	USRRPT	ORRHCR	1	SINGLE VALUE	R		ACTIVE		ORDER ENTRY/RESULTS REPORTING	Order Entry Results Reporting
1435	ORRHCR SAVDEF	SAVDEF	ORRHCR	1	SINGLE VALUE	R		ACTIVE		ORDER ENTRY/RESULTS REPORTING	Order Entry Results Reporting
1436	ORRHCU DFLDS	DFLDS	ORRHCU	2	ARRAY	R		ACTIVE		ORDER ENTRY/RESULTS REPORTING	Order Entry Results Reporting
1437	ORRHCQ SETUP	SETUP	ORRHCQ	1	SINGLE VALUE	R		ACTIVE		ORDER ENTRY/RESULTS REPORTING	Order Entry Results Reporting
1438	ORRHCQ SORTBY	SORTBY	ORRHCQ	1	SINGLE VALUE	R		ACTIVE		ORDER ENTRY/RESULTS REPORTING	Order Entry Results Reporting
1439	ORRHCQ SUBDTA	SUBDTA	ORRHCQ	2	ARRAY	R		ACTIVE		ORDER ENTRY/RESULTS REPORTING	Order Entry Results Reporting
144	ORQQXQA USER	USER	ORQQXQA	2	ARRAY	S		ACTIVE		ORDER ENTRY/RESULTS REPORTING	Order Entry Results Reporting
1440	ORRHCQ DETAIL	DETAIL	ORRHCQ	4	GLOBAL ARRAY	R		ACTIVE		ORDER ENTRY/RESULTS REPORTING	Order Entry Results Reporting
1441	ORRHCQ PTINFO	PTINFO	ORRHCQ	1	SINGLE VALUE	R		ACTIVE		ORDER ENTRY/RESULTS REPORTING	Order Entry Results Reporting
1442	ORRHCR OWNED	OWNED	ORRHCR	1	SINGLE VALUE	R		ACTIVE		ORDER ENTRY/RESULTS REPORTING	Order Entry Results Reporting
1443	ORRHCR DELETE	DELETE	ORRHCR	1	SINGLE VALUE	R		ACTIVE		ORDER ENTRY/RESULTS REPORTING	Order Entry Results Reporting
1444	ORRHCU COLTYP	COLTYP	ORRHCU	2	ARRAY	R		ACTIVE		ORDER ENTRY/RESULTS REPORTING	Order Entry Results Reporting
1445	ORRHCQ CLEAR	CLEAR	ORRHCQ	1	SINGLE VALUE	R		ACTIVE		ORDER ENTRY/RESULTS REPORTING	Order Entry Results Reporting
1446	ORRHCU REGLST	REGLST	ORRHCU	2	ARRAY	R		ACTIVE		ORDER ENTRY/RESULTS REPORTING	Order Entry Results Reporting
1447	ORRHCU REGNAM	REGNAM	ORRHCU	1	SINGLE VALUE	R		ACTIVE		ORDER ENTRY/RESULTS REPORTING	Order Entry Results Reporting
1448	ORRHCR CTPLST	CTPLST	ORRHCR	2	ARRAY	R		ACTIVE		ORDER ENTRY/RESULTS REPORTING	Order Entry Results Reporting
1449	ORRHCR TAGDEF	TAGDEF	ORRHCR	2	ARRAY	R		ACTIVE		ORDER ENTRY/RESULTS REPORTING	Order Entry Results Reporting
145	ORQQVI VITALS	FASTVIT	ORQQVI	2	ARRAY	R		ACTIVE		ORDER ENTRY/RESULTS REPORTING	Order Entry Results Reporting
1450	ORRHCO ABSTRT	ABSTRT	ORRHCO	1	SINGLE VALUE			ACTIVE		ORDER ENTRY/RESULTS REPORTING	Order Entry Results Reporting
1451	ORRHCQ RNGFM	RNGFM	ORRHCQ	1	SINGLE VALUE			ACTIVE		ORDER ENTRY/RESULTS REPORTING	Order Entry Results Reporting
1452	ORRHCR GENRPT	GENRPT	ORRHCR	2	ARRAY			ACTIVE		ORDER ENTRY/RESULTS REPORTING	Order Entry Results Reporting
1453	ORRHCO CSLTGRP	CGRP	ORRHCO	1	SINGLE VALUE			ACTIVE		ORDER ENTRY/RESULTS REPORTING	Order Entry Results Reporting
1454	XOBV TEST STRING	STRRP	XOBVLT	1	SINGLE VALUE	P	0	ACTIVE	1	VISTALINK	VistALink
1455	XOBV TEST GLOBAL ARRAY	GARRRP	XOBVLT	4	GLOBAL ARRAY	P	0	ACTIVE	1	VISTALINK	VistALink
1456	XOBV TEST GLOBAL NODE	GNODERP	XOBVLT	5	GLOBAL INSTANCE	P	0	ACTIVE	1	VISTALINK	VistALink
1457	XOBV TEST LOCAL ARRAY	LARRRP	XOBVLT	2	ARRAY	P	0	ACTIVE	1	VISTALINK	VistALink
1458	XOBV TEST VAR LENGTH REC	VLRRP	XOBVLT	1	SINGLE VALUE			ACTIVE		VISTALINK	VistALink
1459	XOBV TEST WORD PROCESSING	WPRP	XOBVLT	3	WORD PROCESSING	P	0	ACTIVE	1	VISTALINK	VistALink
146	ORQPT DEFAULT PATIENT LIST	DEFLIST	ORQPTQ11	4	GLOBAL ARRAY	S		ACTIVE		ORDER ENTRY/RESULTS REPORTING	Order Entry Results Reporting
1460	XOBV TEST PING	PINGRP	XOBVLT	1	SINGLE VALUE	P	0	ACTIVE	1	VISTALINK	VistALink
1461	XOBV TEST RPC LIST	RPCRP	XOBVLT	2	ARRAY	P	0	ACTIVE	1	VISTALINK	VistALink
1462	XOBV TEST XML RESULTS	XMLRP	XOBVLT	1	SINGLE VALUE	P	0	ACTIVE	1	VISTALINK	VistALink
1463	XOBV TEST NOT IN CONTEXT	NOCNTXT	XOBVLT	1	SINGLE VALUE	R	0	ACTIVE	1	VISTALINK	VistALink
1464	ONC VACCR RPC	EN1	ONCRPC	4	GLOBAL ARRAY	R		ACTIVE		ONCOLOGY	Oncology
1465	ORRC AUTHENTICATE	AUTHNTC	ORRZAUTH	4	GLOBAL ARRAY	S		ACTIVE			
1466	SCMC PRECEPTOR MOVE - LIST	LISTPREC	SCMCPREC	2	ARRAY	P		ACTIVE		SCHEDULING	Scheduling
1467	SCMC PRECEPTOR MOVE - MOVE	MOVEPREC	SCMCPREC	2	ARRAY			ACTIVE		SCHEDULING	Scheduling
1468	SCMC AUTO INACTIVATION RPT	EN	SCMCTSKG	4	GLOBAL ARRAY	P		ACTIVE		SCHEDULING	Scheduling
1469	DSIROI GETCMTS GET COMMENTS	GETCMTS	DSIROI	4	GLOBAL ARRAY			ACTIVE		RELEASE OF INFORMATION	Release Of Information
147	ORQPT PROVIDERS	PROV	ORQPTQ2	2	ARRAY	S		ACTIVE		ORDER ENTRY/RESULTS REPORTING	Order Entry Results Reporting
1470	DSIROI1 QUEUELBL QUEUE A LABEL	QUEUELBL	DSIROI1	1	SINGLE VALUE			ACTIVE		RELEASE OF INFORMATION	Release Of Information
1471	DSIROI1 PRINTLBL PRINT LABELS	PRINTLBL	DSIROI1	4	GLOBAL ARRAY			ACTIVE		RELEASE OF INFORMATION	Release Of Information
1472	DSIROI1 PURGELBL PURGE LABELS	PURGELBL	DSIROI1	1	SINGLE VALUE			ACTIVE		RELEASE OF INFORMATION	Release Of Information
1473	DSIROI1 DEL1LBL DELETE 1 LABEL	DEL1LBL	DSIROI1	1	SINGLE VALUE			ACTIVE		RELEASE OF INFORMATION	Release Of Information
1475	DSIROIU LSTIN GET LAST INSTALL	LSTIN	DSIROIU	1	SINGLE VALUE			ACTIVE		RELEASE OF INFORMATION	Release Of Information
1476	MPIF REMOTE LOCAL ICN ASSIGN	LOCALIA	MPIFFULL	2	ARRAY			ACTIVE	1	MASTER PATIENT INDEX VISTA	Master Patient Index VistA
148	ORQPT PROVIDER PATIENTS	PROVPTS	ORQPTQ2	2	ARRAY	S		ACTIVE		ORDER ENTRY/RESULTS REPORTING	Order Entry Results Reporting
149	ORQPT CLINIC PATIENTS	CLINPTS	ORQPTQ2	2	ARRAY	S		ACTIVE		ORDER ENTRY/RESULTS REPORTING	Order Entry Results Reporting
1490	MPIF REMOTE FULL ICN STATS	STATS	MPIFFULL	2	ARRAY			ACTIVE	1	MASTER PATIENT INDEX VISTA	Master Patient Index VistA
1491	NUPA PAST/FUTURE DATE	PF	NUPABCL	1	SINGLE VALUE			ACTIVE		PATIENT ASSESSMENT DOCUMENTATION	Patient Assessment Documentation
1492	NUPA GET CAREPLAN DA	CPID	NUPABCL1	1	SINGLE VALUE			ACTIVE		PATIENT ASSESSMENT DOCUMENTATION	Patient Assessment Documentation
15	SC LISTER	LISTC	SCUTBK	2	ARRAY	P		ACTIVE		SCHEDULING	Scheduling
150	ORQPT SPECIALTIES	SPEC	ORQPTQ2	2	ARRAY	S		ACTIVE		ORDER ENTRY/RESULTS REPORTING	Order Entry Results Reporting
1503	ORWTPD GETOCM	GETOCM	ORWTPD	1	SINGLE VALUE			ACTIVE		ORDER ENTRY/RESULTS REPORTING	Order Entry Results Reporting
1504	ORWTPD PUTOCM	PUTOCM	ORWTPD	1	SINGLE VALUE			ACTIVE		ORDER ENTRY/RESULTS REPORTING	Order Entry Results Reporting
1505	ORB FORWARD ALERT	FWD	ORB31	1	SINGLE VALUE	R		ACTIVE		ORDER ENTRY/RESULTS REPORTING	Order Entry Results Reporting
1506	ORB RENEW ALERT	RENEW	ORB31	1	SINGLE VALUE	R		ACTIVE		ORDER ENTRY/RESULTS REPORTING	Order Entry Results Reporting
1507	ORRCQLPT PTDFN	PTDFN	ORRCQLPT	1	SINGLE VALUE			ACTIVE	.1	CARE MANAGEMENT	Care Management
1508	ORRCQLPT PTDEMOS	PTDEMOS	ORRCQLPT	1	SINGLE VALUE			ACTIVE		CARE MANAGEMENT	Care Management
1509	TIU HAS AUTHOR SIGNED?	AUTHSIGN	TIUSRVA	1	SINGLE VALUE	S		ACTIVE		TEXT INTEGRATION UTILITIES	Text Integration Utility
151	ORQPT SPECIALTY PATIENTS	SPECPTS	ORQPTQ2	2	ARRAY	S		ACTIVE		ORDER ENTRY/RESULTS REPORTING	Order Entry Results Reporting
1510	ORQQPXRM GET WH REPORT TEXT	WHREPORT	ORQQPXRM	4	GLOBAL ARRAY	S		ACTIVE		ORDER ENTRY/RESULTS REPORTING	Order Entry Results Reporting
1511	NUPA CAREPLAN PROBS	PICP	NUPABCL1	4	GLOBAL ARRAY			ACTIVE		PATIENT ASSESSMENT DOCUMENTATION	Patient Assessment Documentation
1513	NUPA SET PU AND ALT	SL	NUPABCL2	1	SINGLE VALUE			ACTIVE		PATIENT ASSESSMENT DOCUMENTATION	Patient Assessment Documentation
1515	ORRHCQ1 GETCNT	GETCNT	ORRHCQ1	1	SINGLE VALUE	R		ACTIVE		ORDER ENTRY/RESULTS REPORTING	Order Entry Results Reporting
1516	ORRHCQ1 QRYSITR	QRYSITR	ORRHCQ1	1	SINGLE VALUE	R		ACTIVE		ORDER ENTRY/RESULTS REPORTING	Order Entry Results Reporting
1517	ORRHCQ1 QSITR	QSITR	ORRHCQ1	1	SINGLE VALUE	R		ACTIVE		ORDER ENTRY/RESULTS REPORTING	Order Entry Results Reporting
1518	ORRHCQ1 GETSPT	GETSPT	ORRHCQ1	2	ARRAY	R		ACTIVE		ORDER ENTRY/RESULTS REPORTING	Order Entry Results Reporting
1519	ORRHCQ1 GETSLN	GETSLN	ORRHCQ1	2	ARRAY	R		ACTIVE		ORDER ENTRY/RESULTS REPORTING	Order Entry Results Reporting
152	ORQPT TEAMS	TEAMS	ORQPTQ1	2	ARRAY	S		ACTIVE		ORDER ENTRY/RESULTS REPORTING	Order Entry Results Reporting
1520	ORRHCQ1 DELSEN	DELSEN	ORRHCQ1	1	SINGLE VALUE	R		ACTIVE		ORDER ENTRY/RESULTS REPORTING	Order Entry Results Reporting
1521	XHD DELETE PARAMETER CATEGORY	DELETE	XHDPCAT	1	SINGLE VALUE	S		ACTIVE	.1	HEALTHEVET DESKTOP	HealtheVet Desktop
1522	XHD GET ALL PARAMETER DEFS	GETXML	XHDPDEF	4	GLOBAL ARRAY	S		ACTIVE	.1	HEALTHEVET DESKTOP	HealtheVet Desktop
1523	XHD GET CONFIGURATION	GETTREE	XHDPTREE	4	GLOBAL ARRAY	S		ACTIVE	.1	HEALTHEVET DESKTOP	HealtheVet Desktop
1524	XHD GET MUTABLE CONFIGURATION	GETTREE	XHDPMUT	4	GLOBAL ARRAY	S		ACTIVE	.1	HEALTHEVET DESKTOP	HealtheVet Desktop
1525	XHD GET PARAMETER DEF LIST	GETALL	XHDPDEF	4	GLOBAL ARRAY	S		ACTIVE		HEALTHEVET DESKTOP	HealtheVet Desktop
1526	XHD GET PARAMETER DEFINITION	GETXML	XHDPDEF	4	GLOBAL ARRAY	S		ACTIVE	.1	HEALTHEVET DESKTOP	HealtheVet Desktop
1527	XHD GET PARAMETER DEFINITIONS	LIST	XHDPDEF	2	ARRAY	S		ACTIVE		HEALTHEVET DESKTOP	HealtheVet Desktop
1528	XHD INSERT PARAMETER CATEGORY	INSERT	XHDPCAT	1	SINGLE VALUE	S		ACTIVE	.1	HEALTHEVET DESKTOP	HealtheVet Desktop
1529	XHD PUT PARAMETER	PUT	XHDPARAM	1	SINGLE VALUE	S		ACTIVE	.1	HEALTHEVET DESKTOP	HealtheVet Desktop
153	ORQPT TEAM PATIENTS	TEAMPTS	ORQPTQ1	2	ARRAY	S		ACTIVE		ORDER ENTRY/RESULTS REPORTING	Order Entry Results Reporting
1530	XHD REMOVE PARAMETER CATEGORY	REMOVE	XHDPCAT	1	SINGLE VALUE	S		ACTIVE	.1	HEALTHEVET DESKTOP	HealtheVet Desktop
1531	XHD UPDATE PARAMETER CATEGORY	UPDATE	XHDPCAT	1	SINGLE VALUE	S		ACTIVE	.1	HEALTHEVET DESKTOP	HealtheVet Desktop
1532	XHD GET SITE INFO	SITE	XHDLSITE	1	SINGLE VALUE	S		ACTIVE		HEALTHEVET DESKTOP	HealtheVet Desktop
1533	XHD GET USER DEMOGRAPHICS	BYPASS	XHDAUTH	4	GLOBAL ARRAY			ACTIVE	.1	HEALTHEVET DESKTOP	HealtheVet Desktop
1534	XHDX PERSEL	PERSEL	XHDX	2	ARRAY	R		ACTIVE		HEALTHEVET DESKTOP	HealtheVet Desktop
1535	XHDX VERSRV	VERSRV	XHDX	2	ARRAY			ACTIVE		HEALTHEVET DESKTOP	HealtheVet Desktop
1536	XHD TEST INPUT LIST	INLST	XHDTST	4	GLOBAL ARRAY			ACTIVE		HEALTHEVET DESKTOP	HealtheVet Desktop
1539	ORRHCU DFLDMAP	DFLDMAP	ORRHCU	2	ARRAY	R		ACTIVE		ORDER ENTRY/RESULTS REPORTING	Order Entry Results Reporting
154	ORQPT WARD PATIENTS	WARDPTS	ORQPTQ2	2	ARRAY	S		ACTIVE		ORDER ENTRY/RESULTS REPORTING	Order Entry Results Reporting
1540	IBCN INSURANCE QUERY	RPC	IBCNRDV	2	ARRAY	P		ACTIVE		INTEGRATED BILLING	Integrated Billing
1541	IBCN INSURANCE QUERY TASK	RPC	IBCNRDV	2	ARRAY	P		ACTIVE		INTEGRATED BILLING	Integrated Billing
1542	VAFC REMOTE AUDIT	AUDIT	VAFCRPC	2	ARRAY	P	0	ACTIVE	1	REGISTRATION	Registration
1543	IBD GET FORMSPEC GLOBAL	GETFS1	IBDFBK1	4	GLOBAL ARRAY	P	1	INACTIVE		AUTOMATED INFO COLLECTION SYS	Automated Information Collection System
1544	IBD GET SCAN PAGE INFO	SCANPG	IBDFBK1	2	ARRAY	P	1	INACTIVE		AUTOMATED INFO COLLECTION SYS	Automated Information Collection System
1545	GMV GET VITAL TYPE IEN	TYPE	GMVUTL8	1	SINGLE VALUE	S	0	ACTIVE		GEN. MED. REC. - VITALS	General Medical Record - Vitals
1546	GMV GET CATEGORY IEN	CATEGORY	GMVUTL8	1	SINGLE VALUE	S	0	ACTIVE		GEN. MED. REC. - VITALS	General Medical Record - Vitals
1547	PSB CHECK IV	RPC	PSBCHKIV	2	ARRAY	P	0	ACTIVE	1	BAR CODE MED ADMIN	Barcode Medication Administration
1548	PSB VITALS	VITALS	PSBRPC	2	ARRAY	P		ACTIVE	2	BAR CODE MED ADMIN	Barcode Medication Administration
1549	EC GETVERSION	VERSRV	ECUURPC	1	SINGLE VALUE	R		ACTIVE		EVENT CAPTURE	Event Capture
155	ORQPT CLINICS	CLIN	ORQPTQ2	2	ARRAY	S		ACTIVE		ORDER ENTRY/RESULTS REPORTING	Order Entry Results Reporting
1550	DVBAB TEAM PATIENTS	TEAMPTS	DVBAB1	4	GLOBAL ARRAY	S		ACTIVE		AUTOMATED MED INFO EXCHANGE	Automated Medical Information Exchange
1551	DVBAB REPORTS	START	DVBAB82	4	GLOBAL ARRAY	A	0	ACTIVE		AUTOMATED MED INFO EXCHANGE	Automated Medical Information Exchange
1552	DVBAB MAIL INIT	INIT	DVBAB3	1	SINGLE VALUE	R		ACTIVE		AUTOMATED MED INFO EXCHANGE	Automated Medical Information Exchange
1553	DVBAB SURGERY CASE	START	DVBAB89	4	GLOBAL ARRAY	P		ACTIVE		AUTOMATED MED INFO EXCHANGE	Automated Medical Information Exchange
1554	DVBAB ORIGINAL PROCESSING DATE	XDA	DVBAB89	4	GLOBAL ARRAY	P	0	ACTIVE		AUTOMATED MED INFO EXCHANGE	Automated Medical Information Exchange
1555	DVBAB MPI ASSIGN ICN	MPI	DVBCPATA	1	SINGLE VALUE			ACTIVE		AUTOMATED MED INFO EXCHANGE	Automated Medical Information Exchange
1556	DVBAB REPORT ADMISSION INQUIRY	ENBROKER	DVBAADRP	2	ARRAY	S		ACTIVE		AUTOMATED MED INFO EXCHANGE	Automated Medical Information Exchange
1557	DVBAB REPORT NEW NOTICES DC	ENBROKER	DVBADSNT	4	GLOBAL ARRAY	R		ACTIVE		AUTOMATED MED INFO EXCHANGE	Automated Medical Information Exchange
1558	ACKQAUD1	START	ACKQAG01	2	ARRAY	R		ACTIVE		QUASAR	Quasar
1559	ACKQAUD2	EN	ACKQAG02	2	ARRAY	R		ACTIVE		QUASAR	Quasar
156	ORQQPS LIST	LIST	ORQQPS	2	ARRAY	S		ACTIVE		ORDER ENTRY/RESULTS REPORTING	Order Entry Results Reporting
1560	ACKQROES	START	ACKQAG03	1	SINGLE VALUE	R		ACTIVE	3	QUASAR	Quasar
1561	PSB VITAL MEAS FILE	RPC	PSBVITFL	2	ARRAY	P	0	ACTIVE		BAR CODE MED ADMIN	Barcode Medication Administration
1562	ANRV CREATE OUTCOME	MKREC	ANRVOB	2	ARRAY	R		ACTIVE	1	VISUAL IMPAIRMENT SERVICE TEAM	Visual Impairment Service Team
1563	ANRV GET OUTCOME TEXT	GETTXT	ANRVOB	2	ARRAY	R		ACTIVE	1	VISUAL IMPAIRMENT SERVICE TEAM	Visual Impairment Service Team
1564	ANRV GET PT OUTCOMES	GETREC	ANRVOB	2	ARRAY	R		ACTIVE	1	VISUAL IMPAIRMENT SERVICE TEAM	Visual Impairment Service Team
1565	ANRV GET PTALL	LISTALL	ANRVOA	2	ARRAY	R		ACTIVE	1	VISUAL IMPAIRMENT SERVICE TEAM	Visual Impairment Service Team
1566	ANRV GET PTLAST5	LAST5	ANRVOA	2	ARRAY	R		ACTIVE	1	VISUAL IMPAIRMENT SERVICE TEAM	Visual Impairment Service Team
1567	ANRV PTINFO CORE	PINF	ANRVOA	1	SINGLE VALUE	R		ACTIVE	1	VISUAL IMPAIRMENT SERVICE TEAM	Visual Impairment Service Team
1568	ANRV OUTCOME SECTION TEXT	ADDTXT	ANRVOB	2	ARRAY			ACTIVE		VISUAL IMPAIRMENT SERVICE TEAM	Visual Impairment Service Team
1569	ANRV TANRVMESSAGE	SNDTXT	ANRVOB	4	GLOBAL ARRAY	R		ACTIVE		VISUAL IMPAIRMENT SERVICE TEAM	Visual Impairment Service Team
157	ORB FOLLOW-UP STRING	GUI	ORB3FUP1	1	SINGLE VALUE	R		ACTIVE		ORDER ENTRY/RESULTS REPORTING	Order Entry Results Reporting
1570	ANRV SET RECORD STATUS	UPREC	ANRVOB	1	SINGLE VALUE	R		ACTIVE		VISUAL IMPAIRMENT SERVICE TEAM	Visual Impairment Service Team
1571	ANRV TANRVPATIENT	RPC	ANRVOA	4	GLOBAL ARRAY	R	0	ACTIVE		VISUAL IMPAIRMENT SERVICE TEAM	Visual Impairment Service Team
1572	ANRV GUI PARAMETER	RPCA	ANRVOA	4	GLOBAL ARRAY	R		ACTIVE		VISUAL IMPAIRMENT SERVICE TEAM	Visual Impairment Service Team
1573	ANRV TANRVUSER	RPC	ANRVOA	4	GLOBAL ARRAY	R	0	ACTIVE		VISUAL IMPAIRMENT SERVICE TEAM	Visual Impairment Service Team
1574	ANRV FULLSSN	FULLSSN	ANRVOA	2	ARRAY	R		ACTIVE		VISUAL IMPAIRMENT SERVICE TEAM	Visual Impairment Service Team
1575	MPIF CHANGE CMOR	RCCMOR	MPIFRPC	1	SINGLE VALUE	S		ACTIVE	1	MASTER PATIENT INDEX VISTA	Master Patient Index VistA
1576	MPIF SSN DUPS	TOSITE	MPIFDUPS	1	SINGLE VALUE	S		ACTIVE	1	MASTER PATIENT INDEX VISTA	Master Patient Index VistA
1577	MPIF ICN STATS	ICNSTAT	MPIFRPC	2	ARRAY	P		ACTIVE	1	MASTER PATIENT INDEX VISTA	Master Patient Index VistA
1578	MPIF EXT PDAT REMOTE	PATINFO	MPIFEXT2	2	ARRAY	S		ACTIVE	1	MASTER PATIENT INDEX VISTA	Master Patient Index VistA
1579	MPIF INACTIVATE	INACT	MPIFRPC	1	SINGLE VALUE			ACTIVE	1	MASTER PATIENT INDEX VISTA	Master Patient Index VistA
158	ORB DELETE ALERT	DEL	ORB3FUP1	1	SINGLE VALUE	R		ACTIVE		ORDER ENTRY/RESULTS REPORTING	Order Entry Results Reporting
1580	MPIF REMOTE SPI	SPI	MPIFRPC2	2	ARRAY			ACTIVE	1	MASTER PATIENT INDEX VISTA	Master Patient Index VistA
1581	MPIF REMOTE ICN UPDATE	UPDATE	MPIFRPC2	1	SINGLE VALUE			ACTIVE	1	MASTER PATIENT INDEX VISTA	Master Patient Index VistA
1582	MPIF ACK CHECK	EN	MPIFACHK	1	SINGLE VALUE			ACTIVE	1	MASTER PATIENT INDEX VISTA	Master Patient Index VistA
1583	MPIF SEEDING UPDATE	SET	MPIFSEED	1	SINGLE VALUE			ACTIVE	1	MASTER PATIENT INDEX VISTA	Master Patient Index VistA
1584	MPIF SEEDING STATS	STATS	MPIFSEED	2	ARRAY			ACTIVE	1	MASTER PATIENT INDEX VISTA	Master Patient Index VistA
1585	RMIM CONVERT DATE	DTFMT	RMIMRP	2	ARRAY	P		ACTIVE		FUNCTIONAL INDEPENDENCE	Functional Independence
1586	RMIM SEND EMAIL	XM	RMIMRP	2	ARRAY	P		ACTIVE		FUNCTIONAL INDEPENDENCE	Functional Independence
1587	RMIM GET FORM	FRM	RMIMRP	2	ARRAY	P		ACTIVE		FUNCTIONAL INDEPENDENCE	Functional Independence
1588	RMIM GET CASES	LC	RMIMRP	2	ARRAY	P		ACTIVE		FUNCTIONAL INDEPENDENCE	Functional Independence
1589	RMIM GET SELECTED CASE	GC	RMIMRP	2	ARRAY	P		ACTIVE		FUNCTIONAL INDEPENDENCE	Functional Independence
159	ORQPT WARDS	WARD	ORQPTQ2	2	ARRAY	S		ACTIVE		ORDER ENTRY/RESULTS REPORTING	Order Entry Results Reporting
1590	RMIM GET USER INFO	DUZ	RMIMRP	2	ARRAY	P		ACTIVE	1	FUNCTIONAL INDEPENDENCE	Functional Independence
1591	RMIM GET DFN	DFN	RMIMRP	2	ARRAY	P		ACTIVE		FUNCTIONAL INDEPENDENCE	Functional Independence
1592	RMIM FIM PARAMETER	PRM	RMIMRP	2	ARRAY	P		ACTIVE	1	FUNCTIONAL INDEPENDENCE	Functional Independence
1593	RMIM GET PATIENT DME	DME	RMIMRP	2	ARRAY	P		ACTIVE	1	FUNCTIONAL INDEPENDENCE	Functional Independence
1594	RMIM SAVE FSOD	SAV	RMIMRP	1	SINGLE VALUE			ACTIVE		FUNCTIONAL INDEPENDENCE	Functional Independence
1595	RMIM PATIENT LOOKUP	PL	RMIMRP	2	ARRAY	P		ACTIVE		FUNCTIONAL INDEPENDENCE	Functional Independence
1596	RMIM PATIENT INFO	PI	RMIMRP	2	ARRAY	P		ACTIVE		FUNCTIONAL INDEPENDENCE	Functional Independence
1597	RMIM AUTHOR LOOKUP	AL	RMIMRP	2	ARRAY	P		ACTIVE		FUNCTIONAL INDEPENDENCE	Functional Independence
1598	RMIM LOCATION LOOKUP	LL	RMIMRP	2	ARRAY	P		ACTIVE		FUNCTIONAL INDEPENDENCE	Functional Independence
1599	RMIM RESTRICTED RECORD	RRN	RMIMRP	2	ARRAY	P		ACTIVE		FUNCTIONAL INDEPENDENCE	Functional Independence
16	SC FILER	FILEC	SCUTBK	2	ARRAY	P		ACTIVE		SCHEDULING	Scheduling
160	ORB FOLLOW-UP TYPE	TYPE	ORB3FUP1	1	SINGLE VALUE	R		ACTIVE		ORDER ENTRY/RESULTS REPORTING	Order Entry Results Reporting
1600	RMIM VERSION	RPC	RMIMV	2	ARRAY			ACTIVE		FUNCTIONAL INDEPENDENCE	Functional Independence
1601	RMIM CONSULT LIST	CON	RMIMV	4	GLOBAL ARRAY	S		ACTIVE		FUNCTIONAL INDEPENDENCE	Functional Independence
1602	RMIM LOCK PATIENT	PTL	RMIMRP	2	ARRAY			ACTIVE		FUNCTIONAL INDEPENDENCE	Functional Independence
1603	RMIM CHECK DUPLICATE	DUP	RMIMV	2	ARRAY	P		ACTIVE		FUNCTIONAL INDEPENDENCE	Functional Independence
1604	MAGJ LOGOFF	LOGOFF	MAGJUTL3	1	SINGLE VALUE	R		ACTIVE		IMAGING	Imaging
1605	RMPR NPPD LIST	EN	RMPR9LNP	4	GLOBAL ARRAY	A		ACTIVE		PROSTHETICS	Prosthetics
1606	RMPR TRANS LIST	EN	RMPR9S4	2	ARRAY	S	0	ACTIVE		PROSTHETICS	Prosthetics
1607	RMPR PT DEM	EN	RMPR9DEM	2	ARRAY	P	0	ACTIVE		PROSTHETICS	Prosthetics
1608	RMPR PT ADD	EN1	RMPR9DEM	2	ARRAY	P	0	ACTIVE		PROSTHETICS	Prosthetics
1609	RMPR TRANS HISA	EN	RMPR9S7	2	ARRAY	A	0	ACTIVE		PROSTHETICS	Prosthetics
161	ORB FOLLOW-UP ARRAY	GUI	ORB3FUP1	2	ARRAY	R		ACTIVE		ORDER ENTRY/RESULTS REPORTING	Order Entry Results Reporting
1610	RMPR TRANS HOME O2	EN	RMPR9S8	2	ARRAY	S	0	ACTIVE		PROSTHETICS	Prosthetics
1611	RMPR CRITICAL COM	EN	RMPR9S6	2	ARRAY	S	0	ACTIVE		PROSTHETICS	Prosthetics
1612	RMPR DIS LIST	EN	RMPR9DM1	2	ARRAY	S	0	ACTIVE		PROSTHETICS	Prosthetics
1613	RMPR ADD ITEM	EN	RMPR9AI	2	ARRAY	S	0	ACTIVE			
1614	RMPR LAST PT MOVEMENTS	EN	RMPR9LM	2	ARRAY	S	0	ACTIVE		PROSTHETICS	Prosthetics
1615	RMPR VEN ADDRESS	EN1	RMPR9AI	2	ARRAY	S	0	ACTIVE			
1616	RMPR CLINIC ENROLLMENT	EN	RMPR9CE	2	ARRAY	S	0	ACTIVE		PROSTHETICS	Prosthetics
1617	RMPR CPRS DISPLAY	EN	RMPR9EPD	2	ARRAY	S	0	ACTIVE		PROSTHETICS	Prosthetics
1618	RMPR CLINIC LETTER LIST	EN	RMPR9CL	2	ARRAY	S	0	ACTIVE		PROSTHETICS	Prosthetics
1619	RMPR PENDING APPOINTMENTS	EN	RMPR9PA	2	ARRAY	S	0	ACTIVE		PROSTHETICS	Prosthetics
162	ORQOR DETAIL	DETAIL	ORWOR	4	GLOBAL ARRAY	S		ACTIVE		ORDER ENTRY/RESULTS REPORTING	Order Entry Results Reporting
1620	RMPR IFCAP CHECK AUTH	EN1	RMPR9SPC	2	ARRAY	S	0	ACTIVE			
1621	RMPR CLINIC LETTER DISPLAY	EN1	RMPR9CL	2	ARRAY	S	0	ACTIVE		PROSTHETICS	Prosthetics
1622	RMPR TRANS LIST EXPANDED	EN	RMPR9S4E	2	ARRAY	S	0	ACTIVE		PROSTHETICS	Prosthetics
1623	RMPR TRANS HOME O2 RX	EN	RMPR9S8P	2	ARRAY	S	0	ACTIVE		PROSTHETICS	Prosthetics
1624	RMPR VIEW REQ	EN	RMPR9VR	2	ARRAY	S	0	ACTIVE		PROSTHETICS	Prosthetics
1625	RMPR VIEW REQ DESC	EN2	RMPR9VR	2	ARRAY	S	0	ACTIVE		PROSTHETICS	Prosthetics
1626	RMPR VIEW REQ IA NOTE	EN3	RMPR9VR	2	ARRAY	S	0	ACTIVE		PROSTHETICS	Prosthetics
1627	RMPR VIEW REQ COMP NOTE	EN4	RMPR9VR	2	ARRAY	S	0	ACTIVE		PROSTHETICS	Prosthetics
1628	RMPR DOR	EN	RMPR9DO	4	GLOBAL ARRAY	P	0	ACTIVE		PROSTHETICS	Prosthetics
1629	ORIMO IMOLOC	IMOLOC	ORIMO	1	SINGLE VALUE	S		ACTIVE		ORDER ENTRY/RESULTS REPORTING	Order Entry Results Reporting
163	ORQPT DEFAULT LIST SOURCE	DEFSRC	ORQPTQ11	1	SINGLE VALUE	S		ACTIVE		ORDER ENTRY/RESULTS REPORTING	Order Entry Results Reporting
1630	ORIMO IMOOD	IMOOD	ORIMO	1	SINGLE VALUE			ACTIVE		ORDER ENTRY/RESULTS REPORTING	Order Entry Results Reporting
1631	ORWDPS4 IPOD4OP	IPOD4OP	ORWDPS4	1	SINGLE VALUE			ACTIVE		ORDER ENTRY/RESULTS REPORTING	Order Entry Results Reporting
1632	ORWDPS4 UPDTDG	UPDTDG	ORWDPS4	1	SINGLE VALUE			ACTIVE		ORDER ENTRY/RESULTS REPORTING	Order Entry Results Reporting
1633	ORWOR ACTION TEXT	ACTXT	ORWOR	2	ARRAY			ACTIVE		ORDER ENTRY/RESULTS REPORTING	Order Entry Results Reporting
1634	ORQQPXRM GEC DIALOG	GEC	ORQQPXRM	1	SINGLE VALUE	S		ACTIVE		ORDER ENTRY/RESULTS REPORTING	Order Entry Results Reporting
1635	ORWDXR01 CANCHG	CANCHG	ORWDXR01	1	SINGLE VALUE			ACTIVE		ORDER ENTRY/RESULTS REPORTING	Order Entry Results Reporting
1636	ORWDXR01 SAVCHG	SAVCHG	ORWDXR01	2	ARRAY			ACTIVE		ORDER ENTRY/RESULTS REPORTING	Order Entry Results Reporting
1637	ORQQPXRM GEC FINISHED?	GECF	ORQQPXRM	1	SINGLE VALUE			ACTIVE		ORDER ENTRY/RESULTS REPORTING	Order Entry Results Reporting
1638	ORQQPXRM CHECK REM VERSION	REMVER	ORQQPXRM	1	SINGLE VALUE			ACTIVE		ORDER ENTRY/RESULTS REPORTING	Order Entry Results Reporting
1639	ORQQPXRM GEC STATUS PROMPT	GECP	ORQQPXRM	1	SINGLE VALUE			ACTIVE		ORDER ENTRY/RESULTS REPORTING	Order Entry Results Reporting
164	ORWPT ID INFO	IDINFO	ORWPT	1	SINGLE VALUE	A		ACTIVE		ORDER ENTRY/RESULTS REPORTING	Order Entry Results Reporting
1640	ORWDXM3 ISUDQO	ISUDQO	ORWDXM3	1	SINGLE VALUE			ACTIVE		ORDER ENTRY/RESULTS REPORTING	Order Entry Results Reporting
1641	ROR REPORT RETRIEVE	GETXML	RORRP011	2	ARRAY	R		ACTIVE	1	CLINICAL CASE REGISTRIES	Clinical Case Registries
1642	ROR REPORT SCHEDULE	SCHEDREP	RORRP010	2	ARRAY	R		ACTIVE	1	CLINICAL CASE REGISTRIES	Clinical Case Registries
1643	ROR TASK INFO	TASKINFO	RORRP010	2	ARRAY	R		ACTIVE	1	CLINICAL CASE REGISTRIES	Clinical Case Registries
1644	ROR TASK LIST	TASKLIST	RORRP010	4	GLOBAL ARRAY	R		ACTIVE	1	CLINICAL CASE REGISTRIES	Clinical Case Registries
1645	ROR GUI ACCESS	ACREGLST	RORRP013	2	ARRAY	P		ACTIVE	1	CLINICAL CASE REGISTRIES	Clinical Case Registries
1646	ROR TASK DELETE	DELTASK	RORRP010	1	SINGLE VALUE	R		ACTIVE	1	CLINICAL CASE REGISTRIES	Clinical Case Registries
1647	ROR LOG GET LIST	LOGLIST	RORRP007	4	GLOBAL ARRAY	R		ACTIVE	1	CLINICAL CASE REGISTRIES	Clinical Case Registries
1648	ROR LOG GET MESSAGES	MSGLIST	RORRP007	4	GLOBAL ARRAY	R		ACTIVE	1	CLINICAL CASE REGISTRIES	Clinical Case Registries
1649	ROR GUI PARAMETER GET	GETPARM	RORRP038	2	ARRAY	R		ACTIVE	1	CLINICAL CASE REGISTRIES	Clinical Case Registries
165	ORWPT LIST ALL	LISTALL	ORWPT	2	ARRAY			ACTIVE		ORDER ENTRY/RESULTS REPORTING	Order Entry Results Reporting
1650	ROR GUI PARAMETER SET	SETPARM	RORRP038	1	SINGLE VALUE	R		ACTIVE	1	CLINICAL CASE REGISTRIES	Clinical Case Registries
1651	ROR LOG GET ACCESS VIOLATIONS	AVLIST	RORRP013	4	GLOBAL ARRAY	A		ACTIVE	1	CLINICAL CASE REGISTRIES	Clinical Case Registries
1652	ROR LIST REGISTRY USERS	USERLIST	RORRP013	4	GLOBAL ARRAY	P		ACTIVE	1	CLINICAL CASE REGISTRIES	Clinical Case Registries
1653	ROR GET REGISTRY INFO	REGINFO	RORRP014	2	ARRAY	P		ACTIVE	1	CLINICAL CASE REGISTRIES	Clinical Case Registries
1654	ROR REPORTS AVAILABLE	RPAVAIL	RORRP011	2	ARRAY	R		ACTIVE	1	CLINICAL CASE REGISTRIES	Clinical Case Registries
1655	ROR LIST DIVISIONS	DIVLIST	RORRP015	4	GLOBAL ARRAY	R		ACTIVE	1	CLINICAL CASE REGISTRIES	Clinical Case Registries
1656	ROR LIST HOSPITAL LOCATIONS	HLOCLIST	RORRP015	4	GLOBAL ARRAY	R		ACTIVE	1	CLINICAL CASE REGISTRIES	Clinical Case Registries
1658	ROR LIST VA DRUG CLASSES	VACLSLST	RORRP017	4	GLOBAL ARRAY	R		ACTIVE	1	CLINICAL CASE REGISTRIES	Clinical Case Registries
1659	ROR LIST LABORATORY TESTS	LABTLIST	RORRP018	4	GLOBAL ARRAY	R		ACTIVE	1	CLINICAL CASE REGISTRIES	Clinical Case Registries
166	ORWUH POPUP	POPUP	ORWUH	2	ARRAY			ACTIVE		ORDER ENTRY/RESULTS REPORTING	Order Entry Results Reporting
1660	ROR LOG INFO	LOGINFO	RORRP007	2	ARRAY	R		ACTIVE	1	CLINICAL CASE REGISTRIES	Clinical Case Registries
1661	ROR REPORT STYLESHEET	GETXSL	RORRP011	4	GLOBAL ARRAY	R		ACTIVE	1	CLINICAL CASE REGISTRIES	Clinical Case Registries
1662	ROR TASK VALIDATE RESCHEDULING	VALIDSCH	RORRP012	2	ARRAY	P		ACTIVE	1	CLINICAL CASE REGISTRIES	Clinical Case Registries
1663	ROR LIST PATIENTS	PTLIST	RORRP019	4	GLOBAL ARRAY	R		ACTIVE	1	CLINICAL CASE REGISTRIES	Clinical Case Registries
1664	ROR PATIENT SELECTION RULES	PTRULES	RORRP022	2	ARRAY	R		ACTIVE	1	CLINICAL CASE REGISTRIES	Clinical Case Registries
1665	ROR LIST ITEMS	LSTITEMS	RORRP012	2	ARRAY	A		ACTIVE	1	CLINICAL CASE REGISTRIES	Clinical Case Registries
1666	ROR LIST COORDINATORS	RCLIST	RORRP023	4	GLOBAL ARRAY	P		ACTIVE	1	CLINICAL CASE REGISTRIES	Clinical Case Registries
1667	ROR UPDATE COORDINATORS	RCLUPD	RORRP023	2	ARRAY	R		ACTIVE	1	CLINICAL CASE REGISTRIES	Clinical Case Registries
1668	ROR LIST VISTA USERS	USERLIST	RORRP024	4	GLOBAL ARRAY	R		ACTIVE	1	CLINICAL CASE REGISTRIES	Clinical Case Registries
1669	RORICR CDC LOAD	LOADCDC	RORRP025	2	ARRAY	R		ACTIVE	1	CLINICAL CASE REGISTRIES	Clinical Case Registries
167	ORWLR CUMULATIVE REPORT	CUM	ORWLR	4	GLOBAL ARRAY	S		ACTIVE		ORDER ENTRY/RESULTS REPORTING	Order Entry Results Reporting
1670	ROR LIST STATES	STATELST	RORRP029	4	GLOBAL ARRAY	R		ACTIVE	1	CLINICAL CASE REGISTRIES	Clinical Case Registries
1671	RORICR CDC SAVE	SAVECDC	RORRP027	2	ARRAY	R		ACTIVE	1	CLINICAL CASE REGISTRIES	Clinical Case Registries
1672	ROR GET USER INFO	USERINFO	RORRP024	2	ARRAY	R		ACTIVE	1	CLINICAL CASE REGISTRIES	Clinical Case Registries
1673	ROR PATIENT GET DATA	GETPTDAT	RORRP021	2	ARRAY	R		ACTIVE	1	CLINICAL CASE REGISTRIES	Clinical Case Registries
1674	NUPA WP GET	WPGET	NUPABCL	4	GLOBAL ARRAY			ACTIVE		PATIENT ASSESSMENT DOCUMENTATION	Patient Assessment Documentation
1675	ROR PATIENT DELETE	DELETE	RORRP030	2	ARRAY	R		ACTIVE	1	CLINICAL CASE REGISTRIES	Clinical Case Registries
1676	ROR LIST LOCAL LAB TESTS	LTLIST	RORRP031	4	GLOBAL ARRAY	A		ACTIVE	1	CLINICAL CASE REGISTRIES	Clinical Case Registries
1677	ROR UPDATE LOCAL LAB TESTS	LTLUPD	RORRP031	2	ARRAY	R		ACTIVE	1	CLINICAL CASE REGISTRIES	Clinical Case Registries
1678	ROR LIST LOCAL DRUGS	LDLIST	RORRP032	4	GLOBAL ARRAY	A		ACTIVE	1	CLINICAL CASE REGISTRIES	Clinical Case Registries
1679	ROR UPDATE LOCAL DRUGS	LDLUPD	RORRP032	2	ARRAY	R		ACTIVE	1	CLINICAL CASE REGISTRIES	Clinical Case Registries
168	ORQQVS VISITS/APPTS	VSITAPPT	ORQQVS	2	ARRAY	S		ACTIVE		ORDER ENTRY/RESULTS REPORTING	Order Entry Results Reporting
1680	ROR LIST DRUGS	DRUGLIST	RORRP017	4	GLOBAL ARRAY	R		ACTIVE	1	CLINICAL CASE REGISTRIES	Clinical Case Registries
1681	RORICR PATIENT LOAD	LOAD	RORRP033	4	GLOBAL ARRAY	R		ACTIVE	1	CLINICAL CASE REGISTRIES	Clinical Case Registries
1682	RORICR PATIENT SAVE	SAVE	RORRP034	2	ARRAY	R		ACTIVE	1	CLINICAL CASE REGISTRIES	Clinical Case Registries
1683	NUPA WP SET	WPSET	NUPABCL	1	SINGLE VALUE			ACTIVE		PATIENT ASSESSMENT DOCUMENTATION	Patient Assessment Documentation
1684	RORICR CDC CANCEL	CANCEL	RORRP027	2	ARRAY	R		ACTIVE	1	CLINICAL CASE REGISTRIES	Clinical Case Registries
1685	ROR LIST GENERIC DRUGS	GDLIST	RORRP035	4	GLOBAL ARRAY	A		ACTIVE	1	CLINICAL CASE REGISTRIES	Clinical Case Registries
1686	ORWPS REASON	REASON	ORWPS	2	ARRAY			ACTIVE		ORDER ENTRY/RESULTS REPORTING	Order Entry Results Reporting
1687	ORWDPS5 ISVTP	ISVTP	ORWDPS5	1	SINGLE VALUE			ACTIVE		ORDER ENTRY/RESULTS REPORTING	Order Entry Results Reporting
1688	ORWDBA1 ORPKGTYP	ORPKGTYP	ORWDBA1	2	ARRAY			ACTIVE		ORDER ENTRY/RESULTS REPORTING	Order Entry Results Reporting
1689	ORWDBA1 RCVORCI	RCVORCI	ORWDBA1	1	SINGLE VALUE			ACTIVE		ORDER ENTRY/RESULTS REPORTING	Order Entry Results Reporting
169	ORQQPP LIST	LIST	ORQQPP	2	ARRAY	S		ACTIVE		ORDER ENTRY/RESULTS REPORTING	Order Entry Results Reporting
1690	ORWDAL32 SEND BULLETIN	SENDBULL	ORWDAL32	1	SINGLE VALUE			ACTIVE		ORDER ENTRY/RESULTS REPORTING	Order Entry Results Reporting
1691	ORWDXR01 ISSPLY	ISSPLY	ORWDXR01	1	SINGLE VALUE			ACTIVE		ORDER ENTRY/RESULTS REPORTING	Order Entry Results Reporting
1692	ORWDBA1 SCLST	SCLST	ORWDBA1	2	ARRAY			ACTIVE		ORDER ENTRY/RESULTS REPORTING	Order Entry Results Reporting
1693	ORWDXR01 OXDATA	OXDATA	ORWDXR01	1	SINGLE VALUE			ACTIVE		ORDER ENTRY/RESULTS REPORTING	Order Entry Results Reporting
1694	ORWDBA1 BASTATUS	BASTATUS	ORWDBA1	1	SINGLE VALUE	P	0	ACTIVE	1	ORDER ENTRY/RESULTS REPORTING	Order Entry Results Reporting
1695	ORWORB SETSORT	SETSORT	ORWORB	1	SINGLE VALUE			ACTIVE		ORDER ENTRY/RESULTS REPORTING	Order Entry Results Reporting
1696	ORWORB GETSORT	GETSORT	ORWORB	1	SINGLE VALUE			ACTIVE		ORDER ENTRY/RESULTS REPORTING	Order Entry Results Reporting
1697	ORWOR EXPIRED	EXPIRED	ORWOR	1	SINGLE VALUE			ACTIVE		ORDER ENTRY/RESULTS REPORTING	Order Entry Results Reporting
1698	ORPRF HASCAT1	HASCAT1	ORPRF	2	ARRAY			ACTIVE		ORDER ENTRY/RESULTS REPORTING	Order Entry Results Reporting
1699	ORWDPS32 AUTHNVA	AUTHNVA	ORWDPS32	1	SINGLE VALUE			ACTIVE		ORDER ENTRY/RESULTS REPORTING	Order Entry Results Reporting
17	SC DELETE ENTRY	DIKC	SCUTBK1	1	SINGLE VALUE	P		ACTIVE		SCHEDULING	Scheduling
170	ORQPT WARDRMBED	WRB	ORQPTQ3	1	SINGLE VALUE	S		ACTIVE		ORDER ENTRY/RESULTS REPORTING	Order Entry Results Reporting
1700	TIU GET DOCUMENTS FOR REQUEST	GETDOCS	TIUSRVLR	4	GLOBAL ARRAY	S		ACTIVE		TEXT INTEGRATION UTILITIES	Text Integration Utility
1701	TIU IS THIS A SURGERY?	ISSURG	TIUSROI	1	SINGLE VALUE	S		ACTIVE		TEXT INTEGRATION UTILITIES	Text Integration Utility
1702	TIU IDENTIFY SURGERY CLASS	SURGCLAS	TIUSRVD	1	SINGLE VALUE	S		ACTIVE		TEXT INTEGRATION UTILITIES	Text Integration Utility
1703	TIU LONG LIST SURGERY TITLES	LNGSURG	TIUSRVD	2	ARRAY	S		ACTIVE		TEXT INTEGRATION UTILITIES	Text Integration Utility
1704	DVBAB TEMPLATE DEFINITION	DEFINE	DVBABFRM	4	GLOBAL ARRAY	S		ACTIVE		AUTOMATED MED INFO EXCHANGE	Automated Medical Information Exchange
1705	DVBAB NOTE TITLES	NOTETL	DVBABTIU	2	ARRAY	S		ACTIVE		AUTOMATED MED INFO EXCHANGE	Automated Medical Information Exchange
1706	DVBAB GET VISIT INFO	VISIT	DVBABTIU	1	SINGLE VALUE			ACTIVE		AUTOMATED MED INFO EXCHANGE	Automated Medical Information Exchange
1709	MPIF CMOR PUSH REMOTE	EN	MPIFRCMP	1	SINGLE VALUE	S		ACTIVE	1	MASTER PATIENT INDEX VISTA	Master Patient Index VistA
171	ORQQPX IMMUN LIST	IMMLIST	ORQQPX	2	ARRAY	S		ACTIVE		ORDER ENTRY/RESULTS REPORTING	Order Entry Results Reporting
1710	ORWGN GNLOC	GNLOC	ORWGN	2	ARRAY			ACTIVE		ORDER ENTRY/RESULTS REPORTING	Order Entry Results Reporting
1711	ORWGN AUTHUSR	AUTHUSR	ORWGN	1	SINGLE VALUE			ACTIVE		ORDER ENTRY/RESULTS REPORTING	Order Entry Results Reporting
1712	PSB MED LOG LOOKUP	RPC	PSBMLLKU	2	ARRAY	P	0	ACTIVE	3	BAR CODE MED ADMIN	Barcode Medication Administration
1713	NUPA RUN OBJECT (>1 LINE)	RUNMANY	NUPABCL1	4	GLOBAL ARRAY			ACTIVE		PATIENT ASSESSMENT DOCUMENTATION	Patient Assessment Documentation
1714	NUPA USER CLASS	UC	NUPABCL1	1	SINGLE VALUE			ACTIVE		PATIENT ASSESSMENT DOCUMENTATION	Patient Assessment Documentation
1715	VEJDWPB GET SCHED APPTS	APPT	VEJDVST1	4	GLOBAL ARRAY	A		ACTIVE		VENDOR - DOCUMENT STORAGE SYS	Vendor - Document Storage Systems
1716	VEJDWPB GET VISITS/APPOINTMENT	VSIT	VEJDVST2	4	GLOBAL ARRAY	A		ACTIVE		VENDOR - DOCUMENT STORAGE SYS	Vendor - Document Storage Systems
1717	VEJDWPB GET SC CONDITIONS	SCCOND	VEJDVST	1	SINGLE VALUE	A		ACTIVE		VENDOR - DOCUMENT STORAGE SYS	Vendor - Document Storage Systems
1718	VEJDWPB ADD PROBLEM	CREATE	VEJDWPB0	1	SINGLE VALUE	A		ACTIVE		VENDOR - DOCUMENT STORAGE SYS	Vendor - Document Storage Systems
1719	VEJDWPB UPDATE PROBLEM	UPDATE	VEJDWPB0	1	SINGLE VALUE	A		ACTIVE		VENDOR - DOCUMENT STORAGE SYS	Vendor - Document Storage Systems
172	ORQOR LIST	LIST	ORQOR1	2	ARRAY	S		ACTIVE		ORDER ENTRY/RESULTS REPORTING	Order Entry Results Reporting
1720	VEJDWPB GET VISITS ONLY	VS	VEJDVST2	4	GLOBAL ARRAY	A		ACTIVE		VENDOR - DOCUMENT STORAGE SYS	Vendor - Document Storage Systems
1721	VEJD DDR FINDER	FIND	VEJDDDR0	4	GLOBAL ARRAY	A		ACTIVE		VENDOR - DOCUMENT STORAGE SYS	Vendor - Document Storage Systems
1722	VEJD DDR GETS ENTRY DATA	GET	VEJDDDR0	4	GLOBAL ARRAY	A		ACTIVE		VENDOR - DOCUMENT STORAGE SYS	Vendor - Document Storage Systems
1723	VEJD DDR LISTER	LIST	VEJDDDR0	4	GLOBAL ARRAY	A		ACTIVE		VENDOR - DOCUMENT STORAGE SYS	Vendor - Document Storage Systems
1724	VEJD DDR WP FILER	WP	VEJDDDR0	2	ARRAY	A		ACTIVE		VENDOR - DOCUMENT STORAGE SYS	Vendor - Document Storage Systems
1725	VEJD DDR DELETE ENTRY	KILL	VEJDDDR0	2	ARRAY	A		ACTIVE		VENDOR - DOCUMENT STORAGE SYS	Vendor - Document Storage Systems
1726	VEJD DDR UPDATE FILE	UPDATE	VEJDDDR0	2	ARRAY	A		ACTIVE		VENDOR - DOCUMENT STORAGE SYS	Vendor - Document Storage Systems
1727	VEJD DDR FILER	FILE	VEJDDDR0	2	ARRAY	A		ACTIVE		VENDOR - DOCUMENT STORAGE SYS	Vendor - Document Storage Systems
1728	VEJD DDR UPDATE SUBFILE	UPDATE1	VEJDDDR0	2	ARRAY	A		ACTIVE		VENDOR - DOCUMENT STORAGE SYS	Vendor - Document Storage Systems
1729	DSIC XUTIL NAME COMPONENT	NAMECOM	DSICDPT	1	SINGLE VALUE	A		ACTIVE		VA CERTIFIED COMPONENTS - DSSI	VA Certified Components - DSSI
173	ORQQLR DETAIL	DETAIL	ORQQLR	2	ARRAY	S		ACTIVE		ORDER ENTRY/RESULTS REPORTING	Order Entry Results Reporting
1730	DSIC FM DINUM	DINUM	DSICFM02	1	SINGLE VALUE	A		ACTIVE		VA CERTIFIED COMPONENTS - DSSI	VA Certified Components - DSSI
1731	DSIC DPT GET DEMO	DEM	DSICDPT	2	ARRAY	A		ACTIVE		VA CERTIFIED COMPONENTS - DSSI	VA Certified Components - DSSI
1732	DSIC DDR FILER	FILE	DSICDDR0	2	ARRAY	A		ACTIVE		VA CERTIFIED COMPONENTS - DSSI	VA Certified Components - DSSI
1733	DSIC DDR FINDER	FIND	DSICDDR0	4	GLOBAL ARRAY	A		ACTIVE		VA CERTIFIED COMPONENTS - DSSI	VA Certified Components - DSSI
1734	DSIC DDR GETS ENTRY DATA	GET	DSICDDR0	4	GLOBAL ARRAY	A		ACTIVE		VA CERTIFIED COMPONENTS - DSSI	VA Certified Components - DSSI
1735	DSIC DDR LISTER	LIST	DSICDDR0	4	GLOBAL ARRAY	A		ACTIVE		VA CERTIFIED COMPONENTS - DSSI	VA Certified Components - DSSI
1736	DSIC DDR DELETE ENTRY	KILL	DSICDDR0	2	ARRAY	A		ACTIVE		VA CERTIFIED COMPONENTS - DSSI	VA Certified Components - DSSI
1737	DSIC DDR UPDATE FILE	UPDATE	DSICDDR0	2	ARRAY	A		ACTIVE		VA CERTIFIED COMPONENTS - DSSI	VA Certified Components - DSSI
1738	DSIC DDR UPDATE SUBFILE	UPDATE1	DSICDDR0	2	ARRAY	A		ACTIVE		VA CERTIFIED COMPONENTS - DSSI	VA Certified Components - DSSI
1739	DSIC DDR WP FILER	WP	DSICDDR0	2	ARRAY	A		ACTIVE		VA CERTIFIED COMPONENTS - DSSI	VA Certified Components - DSSI
174	ORQQVS DETAIL NOTES	DETNOTE	ORQQVS	2	ARRAY	S		ACTIVE		ORDER ENTRY/RESULTS REPORTING	Order Entry Results Reporting
1740	DSIC DDVG XLATE IDX2DATA	XLATE1	DSICDDR4	2	ARRAY	A		ACTIVE		VA CERTIFIED COMPONENTS - DSSI	VA Certified Components - DSSI
1741	DSIC DDVG XLATE DATA2IDX	XLATE2	DSICDDR4	2	ARRAY	A		ACTIVE		VA CERTIFIED COMPONENTS - DSSI	VA Certified Components - DSSI
1742	DSIC DM GET STATUS	STATUS	DSICDM	4	GLOBAL ARRAY	A		ACTIVE		VA CERTIFIED COMPONENTS - DSSI	VA Certified Components - DSSI
1743	DSIC DM ADD/DELETE QUEUE	UPD	DSICDM	1	SINGLE VALUE	A		ACTIVE		VA CERTIFIED COMPONENTS - DSSI	VA Certified Components - DSSI
1744	DSIC GET SC CONDITIONS	SCCND	DSICVT1	1	SINGLE VALUE	A		ACTIVE		VA CERTIFIED COMPONENTS - DSSI	VA Certified Components - DSSI
1745	DSIC GET SCHED APPTS	APPT	DSICVT0	4	GLOBAL ARRAY	A		ACTIVE		VA CERTIFIED COMPONENTS - DSSI	VA Certified Components - DSSI
1746	DSIC GET VISITS/APPOINTMENT	VSIT	DSICVT0	4	GLOBAL ARRAY	A		ACTIVE		VA CERTIFIED COMPONENTS - DSSI	VA Certified Components - DSSI
1747	DSIC GET VISITS ONLY	VST	DSICVT0	4	GLOBAL ARRAY	A		ACTIVE		VA CERTIFIED COMPONENTS - DSSI	VA Certified Components - DSSI
1748	DSIC ADD PROBLEM	CREATE	DSICPL	1	SINGLE VALUE	A		ACTIVE		VA CERTIFIED COMPONENTS - DSSI	VA Certified Components - DSSI
1749	DSIC UPDATE PROBLEM	UPDATE	DSICPL	1	SINGLE VALUE	A		ACTIVE		VA CERTIFIED COMPONENTS - DSSI	VA Certified Components - DSSI
175	ORQQVS DETAIL SUMMARY	DETSUM	ORQQVS	2	ARRAY	S		ACTIVE		ORDER ENTRY/RESULTS REPORTING	Order Entry Results Reporting
1750	DSIC SEND MAIL MSG	SEND	DSICXM	1	SINGLE VALUE	A		ACTIVE		VA CERTIFIED COMPONENTS - DSSI	VA Certified Components - DSSI
1751	DSIC SEND ALERT	SEND	DSICXQA	1	SINGLE VALUE	A		ACTIVE		VA CERTIFIED COMPONENTS - DSSI	VA Certified Components - DSSI
1752	DSIC XPAR ADD	ADD	DSICXPR	1	SINGLE VALUE	A		ACTIVE		VA CERTIFIED COMPONENTS - DSSI	VA Certified Components - DSSI
1753	DSIC XPAR EDIT	CHG	DSICXPR	1	SINGLE VALUE	A		ACTIVE		VA CERTIFIED COMPONENTS - DSSI	VA Certified Components - DSSI
1754	DSIC XPAR DEL	DEL	DSICXPR	1	SINGLE VALUE	A		ACTIVE		VA CERTIFIED COMPONENTS - DSSI	VA Certified Components - DSSI
1755	DSIC XPAR DEL ALL	DELALL	DSICXPR	1	SINGLE VALUE	A		ACTIVE		VA CERTIFIED COMPONENTS - DSSI	VA Certified Components - DSSI
1756	DSIC XPAR GET ALL FOR ENT	GET	DSICXPR	2	ARRAY	A		ACTIVE		VA CERTIFIED COMPONENTS - DSSI	VA Certified Components - DSSI
1757	DSIC XPAR GET VALUE	GET1	DSICXPR	1	SINGLE VALUE	A		ACTIVE		VA CERTIFIED COMPONENTS - DSSI	VA Certified Components - DSSI
1758	DSIC XPAR GET ALL	GETALL	DSICXPR	4	GLOBAL ARRAY	A		ACTIVE		VA CERTIFIED COMPONENTS - DSSI	VA Certified Components - DSSI
1759	DSIC XPAR REPLACE INST	REPL	DSICXPR	1	SINGLE VALUE	A		ACTIVE		VA CERTIFIED COMPONENTS - DSSI	VA Certified Components - DSSI
176	ORQQPS DETAIL	DETAIL	ORQQPS	2	ARRAY	S		ACTIVE		ORDER ENTRY/RESULTS REPORTING	Order Entry Results Reporting
1760	DSIC SR LIST	LISTSR	DSICSRPT	2	ARRAY	A		ACTIVE		VA CERTIFIED COMPONENTS - DSSI	VA Certified Components - DSSI
1761	DSIC SR DETAIL	DETAILSR	DSICSRPT	2	ARRAY	A		ACTIVE		VA CERTIFIED COMPONENTS - DSSI	VA Certified Components - DSSI
1762	DSIC FM FILER	FILE	DSICFM04	2	ARRAY	A		ACTIVE		VA CERTIFIED COMPONENTS - DSSI	VA Certified Components - DSSI
1763	DSIC DATE CONVERT	CNVT	DSICDT	1	SINGLE VALUE	A		ACTIVE		VA CERTIFIED COMPONENTS - DSSI	VA Certified Components - DSSI
1764	DSIC XPD LAST INSTALL	RLAST	DSICXPDU	1	SINGLE VALUE	A		ACTIVE		VA CERTIFIED COMPONENTS - DSSI	VA Certified Components - DSSI
1765	DSIC XPD PATCH	PATCH	DSICXPDU	1	SINGLE VALUE	A		ACTIVE		VA CERTIFIED COMPONENTS - DSSI	VA Certified Components - DSSI
1766	DSIC XPD VERSION	VERSION	DSICXPDU	1	SINGLE VALUE	A		ACTIVE		VA CERTIFIED COMPONENTS - DSSI	VA Certified Components - DSSI
1767	DSIC USER DEF DIV	DIV	DSICDUZ	1	SINGLE VALUE	A		ACTIVE		VA CERTIFIED COMPONENTS - DSSI	VA Certified Components - DSSI
1768	DSIC PX IMMUN LIST	IMMLIST	DSICPX1	2	ARRAY	A		ACTIVE		VA CERTIFIED COMPONENTS - DSSI	VA Certified Components - DSSI
1769	DSIC CPT ACTIVE/VALIDATE	ACTIVE	DSICCPT	1	SINGLE VALUE	A		ACTIVE		VA CERTIFIED COMPONENTS - DSSI	VA Certified Components - DSSI
177	ORB SORT METHOD	SORT	ORQORB	1	SINGLE VALUE	S		ACTIVE		ORDER ENTRY/RESULTS REPORTING	Order Entry Results Reporting
1770	DSIC CPT GET CODE	CPT	DSICCPT	1	SINGLE VALUE	A		ACTIVE		VA CERTIFIED COMPONENTS - DSSI	VA Certified Components - DSSI
1771	DSIC CPT GET DETAIL DESC	CPTD	DSICCPT	2	ARRAY	A		ACTIVE		VA CERTIFIED COMPONENTS - DSSI	VA Certified Components - DSSI
1772	DSIC CPT GET MODIFIER LIST	CODM	DSICCPT	2	ARRAY	A		ACTIVE		VA CERTIFIED COMPONENTS - DSSI	VA Certified Components - DSSI
1773	DSIC CPT GET MODIFIER	MOD	DSICCPT	1	SINGLE VALUE	A		ACTIVE		VA CERTIFIED COMPONENTS - DSSI	VA Certified Components - DSSI
1774	DSIC CPT MOD PAIR	MODP	DSICCPT	1	SINGLE VALUE	A		ACTIVE		VA CERTIFIED COMPONENTS - DSSI	VA Certified Components - DSSI
1775	DSIC ICD9 ACTIVE	ACTICD	DSICDRG	1	SINGLE VALUE	A		ACTIVE		VA CERTIFIED COMPONENTS - DSSI	VA Certified Components - DSSI
1776	DSIC ICD9 GET DIAGNOSIS	ICD9	DSICDRG	1	SINGLE VALUE	A		ACTIVE		VA CERTIFIED COMPONENTS - DSSI	VA Certified Components - DSSI
1777	DSIC XPAR GET WP	GETWP	DSICXPR	2	ARRAY	A		ACTIVE		VA CERTIFIED COMPONENTS - DSSI	VA Certified Components - DSSI
1778	DSIC XPAR MULT ACTION	MULT	DSICXPR	2	ARRAY	A		ACTIVE		VA CERTIFIED COMPONENTS - DSSI	VA Certified Components - DSSI
1779	DSIC XIP	ZIPCODE	DSICXIP	1	SINGLE VALUE	A		ACTIVE		VA CERTIFIED COMPONENTS - DSSI	VA Certified Components - DSSI
178	ORQQXMB MAIL GROUPS	MAILG	ORQQXQA	2	ARRAY	R		ACTIVE		ORDER ENTRY/RESULTS REPORTING	Order Entry Results Reporting
1780	DSIC ICD9 GET LIST	LIST	DSICDRG	4	GLOBAL ARRAY	A		ACTIVE		VA CERTIFIED COMPONENTS - DSSI	VA Certified Components - DSSI
1781	DSIC PX GET VISIT INFO	VSTALL	DSICPX2	4	GLOBAL ARRAY	A		ACTIVE		VA CERTIFIED COMPONENTS - DSSI	VA Certified Components - DSSI
1782	DSIC DM CHECK	IMPCK	DSICDM	1	SINGLE VALUE	A		ACTIVE		VA CERTIFIED COMPONENTS - DSSI	VA Certified Components - DSSI
1783	DSIC PX PRIMARY	PCE	DSICPX2	1	SINGLE VALUE	A		ACTIVE		VA CERTIFIED COMPONENTS - DSSI	VA Certified Components - DSSI
1784	DSIC VA DEFAULT SITE	SITE	DSICVA	1	SINGLE VALUE	A		ACTIVE		VA CERTIFIED COMPONENTS - DSSI	VA Certified Components - DSSI
1785	DSIC FM GET FIELD ATTRIB	FIELD	DSICFM06	2	ARRAY	A		ACTIVE		VA CERTIFIED COMPONENTS - DSSI	VA Certified Components - DSSI
1786	DSIC FM EXTERNAL	EXTERNAL	DSICFM06	1	SINGLE VALUE	A		ACTIVE		VA CERTIFIED COMPONENTS - DSSI	VA Certified Components - DSSI
1787	DSIC FM VERIFY FILE	VFILE	DSICFM06	1	SINGLE VALUE	A		ACTIVE		VA CERTIFIED COMPONENTS - DSSI	VA Certified Components - DSSI
1788	DSIC FM VERIFY FIELD	VFIELD	DSICFM06	1	SINGLE VALUE	A		ACTIVE		VA CERTIFIED COMPONENTS - DSSI	VA Certified Components - DSSI
1789	DSIC WARD PTF SPECIALTY	SPEC	DSICDGW	1	SINGLE VALUE	A		ACTIVE		VA CERTIFIED COMPONENTS - DSSI	VA Certified Components - DSSI
179	ORQPT ATTENDING/PRIMARY	ATTPRIM	ORQPTQ3	1	SINGLE VALUE	S		ACTIVE		ORDER ENTRY/RESULTS REPORTING	Order Entry Results Reporting
1790	DSIC DPT INP INFO	IN	DSICDPT	2	ARRAY	A		ACTIVE		VA CERTIFIED COMPONENTS - DSSI	VA Certified Components - DSSI
1791	DSIC DPT INP INFO BRIEF	INQ	DSICDPT	1	SINGLE VALUE	A		ACTIVE		VA CERTIFIED COMPONENTS - DSSI	VA Certified Components - DSSI
1792	DSIC ACTIVE USER	ACT	DSICDUZ	1	SINGLE VALUE	A		ACTIVE		VA CERTIFIED COMPONENTS - DSSI	VA Certified Components - DSSI
1793	DSIC FM LIST	LIST	DSICFM05	4	GLOBAL ARRAY	A		ACTIVE		VA CERTIFIED COMPONENTS - DSSI	VA Certified Components - DSSI
1794	DSIC ACTIVE USER LIST	LIST	DSICDUZ	4	GLOBAL ARRAY	A		ACTIVE		VA CERTIFIED COMPONENTS - DSSI	VA Certified Components - DSSI
1795	DSIC FM FIND	FIND	DSICFM05	4	GLOBAL ARRAY	A		ACTIVE		VA CERTIFIED COMPONENTS - DSSI	VA Certified Components - DSSI
1796	DENTV MULT PARAM	MULT	DENTVRX1	4	GLOBAL ARRAY	A		ACTIVE		DENTAL	Dental
1797	DENTV INPATIENT BEDSECTION	INP	DENTVRP1	1	SINGLE VALUE	A		ACTIVE		DENTAL	Dental
1798	DSIC ACTIVE PERSON CLASS	PER	DSICDUZ	1	SINGLE VALUE	A		ACTIVE		VA CERTIFIED COMPONENTS - DSSI	VA Certified Components - DSSI
1799	DENTV FEE BASIS ADD	ADD	DENTVFB	1	SINGLE VALUE	A		ACTIVE		DENTAL	Dental
18	SC FIND	FINDC	SCUTBK2	2	ARRAY	P		ACTIVE		SCHEDULING	Scheduling
180	ORWD DEF	DEF	ORWD	2	ARRAY			ACTIVE		ORDER ENTRY/RESULTS REPORTING	Order Entry Results Reporting
1800	DENTV FEE BASIS LIST	LIST	DENTVFB	2	ARRAY	A		ACTIVE		DENTAL	Dental
1801	DENTV TP FILE PSR	PSR	DENTVTP4	1	SINGLE VALUE	A		ACTIVE		DENTAL	Dental
1802	DENTV TP FILE PERIO	PER	DENTVTP4	1	SINGLE VALUE	A		ACTIVE		DENTAL	Dental
1803	DENTV TP FILE HNC	HNC	DENTVTP4	2	ARRAY	A		ACTIVE		DENTAL	Dental
1804	DENTV TP ADD ENCOUNTER	ADD	DENTVTP2	1	SINGLE VALUE	A		ACTIVE		DENTAL	Dental
1805	DENTV TP GET ADA TABLE	ADA	DENTVTP1	4	GLOBAL ARRAY	A		ACTIVE		DENTAL	Dental
1806	DENTV TP GET PROVIDERS	PROV	DENTVTP1	2	ARRAY	A		ACTIVE		DENTAL	Dental
1807	DENTV TP FILE TOOTH NOTE	NOTE	DENTVTP6	2	ARRAY	A		ACTIVE		DENTAL	Dental
1808	DENTV TP GET TOOTH NOTES	GET	DENTVTP6	4	GLOBAL ARRAY	A		ACTIVE		DENTAL	Dental
1809	DENTV TP GET HNC	HNC	DENTVTP3	4	GLOBAL ARRAY	A		ACTIVE		DENTAL	Dental
181	ORQ NULL LIST	NLIST	ORQPTQ2	2	ARRAY	S		ACTIVE		ORDER ENTRY/RESULTS REPORTING	Order Entry Results Reporting
1810	DENTV TP GET PSR	PSR	DENTVTP3	4	GLOBAL ARRAY	A		ACTIVE		DENTAL	Dental
1811	DENTV TP GET PERIO	PERIO	DENTVTP3	4	GLOBAL ARRAY	A		ACTIVE		DENTAL	Dental
1812	DENTV TP FILE TRANSACTIONS	FILE	DENTVTPA	2	ARRAY	A		ACTIVE		DENTAL	Dental
1813	DENTV DELETE TRANSACTIONS	DELT	DENTVRHD	1	SINGLE VALUE	A		ACTIVE		DENTAL	Dental
1814	DENTV TP GET TRANSACTIONS	TXN	DENTVTP5	4	GLOBAL ARRAY	A		ACTIVE		DENTAL	Dental
1815	DENTV REPORT PROVIDERS	PROV	DENTVAU	2	ARRAY	A		ACTIVE		DENTAL	Dental
1816	DENTV REPORT DATA	RPT	DENTVAU	4	GLOBAL ARRAY	A		ACTIVE		DENTAL	Dental
1817	DENTV GET ALL PROVIDERS	PROV	DENTVRP5	4	GLOBAL ARRAY	A		ACTIVE		DENTAL	Dental
1818	DENTV GET PROVIDER TYPES	TYPE	DENTVRP5	2	ARRAY	A		ACTIVE		DENTAL	Dental
1819	DENTV GET PROVIDER SPECIALTIES	SPEC	DENTVRP5	2	ARRAY	A		ACTIVE		DENTAL	Dental
182	ORQQLR SEARCH RANGE OUTPT	SROUT	ORQQLR	1	SINGLE VALUE	S		ACTIVE		ORDER ENTRY/RESULTS REPORTING	Order Entry Results Reporting
1820	DENTV PROVIDER ADD UPDATE	EDIT	DENTVRP5	1	SINGLE VALUE	A		ACTIVE		DENTAL	Dental
1821	DENTV NEW EXTRACT	Q	DENTVRP8	1	SINGLE VALUE	A		ACTIVE		DENTAL	Dental
1822	DSIC PX GET SELECTED VISITS	SEL	DSICPX3	4	GLOBAL ARRAY	A		ACTIVE		VA CERTIFIED COMPONENTS - DSSI	VA Certified Components - DSSI
1823	DSIC PX GET VISIT INFO2	LOOK	DSICPX3	2	ARRAY	A		ACTIVE		VA CERTIFIED COMPONENTS - DSSI	VA Certified Components - DSSI
1824	DSIC CPT FIND	FIND	DSICCPT	4	GLOBAL ARRAY	A		ACTIVE		VA CERTIFIED COMPONENTS - DSSI	VA Certified Components - DSSI
1825	DSIC TIU LIST SPECIAL DOCS	LIST	DSICTIU1	4	GLOBAL ARRAY	A		ACTIVE		VA CERTIFIED COMPONENTS - DSSI	VA Certified Components - DSSI
1826	DSIC TIU GET RECORD TEXT	TEXT	DSICTIU1	4	GLOBAL ARRAY	A		ACTIVE		VA CERTIFIED COMPONENTS - DSSI	VA Certified Components - DSSI
1827	DENTV TP GET OLD ENCOUNTERS	ENC	DENTVTP5	4	GLOBAL ARRAY	A		ACTIVE		DENTAL	Dental
1828	DENTV FILE PARAMETERS	PAR	DENTVTP0	1	SINGLE VALUE	A		ACTIVE		DENTAL	Dental
1829	DENTV TP FILE RESERVED TXNS	SAVE	DENTVTP7	1	SINGLE VALUE	A		ACTIVE		DENTAL	Dental
183	ORQQAL LIST REPORT	LRPT	ORQQAL	2	ARRAY	S		ACTIVE		ORDER ENTRY/RESULTS REPORTING	Order Entry Results Reporting
1830	DENTV TP GET RESERVED TXNS	GET	DENTVTP7	4	GLOBAL ARRAY	A		ACTIVE		DENTAL	Dental
1831	DENTV GET VA-DSS PRODUCTS	VADSS	DENTVTP1	4	GLOBAL ARRAY	A		ACTIVE		DENTAL	Dental
1832	PSA UPLOAD	PSAUPLD	PSABRKU1	2	ARRAY	P		ACTIVE		DRUG ACCOUNTABILITY	Drug Accountability
1833	MAG DICOM AUDIT COUNT	COUNT	MAGDRPC7	1	SINGLE VALUE	R	0	ACTIVE	3	IMAGING	Imaging
1834	MAG DICOM AUDIT PURGE	PURGE	MAGDRPC7	1	SINGLE VALUE	R	0	ACTIVE	3	IMAGING	Imaging
1835	MAG DICOM AUDIT RANGE	RANGE	MAGDRPC7	2	ARRAY	R	0	ACTIVE	3	IMAGING	Imaging
1836	MAG DICOM ET PHONE HOME	INFO	MAGDRPC1	2	ARRAY	R	0	ACTIVE	3	IMAGING	Imaging
1837	MAG DICOM FILEMAN GET	FMGET	MAGDRPC1	1	SINGLE VALUE	R	0	ACTIVE	3	IMAGING	Imaging
1838	MAG DICOM FIND LOCATION	FINDLOC	MAGDRPC8	1	SINGLE VALUE	R	0	ACTIVE	3	IMAGING	Imaging
1839	MAG DICOM GET BASIC IMAGE	IMAGE	MAGDRPC2	2	ARRAY	R	0	ACTIVE	3	IMAGING	Imaging
184	ORWORR GET	GET	ORWORR	2	ARRAY			ACTIVE		ORDER ENTRY/RESULTS REPORTING	Order Entry Results Reporting
1840	MAG DICOM GET DOMAIN	DOMAIN	MAGDRPC1	1	SINGLE VALUE	R	0	ACTIVE	3	IMAGING	Imaging
1841	MAG DICOM GET HIGHEST HL7	HIGHHL7	MAGDRPC8	1	SINGLE VALUE	R	0	ACTIVE	3	IMAGING	Imaging
1842	MAG DICOM GET IMAGE GROUP	GRPIMG	MAGDRPC2	2	ARRAY	R	0	ACTIVE	3	IMAGING	Imaging
1843	MAG DICOM GET IMAGING TYPES	VALIMGT	MAGDRPC8	2	ARRAY	R	0	ACTIVE	3	IMAGING	Imaging
1844	MAG DICOM GET NEXT QUEUE ENTRY	NEXTIMG	MAGDRPC4	2	ARRAY	R	0	ACTIVE	3	IMAGING	Imaging
1845	MAG DICOM GET PATIENT	PAT	MAGDRPC1	2	ARRAY	R	0	ACTIVE	3	IMAGING	Imaging
1846	MAG DICOM GET PLACE	GETPLACE	MAGDRPC8	1	SINGLE VALUE	R	0	ACTIVE	3	IMAGING	Imaging
1847	MAG DICOM GET RAD RPT INFO	RARPTO	MAGDRPC1	1	SINGLE VALUE	R	0	ACTIVE	3	IMAGING	Imaging
1848	MAG DICOM GET SERVICE INFO	SERVICE	MAGDRPC2	1	SINGLE VALUE	R	0	ACTIVE	3	IMAGING	Imaging
1849	MAG DICOM GET VERSION	IMGVER	MAGDRPC2	1	SINGLE VALUE	R	0	ACTIVE	3	IMAGING	Imaging
185	ORWU USERINFO	USERINFO	ORWU	1	SINGLE VALUE			ACTIVE		ORDER ENTRY/RESULTS REPORTING	Order Entry Results Reporting
1850	MAG DICOM HL7 POINTER ACTION	HL7PTR	MAGDRPC8	1	SINGLE VALUE	R	0	ACTIVE	3	IMAGING	Imaging
1851	MAG DICOM IMAGE AUDIT GET	GET2	MAGDRPC7	2	ARRAY	R	0	ACTIVE	3	IMAGING	Imaging
1852	MAG DICOM IMAGE PROCESSING	ENTRY	MAGDIR8	2	ARRAY	R	0	ACTIVE	3	IMAGING	Imaging
1853	MAG DICOM INCORRECT IMAGE CT	CORRECT	MAGDRPC8	1	SINGLE VALUE	R	0	ACTIVE	3	IMAGING	Imaging
1854	MAG DICOM LIST GLOBAL VARIABLE	LIST	MAGDGL	2	ARRAY	R	0	ACTIVE	3	IMAGING	Imaging
1855	MAG DICOM LOOKUP RAD STUDY	RADLKUP	MAGDRPC3	2	ARRAY	R	0	ACTIVE	3	IMAGING	Imaging
1856	MAG DICOM LOOKUP STUDY	LOOKUP	MAGDRPC4	2	ARRAY	R	0	ACTIVE	3	IMAGING	Imaging
1857	MAG DICOM NETWORK STATUS	ONOFLINE	MAGDRPC5	1	SINGLE VALUE	R	0	ACTIVE	3.0	IMAGING	Imaging
1858	MAG DICOM PACS CUTOFF DATE	CUTOFF	MAGDRPC1	1	SINGLE VALUE	R	0	ACTIVE	3	IMAGING	Imaging
1859	MAG DICOM PACS MINIMUM SPACE	MINSPACE	MAGDRPC1	1	SINGLE VALUE	R	0	ACTIVE	3	IMAGING	Imaging
186	ORWD SAVE	SAVE	ORWD	2	ARRAY			ACTIVE		ORDER ENTRY/RESULTS REPORTING	Order Entry Results Reporting
1860	MAG DICOM PURGE HL7	HL7PURGE	MAGDRPC1	1	SINGLE VALUE	R	0	ACTIVE	3.0	IMAGING	Imaging
1861	MAG DICOM QUEUE IMAGE	QUEUE	MAGDRPC3	1	SINGLE VALUE	R	0	ACTIVE	3	IMAGING	Imaging
1862	MAG DICOM QUEUE INIT	INIT	MAGDRPC9	1	SINGLE VALUE	R	0	ACTIVE	3	IMAGING	Imaging
1863	MAG DICOM ROUTE EVAL LOG	EVALLOG	MAGDRPC6	2	ARRAY	R	0	ACTIVE	3.0	IMAGING	Imaging
1864	MAG DICOM ROUTE EVAL START	START	MAGDRPC5	1	SINGLE VALUE	R	0	ACTIVE	3.0	IMAGING	Imaging
1865	MAG DICOM ROUTE EVAL STOP	STOP	MAGDRPC5	1	SINGLE VALUE	R	0	ACTIVE	3.0	IMAGING	Imaging
1866	MAG DICOM ROUTE GET PURGE	PURGE	MAGDRPC5	2	ARRAY	R	0	ACTIVE	3.0	IMAGING	Imaging
1867	MAG DICOM ROUTE GET TRANS ID	TRANSID	MAGDRTIM	1	SINGLE VALUE	R	0	ACTIVE	3	IMAGING	Imaging
1868	MAG DICOM ROUTE LIST DESTI	LISTDEST	MAGDRPC5	2	ARRAY	R	0	ACTIVE	3.0	IMAGING	Imaging
1869	MAG DICOM ROUTE LOCK TRANSMIT	LOCK	MAGDRPC5	1	SINGLE VALUE	R	0	ACTIVE	3.0	IMAGING	Imaging
187	ORWD SIGN	SIGN	ORWD	2	ARRAY			ACTIVE		ORDER ENTRY/RESULTS REPORTING	Order Entry Results Reporting
1870	MAG DICOM ROUTE LOG XMIT	LOGXIMG	MAGDRPC7	1	SINGLE VALUE	R	0	ACTIVE	3.0	IMAGING	Imaging
1871	MAG DICOM ROUTE NEXT FILE	XMIT	MAGDRPC5	2	ARRAY	R	0	ACTIVE	3.0	IMAGING	Imaging
1872	MAG DICOM ROUTE PURGE DONE	PURGDONE	MAGDRPC6	1	SINGLE VALUE	R	0	ACTIVE	3.0	IMAGING	Imaging
1873	MAG DICOM ROUTE REMOVE OBSO	REMOBSO	MAGDRPC6	1	SINGLE VALUE	R	0	ACTIVE	3.0	IMAGING	Imaging
1874	MAG DICOM ROUTE REQUEUE	REQUEUE	MAGDRPC6	1	SINGLE VALUE	R	0	ACTIVE	3.0	IMAGING	Imaging
1875	MAG DICOM ROUTE STATUS	STATUS	MAGDRPC5	1	SINGLE VALUE	R	0	ACTIVE	3.0	IMAGING	Imaging
1876	MAG DICOM ROUTE TRANSACT STS	TRANSTS	MAGDRTIM	1	SINGLE VALUE	R	0	ACTIVE	3	IMAGING	Imaging
1877	MAG DICOM ROUTE VALID DEST	VALDEST	MAGDRPC1	1	SINGLE VALUE	R	0	ACTIVE	3.0	IMAGING	Imaging
1878	MAG DICOM SET PACS PARAMS	SETPACS	MAGDRPC8	1	SINGLE VALUE	R	0	ACTIVE	3	IMAGING	Imaging
1879	MAG DICOM TEXT AUDIT GET	GET1	MAGDRPC7	2	ARRAY	R	0	ACTIVE	3	IMAGING	Imaging
188	ORWD OI	OI	ORWD	2	ARRAY			ACTIVE		ORDER ENTRY/RESULTS REPORTING	Order Entry Results Reporting
1880	MAG DICOM TEXT PROCESSING	ENTRY	MAGDHRS1	2	ARRAY	R	0	ACTIVE	3	IMAGING	Imaging
1881	MAG DICOM UPDATE GATEWAY NAME	UPDTGW	MAGDRPC8	1	SINGLE VALUE	R	0	ACTIVE	3	IMAGING	Imaging
1882	MAG DICOM UPDATE SCU LIST	UPDTAPP	MAGDRPC8	1	SINGLE VALUE	R	0	ACTIVE	3	IMAGING	Imaging
1883	MAG DICOM VALID LOCATIONS	LOCS	MAGDRPC8	2	ARRAY	R	0	ACTIVE	3	IMAGING	Imaging
1884	MAG DICOM WORKSTATION VERSION	STATION	MAGDRPC1	1	SINGLE VALUE	R	0	ACTIVE	3	IMAGING	Imaging
1885	DVBAB REPORT SPECIAL	SPECRPT	DVBASPD2	4	GLOBAL ARRAY	R	0	ACTIVE		AUTOMATED MED INFO EXCHANGE	Automated Medical Information Exchange
1886	DVBAB SAVE FORM	SAVE	DVBABFRM	1	SINGLE VALUE	S		ACTIVE		AUTOMATED MED INFO EXCHANGE	Automated Medical Information Exchange
1887	DVBAB EXAMS BY DATE	EXAMBYDT	DVBABEBD	4	GLOBAL ARRAY	R		ACTIVE		AUTOMATED MED INFO EXCHANGE	Automated Medical Information Exchange
1888	DVBAB TEMPLATE LIST	TEMPLATE	DVBAB1	4	GLOBAL ARRAY	S		ACTIVE		AUTOMATED MED INFO EXCHANGE	Automated Medical Information Exchange
1889	DVBAB LOAD FORM	LOAD	DVBABFRM	4	GLOBAL ARRAY	S		ACTIVE		AUTOMATED MED INFO EXCHANGE	Automated Medical Information Exchange
189	ORWDLR DEF	DEF	ORWDLR	2	ARRAY			ACTIVE		ORDER ENTRY/RESULTS REPORTING	Order Entry Results Reporting
1890	MAG4 POST PROCESS ACTIONS	POSTACT	MAGGSPP	2	ARRAY	R		ACTIVE		IMAGING	Imaging
1891	MAG4 INDEX GET TYPE	IGT	MAGSIXGT	2	ARRAY	A	0	ACTIVE	3	IMAGING	Imaging
1892	MAG4 INDEX GET EVENT	IGE	MAGSIXGT	2	ARRAY	A	0	ACTIVE	3	IMAGING	Imaging
1893	MAG4 INDEX GET SPECIALTY	IGS	MAGSIXGT	2	ARRAY	A	0	ACTIVE	3	IMAGING	Imaging
1894	MAG4 PAT GET IMAGES	PGI	MAGSIXG1	2	ARRAY	R	0	ACTIVE	3	IMAGING	Imaging
1895	MAG4 GET IMAGE INFO	GETINFO	MAGGTU31	2	ARRAY	R		ACTIVE		IMAGING	Imaging
1896	MAG4 GET FILE FORMAT INFO	INFO	MAGGSFT	2	ARRAY	R		ACTIVE		IMAGING	Imaging
1897	MAG GET ENV	GETENV	MAGGTU6	1	SINGLE VALUE	R		ACTIVE		IMAGING	Imaging
1898	MAG4 CT PRESETS SAVE	SAVECTP	MAGGTU6	1	SINGLE VALUE	R		ACTIVE		IMAGING	Imaging
1899	MAG4 CT PRESETS GET	GETCTP	MAGGTU6	1	SINGLE VALUE	R		ACTIVE		IMAGING	Imaging
19	SC FILE NUMBER	FILENOC	SCUTBK1	1	SINGLE VALUE	P		ACTIVE		SCHEDULING	Scheduling
190	ORWDLR LOAD	LOAD	ORWDLR	2	ARRAY			ACTIVE		ORDER ENTRY/RESULTS REPORTING	Order Entry Results Reporting
1900	MAG4 FILTER DETAILS	GET	MAGGSFLT	2	ARRAY	R		ACTIVE		IMAGING	Imaging
1901	MAG4 FILTER GET LIST	GETLIST	MAGGSFLT	2	ARRAY	R		ACTIVE		IMAGING	Imaging
1902	MAG4 FILTER SAVE	SET	MAGGSFL1	1	SINGLE VALUE	R		ACTIVE		IMAGING	Imaging
1903	MAG4 FILTER DELETE	DEL	MAGGSFLT	1	SINGLE VALUE	R		ACTIVE		IMAGING	Imaging
1904	MAG DIRHASH	DHRPC	MAGQBUT4	1	SINGLE VALUE	R		ACTIVE	3	IMAGING	Imaging
1905	MAGG INSTALL	GPACHX	MAGQBUT4	2	ARRAY	R		ACTIVE		IMAGING	Imaging
1906	MAGG CONS	CONRPC	MAGBAPI	1	SINGLE VALUE	R		ACTIVE		IMAGING	Imaging
1907	MAGG PLACE	PLACER	MAGBAPI	1	SINGLE VALUE	R		ACTIVE		IMAGING	Imaging
1908	MAG FLD ATT	DDLF	MAGQBUT4	2	ARRAY	R		ACTIVE		IMAGING	Imaging
1909	MD TMDUSER	RPC	MDRPCOU	4	GLOBAL ARRAY	R		ACTIVE		CLINICAL PROCEDURES	Clinical Procedures
191	ORQPT PATIENT TEAM PROVIDERS	TPTPR	ORQPTQ1	2	ARRAY	S		ACTIVE		ORDER ENTRY/RESULTS REPORTING	Order Entry Results Reporting
1910	MD TMDPARAMETER	RPC	MDRPCOV	4	GLOBAL ARRAY	R		ACTIVE		CLINICAL PROCEDURES	Clinical Procedures
1911	MD TMDRECORDID	RPC	MDRPCOR	4	GLOBAL ARRAY	R		ACTIVE		CLINICAL PROCEDURES	Clinical Procedures
1912	MD TMDOUTPUT	RPC	MDRPCOO	4	GLOBAL ARRAY	R		ACTIVE		CLINICAL PROCEDURES	Clinical Procedures
1913	MD TMDPROCEDURE	RPC	MDRPCOD	4	GLOBAL ARRAY	R		ACTIVE		CLINICAL PROCEDURES	Clinical Procedures
1914	MD TMDPATIENT	RPC	MDRPCOP	4	GLOBAL ARRAY	R		ACTIVE		CLINICAL PROCEDURES	Clinical Procedures
1915	MD TMDTRANSACTION	RPC	MDRPCOT	4	GLOBAL ARRAY	R		ACTIVE		CLINICAL PROCEDURES	Clinical Procedures
1916	MD UTILITIES	RPC	MDRPCU	4	GLOBAL ARRAY	R		ACTIVE	1	CLINICAL PROCEDURES	Clinical Procedures
1917	MD GATEWAY	RPC	MDRPCOG	4	GLOBAL ARRAY	R		ACTIVE	1	CLINICAL PROCEDURES	Clinical Procedures
1918	ORRC SYSID	SYS	ORRCLNP	1	SINGLE VALUE	S		ACTIVE		CARE MANAGEMENT	Care Management
1919	RMPR PFFS LIST	EN	RMPRPFFS	4	GLOBAL ARRAY	R		ACTIVE		PROSTHETICS	Prosthetics
192	ORWDLR ABBSPEC	ABBSPEC	ORWDLR	2	ARRAY			ACTIVE		ORDER ENTRY/RESULTS REPORTING	Order Entry Results Reporting
1920	RMPR DIS LIST 660	EN	RMPR9DM2	2	ARRAY	R	0	ACTIVE		PROSTHETICS	Prosthetics
1921	RMPR PFFS INS	EN	RMPR9DM3	2	ARRAY	R	0	ACTIVE		PROSTHETICS	Prosthetics
1922	XWB EXAMPLE GLOBAL SORT	GSORT	XWBEXMPL	4	GLOBAL ARRAY	R	0	ACTIVE		RPC BROKER	RPC Broker
1923	XWB EXAMPLE BIG TEXT	BIGTXT	XWBEXMPL	1	SINGLE VALUE			ACTIVE		RPC BROKER	RPC Broker
1924	ORWDAL32 LOAD FOR EDIT	EDITLOAD	ORWDAL32	4	GLOBAL ARRAY			ACTIVE		ORDER ENTRY/RESULTS REPORTING	Order Entry Results Reporting
1925	ORWDAL32 SAVE ALLERGY	EDITSAVE	ORWDAL32	1	SINGLE VALUE			ACTIVE		ORDER ENTRY/RESULTS REPORTING	Order Entry Results Reporting
1926	ORWDPS4 ISUDIV	ISUDIV	ORWDPS4	1	SINGLE VALUE			ACTIVE		ORDER ENTRY/RESULTS REPORTING	Order Entry Results Reporting
1927	ORWPCE CXNOSHOW	CXNOSHOW	ORWPCE2	1	SINGLE VALUE			ACTIVE		ORDER ENTRY/RESULTS REPORTING	Order Entry Results Reporting
1928	ORWDBA2 GETPDL	GETPDL	ORWDBA2	2	ARRAY			ACTIVE		ORDER ENTRY/RESULTS REPORTING	Order Entry Results Reporting
1929	ORWDBA2 ADDPDL	ADDPDL	ORWDBA2	1	SINGLE VALUE			ACTIVE		ORDER ENTRY/RESULTS REPORTING	Order Entry Results Reporting
193	ORWDLR ALLSAMP	ALLSAMP	ORWDLR	2	ARRAY			ACTIVE		ORDER ENTRY/RESULTS REPORTING	Order Entry Results Reporting
1930	ORWDBA2 DELPDL	DELPDL	ORWDBA2	1	SINGLE VALUE			ACTIVE		ORDER ENTRY/RESULTS REPORTING	Order Entry Results Reporting
1931	ORWDBA2 GETDUDC	GETDUDC	ORWDBA2	2	ARRAY			ACTIVE		ORDER ENTRY/RESULTS REPORTING	Order Entry Results Reporting
1932	ORWDBA1 GETORDX	GETORDX	ORWDBA1	2	ARRAY			ACTIVE		ORDER ENTRY/RESULTS REPORTING	Order Entry Results Reporting
1933	ORWDBA4 GETBAUSR	GETBAUSR	ORWDBA4	1	SINGLE VALUE			ACTIVE		ORDER ENTRY/RESULTS REPORTING	Order Entry Results Reporting
1934	ORWDBA4 GETTFCI	GETTFCI	ORWDBA4	2	ARRAY			ACTIVE		ORDER ENTRY/RESULTS REPORTING	Order Entry Results Reporting
1935	ORWDBA3 HINTS	HINTS	ORWDBA3	2	ARRAY			ACTIVE		ORDER ENTRY/RESULTS REPORTING	Order Entry Results Reporting
1936	ORWDAL32 SITE PARAMS	GMRASITE	ORWDAL32	1	SINGLE VALUE			ACTIVE		ORDER ENTRY/RESULTS REPORTING	Order Entry Results Reporting
1937	ORWTPD1 GETEFDAT	GETEFDAT	ORWTPD1	1	SINGLE VALUE			ACTIVE		ORDER ENTRY/RESULTS REPORTING	Order Entry Results Reporting
1938	ORWTPD1 GETEDATS	GETEDATS	ORWTPD1	1	SINGLE VALUE			ACTIVE		ORDER ENTRY/RESULTS REPORTING	Order Entry Results Reporting
1939	ORWTPD1 PUTEDATS	PUTEDATS	ORWTPD1	1	SINGLE VALUE			ACTIVE		ORDER ENTRY/RESULTS REPORTING	Order Entry Results Reporting
194	ORWDLR OIPARAM	LOAD	ORWDLR	2	ARRAY			ACTIVE		ORDER ENTRY/RESULTS REPORTING	Order Entry Results Reporting
1940	ORWTPD1 GETCSDEF	GETCSDEF	ORWTPD1	1	SINGLE VALUE			ACTIVE		ORDER ENTRY/RESULTS REPORTING	Order Entry Results Reporting
1941	ORWTPD1 GETCSRNG	GETCSRNG	ORWTPD1	1	SINGLE VALUE			ACTIVE		ORDER ENTRY/RESULTS REPORTING	Order Entry Results Reporting
1942	ORWTPD1 PUTCSRNG	PUTCSRNG	ORWTPD1	2	ARRAY			ACTIVE		ORDER ENTRY/RESULTS REPORTING	Order Entry Results Reporting
1943	ORWTPD1 GETEAFL	GETEAFL	ORWTPD1	1	SINGLE VALUE			ACTIVE		ORDER ENTRY/RESULTS REPORTING	Order Entry Results Reporting
1944	ORWNSS NSSMSG	NSSMSG	ORWNSS	1	SINGLE VALUE			ACTIVE		ORDER ENTRY/RESULTS REPORTING	Order Entry Results Reporting
1945	ORWNSS QOSCH	QOSCH	ORWNSS	1	SINGLE VALUE			ACTIVE		ORDER ENTRY/RESULTS REPORTING	Order Entry Results Reporting
1946	ORWNSS VALSCH	VALSCH	ORWNSS	1	SINGLE VALUE			ACTIVE		ORDER ENTRY/RESULTS REPORTING	Order Entry Results Reporting
1947	ORWNSS CHKSCH	CHKSCH	ORWNSS	1	SINGLE VALUE			ACTIVE		ORDER ENTRY/RESULTS REPORTING	Order Entry Results Reporting
1948	ORWTIU CHKTXT	CHKTXT	ORWTIU	1	SINGLE VALUE			ACTIVE		ORDER ENTRY/RESULTS REPORTING	Order Entry Results Reporting
1949	ORIMO ISCLOC	ISCLOC	ORIMO	1	SINGLE VALUE			ACTIVE		ORDER ENTRY/RESULTS REPORTING	Order Entry Results Reporting
195	ORWU VALIDSIG	VALIDSIG	ORWU	1	SINGLE VALUE			ACTIVE		ORDER ENTRY/RESULTS REPORTING	Order Entry Results Reporting
1950	ORIMO ISIVQO	ISIVQO	ORIMO	1	SINGLE VALUE			ACTIVE		ORDER ENTRY/RESULTS REPORTING	Order Entry Results Reporting
1951	ORWDBA7 GETIEN9	GETIEN9	ORWDBA7	1	SINGLE VALUE			ACTIVE		ORDER ENTRY/RESULTS REPORTING	Order Entry Results Reporting
1952	PXRM EDUCATION SUBTOPICS	EDS	PXRMRPCB	2	ARRAY	S		ACTIVE		CLINICAL REMINDERS	Clinical Reminders
1953	PXRM EDUCATION SUMMARY	EDL	PXRMRPCB	2	ARRAY	S		ACTIVE		CLINICAL REMINDERS	Clinical Reminders
1954	PXRM EDUCATION TOPIC	EDU	PXRMRPCB	2	ARRAY	S		ACTIVE		CLINICAL REMINDERS	Clinical Reminders
1955	PXRM REMINDER CATEGORIES	CATEGORY	PXRMRPCA	2	ARRAY	S		ACTIVE		CLINICAL REMINDERS	Clinical Reminders
1956	PXRM REMINDER DIALOG	DIALOG	PXRMRPCC	2	ARRAY	S		ACTIVE		CLINICAL REMINDERS	Clinical Reminders
1957	PXRM REMINDER DIALOG PROMPTS	PROMPT	PXRMRPCC	2	ARRAY	S		ACTIVE		CLINICAL REMINDERS	Clinical Reminders
1958	PXRM REMINDER EVALUATION	ALIST	PXRMRPCA	2	ARRAY	S		ACTIVE		CLINICAL REMINDERS	Clinical Reminders
1959	PXRM REMINDER INQUIRY	RES	PXRMRPCC	2	ARRAY	S		ACTIVE		CLINICAL REMINDERS	Clinical Reminders
196	ORWPT APPTLST	APPTLST	ORWPT	2	ARRAY			ACTIVE		ORDER ENTRY/RESULTS REPORTING	Order Entry Results Reporting
1960	PXRM REMINDER WEB	WEB	PXRMRPCA	2	ARRAY	S		ACTIVE		CLINICAL REMINDERS	Clinical Reminders
1961	PXRM REMINDERS (UNEVALUATED)	LIST	PXRMRPCA	2	ARRAY	S		ACTIVE		CLINICAL REMINDERS	Clinical Reminders
1962	PXRM REMINDER DETAIL	REMDET	PXRMRPCA	2	ARRAY	S		ACTIVE		CLINICAL REMINDERS	Clinical Reminders
1963	PXRM MENTAL HEALTH	MH	PXRMRPCC	2	ARRAY	S		ACTIVE		CLINICAL REMINDERS	Clinical Reminders
1964	PXRM PROGRESS NOTE HEADER	HDR	PXRMRPCC	1	SINGLE VALUE	S		ACTIVE		CLINICAL REMINDERS	Clinical Reminders
1965	PXRM MENTAL HEALTH RESULTS	MHR	PXRMRPCC	2	ARRAY	S		ACTIVE		CLINICAL REMINDERS	Clinical Reminders
1966	PXRM MENTAL HEALTH SAVE	MHS	PXRMRPCC	2	ARRAY	S		ACTIVE		CLINICAL REMINDERS	Clinical Reminders
1967	PXRM REMINDER RPC	TAG	PXRMRPC	2	ARRAY	S		ACTIVE		CLINICAL REMINDERS	Clinical Reminders
1968	ORWDBA7 ISWITCH	ISWITCH	ORWDBA7	1	SINGLE VALUE	P		ACTIVE		ORDER ENTRY/RESULTS REPORTING	Order Entry Results Reporting
1969	DVBAB NEW PERSON FILE	START	DVBAB84	4	GLOBAL ARRAY	P	0	ACTIVE		AUTOMATED MED INFO EXCHANGE	Automated Medical Information Exchange
197	ORWU HOSPLOC	HOSPLOC	ORWU	2	ARRAY			ACTIVE		ORDER ENTRY/RESULTS REPORTING	Order Entry Results Reporting
1970	DVBAB FETCH 1U4N	U1N4	DVBABFRM	4	GLOBAL ARRAY	S	0	ACTIVE	2	AUTOMATED MED INFO EXCHANGE	Automated Medical Information Exchange
1971	DVBAB TEMPLATE REPORT FULL	RPTSTAT	DVBAB85	4	GLOBAL ARRAY	S		ACTIVE		AUTOMATED MED INFO EXCHANGE	Automated Medical Information Exchange
1972	DVBAB FORM DATA BACKUP	BACKUP	DVBABFRM	1	SINGLE VALUE	R		ACTIVE		AUTOMATED MED INFO EXCHANGE	Automated Medical Information Exchange
1973	DVBAB FORM DATA BACKUP DELETE	DELETE	DVBABFRM	1	SINGLE VALUE	S		ACTIVE		AUTOMATED MED INFO EXCHANGE	Automated Medical Information Exchange
1974	DVBAB FORM DATA BACKUP RESTORE	RESTORE	DVBABFRM	1	SINGLE VALUE	S		ACTIVE		AUTOMATED MED INFO EXCHANGE	Automated Medical Information Exchange
1975	DVBAB FORM COPY	COPY	DVBABFRM	1	SINGLE VALUE	R		ACTIVE		AUTOMATED MED INFO EXCHANGE	Automated Medical Information Exchange
1976	DVBAB FIND DUPS	DUP	DVBAB84	4	GLOBAL ARRAY	S		ACTIVE		AUTOMATED MED INFO EXCHANGE	Automated Medical Information Exchange
1977	DVBAB SET DIVISION	DUZ2	DVBAB84	1	SINGLE VALUE	S		ACTIVE		AUTOMATED MED INFO EXCHANGE	Automated Medical Information Exchange
1978	RMPR OPEN PEN LIST	EN	RMPR9LST	4	GLOBAL ARRAY	P	0	ACTIVE			
1979	RMPR LIST PCARD	ENA	RMPR9AUT	2	ARRAY	P	0	ACTIVE		PROSTHETICS	Prosthetics
198	ORWPT ADMITLST	ADMITLST	ORWPT	2	ARRAY			ACTIVE		ORDER ENTRY/RESULTS REPORTING	Order Entry Results Reporting
1980	RMPR CREATE PO	ENB	RMPR9AUT	2	ARRAY		0	ACTIVE		PROSTHETICS	Prosthetics
1981	RMPR LIST COST CENTER	END	RMPR9AUT	2	ARRAY	P	0	ACTIVE		PROSTHETICS	Prosthetics
1982	RMPR LIST BOC	ENE	RMPR9AUT	2	ARRAY	P	0	ACTIVE		PROSTHETICS	Prosthetics
1983	RMPR CHECK PA AUTHORIZATION	EN1	RMPR9PCD	2	ARRAY	S	0	ACTIVE		PROSTHETICS	Prosthetics
1984	RMPR SUSPENSE ACTIONS	EN	RMPR9CA	2	ARRAY	R	0	ACTIVE		PROSTHETICS	Prosthetics
1985	RMPR SEND PURCHASE ORDER	GUI	RMPR121B	1	SINGLE VALUE	S	0	ACTIVE		PROSTHETICS	Prosthetics
1986	RMPR PO CREATE VISTA IEN	EN1	RMPR9CS	2	ARRAY	S	0	ACTIVE			
1987	RMPR ENCRYPT PCARD	EN	RMPR9ENC	2	ARRAY	S	0	ACTIVE			
1988	RMPR MANAGER COMMENT	MGR	RMPRESI	2	ARRAY	R	0	ACTIVE		PROSTHETICS	Prosthetics
1989	RMPR DELETE PO	EN1	RMPR9CA	2	ARRAY	R	0	ACTIVE		PROSTHETICS	Prosthetics
199	ORWD FORMID	FORMID	ORWD	1	SINGLE VALUE			ACTIVE		ORDER ENTRY/RESULTS REPORTING	Order Entry Results Reporting
1990	RMPR NPPD LIST X	EN	RMPR9LN1	4	GLOBAL ARRAY	A		ACTIVE		PROSTHETICS	Prosthetics
1991	RMPR CHECK FUND CONTROL POINT	END	PRCH7PA4	2	ARRAY	P	0	ACTIVE		IFCAP	IFCAP
1992	RMPR PC PO PRINT	PRT	RMPR9P21	2	ARRAY	S	0	ACTIVE		PROSTHETICS	Prosthetics
1993	PSB COVERSHEET1	RPC	PSBCSUTL	4	GLOBAL ARRAY	A	0	ACTIVE	3	BAR CODE MED ADMIN	Barcode Medication Administration
1994	MPIF REMOTE PRIMARY DFN ICN	PRIMARY	MPIFRPC3	1	SINGLE VALUE	P	0	ACTIVE	1	MASTER PATIENT INDEX VISTA	Master Patient Index VistA
1995	ACKQAUD4	DFNCT	ACKQAG05	2	ARRAY	R		ACTIVE		QUASAR	Quasar
1996	ACKQROESD	STARTD	ACKQAG05	1	SINGLE VALUE	R		ACTIVE	3	QUASAR	Quasar
1997	GMV DLL VERSION	DLL	GMVUTL8	1	SINGLE VALUE	S	0	ACTIVE		GEN. MED. REC. - VITALS	General Medical Record - Vitals
1998	GMV LOCATION SELECT	RPC	GMVRPCHL	4	GLOBAL ARRAY	S	0	ACTIVE		GEN. MED. REC. - VITALS	General Medical Record - Vitals
1999	XUS CCOW VAULT PARAM	CCOWPC	XUSRB4	2	ARRAY	R	3	REMOTE-INACTIVE		KERNEL	Kernel
2	XWB EGCHO LIST	LIST	XWBZ1	2	ARRAY	R		ACTIVE		RPC BROKER	RPC Broker
20	SC GLOBAL NODE	NODEC	SCUTBK1	1	SINGLE VALUE	P		ACTIVE		SCHEDULING	Scheduling
200	ORWD GET4EDIT	GET4EDIT	ORWD	2	ARRAY			ACTIVE		ORDER ENTRY/RESULTS REPORTING	Order Entry Results Reporting
2000	XUS GET CCOW TOKEN	CCOW	XUSRB4	2	ARRAY	R		ACTIVE		KERNEL	Kernel
2001	XUS ALLKEYS	ALLKEYS	XUSRB	4	GLOBAL ARRAY	P		ACTIVE	1	KERNEL	Kernel
2002	OOPS REMOTE GET USER OPTIONS	OPT	OOPSGUI1	1	SINGLE VALUE			ACTIVE		ASISTS	Asists
2003	OOPS GET POINTED TO	GETLIST	OOPSGUI3	2	ARRAY			ACTIVE		ASISTS	Asists
2004	OOPS GET BODY PART	BODY	OOPSGUI3	2	ARRAY			ACTIVE		ASISTS	Asists
2005	OOPS GET CASE NUMBERS	GETCASE	OOPSGUI0	4	GLOBAL ARRAY			ACTIVE		ASISTS	Asists
2006	OOPS GET DUPLICATES	DUP	OOPSGUI4	2	ARRAY			ACTIVE		ASISTS	Asists
2007	OOPS LOAD OOPS	LOAD	OOPSGUI4	2	ARRAY			ACTIVE		ASISTS	Asists
2008	OOPS EMPLOYEE DATA	PAID	OOPSGUI4	2	ARRAY			ACTIVE		ASISTS	Asists
2009	OOPS NEW PERSON DATA	PER	OOPSGUI4	2	ARRAY			ACTIVE		ASISTS	Asists
201	ORWD VALIDACT	VALIDACT	ORWD	1	SINGLE VALUE			ACTIVE		ORDER ENTRY/RESULTS REPORTING	Order Entry Results Reporting
2010	OOPS GET 2260 DATA	GET	OOPSGUI2	2	ARRAY	P		ACTIVE		ASISTS	Asists
2011	OOPS REPLACE DATE/TIME	DTFC	OOPSGUI8	1	SINGLE VALUE			ACTIVE		ASISTS	Asists
2012	OOPS GET CKRANGE	GETSCHED	OOPSGUI3	2	ARRAY	P		ACTIVE		ASISTS	Asists
2013	OOPS GET WITNESSES	WITR	OOPSGUI2	2	ARRAY	P		ACTIVE		ASISTS	Asists
2014	OOPS GET DEFAULT MD	DEFMD	OOPSGUI2	2	ARRAY	P		ACTIVE		ASISTS	Asists
2015	OOPS GET SUPERVISOR	SUPER	OOPSGUI4	2	ARRAY			ACTIVE		ASISTS	Asists
2016	OOPS CREATE AMENDMENT	AMEND	OOPSGUI8	1	SINGLE VALUE			ACTIVE		ASISTS	Asists
2017	OOPS EDIT 2260	EDIT	OOPSGUI5	2	ARRAY	P		ACTIVE		ASISTS	Asists
2018	OOPS CHANGE CASE STATUS	CHGCASE	OOPSGUI6	1	SINGLE VALUE			ACTIVE		ASISTS	Asists
2019	OOPS REPLACE WP	REPLWP	OOPSGUI2	2	ARRAY	P		ACTIVE		ASISTS	Asists
202	ORWD SAVEACT	SAVEACT	ORWD	2	ARRAY			ACTIVE		ORDER ENTRY/RESULTS REPORTING	Order Entry Results Reporting
2020	OOPS VALIDATE TIME	DTVALID	OOPSGUI2	2	ARRAY	P		ACTIVE		ASISTS	Asists
2021	OOPS GET DATA	GETDATA	OOPSGUI3	2	ARRAY			ACTIVE		ASISTS	Asists
2022	OOPS GET UNION	UNIGET	OOPSGUI6	2	ARRAY			ACTIVE		ASISTS	Asists
2023	OOPS DELETE UNION	UNIKILL	OOPSGUI6	1	SINGLE VALUE			ACTIVE		ASISTS	Asists
2024	OOPS PUT UNION	UNIEDT	OOPSGUI6	1	SINGLE VALUE			ACTIVE		ASISTS	Asists
2025	OOPS GET SITE PARAMETER	SITEPGET	OOPSGUI6	2	ARRAY			ACTIVE		ASISTS	Asists
2026	OOPS SET FIELD	SETFIELD	OOPSGUI2	2	ARRAY	P		ACTIVE		ASISTS	Asists
2027	OOPS DELETE SITEP STATION							ACTIVE			
2028	OOPS DELETE SITEPAR STATION	SITEPKIL	OOPSGUI6	1	SINGLE VALUE			ACTIVE		ASISTS	Asists
2029	OOPS EDIT SITEPAR STATION	SITEPEDT	OOPSGUI6	1	SINGLE VALUE			ACTIVE		ASISTS	Asists
203	ORWD DT	DT	ORWD	1	SINGLE VALUE			ACTIVE		ORDER ENTRY/RESULTS REPORTING	Order Entry Results Reporting
2030	OOPS DELETE WITNESS	DELWITN	OOPSGUI2	2	ARRAY	P		ACTIVE		ASISTS	Asists
2031	OOPS WITNESS CREATE	ADDWITN	OOPSGUI2	2	ARRAY	P		ACTIVE		ASISTS	Asists
2032	OOPS WITNESS EDIT	EDTWITN	OOPSGUI2	2	ARRAY	P		ACTIVE		ASISTS	Asists
2033	OOPS WITNESS DELETE	DELWITN	OOPSGUI2	2	ARRAY	P		ACTIVE		ASISTS	Asists
2034	OOPS EDIT SITE PARAMETER	PARMEDT	OOPSGUI6	1	SINGLE VALUE			ACTIVE		ASISTS	Asists
2035	OOPS APPROVE SIGN FOR EMPLOYEE	EN1	OOPSGUI8	2	ARRAY			ACTIVE		ASISTS	Asists
2036	OOPS VALIDATE AND SIGN	SETSIGN	OOPSGUI1	2	ARRAY			ACTIVE		ASISTS	Asists
2037	OOPS REPLACE MULTIPLE	REPLMULT	OOPSGUI3	2	ARRAY			ACTIVE		ASISTS	Asists
2038	OOPS UNION CONSENT	CONSENT	OOPSGUI7	2	ARRAY	P		ACTIVE		ASISTS	Asists
2039	OOPS GET STATION INFORMATION	STATINFO	OOPSGUI3	2	ARRAY	P		ACTIVE		ASISTS	Asists
204	ORWDCSLT LOOK200	LOOK200	ORWDCSLT	1	SINGLE VALUE			ACTIVE		ORDER ENTRY/RESULTS REPORTING	Order Entry Results Reporting
2040	OOPS MANUAL XMIT DATA	ENT	OOPSGUI7	2	ARRAY			ACTIVE		ASISTS	Asists
2041	OOPS INCIDENT REPORT	ENT	OOPSGUIT	2	ARRAY			ACTIVE		ASISTS	Asists
2042	OOPS WCEDIT	OWCPCLR	OOPSGUI7	1	SINGLE VALUE			ACTIVE		ASISTS	Asists
2043	OOPS GET OSHA DATA	OSHA	OOPSGUIF	4	GLOBAL ARRAY			ACTIVE		ASISTS	Asists
2044	OOPS GET PRT ACC STATUS RPT	ACCID	OOPSGUIT	4	GLOBAL ARRAY			ACTIVE		ASISTS	Asists
2045	OOPS CLEAR SIGNATURE	CSIGN	OOPSGUI8	1	SINGLE VALUE			ACTIVE		ASISTS	Asists
2046	OOPS NEEDLESTICK LOG	NSTICK	OOPSGUIF	4	GLOBAL ARRAY			ACTIVE		ASISTS	Asists
2047	OOPS GET NOI CODE	GETNOI	OOPSGUI8	2	ARRAY			ACTIVE		ASISTS	Asists
2048	OOPS SET RECORD LOCK	SETLCK	OOPSGUI3	1	SINGLE VALUE			ACTIVE		ASISTS	Asists
2049	OOPS RELEASE RECORD LOCK	CLRLCK	OOPSGUI3	1	SINGLE VALUE			ACTIVE		ASISTS	Asists
205	ORWDCSLT DEF	DEF	ORWDCSLT	2	ARRAY			ACTIVE		ORDER ENTRY/RESULTS REPORTING	Order Entry Results Reporting
2050	OOPS GET ASISTS CASE	ASISTS	OOPSGUI4	2	ARRAY			ACTIVE		ASISTS	Asists
2051	OOPS CHECK PAID EMP DATA	VALEMP	OOPSGUI1	1	SINGLE VALUE			ACTIVE		ASISTS	Asists
2052	OOPS GET SINGLE FIELD	GETFLD	OOPSGUI7	1	SINGLE VALUE			ACTIVE		ASISTS	Asists
2053	OOPS GET INSTITUTIONS	GETINST	OOPSGUI7	4	GLOBAL ARRAY	P		ACTIVE		ASISTS	Asists
2054	OOPS SENSITIVE DATA	SENSDATA	OOPSGUI7	1	SINGLE VALUE	P		ACTIVE		ASISTS	Asists
2055	OOPS GET MISC REPORT DATA	ENT	OOPSGUIR	4	GLOBAL ARRAY			ACTIVE		ASISTS	Asists
2056	OOPS GET FAC SHORT LIST	STA	OOPSGUIS	4	GLOBAL ARRAY			ACTIVE		ASISTS	Asists
2057	OOPS SELECT CA7	CA7LIST	OOPSGUIC	4	GLOBAL ARRAY			ACTIVE		ASISTS	Asists
2058	OOPS LIST CAS	LISTCA	OOPSGUIC	4	GLOBAL ARRAY			ACTIVE		ASISTS	Asists
2059	OOPS MULTIPLE DATA	MULTIPLE	OOPSGUIC	2	ARRAY			ACTIVE		ASISTS	Asists
206	ORWD PROVKEY	PROVKEY	ORWD	1	SINGLE VALUE			ACTIVE		ORDER ENTRY/RESULTS REPORTING	Order Entry Results Reporting
2060	OOPS SET DUAL BENEFITS DATA	DUAL	OOPSGUID	1	SINGLE VALUE			ACTIVE		ASISTS	Asists
2061	OOPS SIGN CA7	SIGNCA7	OOPSGUIS	1	SINGLE VALUE			ACTIVE		ASISTS	Asists
2062	OOPS SIGNATURE VALIDATION	DECODE	OOPSGUIS	1	SINGLE VALUE			ACTIVE		ASISTS	Asists
2063	OOPS ZIP CODE MISMATCH CHECK	ZIPCHK	OOPSGUI8	1	SINGLE VALUE			ACTIVE		ASISTS	Asists
2064	OOPS SET OSHA300A	OSHA300	OOPSGUIC	1	SINGLE VALUE			ACTIVE		ASISTS	Asists
2065	OOPS GET DETAIL LOCATION	GETDLOC	OOPSGUIS	4	GLOBAL ARRAY			ACTIVE		ASISTS	Asists
2066	OOPS SET DETAIL LOCATION	SETDLOC	OOPSGUI8	2	ARRAY			ACTIVE		ASISTS	Asists
2067	DSIC DPT GET ICN	ICN	DSICDPT	1	SINGLE VALUE	A		ACTIVE		VA CERTIFIED COMPONENTS - DSSI	VA Certified Components - DSSI
2068	DSIC DPT ICN TO DFN	ICN2DFN	DSICDPT	1	SINGLE VALUE	A		ACTIVE		VA CERTIFIED COMPONENTS - DSSI	VA Certified Components - DSSI
2069	DSIC LOCK	LOCK	DSICLOCK	1	SINGLE VALUE	A		ACTIVE		VA CERTIFIED COMPONENTS - DSSI	VA Certified Components - DSSI
207	ORWDGX LOAD	LOAD	ORWDGX	2	ARRAY			ACTIVE		ORDER ENTRY/RESULTS REPORTING	Order Entry Results Reporting
2070	DSIC USR CLASS MEMBERSHIP	USRCLASS	DSICUSR	2	ARRAY	A		ACTIVE		VA CERTIFIED COMPONENTS - DSSI	VA Certified Components - DSSI
2071	DSIC PX GET VISIT FLDS	ILOOK	DSICPX3	2	ARRAY	A		ACTIVE		VA CERTIFIED COMPONENTS - DSSI	VA Certified Components - DSSI
2072	DSIC XPAR GET PARAM LIST	LIST	DSICXPR	2	ARRAY	A		ACTIVE		VA CERTIFIED COMPONENTS - DSSI	VA Certified Components - DSSI
2073	DSIC FM GET FIELD ATTRIB MULT	MULT	DSICFM06	2	ARRAY	A		ACTIVE		VA CERTIFIED COMPONENTS - DSSI	VA Certified Components - DSSI
2074	DSIC XUPROD	PROD	DSICXU	1	SINGLE VALUE	A		ACTIVE		VA CERTIFIED COMPONENTS - DSSI	VA Certified Components - DSSI
2075	VEJDWPB USER/PAID DATA	PAID	VEJDWPCS	2	ARRAY	A		ACTIVE		VENDOR - DOCUMENT STORAGE SYS	Vendor - Document Storage Systems
2076	VEJDWPB ORWPT PTINQ	PTINQ	VEJDWPB1	4	GLOBAL ARRAY	A		ACTIVE		VENDOR - DOCUMENT STORAGE SYS	Vendor - Document Storage Systems
2077	VEJDWPB ORQQPL LIST	LIST	VEJDWPB4	2	ARRAY	A		ACTIVE		VENDOR - DOCUMENT STORAGE SYS	Vendor - Document Storage Systems
2078	VEJDWPB ORQQPL DETAIL	DETAIL	VEJDWPB4	2	ARRAY	A		ACTIVE		VENDOR - DOCUMENT STORAGE SYS	Vendor - Document Storage Systems
2079	VEJDWPB ORQQAL LIST	LIST	VEJDWPB9	2	ARRAY	A		ACTIVE		VENDOR - DOCUMENT STORAGE SYS	Vendor - Document Storage Systems
208	ORWDPS LOAD	LOAD	ORWDPS	2	ARRAY			ACTIVE		ORDER ENTRY/RESULTS REPORTING	Order Entry Results Reporting
2080	VEJDWPB ORQQAL DETAIL	DETAIL	VEJDWPB9	2	ARRAY	A		ACTIVE		VENDOR - DOCUMENT STORAGE SYS	Vendor - Document Storage Systems
2081	VEJDWPB ORWCS LST CONSULT RPTS	LIST	VEJDWPBD	4	GLOBAL ARRAY	A		ACTIVE		VENDOR - DOCUMENT STORAGE SYS	Vendor - Document Storage Systems
2082	VEJDWPB ORQQPX IMMUN LIST	IMMLIST	VEJDWPD0	2	ARRAY	A		ACTIVE		VENDOR - DOCUMENT STORAGE SYS	Vendor - Document Storage Systems
2083	VEJDWPB ORWU DEVICE	DEVICE	VEJDWPD3	2	ARRAY	A		ACTIVE		VENDOR - DOCUMENT STORAGE SYS	Vendor - Document Storage Systems
2084	VEJDWPB ORWU CLINLOC	CLINLOC	VEJDWPD3	2	ARRAY	A		ACTIVE		VENDOR - DOCUMENT STORAGE SYS	Vendor - Document Storage Systems
2085	VEJDWPB ORQOR LIST	LIST	VEJDWPC3	2	ARRAY	A		ACTIVE		VENDOR - DOCUMENT STORAGE SYS	Vendor - Document Storage Systems
2086	VEJDWPB ORQQPP LIST	LIST	VEJDWPCB	2	ARRAY	A		ACTIVE		VENDOR - DOCUMENT STORAGE SYS	Vendor - Document Storage Systems
2087	VEJDWPB ORWRA IMAGING EXAMS	EXAMS	VEJDWPCI	4	GLOBAL ARRAY	A		ACTIVE		VENDOR - DOCUMENT STORAGE SYS	Vendor - Document Storage Systems
2088	VEJDWPB ORWRA REPORT TEXT	RPT	VEJDWPCP	4	GLOBAL ARRAY	A		ACTIVE		VENDOR - DOCUMENT STORAGE SYS	Vendor - Document Storage Systems
2089	VEJDWPB ORQQLR DETAIL	DETAIL	VEJDWPBW	2	ARRAY	A		ACTIVE		VENDOR - DOCUMENT STORAGE SYS	Vendor - Document Storage Systems
209	ORWDRA DEF	DEF	ORWDRA	2	ARRAY			ACTIVE		ORDER ENTRY/RESULTS REPORTING	Order Entry Results Reporting
2090	VEJDWPB ORQQLR LIST	LIST	VEJDWPBW	2	ARRAY	A		ACTIVE		VENDOR - DOCUMENT STORAGE SYS	Vendor - Document Storage Systems
2091	VEJDWPB ORQQPS DETAIL	DETAIL	VEJDWPBX	2	ARRAY	A		ACTIVE		VENDOR - DOCUMENT STORAGE SYS	Vendor - Document Storage Systems
2092	VEJDWPB ORQQPS LIST	LIST	VEJDWPBX	2	ARRAY	A		ACTIVE		VENDOR - DOCUMENT STORAGE SYS	Vendor - Document Storage Systems
2093	VEJDWPB ORWCS REPORT TEXT	RPT	VEJDWPBD	4	GLOBAL ARRAY	A		ACTIVE		VENDOR - DOCUMENT STORAGE SYS	Vendor - Document Storage Systems
2094	VEJDWPB ORWMC PATIENT PROCED	PROD	VEJDWPBO	4	GLOBAL ARRAY	A		ACTIVE		VENDOR - DOCUMENT STORAGE SYS	Vendor - Document Storage Systems
2095	VEJDWPB ORWRP REPORT LISTS	LIST	VEJDWPB3	2	ARRAY	A		ACTIVE		VENDOR - DOCUMENT STORAGE SYS	Vendor - Document Storage Systems
2096	VEJDWPB ORWRP REPORT TEXT	RPT	VEJDWPB3	4	GLOBAL ARRAY	A		ACTIVE		VENDOR - DOCUMENT STORAGE SYS	Vendor - Document Storage Systems
2097	VEJDWPB ORWU NEWPERS	NEWPERS	VEJDWPBL	2	ARRAY	A		ACTIVE		VENDOR - DOCUMENT STORAGE SYS	Vendor - Document Storage Systems
2098	VEJDWPB ORWU VALIDSIG	VALIDSIG	VEJDWPBL	1	SINGLE VALUE	A		ACTIVE		VENDOR - DOCUMENT STORAGE SYS	Vendor - Document Storage Systems
2099	VEJDWPB ORQQVI VITALS	FASTVIT	VEJDWPBP	2	ARRAY	A		ACTIVE		VENDOR - DOCUMENT STORAGE SYS	Vendor - Document Storage Systems
21	SC GETS ENTRY DATA	GETSC	SCUTBK2	2	ARRAY	P		ACTIVE		SCHEDULING	Scheduling
210	ORWDGX VMDEF	VMDEF	ORWDGX	2	ARRAY			ACTIVE		ORDER ENTRY/RESULTS REPORTING	Order Entry Results Reporting
2100	VEJDWPB LOAD VITALS	F	VEJDPOR1	1	SINGLE VALUE			ACTIVE		VENDOR - DOCUMENT STORAGE SYS	Vendor - Document Storage Systems
2101	VEJD DDR GET FILE LIST	GETFILES	VEJDDDR1	4	GLOBAL ARRAY	A		ACTIVE		VENDOR - DOCUMENT STORAGE SYS	Vendor - Document Storage Systems
2102	VEJD DDR GET PRINTERS	GETPRINT	VEJDDDR1	2	ARRAY	A		ACTIVE		VENDOR - DOCUMENT STORAGE SYS	Vendor - Document Storage Systems
2103	VEJD DDR GET TEMPLATES	GETTMPLT	VEJDDDR1	2	ARRAY	A		ACTIVE		VENDOR - DOCUMENT STORAGE SYS	Vendor - Document Storage Systems
2104	VEJD DDR PRINT	PRINT	VEJDDDR1	2	ARRAY	A		ACTIVE		VENDOR - DOCUMENT STORAGE SYS	Vendor - Document Storage Systems
2105	VEJD DDR GET FIELDS FOR FILE	FIELDS	VEJDDDR1	2	ARRAY	A		ACTIVE		VENDOR - DOCUMENT STORAGE SYS	Vendor - Document Storage Systems
2106	VEJD TPA SENSITIVE PAT CK	SEN	VEJDTP01	1	SINGLE VALUE	A		ACTIVE		VENDOR - DOCUMENT STORAGE SYS	Vendor - Document Storage Systems
2107	VEJD TPA SENSITIVE PAT LOG	SECLOG	VEJDTP01	1	SINGLE VALUE	A		ACTIVE		VENDOR - DOCUMENT STORAGE SYS	Vendor - Document Storage Systems
2108	VEJD TPA SENSITIVE PAT TEXT	TS	VEJDTP01	2	ARRAY	A		ACTIVE		VENDOR - DOCUMENT STORAGE SYS	Vendor - Document Storage Systems
2109	VEJD POR VC	VC	VEJDPOR1	1	SINGLE VALUE	P		ACTIVE		VENDOR - DOCUMENT STORAGE SYS	Vendor - Document Storage Systems
211	ORWDPS DEF	DEF	ORWDPS	2	ARRAY			ACTIVE		ORDER ENTRY/RESULTS REPORTING	Order Entry Results Reporting
2110	VEJD POR MAILTO	MAIL	VEJDPOR6	1	SINGLE VALUE	S		ACTIVE		VENDOR - DOCUMENT STORAGE SYS	Vendor - Document Storage Systems
2111	VEJD POR PCP	PCP	VEJDPOR1	1	SINGLE VALUE	S		ACTIVE		VENDOR - DOCUMENT STORAGE SYS	Vendor - Document Storage Systems
2112	VEJD POR NOTIFY	NOTIFY	VEJDPOR8	1	SINGLE VALUE			ACTIVE			
2113	VEJD DDVG UPDATE FILE	FILE	VEJDDDR3	2	ARRAY	S		ACTIVE		VENDOR - DOCUMENT STORAGE SYS	Vendor - Document Storage Systems
2114	VEJD DDVG LIST FILE	LIST	VEJDDDR3	4	GLOBAL ARRAY	S		ACTIVE		VENDOR - DOCUMENT STORAGE SYS	Vendor - Document Storage Systems
2115	VEJD DDVG DELETE ENTRY	DELETE	VEJDDDR3	2	ARRAY	S		ACTIVE		VENDOR - DOCUMENT STORAGE SYS	Vendor - Document Storage Systems
2116	VEJD DDVG FILE WP FIELD	WP	VEJDDDR3	2	ARRAY	S		ACTIVE		VENDOR - DOCUMENT STORAGE SYS	Vendor - Document Storage Systems
2117	VEJD DDVG VALIDATE DATA	VALIDATE	VEJDDDR3	2	ARRAY	S		ACTIVE		VENDOR - DOCUMENT STORAGE SYS	Vendor - Document Storage Systems
2118	VEJD DDVG FILE FDA	FILEFDA	VEJDDDR3	2	ARRAY	S		ACTIVE		VENDOR - DOCUMENT STORAGE SYS	Vendor - Document Storage Systems
2119	VEJD DDVG CLEANUP	CLEANUP1	VEJDDDR3	2	ARRAY	S		ACTIVE		VENDOR - DOCUMENT STORAGE SYS	Vendor - Document Storage Systems
212	ORWDLR STOP	STOP	ORWDLR	1	SINGLE VALUE			ACTIVE		ORDER ENTRY/RESULTS REPORTING	Order Entry Results Reporting
2120	VEJD DDVG GET DATA DIC	DD	VEJDDDR2	4	GLOBAL ARRAY	S		ACTIVE		VENDOR - DOCUMENT STORAGE SYS	Vendor - Document Storage Systems
2121	VEJD DDVG GET PARAMETERS	GETPARMS	VEJDDDR3	2	ARRAY	S		ACTIVE		VENDOR - DOCUMENT STORAGE SYS	Vendor - Document Storage Systems
2122	VEJD PCE VISIT RETRIEVE	DISPLAY	VEJDPX	4	GLOBAL ARRAY			ACTIVE		VENDOR - DOCUMENT STORAGE SYS	Vendor - Document Storage Systems
2123	VEJD PCE UPDATE	UPDATE	VEJDPXCO	1	SINGLE VALUE			ACTIVE		VENDOR - DOCUMENT STORAGE SYS	Vendor - Document Storage Systems
2124	VEJD CPT MODIFIERS LIST	CPTMOD	VEJDPX	2	ARRAY			ACTIVE		VENDOR - DOCUMENT STORAGE SYS	Vendor - Document Storage Systems
2125	VEJD DDVG LIST FILE 1	LIST1	VEJDDDR3	4	GLOBAL ARRAY	R		ACTIVE		VENDOR - DOCUMENT STORAGE SYS	Vendor - Document Storage Systems
2126	VEJD DDVG CONVERT DATE	DATECONV	VEJDDDR3	1	SINGLE VALUE	P		ACTIVE		VENDOR - DOCUMENT STORAGE SYS	Vendor - Document Storage Systems
2127	VEJD XVA PERSON CLASS INFO	USERCLS	VEJDXVA	2	ARRAY			ACTIVE		VENDOR - DOCUMENT STORAGE SYS	Vendor - Document Storage Systems
2128	VEJD SR 130 LOOKUP	LOOKUP	VEJDSR	4	GLOBAL ARRAY			ACTIVE		VENDOR - DOCUMENT STORAGE SYS	Vendor - Document Storage Systems
2129	VEJD SR 130 GET	GET130	VEJDSR	4	GLOBAL ARRAY			ACTIVE		VENDOR - DOCUMENT STORAGE SYS	Vendor - Document Storage Systems
213	ORWU NEWPERS	NEWPERS	ORWU	2	ARRAY			ACTIVE		ORDER ENTRY/RESULTS REPORTING	Order Entry Results Reporting
2130	VEJD SR 130 UPDATE	UPDATE	VEJDSR0	1	SINGLE VALUE			ACTIVE		VENDOR - DOCUMENT STORAGE SYS	Vendor - Document Storage Systems
2131	VEJD ORWCV VST	VST	VEJDORCV	2	ARRAY			ACTIVE		VENDOR - DOCUMENT STORAGE SYS	Vendor - Document Storage Systems
2132	VEJD PCE VISIT LIST	EN	VEJDPXLU	4	GLOBAL ARRAY			ACTIVE		VENDOR - DOCUMENT STORAGE SYS	Vendor - Document Storage Systems
2133	VEJD XUTIL REVERSE RETRIEVE	REVLU	VEJDXD	4	GLOBAL ARRAY			ACTIVE		VENDOR - DOCUMENT STORAGE SYS	Vendor - Document Storage Systems
2134	VEJD XUTIL GET KEY	GETKEY	VEJDXD	1	SINGLE VALUE			ACTIVE		VENDOR - DOCUMENT STORAGE SYS	Vendor - Document Storage Systems
2135	VEJD XUTIL ADD DATA	ADDATA	VEJDXD	1	SINGLE VALUE			ACTIVE		VENDOR - DOCUMENT STORAGE SYS	Vendor - Document Storage Systems
2136	VEJD XUTIL MOVE DATA	MOVEDATA	VEJDXD	1	SINGLE VALUE			ACTIVE		VENDOR - DOCUMENT STORAGE SYS	Vendor - Document Storage Systems
2137	VEJD XUTIL GET WORD	GETWORD	VEJDXD	4	GLOBAL ARRAY			ACTIVE		VENDOR - DOCUMENT STORAGE SYS	Vendor - Document Storage Systems
2138	VEJD VESTING	RPC	VEJDVEST	1	SINGLE VALUE	A		ACTIVE		VENDOR - DOCUMENT STORAGE SYS	Vendor - Document Storage Systems
2139	VEJD MOD ROUTINE LIST	LIST	VEJDRMO1	2	ARRAY	A		ACTIVE		VENDOR - DOCUMENT STORAGE SYS	Vendor - Document Storage Systems
214	ORWU DEVICE	DEVICE	ORWU	2	ARRAY	S		ACTIVE		ORDER ENTRY/RESULTS REPORTING	Order Entry Results Reporting
2140	VEJD MOD ROUTINE DISPLAY	DSP	VEJDRMO1	2	ARRAY	A		ACTIVE		VENDOR - DOCUMENT STORAGE SYS	Vendor - Document Storage Systems
2141	VEJD MOD ROUTINE INSTALL	UPD	VEJDRMO1	1	SINGLE VALUE	A		ACTIVE		VENDOR - DOCUMENT STORAGE SYS	Vendor - Document Storage Systems
2142	VEJD XUTIL DATE CONVERSION	DATECNV	VEJDXD	1	SINGLE VALUE			ACTIVE		VENDOR - DOCUMENT STORAGE SYS	Vendor - Document Storage Systems
2143	VEJDSD GET LOCATION	LOC	VEJDSD01	1	SINGLE VALUE	A		ACTIVE		VENDOR - DOCUMENT STORAGE SYS	Vendor - Document Storage Systems
2144	VEJDTIU GET DOC DEF STATUS	ACTIVE	VEJDTIU1	1	SINGLE VALUE	A		ACTIVE		VENDOR - DOCUMENT STORAGE SYS	Vendor - Document Storage Systems
2145	VEJDSD GET SCHEDULED APPTS	APPL	VEJDSD01	4	GLOBAL ARRAY	A		ACTIVE		VENDOR - DOCUMENT STORAGE SYS	Vendor - Document Storage Systems
2146	VEJDSD GET LOC BY STOP CODE	CLST	VEJDSD01	2	ARRAY	A		ACTIVE		VENDOR - DOCUMENT STORAGE SYS	Vendor - Document Storage Systems
2147	VEJDSD GET STOP CODES	GETSTOP	VEJDSD01	2	ARRAY	A		ACTIVE		VENDOR - DOCUMENT STORAGE SYS	Vendor - Document Storage Systems
2148	VEJDSD GET PAT SCHED APPTS	PAT	VEJDSD01	4	GLOBAL ARRAY	A		ACTIVE		VENDOR - DOCUMENT STORAGE SYS	Vendor - Document Storage Systems
2149	VEJD SR GET CASE STATUS	STAT	VEJDSR01	1	SINGLE VALUE	A		ACTIVE		VENDOR - DOCUMENT STORAGE SYS	Vendor - Document Storage Systems
215	ORWRA IMAGING EXAMS	EXAMS	ORWRA	4	GLOBAL ARRAY	S		ACTIVE		ORDER ENTRY/RESULTS REPORTING	Order Entry Results Reporting
2150	VEJD SR GET SCHEDULE	SCH	VEJDSR02	4	GLOBAL ARRAY	A		ACTIVE		VENDOR - DOCUMENT STORAGE SYS	Vendor - Document Storage Systems
2151	VEJDSD PRIMARY CARE PROV	PCMM	VEJDSD02	1	SINGLE VALUE	A		ACTIVE		VENDOR - DOCUMENT STORAGE SYS	Vendor - Document Storage Systems
2152	VEJD SR FILE OP NOTE	OP	VEJDSR02	1	SINGLE VALUE	A		ACTIVE		VENDOR - DOCUMENT STORAGE SYS	Vendor - Document Storage Systems
2153	VEJD AUDIT SEARCH	AUDRET	VEJDAUD0	4	GLOBAL ARRAY	P		ACTIVE	1	VENDOR - DOCUMENT STORAGE SYS	Vendor - Document Storage Systems
2154	VEJD AUDIT CHECK	AUDCHK	VEJDAUD0	2	ARRAY			ACTIVE	1	VENDOR - DOCUMENT STORAGE SYS	Vendor - Document Storage Systems
2155	VEJD DG GET MCD	ALL	VEJDDGV	2	ARRAY	A		ACTIVE		VENDOR - DOCUMENT STORAGE SYS	Vendor - Document Storage Systems
2156	VEJD SYSTEM USER FIX	CHKSYS	VEJDSYSU	2	ARRAY			ACTIVE	1	VENDOR - DOCUMENT STORAGE SYS	Vendor - Document Storage Systems
2157	VEJDVG RADIOLOGY GET LISTS	DEF	VEJDVGR0	2	ARRAY			ACTIVE		VENDOR - DOCUMENT STORAGE SYS	Vendor - Document Storage Systems
2158	VEJDVG GET ORDERABLE ITEMS	RAORDITM	VEJDVGR0	2	ARRAY			ACTIVE		VENDOR - DOCUMENT STORAGE SYS	Vendor - Document Storage Systems
2159	VEJDVG VALIDSIG	VALIDSIG	VEJDVGR0	1	SINGLE VALUE			ACTIVE		VENDOR - DOCUMENT STORAGE SYS	Vendor - Document Storage Systems
216	ORWRA REPORT TEXT	RPT	ORWRA	4	GLOBAL ARRAY	S		ACTIVE		ORDER ENTRY/RESULTS REPORTING	Order Entry Results Reporting
2160	VEJD HL7 COUNT	COUNT	VEJDHLR	2	ARRAY			ACTIVE		VENDOR - DOCUMENT STORAGE SYS	Vendor - Document Storage Systems
2161	VEJD HL7 CT	CT	VEJDHLR	2	ARRAY			ACTIVE		VENDOR - DOCUMENT STORAGE SYS	Vendor - Document Storage Systems
2162	VEJD HL7 EXPAND	EXPAND	VEJDHLR	2	ARRAY			ACTIVE		VENDOR - DOCUMENT STORAGE SYS	Vendor - Document Storage Systems
2163	VEJD HL7 EXPAND 773	EXP773	VEJDHLR	2	ARRAY			ACTIVE		VENDOR - DOCUMENT STORAGE SYS	Vendor - Document Storage Systems
2164	VEJD HL7 EXPAND ONE	EXPAND1	VEJDHLR	2	ARRAY			ACTIVE		VENDOR - DOCUMENT STORAGE SYS	Vendor - Document Storage Systems
2165	VEJD HL7 TIME	TIME	VEJDHLR	2	ARRAY			ACTIVE		VENDOR - DOCUMENT STORAGE SYS	Vendor - Document Storage Systems
2166	VEJD HL7 DRAEGER	DRAEGER	VEJDHLR1	2	ARRAY			ACTIVE		VENDOR - DOCUMENT STORAGE SYS	Vendor - Document Storage Systems
2167	VEJD REPORTS	RPT	VEJDVGR0	2	ARRAY			ACTIVE	1	VENDOR - DOCUMENT STORAGE SYS	Vendor - Document Storage Systems
2168	VEJDVG RADIOLOGY PLACE ORDER	RADORD	VEJDVGR0	2	ARRAY	P	0	ACTIVE	1	VENDOR - DOCUMENT STORAGE SYS	Vendor - Document Storage Systems
2169	VEJD VG AUTHENTICATE USER	AUTH	VEJDVGR0	2	ARRAY			ACTIVE	1	VENDOR - DOCUMENT STORAGE SYS	Vendor - Document Storage Systems
217	ORQQPL PROBLEM LIST	PROBL	ORQQPL3	2	ARRAY			ACTIVE		ORDER ENTRY/RESULTS REPORTING	Order Entry Results Reporting
2170	VEJDVG MED ORDER ENTRY	EN	VEJDVGR1	2	ARRAY	R		ACTIVE		VENDOR - DOCUMENT STORAGE SYS	Vendor - Document Storage Systems
2171	VEJD SENSITIVE RECORD BULLETIN	NOTICE	VEJDSEC4	1	SINGLE VALUE	P		ACTIVE	1	VENDOR - DOCUMENT STORAGE SYS	Vendor - Document Storage Systems
2172	VEJD HL7 SIZE	SIZE	VEJDHLR	2	ARRAY	P		ACTIVE		VENDOR - DOCUMENT STORAGE SYS	Vendor - Document Storage Systems
2173	VEJDVG DELETE CPRS ORDER	DEL	VEJDVGR1	2	ARRAY	R		ACTIVE		VENDOR - DOCUMENT STORAGE SYS	Vendor - Document Storage Systems
2174	VEJDG TIU DOCUMENTS BY CONTEXT	CONTEXT	VEJDG0	4	GLOBAL ARRAY	P	0	ACTIVE		VENDOR - DOCUMENT STORAGE SYS	Vendor - Document Storage Systems
2175	VEJDVG GET POI FROM OI	OICONV	VEJDVGR1	2	ARRAY			ACTIVE		VENDOR - DOCUMENT STORAGE SYS	Vendor - Document Storage Systems
2176	VEJDVG RAD CPT LOOKUP	CPTLOOK	VEJDVGR1	1	SINGLE VALUE	P	0	ACTIVE	1	VENDOR - DOCUMENT STORAGE SYS	Vendor - Document Storage Systems
2177	VEJDVS GET QUAL	GETQUAL	VEJDVSI	2	ARRAY	P	0	ACTIVE	1	VENDOR - DOCUMENT STORAGE SYS	Vendor - Document Storage Systems
2178	VEJD XWB RPC TEST	TEST	VEJDXWBT	2	ARRAY	A		ACTIVE		VENDOR - DOCUMENT STORAGE SYS	Vendor - Document Storage Systems
2179	VEJD HL7 NOW	NOW	VEJDHLR	2	ARRAY			ACTIVE		VENDOR - DOCUMENT STORAGE SYS	Vendor - Document Storage Systems
218	ORWRP REPORT LISTS	LIST	ORWRP	2	ARRAY	S		ACTIVE		ORDER ENTRY/RESULTS REPORTING	Order Entry Results Reporting
2180	VEJD HL7 PICK TIME	SETIME	VEJDHLR	2	ARRAY			ACTIVE		VENDOR - DOCUMENT STORAGE SYS	Vendor - Document Storage Systems
2181	VEJD DD INFO	DDINFO	VEJDXWBT	2	ARRAY	P	0	ACTIVE	1	VENDOR - DOCUMENT STORAGE SYS	Vendor - Document Storage Systems
2182	VEJDVG LAB PLACE ORDER	LABORD	VEJDVGR8	2	ARRAY	P	0	ACTIVE	1	VENDOR - DOCUMENT STORAGE SYS	Vendor - Document Storage Systems
2183	VEJDVG CONSULT	CONSULT	VEJDVGR8	2	ARRAY	A	0	ACTIVE	1	VENDOR - DOCUMENT STORAGE SYS	Vendor - Document Storage Systems
2184	VEJDIC PATIENT INSURANCE DATA	INSUR	VEJDIC3	2	ARRAY	A		ACTIVE		VENDOR - DOCUMENT STORAGE SYS	Vendor - Document Storage Systems
2185	VEJDIC INSURANCE COMPANY	INSCO	VEJDIC	2	ARRAY	P		ACTIVE		VENDOR - DOCUMENT STORAGE SYS	Vendor - Document Storage Systems
2186	VEJDIC ADD BUFFER ENTRY	ADDBUF	VEJDIC	1	SINGLE VALUE	P		ACTIVE		VENDOR - DOCUMENT STORAGE SYS	Vendor - Document Storage Systems
2187	VEJDVG DIET PLACE ORDER	DIET	VEJDVGR8	2	ARRAY	P	0	ACTIVE	1	VENDOR - DOCUMENT STORAGE SYS	Vendor - Document Storage Systems
2188	VEJDTIU ADMIN COMPLETE CONSULT	CNSLT	VEJDTIU1	1	SINGLE VALUE	A		ACTIVE		VENDOR - DOCUMENT STORAGE SYS	Vendor - Document Storage Systems
2189	VEJDVG GET ORDER TEXT	ORINFO	VEJDVGR1	2	ARRAY			ACTIVE		VENDOR - DOCUMENT STORAGE SYS	Vendor - Document Storage Systems
219	ORQQPL USER PROB CATS	CAT	ORQQPL3	2	ARRAY			ACTIVE		ORDER ENTRY/RESULTS REPORTING	Order Entry Results Reporting
2190	VEJD PCE VALIDATE	FINAL	VEJDPXE	2	ARRAY	P	0	ACTIVE	1	VENDOR - DOCUMENT STORAGE SYS	Vendor - Document Storage Systems
2191	VEJD HL7 VACC	MEDREC	VEJDHLR1	2	ARRAY			ACTIVE		VENDOR - DOCUMENT STORAGE SYS	Vendor - Document Storage Systems
2192	VEJDIC FIND ENTRIES	FIND	VEJDIC	2	ARRAY			ACTIVE		VENDOR - DOCUMENT STORAGE SYS	Vendor - Document Storage Systems
2193	VEJDIC LIST ENTRIES	LIST	VEJDIC	4	GLOBAL ARRAY			ACTIVE		VENDOR - DOCUMENT STORAGE SYS	Vendor - Document Storage Systems
2194	VEJDIC GETS	GETS	VEJDIC	2	ARRAY			ACTIVE		VENDOR - DOCUMENT STORAGE SYS	Vendor - Document Storage Systems
2195	VEJDIC ACCEPT BUFFER ENTRY	ACCEPT	VEJDICA	1	SINGLE VALUE			ACTIVE		VENDOR - DOCUMENT STORAGE SYS	Vendor - Document Storage Systems
2196	VEJDIC REJECT BUFFER ENTRY	REJECT	VEJDICR	1	SINGLE VALUE			ACTIVE		VENDOR - DOCUMENT STORAGE SYS	Vendor - Document Storage Systems
2197	VEJDIC GROUP INSURANCE PLAN	GRPPOL	VEJDIC	2	ARRAY	P		ACTIVE		VENDOR - DOCUMENT STORAGE SYS	Vendor - Document Storage Systems
2198	VEJDIC GET ICB AUDIT	GETIEN	VEJDIC2	1	SINGLE VALUE	S		ACTIVE		VENDOR - DOCUMENT STORAGE SYS	Vendor - Document Storage Systems
2199	VEJDIC ALL APPOINTMENTS	REQALL	VEJDIC1	1	SINGLE VALUE	P		ACTIVE		VENDOR - DOCUMENT STORAGE SYS	Vendor - Document Storage Systems
22	SC LOCK/UNLOCK NODE	LOCKC	SCUTBK1	1	SINGLE VALUE	P		ACTIVE		SCHEDULING	Scheduling
220	ORQQPL USER PROB LIST	PROB	ORQQPL3	2	ARRAY			ACTIVE		ORDER ENTRY/RESULTS REPORTING	Order Entry Results Reporting
2200	VEJDIC POLL APPOINTMENTS	POLL	VEJDIC1	4	GLOBAL ARRAY	P		ACTIVE		VENDOR - DOCUMENT STORAGE SYS	Vendor - Document Storage Systems
2201	VEJDIC CANCEL APPOINTMENT LIST	CANCEL	VEJDIC1	1	SINGLE VALUE	P		ACTIVE		VENDOR - DOCUMENT STORAGE SYS	Vendor - Document Storage Systems
2202	VEJDIC ONE LOC APPOINTMENTS	REQONE	VEJDIC1	4	GLOBAL ARRAY	P		ACTIVE		VENDOR - DOCUMENT STORAGE SYS	Vendor - Document Storage Systems
2203	VEJDIC PATIENT INSURANCE CHECK	CKINS	VEJDIC1	1	SINGLE VALUE	P		ACTIVE		VENDOR - DOCUMENT STORAGE SYS	Vendor - Document Storage Systems
2204	VEJDIC PURGE AUDIT	PURGE	VEJDIC1	1	SINGLE VALUE	P		ACTIVE		VENDOR - DOCUMENT STORAGE SYS	Vendor - Document Storage Systems
2205	VEJDIC REPORT DATA	RPT	VEJDICR	4	GLOBAL ARRAY	A		ACTIVE		VENDOR - DOCUMENT STORAGE SYS	Vendor - Document Storage Systems
2206	VEJD HL7 THERADOC	THERA	VEJDHLR1	2	ARRAY			ACTIVE		VENDOR - DOCUMENT STORAGE SYS	Vendor - Document Storage Systems
2207	DSIR REQUESTS BY DATE	BYDATE	DSIROI3	4	GLOBAL ARRAY	S		ACTIVE		RELEASE OF INFORMATION	Release Of Information
2208	DSIR ADD DOCUMENT	NEWITEM	DSIROI0	2	ARRAY	S		ACTIVE		RELEASE OF INFORMATION	Release Of Information
2209	DSIR GET DOCUMENTS	GETITEMS	DSIROI2	4	GLOBAL ARRAY			ACTIVE		RELEASE OF INFORMATION	Release Of Information
221	ORQQPL PROBLEM LEX SEARCH	LEXSRCH	ORQQPL1	2	ARRAY			ACTIVE		ORDER ENTRY/RESULTS REPORTING	Order Entry Results Reporting
2210	DSIR CLEANUP	CLEANUP	DSIROI2	1	SINGLE VALUE	S		ACTIVE		RELEASE OF INFORMATION	Release Of Information
2211	DSIR SET FOLLOWUP DATE	FOLLOWUP	DSIROI2	2	ARRAY	S		ACTIVE		RELEASE OF INFORMATION	Release Of Information
2212	DSIR FOLLOWUP REQUIRED LIST	GETFOLLW	DSIROI2	2	ARRAY	S		ACTIVE		RELEASE OF INFORMATION	Release Of Information
2213	DSIR CHECK PREV REQ	CHECKCUR	DSIROI3	2	ARRAY	S		ACTIVE		RELEASE OF INFORMATION	Release Of Information
2214	DSIR GET DOC DATES	GETDATES	DSIROI3	2	ARRAY	S		ACTIVE		RELEASE OF INFORMATION	Release Of Information
2215	DSIR SET DOC DATES	SAVEDATE	DSIROI3	2	ARRAY	S		ACTIVE		RELEASE OF INFORMATION	Release Of Information
2216	DSIR REQUESTS SINCE DATE	GETPREVY	DSIROI2	1	SINGLE VALUE	S		ACTIVE		RELEASE OF INFORMATION	Release Of Information
2217	DSIR GET ROUTINE VERSION	GETVER	DSIROI2	1	SINGLE VALUE	S		ACTIVE	1	RELEASE OF INFORMATION	Release Of Information
2218	DSIR RPT BY REQUESTOR	BYREQ	DSIROIR	4	GLOBAL ARRAY			ACTIVE	5.2	RELEASE OF INFORMATION	Release Of Information
2219	DSIR RPT REQUESTORS IN SYS	REQINSYS	DSIROIR	4	GLOBAL ARRAY			ACTIVE	5	RELEASE OF INFORMATION	Release Of Information
222	ORQQPL EDIT LOAD	EDLOAD	ORQQPL1	2	ARRAY			ACTIVE		ORDER ENTRY/RESULTS REPORTING	Order Entry Results Reporting
2220	DSIR RPT REQUESTS BY TYPE	REQTYP	DSIROIR	4	GLOBAL ARRAY			ACTIVE	5.2	RELEASE OF INFORMATION	Release Of Information
2221	DSIR CLERKS LIST	GETCLRKS	DSIROIR	4	GLOBAL ARRAY			ACTIVE	5	RELEASE OF INFORMATION	Release Of Information
2222	DSIR UPDATE ADDRESS	UPDADDR	DSIROI6	1	SINGLE VALUE			ACTIVE		RELEASE OF INFORMATION	Release Of Information
2223	DSIR GET ADDRESSES	GTADDLST	DSIROI6	4	GLOBAL ARRAY			ACTIVE		RELEASE OF INFORMATION	Release Of Information
2224	DSIR UPDATE STATUS	STATRPC	DSIROI6	1	SINGLE VALUE			ACTIVE		RELEASE OF INFORMATION	Release Of Information
2225	DSIR CURRENT STATUS	CSTRPC	DSIROI6	1	SINGLE VALUE			ACTIVE		RELEASE OF INFORMATION	Release Of Information
2226	DSIR STATUS HISTORY	STATHIST	DSIROI6	4	GLOBAL ARRAY			ACTIVE		RELEASE OF INFORMATION	Release Of Information
2227	DSIR GET REASONS FOR REQUEST	GETREAS	DSIROI6	2	ARRAY			ACTIVE		RELEASE OF INFORMATION	Release Of Information
2228	DSIR GET REQUEST TYPES	GETTYPES	DSIROI6	2	ARRAY			ACTIVE		RELEASE OF INFORMATION	Release Of Information
2229	DSIR GET REQUESTOR TYPES	GETRQTYP	DSIROI6	2	ARRAY			ACTIVE		RELEASE OF INFORMATION	Release Of Information
223	ORQQPL INIT PT	INITPT	ORQQPL1	2	ARRAY			ACTIVE		ORDER ENTRY/RESULTS REPORTING	Order Entry Results Reporting
2230	DSIR GET AUTHORITY	GETAUTH	DSIROI6	2	ARRAY			ACTIVE		RELEASE OF INFORMATION	Release Of Information
2231	DSIR GET ROIS	GETLIST	DSIROI	4	GLOBAL ARRAY			ACTIVE		RELEASE OF INFORMATION	Release Of Information
2232	DSIR ADD/EDIT ROI	UPDATE	DSIROI	1	SINGLE VALUE			ACTIVE		RELEASE OF INFORMATION	Release Of Information
2233	DSIR REFORMAT REPORTS	FRMTRPT	DSIROIR	4	GLOBAL ARRAY	S		ACTIVE		RELEASE OF INFORMATION	Release Of Information
2234	DSIR STATUS ON DATE	STATONDT	DSIROI6	1	SINGLE VALUE	S		ACTIVE		RELEASE OF INFORMATION	Release Of Information
2235	DSIR GET DOCUMENT TYPES	GETTYPE	DSIROI6	2	ARRAY			ACTIVE		RELEASE OF INFORMATION	Release Of Information
2236	DSIR DELETE REQUESTOR	DUPRQTR	DSIROI1	1	SINGLE VALUE			ACTIVE		RELEASE OF INFORMATION	Release Of Information
2237	DSIR YEAR END FOIA REPORT	FOIA	DSIROIR0	4	GLOBAL ARRAY			ACTIVE			
2238	DSIR GET EXEMPTION 3 INFO	GETEXMT	DSIROI1	2	ARRAY			ACTIVE		RELEASE OF INFORMATION	Release Of Information
2239	DSIR COMP ACCOUNTING SUMMARY	CAS	DSIROIR1	4	GLOBAL ARRAY			ACTIVE	5.2		
224	ORWRP REPORT TEXT	RPT	ORWRP	4	GLOBAL ARRAY	S		ACTIVE		ORDER ENTRY/RESULTS REPORTING	Order Entry Results Reporting
2240	DSIR GET DIVISIONS	GETDIVS	DSIROI1	2	ARRAY			ACTIVE		RELEASE OF INFORMATION	Release Of Information
2241	DSIR TURNAROUND TIME REPORT	TURN	DSIROIR1	4	GLOBAL ARRAY			ACTIVE			
2242	DSIR UPDATE BILL	UPDBILL	DSIRBIL	1	SINGLE VALUE			ACTIVE		RELEASE OF INFORMATION	Release Of Information
2243	DSIR PAYMENT	PAYMENT	DSIRBIL	1	SINGLE VALUE			ACTIVE		RELEASE OF INFORMATION	Release Of Information
2244	DSIR GET BILL INFO	GETDATA	DSIRBIL	2	ARRAY			ACTIVE		RELEASE OF INFORMATION	Release Of Information
2245	DSIR GET PAYMENT HISTORY	GETHIST	DSIRBIL	2	ARRAY			ACTIVE		RELEASE OF INFORMATION	Release Of Information
2246	DSIR TOTAL CHARGES	TOTCHGS	DSIRBILR	4	GLOBAL ARRAY			ACTIVE			
2247	DSIR FEES RECEIVED	FEEREC	DSIRBILR	4	GLOBAL ARRAY			ACTIVE			
2248	DSIR FEES OUTSTANDING	FEEOUTS	DSIRBILR	4	GLOBAL ARRAY			ACTIVE			
2249	DSIR GET BILL DOCS	GETDOCS	DSIRBIL	4	GLOBAL ARRAY			ACTIVE		RELEASE OF INFORMATION	Release Of Information
225	ORQQPL PROVIDER LIST	PROVSRCH	ORQQPL1	2	ARRAY			ACTIVE		ORDER ENTRY/RESULTS REPORTING	Order Entry Results Reporting
2250	DSIR FOIA VALIDATION	FOIA	DSIROIRV	4	GLOBAL ARRAY			ACTIVE			
2251	DSIR CLEANUP EXEMPTIONS	FIXMPT	DSIROI1	4	GLOBAL ARRAY			ACTIVE		RELEASE OF INFORMATION	Release Of Information
2252	DSIR CLEAR FOLLOWUP DATES	CLEARFU	DSIROI1	1	SINGLE VALUE			ACTIVE		RELEASE OF INFORMATION	Release Of Information
2253	DSIR BILL HISTORY	BILLHIST	DSIRBIL0	4	GLOBAL ARRAY			ACTIVE		RELEASE OF INFORMATION	Release Of Information
2254	DSIR BILL AUDIT HISTORY	BILLHIST	DSIRBILR	4	GLOBAL ARRAY			ACTIVE	5.3		
2255	DSIR UPDATE INCLUDE ON BILL	INCONBIL	DSIRBIL0	1	SINGLE VALUE			ACTIVE		RELEASE OF INFORMATION	Release Of Information
2256	DSIR COMB PAY AND AUD HIST	PAYNAUD	DSIRBIL0	4	GLOBAL ARRAY			ACTIVE		RELEASE OF INFORMATION	Release Of Information
2257	DSIR FEES REC RPT	FEESREC	DSIRBIR0	4	GLOBAL ARRAY			ACTIVE			
2258	DSIR FEES OUT RPT	FEESOUT	DSIRBIR0	4	GLOBAL ARRAY			ACTIVE			
2259	DSIR AMOUNT BILLED RPT	AMTBILD	DSIRBIR0	4	GLOBAL ARRAY			ACTIVE			
226	ORWRP PRINT REPORT	PRINT	ORWRPP	1	SINGLE VALUE	S		ACTIVE		ORDER ENTRY/RESULTS REPORTING	Order Entry Results Reporting
2260	DSIR STILL OPEN	STILOPEN	DSIROIR1	4	GLOBAL ARRAY			ACTIVE			
2261	DSIR PRIORTY REPORT	PRIRTY	DSIROIR2	4	GLOBAL ARRAY			ACTIVE			
2262	DSIR KILL BILL	KILLBILL	DSIRBIL0	1	SINGLE VALUE			ACTIVE		RELEASE OF INFORMATION	Release Of Information
2263	DSIR ADD NONCOMP PAT	ADDNCPR	DSIROI0	2	ARRAY			ACTIVE		RELEASE OF INFORMATION	Release Of Information
2264	DSIR ADD ANNOTATION	ADDANNO	DSIROI	1	SINGLE VALUE			ACTIVE		RELEASE OF INFORMATION	Release Of Information
2265	DSIR STATUS DISCREPANCY RPT	STATDISC	DSIROIR2	4	GLOBAL ARRAY			ACTIVE	5.4		
2266	DSIR REQUEST INQUIRY	ROIINQ	DSIROI7	4	GLOBAL ARRAY			ACTIVE			
2267	DSIR FIRST CLOSED DATE	CLDT1	DSIROI6	1	SINGLE VALUE			ACTIVE		RELEASE OF INFORMATION	Release Of Information
2268	DSIR LAST CLOSED DATE	CLDTL	DSIROI6	1	SINGLE VALUE			ACTIVE		RELEASE OF INFORMATION	Release Of Information
2269	DVBAB GET URL	URL	DVBABURL	1	SINGLE VALUE	S		ACTIVE		AUTOMATED MED INFO EXCHANGE	Automated Medical Information Exchange
227	ORWLR REPORT LISTS	LIST	ORWLR	4	GLOBAL ARRAY	S		ACTIVE		ORDER ENTRY/RESULTS REPORTING	Order Entry Results Reporting
2270	TIU ISPRF	ISPRFTTL	TIUPRF2	1	SINGLE VALUE	A	0	ACTIVE		TEXT INTEGRATION UTILITIES	Text Integration Utility
2271	TIU GET PRF ACTIONS	GETACTS	TIUPRF2	2	ARRAY	S	0	ACTIVE		TEXT INTEGRATION UTILITIES	Text Integration Utility
2272	TIU LINK TO FLAG	LINK	TIUPRF2	1	SINGLE VALUE		0	ACTIVE		TEXT INTEGRATION UTILITIES	Text Integration Utility
2273	TIU GET DOCUMENT STATUS	GETSTAT	TIUPRF2	1	SINGLE VALUE		0	ACTIVE		TEXT INTEGRATION UTILITIES	Text Integration Utility
2274	TIU GET LINKED PRF NOTES	GETNOTES	TIUPRF2	2	ARRAY			ACTIVE		TEXT INTEGRATION UTILITIES	Text Integration Utility
2275	TIU GET PRF TITLE	GETTITLE	TIUPRF2	1	SINGLE VALUE			ACTIVE		TEXT INTEGRATION UTILITIES	Text Integration Utility
2276	ORVAA VAA	VAA	ORVAA	2	ARRAY			ACTIVE		ORDER ENTRY/RESULTS REPORTING	Order Entry Results Reporting
2277	ORWDFH OPDIETS	OPDIETS	ORWDFH	2	ARRAY			ACTIVE		ORDER ENTRY/RESULTS REPORTING	Order Entry Results Reporting
2278	ORWDFH CURRENT MEALS	CURMEALS	ORWDFH	2	ARRAY			ACTIVE		ORDER ENTRY/RESULTS REPORTING	Order Entry Results Reporting
2279	ORWU VERSION	VERSION	ORWU	1	SINGLE VALUE			ACTIVE		ORDER ENTRY/RESULTS REPORTING	Order Entry Results Reporting
228	ORQQPL EDIT SAVE	EDSAVE	ORQQPL1	1	SINGLE VALUE			ACTIVE		ORDER ENTRY/RESULTS REPORTING	Order Entry Results Reporting
2280	ORWDXVB GETALL	GETALL	ORWDXVB	4	GLOBAL ARRAY			ACTIVE		ORDER ENTRY/RESULTS REPORTING	Order Entry Results Reporting
2281	ORWDXVB RAW	RAW	ORWDXVB	4	GLOBAL ARRAY			ACTIVE		ORDER ENTRY/RESULTS REPORTING	Order Entry Results Reporting
2282	ORWDXVB RESULTS	RESULTS	ORWDXVB	4	GLOBAL ARRAY			ACTIVE		ORDER ENTRY/RESULTS REPORTING	Order Entry Results Reporting
2283	ORWDXVB STATALOW	STATALOW	ORWDXVB	1	SINGLE VALUE			ACTIVE		ORDER ENTRY/RESULTS REPORTING	Order Entry Results Reporting
2284	ORWDXVB COMPORD	COMPORD	ORWDXVB	2	ARRAY			ACTIVE		ORDER ENTRY/RESULTS REPORTING	Order Entry Results Reporting
2285	ORWDFH NFSLOC READY	OPLOCOK	ORWDFH	1	SINGLE VALUE			ACTIVE		ORDER ENTRY/RESULTS REPORTING	Order Entry Results Reporting
2286	ORWGRPC ALLITEMS	ALLITEMS	ORWGRPC	4	GLOBAL ARRAY			ACTIVE		ORDER ENTRY/RESULTS REPORTING	Order Entry Results Reporting
2287	ORWGRPC TYPES	TYPES	ORWGRPC	4	GLOBAL ARRAY			ACTIVE		ORDER ENTRY/RESULTS REPORTING	Order Entry Results Reporting
2288	ORWGRPC ITEMS	ITEMS	ORWGRPC	4	GLOBAL ARRAY			ACTIVE		ORDER ENTRY/RESULTS REPORTING	Order Entry Results Reporting
2289	ORWGRPC CLASS	CLASS	ORWGRPC	4	GLOBAL ARRAY			ACTIVE		ORDER ENTRY/RESULTS REPORTING	Order Entry Results Reporting
229	ORWLR CUMULATIVE SECTION	RPT	ORWLR	4	GLOBAL ARRAY	S		ACTIVE		ORDER ENTRY/RESULTS REPORTING	Order Entry Results Reporting
2290	ORWGRPC ITEMDATA	ITEMDATA	ORWGRPC	4	GLOBAL ARRAY			ACTIVE		ORDER ENTRY/RESULTS REPORTING	Order Entry Results Reporting
2291	ORWGRPC GETPREF	GETPREF	ORWGRPC	4	GLOBAL ARRAY			ACTIVE		ORDER ENTRY/RESULTS REPORTING	Order Entry Results Reporting
2292	ORWGRPC SETPREF	SETPREF	ORWGRPC	4	GLOBAL ARRAY			ACTIVE		ORDER ENTRY/RESULTS REPORTING	Order Entry Results Reporting
2293	ORWGRPC GETVIEWS	GETVIEWS	ORWGRPC	4	GLOBAL ARRAY			ACTIVE		ORDER ENTRY/RESULTS REPORTING	Order Entry Results Reporting
2294	ORWGRPC SETVIEWS	SETVIEWS	ORWGRPC	4	GLOBAL ARRAY			ACTIVE		ORDER ENTRY/RESULTS REPORTING	Order Entry Results Reporting
2295	ORWGRPC DELVIEWS	DELVIEWS	ORWGRPC	4	GLOBAL ARRAY			ACTIVE		ORDER ENTRY/RESULTS REPORTING	Order Entry Results Reporting
2296	ORWGRPC TESTSPEC	TESTSPEC	ORWGRPC	4	GLOBAL ARRAY			ACTIVE		ORDER ENTRY/RESULTS REPORTING	Order Entry Results Reporting
2297	ORWGRPC LOOKUP	LOOKUP	ORWGRPC	2	ARRAY			ACTIVE		ORDER ENTRY/RESULTS REPORTING	Order Entry Results Reporting
2298	ORWGRPC DATEITEM	DATEITEM	ORWGRPC	4	GLOBAL ARRAY			ACTIVE		ORDER ENTRY/RESULTS REPORTING	Order Entry Results Reporting
2299	ORWPCE1 NONCOUNT	NONCOUNT	ORWPCE1	1	SINGLE VALUE			ACTIVE		ORDER ENTRY/RESULTS REPORTING	Order Entry Results Reporting
23	SC VALIDATOR	VALC	SCUTBK	2	ARRAY	P		ACTIVE		SCHEDULING	Scheduling
230	ORQQPL CLIN SRCH	CLINSRCH	ORQQPL1	2	ARRAY			ACTIVE		ORDER ENTRY/RESULTS REPORTING	Order Entry Results Reporting
2300	ORWDAL32 CLINUSER	CLINUSER	ORWDAL33	1	SINGLE VALUE			ACTIVE		ORDER ENTRY/RESULTS REPORTING	Order Entry Results Reporting
2301	ORWPFSS IS PFSS ACTIVE?	PFSSACTV	ORWPFSS	1	SINGLE VALUE			ACTIVE		ORDER ENTRY/RESULTS REPORTING	Order Entry Results Reporting
2302	ORWGRPC GETDATES	GETDATES	ORWGRPC	4	GLOBAL ARRAY			ACTIVE		ORDER ENTRY/RESULTS REPORTING	Order Entry Results Reporting
2303	ORWGRPC DETAIL	DETAIL	ORWGRPC	4	GLOBAL ARRAY			ACTIVE		ORDER ENTRY/RESULTS REPORTING	Order Entry Results Reporting
2304	ORWGRPC DETAILS	DETAILS	ORWGRPC	4	GLOBAL ARRAY			ACTIVE		ORDER ENTRY/RESULTS REPORTING	Order Entry Results Reporting
2305	ORWMHV MHV	MHV	ORWMHV	1	SINGLE VALUE			ACTIVE		ORDER ENTRY/RESULTS REPORTING	Order Entry Results Reporting
2306	NUPA SCREEN	SCREEN	NUPABCL	1	SINGLE VALUE			ACTIVE		PATIENT ASSESSMENT DOCUMENTATION	Patient Assessment Documentation
2307	NUPA DLOOK	DLOOK	NUPABCL	4	GLOBAL ARRAY			ACTIVE		PATIENT ASSESSMENT DOCUMENTATION	Patient Assessment Documentation
2308	ORWGRPC PUBLIC	PUBLIC	ORWGRPC	1	SINGLE VALUE			ACTIVE		ORDER ENTRY/RESULTS REPORTING	Order Entry Results Reporting
2309	ORWGRPC RPTPARAM	RPTPARAM	ORWGRPC	1	SINGLE VALUE			ACTIVE		ORDER ENTRY/RESULTS REPORTING	Order Entry Results Reporting
231	ORQQPL ADD SAVE	ADDSAVE	ORQQPL1	1	SINGLE VALUE			ACTIVE		ORDER ENTRY/RESULTS REPORTING	Order Entry Results Reporting
2310	ORWCIRN WEBADDR	WEBADDR	ORWCIRN	1	SINGLE VALUE			ACTIVE		ORDER ENTRY/RESULTS REPORTING	Order Entry Results Reporting
2311	ORWDX CHANGE	CHANGE	ORWDX1	1	SINGLE VALUE	P		ACTIVE		ORDER ENTRY/RESULTS REPORTING	Order Entry Results Reporting
2312	ORWGRPC TAX	TAX	ORWGRPC	4	GLOBAL ARRAY			ACTIVE		ORDER ENTRY/RESULTS REPORTING	Order Entry Results Reporting
2313	ORWDX1 PATWARD	PATWARD	ORWDX1	1	SINGLE VALUE			ACTIVE		ORDER ENTRY/RESULTS REPORTING	Order Entry Results Reporting
2314	ORWRP4 HDR MODIFY	HDR	ORWRP4	1	SINGLE VALUE	R		ACTIVE		ORDER ENTRY/RESULTS REPORTING	Order Entry Results Reporting
2315	ORWDX1 STCHANGE	STCHANGE	ORWDX1	1	SINGLE VALUE			ACTIVE		ORDER ENTRY/RESULTS REPORTING	Order Entry Results Reporting
2316	ORQQPXRM MHV	MHV	ORQQPXRM	2	ARRAY			ACTIVE		ORDER ENTRY/RESULTS REPORTING	Order Entry Results Reporting
2317	ORWDX1 DCREN	DCREN	ORWDX1	2	ARRAY			ACTIVE		ORDER ENTRY/RESULTS REPORTING	Order Entry Results Reporting
2318	ORWGRPC GETSIZE	GETSIZE	ORWGRPC	4	GLOBAL ARRAY			ACTIVE		ORDER ENTRY/RESULTS REPORTING	Order Entry Results Reporting
2319	ORWGRPC SETSIZE	SETSIZE	ORWGRPC	4	GLOBAL ARRAY			ACTIVE		ORDER ENTRY/RESULTS REPORTING	Order Entry Results Reporting
232	ORQQPL INIT USER	INITUSER	ORQQPL1	2	ARRAY			ACTIVE		ORDER ENTRY/RESULTS REPORTING	Order Entry Results Reporting
2320	ORWCIRN AUTORDV	AUTORDV	ORWCIRN	1	SINGLE VALUE			ACTIVE		ORDER ENTRY/RESULTS REPORTING	Order Entry Results Reporting
2321	ORPRF TRIGGER POPUP	TRIGRPOP	ORPRF	1	SINGLE VALUE			ACTIVE		ORDER ENTRY/RESULTS REPORTING	Order Entry Results Reporting
2322	ORWCIRN HDRON	HDRON	ORWCIRN	1	SINGLE VALUE			ACTIVE		ORDER ENTRY/RESULTS REPORTING	Order Entry Results Reporting
2323	XUPS PERSONQUERY	EN1	XUPSQRY	4	GLOBAL ARRAY	P	0	ACTIVE	1	KERNEL	Kernel
2324	DGRR PATIENT LOOKUP SEARCH	SEARCH	DGRRLU	4	GLOBAL ARRAY	P		ACTIVE	.001	REGISTRATION	Registration
2325	DGRR GET PTLK BUSINESS DATA	BUS	DGRRLU1	4	GLOBAL ARRAY	P		ACTIVE	.001	REGISTRATION	Registration
2326	DGRR SET SENSITIVE ACCESS LOG	NOTICE	DGRRLU2	1	SINGLE VALUE	P		ACTIVE		REGISTRATION	Registration
2327	DGRR GET LOOKUP TYPE LIST	GETLIST	DGRRLU3	4	GLOBAL ARRAY	P		ACTIVE	.01	REGISTRATION	Registration
2328	DGRR PATIENT LKUP PREFERENCES	START	DGRRLU4	4	GLOBAL ARRAY	P		ACTIVE		REGISTRATION	Registration
2329	DGRR SET PTLK PREFERENCES	UPDATE	DGRRLU4	4	GLOBAL ARRAY	P		ACTIVE		REGISTRATION	Registration
233	ORQQPL UPDATE	UPDATE	ORQQPL1	2	ARRAY			ACTIVE		ORDER ENTRY/RESULTS REPORTING	Order Entry Results Reporting
2330	DGRR CANCEL SEARCH	CANCEL	DGRRLU	1	SINGLE VALUE			ACTIVE		REGISTRATION	Registration
2331	DGRR GET PATIENT SERVICES DATA	PATIENT	DGRRPSGT	4	GLOBAL ARRAY	P		ACTIVE	.001	REGISTRATION	Registration
2332	DSIC DPT GET ID	ID	DSICDPT	1	SINGLE VALUE	A		ACTIVE		VA CERTIFIED COMPONENTS - DSSI	VA Certified Components - DSSI
2333	DSIC DPT TEST PATIENT	TEST	DSICDPT	1	SINGLE VALUE	A		ACTIVE		VA CERTIFIED COMPONENTS - DSSI	VA Certified Components - DSSI
2334	DSIC ACTIVE CPRS PROVIDER	PROV	DSICDUZ	1	SINGLE VALUE	A		ACTIVE		VA CERTIFIED COMPONENTS - DSSI	VA Certified Components - DSSI
2335	MHV LOG ON	LOGON	MHVUL1	1	SINGLE VALUE	R		ACTIVE	1	MY HEALTHEVET	My HealtheVet
2336	MHV LOG OFF	LOGOFF	MHVUL1	1	SINGLE VALUE	R		ACTIVE	1	MY HEALTHEVET	My HealtheVet
2337	MHV LOG PURGE	LOGPRG	MHVUL1	1	SINGLE VALUE	R		ACTIVE	1	MY HEALTHEVET	My HealtheVet
2338	MHV LOG INFO	LOGINFO	MHVUL1	2	ARRAY	R		ACTIVE	1	MY HEALTHEVET	My HealtheVet
2339	MHV LOG SIZE	LOGSIZE	MHVUL1	1	SINGLE VALUE	R		ACTIVE	1	MY HEALTHEVET	My HealtheVet
234	ORQQPL DELETE	DELETE	ORQQPL2	1	SINGLE VALUE			ACTIVE		ORDER ENTRY/RESULTS REPORTING	Order Entry Results Reporting
2340	MHV LOG SUMMARY	LOGSUM	MHVUL2	4	GLOBAL ARRAY	R		ACTIVE	1	MY HEALTHEVET	My HealtheVet
2341	MHV LOG DETAIL	LOGDET	MHVUL2	4	GLOBAL ARRAY	R		ACTIVE	1	MY HEALTHEVET	My HealtheVet
2342	MHV LOG CONFIG	LOGSET	MHVUL1	1	SINGLE VALUE	R		ACTIVE	1	MY HEALTHEVET	My HealtheVet
2343	PSB UTL XSTATUS SRCH	FNDACTV	PSBVDLU3	2	ARRAY	R	0	ACTIVE	3	BAR CODE MED ADMIN	Barcode Medication Administration
2344	XUS SET VISITOR	SETVISIT	XUSBSE1	1	SINGLE VALUE	S		ACTIVE		KERNEL	Kernel
2345	XUS GET VISITOR	GETVISIT	XUSBSE1	1	SINGLE VALUE	S		ACTIVE		KERNEL	Kernel
2346	XOBV TEST MULTIPLE SUBSCRIPTS	MSUBS	XOBVLT	2	ARRAY	P	0	ACTIVE	1	VISTALINK	VistALink
2347	XOBV TEST MULT ARRAY PARAMS	MARRAYS	XOBVLT	2	ARRAY	R	0	ACTIVE	1	VISTALINK	VistALink
2348	NUPA LIST	LIST	NUPABCL	4	GLOBAL ARRAY			ACTIVE		PATIENT ASSESSMENT DOCUMENTATION	Patient Assessment Documentation
2349	NUPA LIST2	LIST2	NUPABCL	4	GLOBAL ARRAY			ACTIVE		PATIENT ASSESSMENT DOCUMENTATION	Patient Assessment Documentation
235	ORWRA PRINT REPORT	PRINT	ORWRAP	1	SINGLE VALUE	S		ACTIVE		ORDER ENTRY/RESULTS REPORTING	Order Entry Results Reporting
2350	NUPA REMINDERS COLLECT	REM	NUPABCL1	1	SINGLE VALUE			ACTIVE		PATIENT ASSESSMENT DOCUMENTATION	Patient Assessment Documentation
2351	NUPA REMINDERS GET	REM1	NUPABCL1	4	GLOBAL ARRAY			ACTIVE		PATIENT ASSESSMENT DOCUMENTATION	Patient Assessment Documentation
2352	NUPA REMINDERS MANUAL	REM2	NUPABCL1	2	ARRAY			ACTIVE		PATIENT ASSESSMENT DOCUMENTATION	Patient Assessment Documentation
2353	NUPA FILE	FILE	NUPABCL	1	SINGLE VALUE			ACTIVE		PATIENT ASSESSMENT DOCUMENTATION	Patient Assessment Documentation
2354	NUPA LOOKUP	LOOK	NUPABCL	4	GLOBAL ARRAY			ACTIVE		PATIENT ASSESSMENT DOCUMENTATION	Patient Assessment Documentation
2355	XOBV SYSTEMINFO	RPC	XOBVSYSI	2	ARRAY	R		ACTIVE		VISTALINK	VistALink
2356	NUPA NEW	NEW	NUPABCL	1	SINGLE VALUE			ACTIVE		PATIENT ASSESSMENT DOCUMENTATION	Patient Assessment Documentation
2357	NUPA NEW IF NONE	NEWN	NUPABCL	1	SINGLE VALUE			ACTIVE		PATIENT ASSESSMENT DOCUMENTATION	Patient Assessment Documentation
2358	NUPA CAREPLAN PROBLEM HISTORY	HIST	NUPABCL1	4	GLOBAL ARRAY			ACTIVE		PATIENT ASSESSMENT DOCUMENTATION	Patient Assessment Documentation
2359	XUS KAAJEE GET USER INFO	USERINFO	XUSKAAJ	2	ARRAY	A		ACTIVE	1	KERNEL	Kernel
236	ORQQPL AUDIT HIST	HIST	ORQQPL2	2	ARRAY			ACTIVE		ORDER ENTRY/RESULTS REPORTING	Order Entry Results Reporting
2360	XUS KAAJEE LOGOUT	SIGNOFF	XUSKAAJ	1	SINGLE VALUE	A		ACTIVE	1	KERNEL	Kernel
2361	DSIR ADD/DEL SENSITIVE PROV	ADDPROV	DSIROI8	1	SINGLE VALUE			ACTIVE		RELEASE OF INFORMATION	Release Of Information
2362	DSIR GET SENSITIVE PROVIDERS	PROVLIST	DSIROI8	4	GLOBAL ARRAY			ACTIVE		RELEASE OF INFORMATION	Release Of Information
2363	DSIR LIST FOIA OFFSETS	IENSFOIA	DSIROI8	2	ARRAY			ACTIVE		RELEASE OF INFORMATION	Release Of Information
2364	DSIR GET FOIA OFFSETS	GETFOIA	DSIROI8	2	ARRAY			ACTIVE		RELEASE OF INFORMATION	Release Of Information
2365	DSIR UPDATE FOIA OFFSETS	MANUFOIA	DSIROI8	1	SINGLE VALUE			ACTIVE		RELEASE OF INFORMATION	Release Of Information
2366	DSIR SET LOCKED STATUS	LOCKFOIA	DSIROI8	1	SINGLE VALUE			ACTIVE		RELEASE OF INFORMATION	Release Of Information
2367	MAG CFIND QUERY	FIND	MAGDQR01	2	ARRAY	R	0	ACTIVE	3	IMAGING	Imaging
2368	NUPA PRINT	P	NUPABCL	1	SINGLE VALUE			ACTIVE		PATIENT ASSESSMENT DOCUMENTATION	Patient Assessment Documentation
2369	MAG DICOM CORRECT VALIDATE	VALIDATE	MAGDLBV	1	SINGLE VALUE	R	0	ACTIVE	3	IMAGING	Imaging
237	ORQQPL REPLACE	REPLACE	ORQQPL2	1	SINGLE VALUE			ACTIVE		ORDER ENTRY/RESULTS REPORTING	Order Entry Results Reporting
2370	NUPA ORDERS	APO	NUPABCL2	4	GLOBAL ARRAY			ACTIVE		PATIENT ASSESSMENT DOCUMENTATION	Patient Assessment Documentation
2371	MAG STUDY UID QUERY	STUDY	MAGDQR04	2	ARRAY	R	0	ACTIVE	3	IMAGING	Imaging
2372	MAG VISTA CHECKSUMS	GATEWAY	MAGVCHK	1	SINGLE VALUE	R	0	ACTIVE	3	IMAGING	Imaging
2373	MAGJ USER DATA	RPCIN	MAGJPRF1	4	GLOBAL ARRAY	R		ACTIVE		IMAGING	Imaging
2374	MAGJ RADSTATUSCHECK	STATCHK	MAGJUTL4	1	SINGLE VALUE	R		ACTIVE		IMAGING	Imaging
2375	MAGJ RADCASELOCKS	CASLOCK	MAGJEX1A	4	GLOBAL ARRAY	R		ACTIVE		IMAGING	Imaging
2376	MAGJ HISTORYLIST	HIST	MAGJLS4	4	GLOBAL ARRAY	R		ACTIVE		IMAGING	Imaging
2377	MAGJ STUDY_DATA	RPCIN	MAGJEX3	4	GLOBAL ARRAY	R		ACTIVE		IMAGING	Imaging
2378	MAGJ USER2	USERINF2	MAGJUTL3	2	ARRAY	R		ACTIVE		IMAGING	Imaging
2379	MAGJ CPTMATCH	CPTGRP	MAGJUTL4	4	GLOBAL ARRAY	R		ACTIVE		IMAGING	Imaging
238	ORQQPL VERIFY	VERIFY	ORQQPL2	1	SINGLE VALUE			ACTIVE		ORDER ENTRY/RESULTS REPORTING	Order Entry Results Reporting
2380	MAGJ REMOTESCREEN	REMSCRN	MAGJUTL4	1	SINGLE VALUE	R		ACTIVE		IMAGING	Imaging
2381	MAGQ COQ	FOQUE	MAGQBUT	1	SINGLE VALUE	S	0	ACTIVE		IMAGING	Imaging
2382	NUPA INP MEDS LIST	IM	NUPABCL2	4	GLOBAL ARRAY			ACTIVE		PATIENT ASSESSMENT DOCUMENTATION	Patient Assessment Documentation
2383	MAG DICOM GET ICN	GETICN	MAGDRPC9	1	SINGLE VALUE	P		ACTIVE		IMAGING	Imaging
2384	MAG NEW SOP INSTANCE UID	NEWUID	MAGDRPC9	1	SINGLE VALUE	R	0	ACTIVE	3	IMAGING	Imaging
2385	MAG RAD GET NEXT RPT BY DATE	NEXT	MAGDRPC9	1	SINGLE VALUE	R	0	ACTIVE	3	IMAGING	Imaging
2386	MAG RAD GET NEXT RPT BY PT	NXTPTRPT	MAGDRPC9	1	SINGLE VALUE	P		ACTIVE		IMAGING	Imaging
2387	XOBE ESIG GET CODE	GETCODE	XOBESIG	1	SINGLE VALUE			ACTIVE		ELECTRONIC SIGNATURE	Electronic Signature
2388	XOBE ESIG SET CODE	SETCODE	XOBESIG	1	SINGLE VALUE			ACTIVE		ELECTRONIC SIGNATURE	Electronic Signature
2389	XOBE ESIG GET DATA	GETDATA	XOBESIG	2	ARRAY			ACTIVE		ELECTRONIC SIGNATURE	Electronic Signature
239	ORQQPL PROV FILTER LIST	GETRPRV	ORQQPL3	2	ARRAY			ACTIVE		ORDER ENTRY/RESULTS REPORTING	Order Entry Results Reporting
2390	XOBE ESIG SET DATA	SETDATA	XOBESIG	2	ARRAY			ACTIVE		ELECTRONIC SIGNATURE	Electronic Signature
2391	XOBE ESIG IS DEFINED	ISDEF	XOBESIG	1	SINGLE VALUE			ACTIVE		ELECTRONIC SIGNATURE	Electronic Signature
2392	SCMC PCMM CHECK FTEE	FTEECHK	SCMCTSK1	1	SINGLE VALUE	P	0	ACTIVE		SCHEDULING	Scheduling
2393	SC EXTEND BUILD LIST	EXTEND	SCMCTSK1	2	ARRAY		0	ACTIVE		SCHEDULING	Scheduling
2394	SC EXTEND FILE LIST	FILE	SCMCTSK1	1	SINGLE VALUE		0	ACTIVE		SCHEDULING	Scheduling
2395	SCMC FILE INACTIVATION END	FILEIN	SCMCTSK3	2	ARRAY			ACTIVE		SCHEDULING	Scheduling
2396	SC GET ASSOCIATE CLINICS	GETASC	SCMCTSK2	2	ARRAY	P		ACTIVE		SCHEDULING	Scheduling
2397	SC FILE ASSOCIATE CLINICS	SETASC	SCMCTSK7	1	SINGLE VALUE	P		ACTIVE		SCHEDULING	Scheduling
2398	SC POSITION RESIDENT ROLE	ROLE	SCMCWAIT	2	ARRAY	A	0	ACTIVE		SCHEDULING	Scheduling
2399	SCMC POSITION PC CHECK	POSCHK	SCMCTSK1	1	SINGLE VALUE	P	0	ACTIVE		SCHEDULING	Scheduling
24	SC GLOBAL NODE COUNT	GLCNT	SCUTBK1	1	SINGLE VALUE	P		ACTIVE		SCHEDULING	Scheduling
240	ORQQPL CLIN FILTER LIST	GETCLIN	ORQQPL3	2	ARRAY			ACTIVE		ORDER ENTRY/RESULTS REPORTING	Order Entry Results Reporting
2400	SC CHECK FOR ENROLLMENT	CHKENR	SCMCTSK1	2	ARRAY	P		ACTIVE		SCHEDULING	Scheduling
2401	SCMC ROLE	ROLE	SCMCTSK2	2	ARRAY	P	0	ACTIVE		SCHEDULING	Scheduling
2402	ANRVJ1_RPC_MAIN	RPC	ANRVJ1	4	GLOBAL ARRAY	R		ACTIVE		VISUAL IMPAIRMENT SERVICE TEAM	Visual Impairment Service Team
2403	ANRV CREATE ENCOUNTER	ENCNTR	ANRVJ1	2	ARRAY			ACTIVE		VISUAL IMPAIRMENT SERVICE TEAM	Visual Impairment Service Team
2404	ANRV PROBLEM LIST	LIST	ORQQPL	2	ARRAY	S		ACTIVE		ORDER ENTRY/RESULTS REPORTING	Order Entry Results Reporting
2405	ANRV GET PN TITLES	NOTES	TIUSRVD	2	ARRAY	S		ACTIVE		TEXT INTEGRATION UTILITIES	Text Integration Utility
2407	DENTV REPORT KLF	KLF	DENTVAU	4	GLOBAL ARRAY	A		ACTIVE		DENTAL	Dental
2408	DENTV PRIMARY PROVIDER	GS	DENTVUTL	1	SINGLE VALUE	A		ACTIVE		DENTAL	Dental
2409	DENTV ADA GET COSTS	GC	DENTVRP3	4	GLOBAL ARRAY	A		ACTIVE		DENTAL	Dental
241	ORWDPS INPT	INPT	ORWDPS	1	SINGLE VALUE			ACTIVE		ORDER ENTRY/RESULTS REPORTING	Order Entry Results Reporting
2410	DENTV GET CODING GUIDELINES	GUIDE	DENTVRP2	2	ARRAY	A		ACTIVE		DENTAL	Dental
2411	DENTV ALERTS	GAL	DENTVUTL	2	ARRAY	A		ACTIVE		DENTAL	Dental
2412	DENTV PATIENT PROVIDER	PP	DENTVUTL	1	SINGLE VALUE	A		ACTIVE		DENTAL	Dental
2413	DENTV ACTIVE USER PROVIDER	LIST	DENTVUTL	4	GLOBAL ARRAY	A		ACTIVE		DENTAL	Dental
2414	DENTV GET COVER PAGE INFO	CP	DENTVTP0	4	GLOBAL ARRAY	A		ACTIVE		DENTAL	Dental
2415	DENTV TP GET LAST STATUS	LST	DENTVTP5	1	SINGLE VALUE	A		ACTIVE		DENTAL	Dental
2416	KMPD FILE SEARCH	FILESRC	KMPDU5	4	GLOBAL ARRAY	R		ACTIVE		CAPACITY MANAGEMENT	Capacity Management
2417	KMPD VERSION	VERSION	KMPDU5	2	ARRAY	R		ACTIVE		CAPACITY MANAGEMENT	Capacity Management
2418	KMPD ENVIRONMENT	ENV	KMPDU5	2	ARRAY	R		ACTIVE		CAPACITY MANAGEMENT	Capacity Management
2419	KMPD FILE INQUIRY	FILEINQ	KMPDU5	4	GLOBAL ARRAY	R		ACTIVE		CAPACITY MANAGEMENT	Capacity Management
242	ORQQPL SERV FILTER LIST	GETSRVC	ORQQPL3	2	ARRAY			ACTIVE		ORDER ENTRY/RESULTS REPORTING	Order Entry Results Reporting
2420	KMPD GLOBAL LIST	GBLLIST	KMPDU1	2	ARRAY	R		ACTIVE		CAPACITY MANAGEMENT	Capacity Management
2421	KMPD ERROR LOG DATA	ERRDATA	KMPDU3	4	GLOBAL ARRAY	R		ACTIVE		CAPACITY MANAGEMENT	Capacity Management
2422	KMPD ROUTINE FIND	ROUFIND	KMPDU2	4	GLOBAL ARRAY	R		ACTIVE		CAPACITY MANAGEMENT	Capacity Management
2423	KMPD ROUTINE INQ	ROUINQ	KMPDU2	2	ARRAY	R		ACTIVE		CAPACITY MANAGEMENT	Capacity Management
2424	KMPD ROUTINE LINE SRCH	ROUSRC2	KMPDU2	4	GLOBAL ARRAY	R		ACTIVE		CAPACITY MANAGEMENT	Capacity Management
2425	KMPD ROUTINE STATS	ROUSTATS	KMPDU3	2	ARRAY	R		ACTIVE		CAPACITY MANAGEMENT	Capacity Management
2426	KMPD ROUTINE SAVE	ROUSAVE	KMPDU3	2	ARRAY	R		ACTIVE		CAPACITY MANAGEMENT	Capacity Management
2427	KMPD FM DATE	FMDTI	KMPDU	2	ARRAY	R		ACTIVE		CAPACITY MANAGEMENT	Capacity Management
2428	KMPD ERROR LOG DATE	ERRDATE	KMPDU3	2	ARRAY	R		ACTIVE		CAPACITY MANAGEMENT	Capacity Management
2429	KMPD ASSOC ROUTINE ADD/DEL	ASSCROU	KMPDU4	2	ARRAY	R		ACTIVE		CAPACITY MANAGEMENT	Capacity Management
243	ORWDPS OUTPT	OUTPT	ORWDPS	1	SINGLE VALUE			ACTIVE		ORDER ENTRY/RESULTS REPORTING	Order Entry Results Reporting
2430	PRPF DATABASE DIAG	RPC	PRPFDR3	4	GLOBAL ARRAY	R	0	ACTIVE	.001	INTEGRATED PATIENT FUNDS	Integrated Patient Fund
2431	PRPF DATABASE EXTR	RPC	PRPFMR1	4	GLOBAL ARRAY	R	0	ACTIVE	.001	INTEGRATED PATIENT FUNDS	Integrated Patient Fund
2432	ROR GET SERVER TIME	GETSRVDT	RORRP012	2	ARRAY	P		ACTIVE	1	CLINICAL CASE REGISTRIES	Clinical Case Registries
2433	RORHEPC PATIENT LOAD	LOAD	RORRP036	4	GLOBAL ARRAY	R		ACTIVE	1	CLINICAL CASE REGISTRIES	Clinical Case Registries
2434	RORHEPC PATIENT SAVE	SAVE	RORRP037	2	ARRAY	R		ACTIVE	1	CLINICAL CASE REGISTRIES	Clinical Case Registries
2435	ROR LIST PARAMETER INSTANCES	GETPLIST	RORRP038	2	ARRAY	R		ACTIVE		CLINICAL CASE REGISTRIES	Clinical Case Registries
2436	ROR GUI PARAMETER RENAME	RENPARM	RORRP038	2	ARRAY	R		ACTIVE		CLINICAL CASE REGISTRIES	Clinical Case Registries
2437	ROR LIST LOCAL FIELDS	LFLIST	RORRP040	4	GLOBAL ARRAY	R		ACTIVE		CLINICAL CASE REGISTRIES	Clinical Case Registries
2438	ROR UPDATE LOCAL FIELDS	LFLUPD	RORRP040	2	ARRAY	R		ACTIVE		CLINICAL CASE REGISTRIES	Clinical Case Registries
2439	ROR LIST SELECTION RULES	SELRULES	RORRP014	2	ARRAY	R		ACTIVE		CLINICAL CASE REGISTRIES	Clinical Case Registries
244	ORWCS LIST OF CONSULT REPORTS	LIST	ORWCS	4	GLOBAL ARRAY	S		ACTIVE		ORDER ENTRY/RESULTS REPORTING	Order Entry Results Reporting
2440	ROR PRODUCTION ACCOUNT	PROD	RORRP012	2	ARRAY	P		ACTIVE		CLINICAL CASE REGISTRIES	Clinical Case Registries
2441	ROR PATIENT REGISTRY LABS	LOADPRL	RORRP041	4	GLOBAL ARRAY	R		ACTIVE		CLINICAL CASE REGISTRIES	Clinical Case Registries
2442	ROR LIST CPT	CPTLIST	RORRP042	4	GLOBAL ARRAY	R		ACTIVE	1	CLINICAL CASE REGISTRIES	Clinical Case Registries
2443	RG PRIMARY VIEW REJECT	PVREJ	MPIRPC	2	ARRAY	R		ACTIVE	1		
2444	MAG DICOM CON GET TELE READER	GETREAD	MAGDTR06	2	ARRAY	P	0	ACTIVE		IMAGING	Imaging
2445	MAG DICOM CON SET TELE READER	SETREAD	MAGDTR06	1	SINGLE VALUE	P	0	ACTIVE		IMAGING	Imaging
2446	MAG DICOM CON UNREAD ACQ SITES	GETSITES	MAGDTR06	2	ARRAY	P	0	ACTIVE		IMAGING	Imaging
2447	MAG DICOM CON UNREADLIST GET	LOOKUP	MAGDTR05	2	ARRAY	R	0	ACTIVE		IMAGING	Imaging
2448	MAG DICOM CON UNREADLIST LOCK	LOCK	MAGDTR04	1	SINGLE VALUE	R	0	ACTIVE		IMAGING	Imaging
2449	MAG3 TIU NEW	NEW	MAGGNTI1	1	SINGLE VALUE	R		ACTIVE		IMAGING	Imaging
245	ORWCS REPORT TEXT	RPT	ORWCS	4	GLOBAL ARRAY	S		ACTIVE		ORDER ENTRY/RESULTS REPORTING	Order Entry Results Reporting
2450	MAG3 TIU LONG LIST OF TITLES	LIST	MAGGNTI2	2	ARRAY	R		ACTIVE		IMAGING	Imaging
2451	MAG3 TIU CREATE ADDENDUM	NEWADD	MAGGNTI1	1	SINGLE VALUE	R		ACTIVE		IMAGING	Imaging
2452	MAG3 TIU SIGN RECORD	SIGN	MAGGNTI1	1	SINGLE VALUE	R		ACTIVE		IMAGING	Imaging
2453	MAG3 TIU MODIFY NOTE	MOD	MAGGNTI1	1	SINGLE VALUE	R		ACTIVE		IMAGING	Imaging
2454	MAG4 VERSION STATUS	VERSTAT	MAGGTU4	1	SINGLE VALUE	R		ACTIVE		IMAGING	Imaging
2455	MAGG IS DOC CLASS	ISDOCCL	MAGGNTI	1	SINGLE VALUE	R		ACTIVE		IMAGING	Imaging
2456	DSIC XPAR CHG WP	CHGWP	DSICXPR	2	ARRAY	A		ACTIVE		VA CERTIFIED COMPONENTS - DSSI	VA Certified Components - DSSI
2457	DSIC XPD INSTALL LIST	INSLIST	DSICXPDU	2	ARRAY	A		ACTIVE		VA CERTIFIED COMPONENTS - DSSI	VA Certified Components - DSSI
2458	DSIC FM PULL LIST	PULL	DSICFM	4	GLOBAL ARRAY	A		ACTIVE		VA CERTIFIED COMPONENTS - DSSI	VA Certified Components - DSSI
2459	DSIC XPAR ADD WP	ADDWP	DSICXPR	1	SINGLE VALUE	A		ACTIVE		VA CERTIFIED COMPONENTS - DSSI	VA Certified Components - DSSI
246	ORWCS PRINT REPORT	PRINT	ORWCSP	1	SINGLE VALUE	S		ACTIVE		ORDER ENTRY/RESULTS REPORTING	Order Entry Results Reporting
2460	RMPR CHECK PROS PATIENT	EN1	RMPR9CPP	2	ARRAY	S	0	ACTIVE		PROSTHETICS	Prosthetics
2461	RMPR CREATE WORK ORDER	CR	RMPR29GU	2	ARRAY	S	0	ACTIVE		PROSTHETICS	Prosthetics
2462	RMPR OWL SUSPENSE ACTIONS	EN	RMPR29CA	2	ARRAY	R	0	ACTIVE		PROSTHETICS	Prosthetics
2463	RMPR OWL WORK ORDER LIST	EN	RMPR29WO	4	GLOBAL ARRAY	P	0	ACTIVE		PROSTHETICS	Prosthetics
2464	RMPR OWL PC PRINT	PRT	RMPR29RG	2	ARRAY	S	0	ACTIVE		PROSTHETICS	Prosthetics
2465	RMPR OWL ITEM LIST	EN	RMPR29W1	4	GLOBAL ARRAY	P	0	ACTIVE		PROSTHETICS	Prosthetics
2466	RMPR PURCHASE ORDER CONTROL	EN	RMPR9PU	4	GLOBAL ARRAY	P	0	ACTIVE		PROSTHETICS	Prosthetics
2467	RMPR OWL ADD ON LIST	EN	RMPR29W2	4	GLOBAL ARRAY	P	0	ACTIVE		PROSTHETICS	Prosthetics
2468	RMPR OWL ENTER/EDIT ADD ON	EN	RMPR29MG	2	ARRAY	P	0	ACTIVE		PROSTHETICS	Prosthetics
2469	RMPR OWL ENTER/EDIT HCPCS CODE	EN	RMPR29BG	2	ARRAY	P	0	ACTIVE		PROSTHETICS	Prosthetics
247	ORWD KEY	KEY	ORWD	1	SINGLE VALUE			ACTIVE		ORDER ENTRY/RESULTS REPORTING	Order Entry Results Reporting
2470	RMPR OWL ENTER/EDIT HRS/RATE	EN2	RMPR29MG	2	ARRAY	P	0	ACTIVE		PROSTHETICS	Prosthetics
2471	RMPR OWL TECH/HOUR/RATE LIST	EN	RMPR29L2	4	GLOBAL ARRAY	P	0	ACTIVE		PROSTHETICS	Prosthetics
2472	RMPR OWL VISTA PRINT	PRT	RMPR29RG	2	ARRAY	S	0	ACTIVE		PROSTHETICS	Prosthetics
2473	RMPR OWL LOCK FILE	OWLL	RMPRGULK	2	ARRAY	S	0	ACTIVE		PROSTHETICS	Prosthetics
2474	MAGD CT PARAMS	RPCIN	MAGDCTP	4	GLOBAL ARRAY	R		ACTIVE		IMAGING	Imaging
2475	MAGD CR PARAMS	RPCIN	MAGDCRP	4	GLOBAL ARRAY	R		ACTIVE		IMAGING	Imaging
248	ORQQPL SRVC SRCH	SRVCSRCH	ORQQPL1	2	ARRAY			ACTIVE		ORDER ENTRY/RESULTS REPORTING	Order Entry Results Reporting
2482	PRCHL LIST	EN	PRCHL4	4	GLOBAL ARRAY	A		ACTIVE		IFCAP	IFCAP
2483	PRCHL LIST X	EN	PRCHL5	4	GLOBAL ARRAY	A		ACTIVE		IFCAP	IFCAP
2484	PRCHL ITEM DET	EN	PRCHL6	2	ARRAY	R	0	ACTIVE		IFCAP	IFCAP
2485	RG VIEW VISTA EXCEPTIONS	EN	RGRPC	2	ARRAY			ACTIVE	1	CLINICAL INFO RESOURCE NETWORK	Clinical Information Resource Network
2486	RG PRIMARY VIEW FROM MPI	MPIPV	MPIRPC	2	ARRAY	R		ACTIVE	1		
2487	MAGQ VOK	VOKR	MAGQBUT4	1	SINGLE VALUE	P		ACTIVE		IMAGING	Imaging
2488	EAS ESR MESSAGING	TAG	EAS1071A	2	ARRAY			ACTIVE	1	ENROLLMENT APPLICATION SYSTEM	Enrollment Application System
2489	DENTV TP CODE CHECKS	CK	DENTVCK	1	SINGLE VALUE	A		ACTIVE		DENTAL	Dental
249	ORQQLR SEARCH RANGE INPT	SRIN	ORQQLR	1	SINGLE VALUE	S		ACTIVE		ORDER ENTRY/RESULTS REPORTING	Order Entry Results Reporting
2490	DENTV UPDATE PCE	UPD	DENTVTPE	4	GLOBAL ARRAY	A		ACTIVE		DENTAL	Dental
2491	DENTV UPDATE PCE DX	UDX	DENTVTPF	1	SINGLE VALUE			ACTIVE		DENTAL	Dental
2492	YTQ TSLIST	TSLIST	YTQAPI	4	GLOBAL ARRAY	S		ACTIVE		MENTAL HEALTH	Mental Health
2493	YTQ TSLIST1	TSLIST1	YTQAPI	2	ARRAY	S		ACTIVE		MENTAL HEALTH	Mental Health
2494	YTQ QUESTALL	QUESTALL	YTQAPI3	4	GLOBAL ARRAY	S		ACTIVE		MENTAL HEALTH	Mental Health
2495	YTQ CHOICES	CHOICES	YTQAPI	2	ARRAY	S		ACTIVE		MENTAL HEALTH	Mental Health
2496	YTQ BATTC	BATTC	YTQAPI3	2	ARRAY	S		ACTIVE		MENTAL HEALTH	Mental Health
2497	YTQ SKIP	SKIPPED	YTQAPI	2	ARRAY	S		ACTIVE		MENTAL HEALTH	Mental Health
2498	YTQ SECTION	SECTION	YTQAPI	2	ARRAY	S		ACTIVE		MENTAL HEALTH	Mental Health
2499	YTQ SAVE	EDAD	YTQAPI1	2	ARRAY	S		ACTIVE		MENTAL HEALTH	Mental Health
25	SC PRTP	PRTP	SCUTBK1	1	SINGLE VALUE	P		ACTIVE		SCHEDULING	Scheduling
250	ORQQPX REMINDERS LIST	REMIND	ORQQPX	2	ARRAY	S		ACTIVE		ORDER ENTRY/RESULTS REPORTING	Order Entry Results Reporting
2500	YTQ RULES	RULES	YTQAPI1	2	ARRAY	S		ACTIVE		MENTAL HEALTH	Mental Health
2501	YTQ GETANS	GETANS	YTQAPI1	2	ARRAY	S		ACTIVE		MENTAL HEALTH	Mental Health
2502	YTQ CAPIE	CAPIE	YTQAPI1	4	GLOBAL ARRAY	S		ACTIVE		MENTAL HEALTH	Mental Health
2503	YTQ WP FILER	WPED	YTQAPI1	2	ARRAY	S		ACTIVE		MENTAL HEALTH	Mental Health
2504	YTQ GENERIC LISTER	LISTER	YTQAPI2	2	ARRAY	S		ACTIVE		MENTAL HEALTH	Mental Health
2505	YTQ ALL ANSWERS	ALLANS	YTQAPI2	2	ARRAY	S		ACTIVE		MENTAL HEALTH	Mental Health
2506	YTQ SET ANSWER	SETANS	YTQAPI2	2	ARRAY	S		ACTIVE		MENTAL HEALTH	Mental Health
2507	YTQ GET ADMINISTRATIONS	ADMINS	YTQAPI2	2	ARRAY	S		ACTIVE		MENTAL HEALTH	Mental Health
2508	YTQ ALL CHOICES	CCALL	YTQAPI2	2	ARRAY	S		ACTIVE		MENTAL HEALTH	Mental Health
2509	YTQ GET SCALES	SCALEG	YTQAPI3	4	GLOBAL ARRAY	S		ACTIVE		MENTAL HEALTH	Mental Health
251	ORWPT LAST5	LAST5	ORWPT	2	ARRAY			ACTIVE		ORDER ENTRY/RESULTS REPORTING	Order Entry Results Reporting
2510	YTQ FIRST WP	FIRSTWP	YTQAPI3	4	GLOBAL ARRAY	S		ACTIVE		MENTAL HEALTH	Mental Health
2511	YTQ PURGE	PURGE	YTQAPI3	2	ARRAY	S		ACTIVE		MENTAL HEALTH	Mental Health
2512	YTQ CHOICE ADD	ADDCH	YTQAPI4	2	ARRAY	S		ACTIVE		MENTAL HEALTH	Mental Health
2513	YTQ CHOICETYPE ADD	CTADD	YTQAPI4	2	ARRAY	S		ACTIVE		MENTAL HEALTH	Mental Health
2514	YTQ CHOICETYPE DELETE	CTDEL	YTQAPI4	2	ARRAY	S		ACTIVE		MENTAL HEALTH	Mental Health
2515	YTQ CHOICETYPE DESCRIBE	CTDESC	YTQAPI4	2	ARRAY	S		ACTIVE		MENTAL HEALTH	Mental Health
2516	YTQ CHOICETYPE ORPHAN DELETE	ORPHCT	YTQAPI4	2	ARRAY	S		ACTIVE		MENTAL HEALTH	Mental Health
2517	YTQ CHOICE ORPHAN DELETE	ORPHCH	YTQAPI4	2	ARRAY	S		ACTIVE		MENTAL HEALTH	Mental Health
2518	YTQ DISPLAY	DISPLAY	YTQAPI5	2	ARRAY	S		ACTIVE		MENTAL HEALTH	Mental Health
2519	YTQ GAF HX	GAFRET	YTQAPI6	2	ARRAY	S		ACTIVE		MENTAL HEALTH	Mental Health
252	ORWU DT	DT	ORWU	1	SINGLE VALUE			ACTIVE		ORDER ENTRY/RESULTS REPORTING	Order Entry Results Reporting
2520	YTQ ADMINS BOTH	ADMINS	YTQAPI5	2	ARRAY	S		ACTIVE		MENTAL HEALTH	Mental Health
2521	YTQ TEST ADD	TESTADD	YTQAPI4	2	ARRAY	S		ACTIVE		MENTAL HEALTH	Mental Health
2522	YTQ CHOICEIDENT	IDENTAE	YTQAPI4	2	ARRAY	S		ACTIVE		MENTAL HEALTH	Mental Health
2523	YTQ SCALEGROUP	SCALEGRP	YTQAPI8	4	GLOBAL ARRAY	S		ACTIVE		MENTAL HEALTH	Mental Health
2524	YTQ SCORE ADMIN	GETSCORE	YTQAPI8	4	GLOBAL ARRAY	S		ACTIVE		MENTAL HEALTH	Mental Health
2525	YTQ LEGACY REPORT	LEGACY	YTQAPI8	4	GLOBAL ARRAY	S		ACTIVE		MENTAL HEALTH	Mental Health
2526	YTQ DELETE SCALES AND GROUP	DELSG	YTQAPI8	2	ARRAY	S		ACTIVE		MENTAL HEALTH	Mental Health
2527	YTQ KEYS	KEY	YTQAPI7	4	GLOBAL ARRAY			ACTIVE		MENTAL HEALTH	Mental Health
2528	YTQ VERSRV	VERSRV	YTQAPI7	2	ARRAY	S		ACTIVE		MENTAL HEALTH	Mental Health
2529	YTQ RULEDEL	RULEDEL	YTQAPI7	2	ARRAY	S		ACTIVE		MENTAL HEALTH	Mental Health
253	ORWPT CLINRNG	CLINRNG	ORWPT	2	ARRAY			ACTIVE		ORDER ENTRY/RESULTS REPORTING	Order Entry Results Reporting
2530	YTQ TEST ORDER	SNDBUL	YTQAPI7	2	ARRAY	S		ACTIVE		MENTAL HEALTH	Mental Health
2531	YTQ BATTDEL	BATDEL	YTQAPI7	2	ARRAY	S		ACTIVE		MENTAL HEALTH	Mental Health
2532	YTQ PATIENT INFO	PATSEL	YTQAPI9	2	ARRAY	S		ACTIVE		MENTAL HEALTH	Mental Health
2533	YTQ USERQ	USERQ	YTQAPI9	2	ARRAY	S		ACTIVE		MENTAL HEALTH	Mental Health
2534	YTQ SET NATIONAL	NATSET	YTQAPI9	2	ARRAY	R		ACTIVE		MENTAL HEALTH	Mental Health
2535	YTQ WP ALL	FULLWP	YTQAPI11	4	GLOBAL ARRAY			ACTIVE		MENTAL HEALTH	Mental Health
2536	YTQ DELETE TEST	DELETEME	YTQAPI6	2	ARRAY			ACTIVE		MENTAL HEALTH	Mental Health
2537	YTQ COPY TEST	COPY	YTQAPI10	2	ARRAY			ACTIVE		MENTAL HEALTH	Mental Health
2538	YTQ SCORE SAVE	SCORSAVE	YTQAPI11	2	ARRAY	S		ACTIVE		MENTAL HEALTH	Mental Health
2539	YTQ EXPORT	EXPORT	YTQAPI13	2	ARRAY	S		ACTIVE		MENTAL HEALTH	Mental Health
254	ORWU CLINLOC	CLINLOC	ORWU	2	ARRAY			ACTIVE		ORDER ENTRY/RESULTS REPORTING	Order Entry Results Reporting
2540	YTQ IMPORT	IMPORT	YTQAPI12	2	ARRAY	S		ACTIVE		MENTAL HEALTH	Mental Health
2541	YTQ EXPORTED MAIL	MLIST	YTQAPI12	4	GLOBAL ARRAY	S		ACTIVE		MENTAL HEALTH	Mental Health
2542	YTQ PATIENT LOOKUP	FINDP	YTQAPI11	4	GLOBAL ARRAY	S		ACTIVE		MENTAL HEALTH	Mental Health
2543	YTQ ASI LISTER	LISTASI	YTQAPI12	4	GLOBAL ARRAY			ACTIVE		MENTAL HEALTH	Mental Health
2544	YTQ PN CREATE	PCREATE	YTQTIU	2	ARRAY	S		ACTIVE		MENTAL HEALTH	Mental Health
2545	YTQ GET REPORT	MHREPORT	YTQAPI9	4	GLOBAL ARRAY	S		ACTIVE		MENTAL HEALTH	Mental Health
2546	YTQ ASI SIGNOK	SIGNOK	YTQAPI14	2	ARRAY	S		ACTIVE		MENTAL HEALTH	Mental Health
2547	YTQ HL7	HL7	YTQHL7	2	ARRAY	S		ACTIVE		MENTAL HEALTH	Mental Health
2548	YTQ LEGCR	LEGCR	YTQAPI9	2	ARRAY	S		ACTIVE		MENTAL HEALTH	Mental Health
2549	YTQ ALLKEYS	ALLKEYS	YTQPXRM5	2	ARRAY			ACTIVE	1	MENTAL HEALTH	Mental Health
255	ORWPT TOP	TOP	ORWPT	2	ARRAY			ACTIVE		ORDER ENTRY/RESULTS REPORTING	Order Entry Results Reporting
2550	CRHD SAVE TEMP FLD	TEMPDATA	CRHD2	2	ARRAY			ACTIVE		SHIFT HANDOFF TOOL	Shift Handoff Tool
2551	CRHD PAT DEMO	PATDEMO	CRHD	1	SINGLE VALUE			ACTIVE		SHIFT HANDOFF TOOL	Shift Handoff Tool
2552	CRHD PAT ALLERGIES	ALG	CRHD	2	ARRAY			ACTIVE		SHIFT HANDOFF TOOL	Shift Handoff Tool
2553	CRHD PAT ACTMEDS	ACTMED	CRHD	2	ARRAY			ACTIVE		SHIFT HANDOFF TOOL	Shift Handoff Tool
2554	CRHD PAT CODESTS	CODESTS	CRHD	2	ARRAY			ACTIVE		SHIFT HANDOFF TOOL	Shift Handoff Tool
2555	CRHD GET TEMP FLD	GTEMPTXT	CRHD3	2	ARRAY			ACTIVE		SHIFT HANDOFF TOOL	Shift Handoff Tool
2556	CRHD GET PAT LIST	GETPTLST	CRHD3	2	ARRAY			ACTIVE		SHIFT HANDOFF TOOL	Shift Handoff Tool
2557	CRHD ALL USER PARAMETERS	GETALLP	CRHD4	2	ARRAY			ACTIVE		SHIFT HANDOFF TOOL	Shift Handoff Tool
2558	CRHD GET ONE PARAMETER	GETONEP	CRHD4	2	ARRAY			ACTIVE		SHIFT HANDOFF TOOL	Shift Handoff Tool
2559	CRHD GET CONSULT	CONSULT	CRHDUT	2	ARRAY			ACTIVE		SHIFT HANDOFF TOOL	Shift Handoff Tool
256	ORWPT SELCHK	SELCHK	ORWPT	1	SINGLE VALUE			ACTIVE		ORDER ENTRY/RESULTS REPORTING	Order Entry Results Reporting
2560	CRHD GET IMAGING	IMAGING	CRHDUT	2	ARRAY			ACTIVE		SHIFT HANDOFF TOOL	Shift Handoff Tool
2561	CRHD GET LABS	LABS	CRHDUT	2	ARRAY			ACTIVE		SHIFT HANDOFF TOOL	Shift Handoff Tool
2562	CRHD SAVE PARAMETERS	SAVEPARM	CRHD4	2	ARRAY			ACTIVE		SHIFT HANDOFF TOOL	Shift Handoff Tool
2563	CRHD LIST SERVICES	SRV	CRHD5	2	ARRAY			ACTIVE		SHIFT HANDOFF TOOL	Shift Handoff Tool
2564	CRHD LIST DIVISIONS	DIV	CRHD5	2	ARRAY			ACTIVE		SHIFT HANDOFF TOOL	Shift Handoff Tool
2565	CRHD SAVE DNR TITLES	SAVEP	CRHD6	2	ARRAY			ACTIVE		SHIFT HANDOFF TOOL	Shift Handoff Tool
2566	CRHD GET DNR TITLES	GETDNRT	CRHD4	2	ARRAY			ACTIVE		SHIFT HANDOFF TOOL	Shift Handoff Tool
2567	CRHD ADDITIONAL USER INFO	AUSRINFO	CRHDUT2	2	ARRAY			ACTIVE		SHIFT HANDOFF TOOL	Shift Handoff Tool
2568	CRHD GET PREFERENCES	GETP	CRHD6	2	ARRAY			ACTIVE		SHIFT HANDOFF TOOL	Shift Handoff Tool
2569	CRHD GET TEAM PHONE NUMBERS	TEAMMEM	CRHD7	2	ARRAY			ACTIVE		SHIFT HANDOFF TOOL	Shift Handoff Tool
257	ORWPT SELECT	SELECT	ORWPT	1	SINGLE VALUE	A		ACTIVE		ORDER ENTRY/RESULTS REPORTING	Order Entry Results Reporting
2570	CRHD USER PHONE INFO	DISPEMP	CRHDUD	2	ARRAY			ACTIVE		SHIFT HANDOFF TOOL	Shift Handoff Tool
2571	CRHD IS RECORD LOCKED	LOCK	CRHD2	1	SINGLE VALUE			ACTIVE		SHIFT HANDOFF TOOL	Shift Handoff Tool
2572	CRHD MGR	MGR	CRHD7	1	SINGLE VALUE			ACTIVE		SHIFT HANDOFF TOOL	Shift Handoff Tool
2573	CRHD SERVICE INFO	SRV	CRHDUD	2	ARRAY			ACTIVE		SHIFT HANDOFF TOOL	Shift Handoff Tool
2574	CRHD SPECIALTY INFO	SPEC	CRHDUD	2	ARRAY			ACTIVE		SHIFT HANDOFF TOOL	Shift Handoff Tool
2575	CRHD SORT PRINT LIST	SORT	CRHD8	2	ARRAY			ACTIVE		SHIFT HANDOFF TOOL	Shift Handoff Tool
2576	CRHD GET USER DIVISIONS	USERDIV	CRHD5	2	ARRAY			ACTIVE		SHIFT HANDOFF TOOL	Shift Handoff Tool
2577	CRHD HOT TEAM LIST	HOLIST	CRHD9	2	ARRAY			ACTIVE		SHIFT HANDOFF TOOL	Shift Handoff Tool
2578	CRHD HOT PATIENT LIST	HOPLIST	CRHD9	2	ARRAY			ACTIVE		SHIFT HANDOFF TOOL	Shift Handoff Tool
2579	CRHD HOT PROVIDER LIST	HODLIST	CRHD9	2	ARRAY			ACTIVE		SHIFT HANDOFF TOOL	Shift Handoff Tool
258	ORWPT ENCTITL	ENCTITL	ORWPT	1	SINGLE VALUE			ACTIVE		ORDER ENTRY/RESULTS REPORTING	Order Entry Results Reporting
2580	CRHD HOT CAN EDIT	CANEDIT	CRHD9	1	SINGLE VALUE			ACTIVE		SHIFT HANDOFF TOOL	Shift Handoff Tool
2581	CRHD HOT MODIFY LIST	MOD	CRHD9	1	SINGLE VALUE			ACTIVE		SHIFT HANDOFF TOOL	Shift Handoff Tool
2582	CRHD HOT PRV INFO	PRVINFO	CRHD9	1	SINGLE VALUE			ACTIVE		SHIFT HANDOFF TOOL	Shift Handoff Tool
2583	CRHD HOT TEAM SAVE	HOTMSAVE	CRHD9	1	SINGLE VALUE			ACTIVE		SHIFT HANDOFF TOOL	Shift Handoff Tool
2584	CRHD HOT DELETE TEAM LIST	HOTMDEL	CRHD9	1	SINGLE VALUE			ACTIVE		SHIFT HANDOFF TOOL	Shift Handoff Tool
2585	CRHD HOT PATPRV	PATPRV	CRHD9	1	SINGLE VALUE			ACTIVE		SHIFT HANDOFF TOOL	Shift Handoff Tool
2586	CRHD HOT DELETE PAT/PRV	DELENTS	CRHD1	1	SINGLE VALUE			ACTIVE		SHIFT HANDOFF TOOL	Shift Handoff Tool
2587	CRHD HOT PROVIDER LIST2	HOTMMEM	CRHD1	2	ARRAY			ACTIVE		SHIFT HANDOFF TOOL	Shift Handoff Tool
2588	CRHD HOT PROVIDER BY CLASS	HOTMMEMS	CRHD1	2	ARRAY			ACTIVE		SHIFT HANDOFF TOOL	Shift Handoff Tool
2589	CRHD HOT PROVIDER PATIENTS	HOTPRVPT	CRHD1	2	ARRAY			ACTIVE		SHIFT HANDOFF TOOL	Shift Handoff Tool
259	ORWLRR ATOMICS	ATOMICS	ORWLRR	2	ARRAY			ACTIVE		ORDER ENTRY/RESULTS REPORTING	Order Entry Results Reporting
2590	CRHD USER PHONE NUMBERS	USERPHPG	CRHD9	1	SINGLE VALUE			ACTIVE		SHIFT HANDOFF TOOL	Shift Handoff Tool
2591	CRHD HOT TEAM PHONE INFO	HOTEAM	CRHDUD	2	ARRAY			ACTIVE		SHIFT HANDOFF TOOL	Shift Handoff Tool
2592	CRHD SAVE XPAR PARAMETERS	SAVEP2	CRHD6	2	ARRAY			ACTIVE		SHIFT HANDOFF TOOL	Shift Handoff Tool
2593	CRHD GET XPAR VALUES	GETPAR2	CRHD6	2	ARRAY			ACTIVE		SHIFT HANDOFF TOOL	Shift Handoff Tool
2594	CRHD MOD TM PROVIDERS	TMMOD	CRHD10	1	SINGLE VALUE			ACTIVE		SHIFT HANDOFF TOOL	Shift Handoff Tool
2595	CRHD TM PRV LIST	TMLIST	CRHD10	2	ARRAY			ACTIVE		SHIFT HANDOFF TOOL	Shift Handoff Tool
2596	CRHD TM PRV INFO	TMPRVINF	CRHD10	1	SINGLE VALUE			ACTIVE		SHIFT HANDOFF TOOL	Shift Handoff Tool
2597	CRHD GET USER PARAMETERS	GETIT	CRHD11	2	ARRAY			ACTIVE		SHIFT HANDOFF TOOL	Shift Handoff Tool
2598	CRHD AVAILABLE PARAMETERS	GETALLPL	CRHD11	2	ARRAY			ACTIVE		SHIFT HANDOFF TOOL	Shift Handoff Tool
2599	CRHD DEFAULT PREFERENCE	DEFPREF	CRHD11	2	ARRAY			ACTIVE		SHIFT HANDOFF TOOL	Shift Handoff Tool
26	SC MAILMAN	MAILC	SCUTBK10	1	SINGLE VALUE	P		ACTIVE		SCHEDULING	Scheduling
260	ORWLRR SPEC	SPEC	ORWLRR	2	ARRAY			ACTIVE		ORDER ENTRY/RESULTS REPORTING	Order Entry Results Reporting
2600	CRHD GET ORDERABLE ITEMS	LORDITM	CRHDDR	2	ARRAY			ACTIVE		SHIFT HANDOFF TOOL	Shift Handoff Tool
2601	CRHD DELETE A PREFERENCE	DELPREF	CRHD5	2	ARRAY			ACTIVE		SHIFT HANDOFF TOOL	Shift Handoff Tool
2602	CRHD COMB TM LIST	TMCOMB	CRHD10	2	ARRAY			ACTIVE		SHIFT HANDOFF TOOL	Shift Handoff Tool
2603	CRHD INPT LIST	LISTINPT	CRHD3	2	ARRAY			ACTIVE		SHIFT HANDOFF TOOL	Shift Handoff Tool
2604	CRHD HOT TEAM MGR	HOTMMGR	CRHD1	1	SINGLE VALUE			ACTIVE		SHIFT HANDOFF TOOL	Shift Handoff Tool
2605	CRHD GET TEAM FILENAME	FILENGET	CRHD9	1	SINGLE VALUE			ACTIVE		SHIFT HANDOFF TOOL	Shift Handoff Tool
2606	CRHD SAVE TEAM FILENAME	FILENSAV	CRHD9	1	SINGLE VALUE			ACTIVE		SHIFT HANDOFF TOOL	Shift Handoff Tool
2607	DSIC USER ID	ID	DSICDUZ	2	ARRAY	A		ACTIVE		VA CERTIFIED COMPONENTS - DSSI	VA Certified Components - DSSI
2608	DSIC FM MULTIPLE FILER	MFILE	DSICFM	2	ARRAY	A		ACTIVE		VA CERTIFIED COMPONENTS - DSSI	VA Certified Components - DSSI
2609	TIU IS USER A USR PROVIDER	USRPROV	TIUSRVP1	1	SINGLE VALUE			ACTIVE		TEXT INTEGRATION UTILITIES	Text Integration Utility
261	ORWLRR ALLTESTS	ALLTESTS	ORWLRR	2	ARRAY			ACTIVE		ORDER ENTRY/RESULTS REPORTING	Order Entry Results Reporting
2610	ORWDX2 DCREASON	DCREASON	ORWDX2	2	ARRAY			ACTIVE		ORDER ENTRY/RESULTS REPORTING	Order Entry Results Reporting
2611	ORWDX1 DCORIG	DCORIG	ORWDX1	1	SINGLE VALUE			ACTIVE		ORDER ENTRY/RESULTS REPORTING	Order Entry Results Reporting
2612	ORWDX1 UNDCORIG	UNDCORIG	ORWDX1	2	ARRAY			ACTIVE		ORDER ENTRY/RESULTS REPORTING	Order Entry Results Reporting
2613	ORCDLR2 CHECK ONE LC TO WC	KIDS	ORCDLR2	2	ARRAY			ACTIVE		ORDER ENTRY/RESULTS REPORTING	Order Entry Results Reporting
2614	ORCDLR2 CHECK ALL LC TO WC	GUI	ORCDLR2	2	ARRAY			ACTIVE		ORDER ENTRY/RESULTS REPORTING	Order Entry Results Reporting
2615	ORALWORD ALLWORD	ALLWORD	ORALWORD	2	ARRAY			ACTIVE		ORDER ENTRY/RESULTS REPORTING	Order Entry Results Reporting
2616	ORWDX1 ORDMATCH	ORDMATCH	ORWDX1	1	SINGLE VALUE			ACTIVE		ORDER ENTRY/RESULTS REPORTING	Order Entry Results Reporting
2617	ORWDXVB SUBCHK	SUBCHK	ORWDXVB	1	SINGLE VALUE			ACTIVE		ORDER ENTRY/RESULTS REPORTING	Order Entry Results Reporting
2618	ORDDPAPI ADMTIME	ADMTIME	ORDDPAPI	3	WORD PROCESSING			ACTIVE		ORDER ENTRY/RESULTS REPORTING	Order Entry Results Reporting
2619	ORWU PARAMS	PARAMS	ORWU	2	ARRAY			ACTIVE		ORDER ENTRY/RESULTS REPORTING	Order Entry Results Reporting
262	ORWLRR USERS	USERS	ORWLRR	2	ARRAY			ACTIVE		ORDER ENTRY/RESULTS REPORTING	Order Entry Results Reporting
2620	ORWDPS1 DOWSCH	DOWSCH	ORWDPS1	2	ARRAY	S		ACTIVE		ORDER ENTRY/RESULTS REPORTING	Order Entry Results Reporting
2621	ORDDPAPI CLOZMSG	CLOZMSG	ORDDPAPI	3	WORD PROCESSING			ACTIVE		ORDER ENTRY/RESULTS REPORTING	Order Entry Results Reporting
2622	ORWDPS33 COMPLOC	COMPLOC	ORWDPS33	1	SINGLE VALUE			ACTIVE		ORDER ENTRY/RESULTS REPORTING	Order Entry Results Reporting
2623	ORWGRPC FASTITEM	FASTITEM	ORWGRPC	4	GLOBAL ARRAY			ACTIVE		ORDER ENTRY/RESULTS REPORTING	Order Entry Results Reporting
2624	ORWGRPC FASTDATA	FASTDATA	ORWGRPC	4	GLOBAL ARRAY			ACTIVE		ORDER ENTRY/RESULTS REPORTING	Order Entry Results Reporting
2625	ORWGRPC FASTTASK	FASTTASK	ORWGRPC	1	SINGLE VALUE			ACTIVE		ORDER ENTRY/RESULTS REPORTING	Order Entry Results Reporting
2626	ORWGRPC FASTLABS	FASTLABS	ORWGRPC	4	GLOBAL ARRAY			ACTIVE		ORDER ENTRY/RESULTS REPORTING	Order Entry Results Reporting
2627	ORWDPS1 QOMEDALT	QOMEDALT	ORWDPS1	1	SINGLE VALUE			ACTIVE		ORDER ENTRY/RESULTS REPORTING	Order Entry Results Reporting
2628	ORWGRPC ALLVIEWS	ALLVIEWS	ORWGRPC	4	GLOBAL ARRAY			ACTIVE		ORDER ENTRY/RESULTS REPORTING	Order Entry Results Reporting
2629	ORWGRPC TESTING	TESTING	ORWGRPC	4	GLOBAL ARRAY			ACTIVE		ORDER ENTRY/RESULTS REPORTING	Order Entry Results Reporting
263	ORWLRR TG	TG	ORWLRR	2	ARRAY			ACTIVE		ORDER ENTRY/RESULTS REPORTING	Order Entry Results Reporting
2630	ORQQPXRM MHDLL	MHDLL	ORQQPXRM	2	ARRAY			ACTIVE		ORDER ENTRY/RESULTS REPORTING	Order Entry Results Reporting
2631	ORWDLR33 LC TO WC	LCTOWC	ORWDLR33	1	SINGLE VALUE			ACTIVE		ORDER ENTRY/RESULTS REPORTING	Order Entry Results Reporting
2632	ORWU2 COSIGNER	COSIGNER	ORWU2	2	ARRAY			ACTIVE		ORDER ENTRY/RESULTS REPORTING	Order Entry Results Reporting
2633	ORWDXVB NURSADMN	NURSADMN	ORWDXVB	1	SINGLE VALUE			ACTIVE		ORDER ENTRY/RESULTS REPORTING	Order Entry Results Reporting
2635	ORWDPS32 ALLIVRTE	ALLIVRTE	ORWDPS32	2	ARRAY			ACTIVE		ORDER ENTRY/RESULTS REPORTING	Order Entry Results Reporting
2636	ORWDPS33 IVDOSFRM	IVDOSFRM	ORWDPS33	2	ARRAY			ACTIVE		ORDER ENTRY/RESULTS REPORTING	Order Entry Results Reporting
2637	ORWDXM1 SVRPC	SVRPC	ORWDXM1	1	SINGLE VALUE			ACTIVE		ORDER ENTRY/RESULTS REPORTING	Order Entry Results Reporting
2638	ORWDXVB VBTNS	VBTNS	ORWDXVB	1	SINGLE VALUE			ACTIVE		ORDER ENTRY/RESULTS REPORTING	Order Entry Results Reporting
2639	MDK GET VISTA DATA	RPC	MDKRPC1	2	ARRAY	R	0	ACTIVE		CLINICAL PROCEDURES	Clinical Procedures
264	ORWLRR ATESTS	ATESTS	ORWLRR	2	ARRAY			ACTIVE		ORDER ENTRY/RESULTS REPORTING	Order Entry Results Reporting
2640	MD TMDWIDGET	RPC	MDRPCOW	4	GLOBAL ARRAY	R		ACTIVE	1	CLINICAL PROCEDURES	Clinical Procedures
2641	MDK UTILITY	RPC	MDKUTLR	4	GLOBAL ARRAY	R		ACTIVE		CLINICAL PROCEDURES	Clinical Procedures
2642	MDK GET/SET RENAL DATA	RPC	MDKRPC2	4	GLOBAL ARRAY	R		ACTIVE		CLINICAL PROCEDURES	Clinical Procedures
2643	MD TMDNOTE	RPC	MDRPCNT	4	GLOBAL ARRAY	R	0	ACTIVE	1	CLINICAL PROCEDURES	Clinical Procedures
2644	MD TMDCIDC	RPC	MDRPCW	4	GLOBAL ARRAY	R	0	ACTIVE	1	CLINICAL PROCEDURES	Clinical Procedures
2645	MD TMDLEX	LEX	MDRPCW1	4	GLOBAL ARRAY	R		ACTIVE	1	CLINICAL PROCEDURES	Clinical Procedures
2646	MD TMDENCOUNTER	GETENC	MDRPCW1	4	GLOBAL ARRAY	R		ACTIVE	1	CLINICAL PROCEDURES	Clinical Procedures
2647	MD TMDSUBMITU	RPC	MDRPCOWU	4	GLOBAL ARRAY	R		ACTIVE	1		
2648	DSIR GET SELECTION ITEMS	GETSELS	DSIROIAH	2	ARRAY			ACTIVE		RELEASE OF INFORMATION	Release Of Information
2649	DSIR GET AD HOC REPORT	GETRPT	DSIROIAH	2	ARRAY			ACTIVE		RELEASE OF INFORMATION	Release Of Information
265	ORWLRR ATG	ATG	ORWLRR	2	ARRAY			ACTIVE		ORDER ENTRY/RESULTS REPORTING	Order Entry Results Reporting
2650	DSIR GET REPORT LIST	RPTLIST	DSIROIAH	2	ARRAY			ACTIVE		RELEASE OF INFORMATION	Release Of Information
2651	DSIR GET AD HOC DATA	RPTDATA	DSIROIA2	4	GLOBAL ARRAY			ACTIVE			
2652	DSIR GET REQUESTORS	GTREQSTR	DSIROI3	4	GLOBAL ARRAY			ACTIVE		RELEASE OF INFORMATION	Release Of Information
2653	DSIR GET FULL STATUS TYPES	GETSTDSP	DSIROI6	2	ARRAY			ACTIVE		RELEASE OF INFORMATION	Release Of Information
2654	DSIR RPT EXPEDITED PROCESSING	EXPRPT	DSIROIR	4	GLOBAL ARRAY			ACTIVE		RELEASE OF INFORMATION	Release Of Information
2655	DSIR UPDATE FEE WAIVER	UPDATEFW	DSIRBIL0	1	SINGLE VALUE			ACTIVE		RELEASE OF INFORMATION	Release Of Information
2656	WII ADT	EN	WIIADT1	4	GLOBAL ARRAY			ACTIVE		WOUNDED INJURED & ILL WARRIORS	Wounded Injured and Ill Warriors
2657	PSB MAN SCAN FAILURE	SCANFAIL	PSBVDLU3	2	ARRAY	R		ACTIVE	3	BAR CODE MED ADMIN	Barcode Medication Administration
2658	XTMUNIT-TEST LOAD	GUILOAD	XTMUNIT	4	GLOBAL ARRAY			ACTIVE		TOOLKIT	Toolkit
2659	XTMUNIT-TEST NEXT	GUINEXT	XTMUNIT	4	GLOBAL ARRAY			ACTIVE		TOOLKIT	Toolkit
266	ORWLRR UTGA	UTGA	ORWLRR	2	ARRAY			ACTIVE		ORDER ENTRY/RESULTS REPORTING	Order Entry Results Reporting
2660	XTMUNIT-TEST GROUP LOAD	GUISET	XTMUNIT	4	GLOBAL ARRAY			ACTIVE		TOOLKIT	Toolkit
2661	XT ECLIPSE M EDITOR	RPC	XTECLIPS	4	GLOBAL ARRAY			ACTIVE		TOOLKIT	Toolkit
2662	XTDEBUG DO LINE	DOLINE	XTDEBUG	4	GLOBAL ARRAY			ACTIVE		TOOLKIT	Toolkit
2663	XTDEBUG NEXT	NEXT	XTDEBUG	4	GLOBAL ARRAY			ACTIVE		TOOLKIT	Toolkit
2664	XTDEBUG START	START	XTDEBUG	4	GLOBAL ARRAY			ACTIVE		TOOLKIT	Toolkit
2665	XTDEBUG SYMBOL TABLE	GETVALS	XTDEBUG	4	GLOBAL ARRAY			ACTIVE		TOOLKIT	Toolkit
2666	XTDEBUG ADD BREAKPOINT	SETBREAK	XTDEBUG	4	GLOBAL ARRAY			ACTIVE		TOOLKIT	Toolkit
2667	XTDEBUG ADD WATCH	SETWATCH	XTDEBUG	4	GLOBAL ARRAY			ACTIVE		TOOLKIT	Toolkit
2668	XTDEBUG DELETE BREAK	CLRBREAK	XTDEBUG5	4	GLOBAL ARRAY			ACTIVE		TOOLKIT	Toolkit
2669	XTDEBUG DELETE WATCH	CLRWATCH	XTDEBUG5	4	GLOBAL ARRAY			ACTIVE		TOOLKIT	Toolkit
267	ORWLRR UTGR	UTGR	ORWLRR	2	ARRAY			ACTIVE		ORDER ENTRY/RESULTS REPORTING	Order Entry Results Reporting
2670	XTDEBUG READ INPUT	READDATA	XTDEBUG	4	GLOBAL ARRAY	R		ACTIVE		TOOLKIT	Toolkit
2671	VBECS PATIENT LOOKUP	SEARCH	VBECLU	4	GLOBAL ARRAY	R		ACTIVE		VBECS	VBECS
2672	VBECS HOSPITAL LOCATION LOOKUP	LOC	VBECRPCD	4	GLOBAL ARRAY	R		ACTIVE		VBECS	VBECS
2673	VBECS PROVIDER LOOKUP	PROVIDER	VBECRPCE	4	GLOBAL ARRAY	R		ACTIVE		VBECS	VBECS
2674	VBECS LABORATORY TEST LOOKUP	LABTEST	VBECRPCA	4	GLOBAL ARRAY	R		ACTIVE		VBECS	VBECS
2675	VBECS DIVISION LOOKUP	DIV	VBECRPCM	4	GLOBAL ARRAY	R		ACTIVE		VBECS	VBECS
2676	VBECS BLOOD BANK USER LOOKUP	BBUSER	VBECRPCM	4	GLOBAL ARRAY	R		ACTIVE		VBECS	VBECS
2677	VBECS WORKLOAD CODES LOOKUP	WKLD	VBECRPCW	4	GLOBAL ARRAY	R		ACTIVE		VBECS	VBECS
2678	VBECS HCPCS CODES LOOKUP	HCPCS	VBECRPCH	4	GLOBAL ARRAY	R		ACTIVE		VBECS	VBECS
2679	VBECS MED PROFILE LOOKUP	RX	VBECRPCP	4	GLOBAL ARRAY	R		ACTIVE		VBECS	VBECS
268	ORWLRR UTGD	UTGD	ORWLRR	2	ARRAY			ACTIVE		ORDER ENTRY/RESULTS REPORTING	Order Entry Results Reporting
2680	VBECS LAB ACCESSION UID LOOKUP	ORDNUM	VBECRPCB	4	GLOBAL ARRAY	R		ACTIVE		VBECS	VBECS
2681	VBECS LAB TEST RESULTS LOOKUP	TSTRSLT	VBECRPCA	4	GLOBAL ARRAY	R		ACTIVE		VBECS	VBECS
2682	VBECS ACCESSION AREA LOOKUP	ACNAREA	VBECRPCM	4	GLOBAL ARRAY	R		ACTIVE		VBECS	VBECS
2683	VBECS LAB ORDER LOOKUP BY UID	ORDER	VBECRPCB	4	GLOBAL ARRAY	R		ACTIVE		VBECS	VBECS
2684	VBECS DSS EXTRACT	EN	VBECDSS	4	GLOBAL ARRAY	R		ACTIVE		VBECS	VBECS
2685	ROR LIST REGISTRY DRUGS	RORGEN	RORRP017	4	GLOBAL ARRAY	R	0	ACTIVE	1	CLINICAL CASE REGISTRIES	Clinical Case Registries
2686	ROR LIST INVESTIGATIONAL DRUGS	RORINV	RORRP017	4	GLOBAL ARRAY	R		ACTIVE	1	CLINICAL CASE REGISTRIES	Clinical Case Registries
2687	DSIR TEST PEND CLARIFICATION	PENDCLR	DSIROI8	1	SINGLE VALUE			ACTIVE		RELEASE OF INFORMATION	Release Of Information
2688	YTQ SET SCRATCH	SETSCR	YTQPXRM8	2	ARRAY	S		ACTIVE		MENTAL HEALTH	Mental Health
2689	YTQ GET SCRATCH	GETSCR	YTQPXRM8	4	GLOBAL ARRAY			ACTIVE		MENTAL HEALTH	Mental Health
269	ORWLRR INTERIM	INTERIM	ORWLRR	4	GLOBAL ARRAY			ACTIVE		ORDER ENTRY/RESULTS REPORTING	Order Entry Results Reporting
2690	YTQ KILL SCRATCH	KILLSCR	YTQPXRM8	2	ARRAY	S		ACTIVE		MENTAL HEALTH	Mental Health
2691	OR GET COMBAT VET	CV	ORMARKER	2	ARRAY	R	0	ACTIVE	1	ORDER ENTRY/RESULTS REPORTING	Order Entry Results Reporting
2692	ORWDX UNLKOTH	UNLKOTH	ORWDX	1	SINGLE VALUE			ACTIVE		ORDER ENTRY/RESULTS REPORTING	Order Entry Results Reporting
2693	GMV CLOSEST READING	CLOSEST	GMVGETD	1	SINGLE VALUE	R	0	ACTIVE		GEN. MED. REC. - VITALS	General Medical Record - Vitals
2694	DVBAB DOD REPORT	SENDRPT	DVBABDOD	4	GLOBAL ARRAY	R		ACTIVE		AUTOMATED MED INFO EXCHANGE	Automated Medical Information Exchange
2695	DVBAB DOD INFO	INFOMSG	DVBABDOD	1	SINGLE VALUE	R		ACTIVE		AUTOMATED MED INFO EXCHANGE	Automated Medical Information Exchange
2696	DVBAB FIND DFN BY ICN	ICN	DVBABDOD	4	GLOBAL ARRAY	P	0	ACTIVE		AUTOMATED MED INFO EXCHANGE	Automated Medical Information Exchange
2697	DVBAB DOD REPORT TYPES	RPTTYPS	DVBABDOD	2	ARRAY	R		ACTIVE		AUTOMATED MED INFO EXCHANGE	Automated Medical Information Exchange
2698	DVBAB CCOW	CCOW	DVBABFRM	1	SINGLE VALUE	S		ACTIVE		AUTOMATED MED INFO EXCHANGE	Automated Medical Information Exchange
2699	DVBAB RESTRICTED LIST PATIENTS	RSTLIST	DVBABFRM	4	GLOBAL ARRAY			ACTIVE		AUTOMATED MED INFO EXCHANGE	Automated Medical Information Exchange
27	SC NEW HISTORY OK	NEWHIST	SCUTBK10	1	SINGLE VALUE	P		ACTIVE		SCHEDULING	Scheduling
270	ORWLRR INTERIMS	INTERIMS	ORWLRR	4	GLOBAL ARRAY			ACTIVE		ORDER ENTRY/RESULTS REPORTING	Order Entry Results Reporting
2700	DENTV MONITOR QUEUE	QUE	DENTVM1	1	SINGLE VALUE	A		ACTIVE		DENTAL	Dental
2701	DENTV MONITOR POLL	POLL	DENTVM1	2	ARRAY	A		ACTIVE		DENTAL	Dental
2702	DSIR ADD/EDIT REQUESTOR	UPDRQSTR	DSIROI3	1	SINGLE VALUE			ACTIVE		RELEASE OF INFORMATION	Release Of Information
2703	DSIR CHANGE PRIMARY ADDRESS	CHPRIADD	DSIROI6	1	SINGLE VALUE			ACTIVE		RELEASE OF INFORMATION	Release Of Information
2704	DSIR ADD/EDIT ADDRESS	UPDTADDR	DSIROI6	1	SINGLE VALUE			ACTIVE		RELEASE OF INFORMATION	Release Of Information
2705	DSIR SET ADDRESS INACTIVE	TOGLINAC	DSIROI6	1	SINGLE VALUE			ACTIVE		RELEASE OF INFORMATION	Release Of Information
2706	DSIR IS PATIENT REQUESTOR	ISREQSTR	DSIROI3	1	SINGLE VALUE			ACTIVE		RELEASE OF INFORMATION	Release Of Information
2707	DSIR SET LAB TYPE	STLABTYP	DSIROI1	1	SINGLE VALUE			ACTIVE		RELEASE OF INFORMATION	Release Of Information
2708	DSIR GET LAB TYPE	GTLABTYP	DSIROI1	1	SINGLE VALUE			ACTIVE		RELEASE OF INFORMATION	Release Of Information
2709	DSIR GET LAB LIST	GTLABLST	DSIROI1	2	ARRAY			ACTIVE		RELEASE OF INFORMATION	Release Of Information
271	ORWLRR GRID	GRID	ORWLRR	4	GLOBAL ARRAY			ACTIVE		ORDER ENTRY/RESULTS REPORTING	Order Entry Results Reporting
2710	DSIR SET LAB LIST	STLABLST	DSIROI1	1	SINGLE VALUE			ACTIVE		RELEASE OF INFORMATION	Release Of Information
2711	DSIR LAB INTERIM	INTERIM	DSIROI1	4	GLOBAL ARRAY			ACTIVE		RELEASE OF INFORMATION	Release Of Information
2712	DSIR LAB INTERIMS	INTERIMS	DSIROI1	4	GLOBAL ARRAY			ACTIVE		RELEASE OF INFORMATION	Release Of Information
2713	DSIR DEFAULT EXAM SETTINGS	GETDEF	DSIROI1	1	SINGLE VALUE	R		ACTIVE		RELEASE OF INFORMATION	Release Of Information
2714	XDR ADD POTENTIAL PATIENT DUP	ADD	XDRDADDS	1	SINGLE VALUE	A	0	ACTIVE	1	TOOLKIT	Toolkit
2715	XDR UPD SUPPR EMAIL	EN	XDRDEFLG	1	SINGLE VALUE	A	0	ACTIVE	1	TOOLKIT	Toolkit
2716	MPIF DNL ADD UPD	DNLADD	MPIRPC	2	ARRAY	R	0	ACTIVE	1		
2717	MPIF EDAT REMOTE	MPIEDAT	MPIRPC	2	ARRAY	P		ACTIVE	1		
2718	ORVW FACLIST	FACLIST	ORVW	2	ARRAY	R	0	ACTIVE	1	ORDER ENTRY/RESULTS REPORTING	Order Entry Results Reporting
2719	ECOB FACTORY	FACTORY	ECOBUF	2	ARRAY	P	0	ACTIVE		EVENT CAPTURE	Event Capture
272	ORWPT16 ID INFO	IDINFO	ORWPT16	1	SINGLE VALUE			ACTIVE		ORDER ENTRY/RESULTS REPORTING	Order Entry Results Reporting
2720	ECOB METHOD	METHOD	ECOBUF	2	ARRAY	P	0	ACTIVE		EVENT CAPTURE	Event Capture
2721	MAG DICOM CHECK AE TITLE	AETITLE	MAGVRS52	2	ARRAY	R	0	ACTIVE	4	IMAGING	Imaging
2722	MAG DICOM GET GATEWAY INFO	GETINFO	MAGDQR05	2	ARRAY	R	0	ACTIVE	3	IMAGING	Imaging
2723	MAG DICOM GET MACHINE ID	GETID	MAGDRPC1	1	SINGLE VALUE	R	0	ACTIVE	3	IMAGING	Imaging
2724	MAG DICOM GET UID ROOT	UIDROOT	MAGDRPC9	1	SINGLE VALUE	R	0	ACTIVE	3	IMAGING	Imaging
2725	MAG DICOM GET UID TABLE	SERVER	MAGDUID3	2	ARRAY	R		ACTIVE	3	IMAGING	Imaging
2726	MAG DICOM STORE GATEWAY INFO	GWINFO	MAGDQR05	1	SINGLE VALUE	R	0	ACTIVE	4	IMAGING	Imaging
2727	MAG DICOM VISTA AE TITLE	VATITLE	MAGVRS52	1	SINGLE VALUE	R	0	ACTIVE	3	IMAGING	Imaging
2728	MAG GET DICOM XMIT ORIGIN	LISTORIG	MAGDRPC1	2	ARRAY	R		ACTIVE	3	IMAGING	Imaging
2729	MAG IMAGE CURRENT INFO	INFO	MAGDQR04	2	ARRAY	R	0	ACTIVE	3	IMAGING	Imaging
273	ORWPT16 LIST ALL	LISTALL	ORWPT16	2	ARRAY			ACTIVE		ORDER ENTRY/RESULTS REPORTING	Order Entry Results Reporting
2730	MAG GET SOP CLASS METHOD							ACTIVE			
2731	ORAM1 COMPTEST	COMPTEST	ORAM1	1	SINGLE VALUE	P	0	ACTIVE		ORDER ENTRY/RESULTS REPORTING	Order Entry Results Reporting
2732	ORAM1 PTENTER	PTENTER	ORAM1	1	SINGLE VALUE	P	0	ACTIVE		ORDER ENTRY/RESULTS REPORTING	Order Entry Results Reporting
2733	ORAM1 FLOWTT	FLOWTT	ORAM1	2	ARRAY	P	0	ACTIVE		ORDER ENTRY/RESULTS REPORTING	Order Entry Results Reporting
2734	ORAM1 PCGOAL	PCGOAL	ORAM1	1	SINGLE VALUE	P	0	ACTIVE		ORDER ENTRY/RESULTS REPORTING	Order Entry Results Reporting
2735	ORAM1 ACDATA	ACDATA	ORAM1	2	ARRAY	P	0	ACTIVE		ORDER ENTRY/RESULTS REPORTING	Order Entry Results Reporting
2736	ORAM1 ADDTOP	ADDTOP	ORAM1	1	SINGLE VALUE	P	0	ACTIVE		ORDER ENTRY/RESULTS REPORTING	Order Entry Results Reporting
2737	ORAM1 LOCK	LOCK	ORAM1	1	SINGLE VALUE	P	0	ACTIVE		ORDER ENTRY/RESULTS REPORTING	Order Entry Results Reporting
2738	ORAM1 LOG	LOGIT	ORAM1	1	SINGLE VALUE	P	0	ACTIVE		ORDER ENTRY/RESULTS REPORTING	Order Entry Results Reporting
2739	ORAM1 OUTINR	OUTINR	ORAM1	2	ARRAY	P	0	ACTIVE		ORDER ENTRY/RESULTS REPORTING	Order Entry Results Reporting
274	ORWPT16 LOOKUP	LOOKUP	ORWPT16	2	ARRAY			ACTIVE		ORDER ENTRY/RESULTS REPORTING	Order Entry Results Reporting
2740	ORAM1 PTCHECK	PTCHECK	ORAM1	1	SINGLE VALUE	P	0	ACTIVE		ORDER ENTRY/RESULTS REPORTING	Order Entry Results Reporting
2741	ORAM1 GETPT	GETPT	ORAM1	2	ARRAY	P	0	ACTIVE		ORDER ENTRY/RESULTS REPORTING	Order Entry Results Reporting
2742	ORAM1 TERASE	TERASE	ORAM1	1	SINGLE VALUE	P	0	ACTIVE		ORDER ENTRY/RESULTS REPORTING	Order Entry Results Reporting
2743	ORAM1 UNLOCK	UNLOCK	ORAM1	1	SINGLE VALUE	P	0	ACTIVE		ORDER ENTRY/RESULTS REPORTING	Order Entry Results Reporting
2744	ORAM2 NOACT	NOACT	ORAM2	2	ARRAY	P	0	ACTIVE		ORDER ENTRY/RESULTS REPORTING	Order Entry Results Reporting
2745	ORAM2 SHOWRATE	SHOWRATE	ORAM2	1	SINGLE VALUE	P	0	ACTIVE		ORDER ENTRY/RESULTS REPORTING	Order Entry Results Reporting
2746	ORAM2 PTAPPT	PTAPPT	ORAM2	2	ARRAY	P	0	ACTIVE		ORDER ENTRY/RESULTS REPORTING	Order Entry Results Reporting
2747	ORAM2 REMIND	REMIND	ORAM2	1	SINGLE VALUE	P	0	ACTIVE		ORDER ENTRY/RESULTS REPORTING	Order Entry Results Reporting
2748	ORAM2 TEAMCHK	TEAMCHK	ORAM2	2	ARRAY	P	0	ACTIVE		ORDER ENTRY/RESULTS REPORTING	Order Entry Results Reporting
2749	ORAM2 ALLGOAL	ALLGOAL	ORAM2	2	ARRAY	P	0	ACTIVE		ORDER ENTRY/RESULTS REPORTING	Order Entry Results Reporting
275	ORWPT16 DEMOG	DEMOG	ORWPT16	1	SINGLE VALUE			ACTIVE		ORDER ENTRY/RESULTS REPORTING	Order Entry Results Reporting
2750	ORAM3 PTADR	PTADR	ORAM3	1	SINGLE VALUE	P	0	ACTIVE		ORDER ENTRY/RESULTS REPORTING	Order Entry Results Reporting
2751	ORAM3 COMPENT	COMPENT	ORAM3	1	SINGLE VALUE	P	0	ACTIVE		ORDER ENTRY/RESULTS REPORTING	Order Entry Results Reporting
2752	ORAM3 PTFONE	PTFONE	ORAM3	1	SINGLE VALUE	P	0	ACTIVE		ORDER ENTRY/RESULTS REPORTING	Order Entry Results Reporting
2753	ORAM CONCOMP	CONCOMP	ORAM	1	SINGLE VALUE	P	0	ACTIVE		ORDER ENTRY/RESULTS REPORTING	Order Entry Results Reporting
2754	ORAMSET GET	GET	ORAMSET	2	ARRAY	S	0	ACTIVE		ORDER ENTRY/RESULTS REPORTING	Order Entry Results Reporting
2755	ORAM HCT	HCT	ORAM	1	SINGLE VALUE	P	0	ACTIVE		ORDER ENTRY/RESULTS REPORTING	Order Entry Results Reporting
2756	ORAM INR	INR	ORAM	2	ARRAY	P	0	ACTIVE		ORDER ENTRY/RESULTS REPORTING	Order Entry Results Reporting
2757	ORAM PATIENT	PATIENT	ORAM	1	SINGLE VALUE	P	0	ACTIVE		ORDER ENTRY/RESULTS REPORTING	Order Entry Results Reporting
2758	ORAM PROVIDER	PROVIDER	ORAM	1	SINGLE VALUE	P	0	ACTIVE		ORDER ENTRY/RESULTS REPORTING	Order Entry Results Reporting
2759	ORAM SIGCHECK	SIGCHECK	ORAM	1	SINGLE VALUE	P	0	ACTIVE		ORDER ENTRY/RESULTS REPORTING	Order Entry Results Reporting
276	ORWPT16 GETVSIT	GETVSIT	ORWPT16	1	SINGLE VALUE			ACTIVE		ORDER ENTRY/RESULTS REPORTING	Order Entry Results Reporting
2760	ORAMX CONSULT	CONSULT	ORAMX	2	ARRAY	P	0	ACTIVE		ORDER ENTRY/RESULTS REPORTING	Order Entry Results Reporting
2761	ORAMX PCESET	PCESET	ORAMX	1	SINGLE VALUE	P	0	ACTIVE		ORDER ENTRY/RESULTS REPORTING	Order Entry Results Reporting
2762	ORAMSET GETCLINS	GETCLINS	ORAMSET	2	ARRAY	S		ACTIVE		ORDER ENTRY/RESULTS REPORTING	Order Entry Results Reporting
2763	ORAM ORDER	ORDER	ORAM	1	SINGLE VALUE	S		ACTIVE		ORDER ENTRY/RESULTS REPORTING	Order Entry Results Reporting
2764	ORAMSET INDICS	INDICS	ORAMSET	2	ARRAY	S		ACTIVE		ORDER ENTRY/RESULTS REPORTING	Order Entry Results Reporting
2765	ORAM APPTMTCH	APPTMTCH	ORAM	1	SINGLE VALUE	S		ACTIVE		ORDER ENTRY/RESULTS REPORTING	Order Entry Results Reporting
2766	CW MAIL API	ENTRY	CWMAIL	4	GLOBAL ARRAY	P		ACTIVE		CW GUIMAIL	CW GUIMAIL
2767	VAFC VOA ADD PATIENT	ADD	VAFCPTAD	2	ARRAY	R	0	ACTIVE	1	REGISTRATION	Registration
2768	MAGJ MAGDATADUMP	DATADUMP	MAGJUTL4	4	GLOBAL ARRAY	R	0	ACTIVE	1	IMAGING	Imaging
2769	MAGG REASON LIST	LSTRSNS	MAGGA01	4	GLOBAL ARRAY	R		ACTIVE		IMAGING	Imaging
277	ORWPT16 APPTLST	APPTLST	ORWPT16	2	ARRAY			ACTIVE		ORDER ENTRY/RESULTS REPORTING	Order Entry Results Reporting
2770	MAG4 IMAGE LIST	GETIMGS	MAGSIXG1	2	ARRAY	R		ACTIVE		IMAGING	Imaging
2771	MAGG IMAGE SET PROPERTIES	SETPROPS	MAGGA02	2	ARRAY	R		ACTIVE		IMAGING	Imaging
2772	MAGG IMAGE GET PROPERTIES	GETPROPS	MAGGA02	2	ARRAY	R		ACTIVE		IMAGING	Imaging
2773	MAGG REASON GET PROPERTIES	GET	MAGGA01	2	ARRAY	R		ACTIVE		IMAGING	Imaging
2774	MAGG IMAGE STATISTICS	IMGQUERY	MAGGA03	4	GLOBAL ARRAY	R		ACTIVE		IMAGING	Imaging
2775	MAGG IMAGE LOCK	LOCKIMG	MAGGA04	2	ARRAY	R		ACTIVE		IMAGING	Imaging
2776	MAGG IMAGE UNLOCK	UNLOCKIM	MAGGA04	2	ARRAY	R		ACTIVE		IMAGING	Imaging
2777	MAGG CAPTURE USERS	USERS	MAGGA03U	4	GLOBAL ARRAY	R		ACTIVE		IMAGING	Imaging
2778	DVBAB ZIP2CITY	ZIP2CITY	DVBABADR	2	ARRAY	S		ACTIVE		AUTOMATED MED INFO EXCHANGE	Automated Medical Information Exchange
2779	DVBA CHECK PATCH	CHECK	DVBAB1B	1	SINGLE VALUE	S		ACTIVE		AUTOMATED MED INFO EXCHANGE	Automated Medical Information Exchange
278	ORWPT16 ADMITLST	ADMITLST	ORWPT16	2	ARRAY			ACTIVE		ORDER ENTRY/RESULTS REPORTING	Order Entry Results Reporting
2780	MAG BROKER SECURITY	BSE	MAGS2BSE	1	SINGLE VALUE	R		ACTIVE		IMAGING	Imaging
2781	PSN FDA MED GUIDE PRINT QUEUE	RETRIEVE	PSNFDAMG	2	ARRAY	R		ACTIVE		NATIONAL DRUG FILE	National Drug File
2782	DSIF VERIFY FB	VER	DSIFENA1	1	SINGLE VALUE	A		ACTIVE	2		
2783	DSIF DEMOG	DEMOG	DSIFENA1	2	ARRAY	A		ACTIVE	2		
2784	DSIF AUTHLIST	AUTHLIST	DSIFENA2	4	GLOBAL ARRAY	A		ACTIVE	3.2		
2785	DSIF GET FB VALUES	GETVAL	DSIFENA1	4	GLOBAL ARRAY	A		ACTIVE	2		
2786	DSIF DEL AUTH	DEL	DSIFENA3	1	SINGLE VALUE	A		ACTIVE	2		
2787	DSIF ADD AUTH	ADD	DSIFENA3	1	SINGLE VALUE	A		ACTIVE	3.2		
2788	DSIF EDIT AUTH	EDIT	DSIFENA3	1	SINGLE VALUE	A		ACTIVE	3.2		
2789	DSIF VENDOR LOOK	VENDOR	DSIFENA4	2	ARRAY	A		ACTIVE	3.2		
279	ORWPT16 PSCNVT	PSCNVT	ORWPT16	1	SINGLE VALUE			ACTIVE		ORDER ENTRY/RESULTS REPORTING	Order Entry Results Reporting
2790	DSIF ADD PT	ADD	DSIFENA1	1	SINGLE VALUE	A		ACTIVE	2		
2791	DSIF PRINT 7079	PRINT	DSIFENA4	1	SINGLE VALUE	A		ACTIVE	2		
2792	DSIF SEARCH	SEARCH	DSIFENA4	2	ARRAY	A		ACTIVE	2		
2793	DSIF GET PRINTERS	GETPRINT	DSIFENA5	4	GLOBAL ARRAY	A		ACTIVE	3		
2794	DSIF PRINT GENERIC REPORT	PRINTGEN	DSIFENA5	1	SINGLE VALUE	A		ACTIVE	2		
2795	DSIF BATCH STATUS	STATBAT	DSIFBAT3	2	ARRAY	A		ACTIVE	3		
2796	DSIF GET OBLIG	GETOBLIG	DSIFBAT5	4	GLOBAL ARRAY	A		ACTIVE	3.2		
2797	DSIF PAY PT VENDOR	VENDINFO	DSIFPAY0	4	GLOBAL ARRAY	A		ACTIVE	2		
2798	DSIF PAY VENDOR DETAILS	VENDISP	DSIFPAY0	4	GLOBAL ARRAY	A		ACTIVE	2		
2799	DSIF CPT CR DISPLAY	CPT	DSIFPAY0	2	ARRAY	A		ACTIVE	2		
28	SC CHANGE HISTORY OK	CHGDTC	SCUTBK10	1	SINGLE VALUE	P		ACTIVE		SCHEDULING	Scheduling
280	ORWU16 USERINFO	USERINFO	ORWU16	1	SINGLE VALUE			ACTIVE		ORDER ENTRY/RESULTS REPORTING	Order Entry Results Reporting
2800	DSIF PAY PAYMENT DISPLAY	DISPAY	DSIFPAY1	4	GLOBAL ARRAY	A		ACTIVE	3.2		
2801	DSIF PAY SCHEDULE	PAYSCH	DSIFPAY1	1	SINGLE VALUE	A		ACTIVE	2		
2802	DSIF TRANSMIT TO AUSTIN	TRANSMIT	DSIFPAY5	4	GLOBAL ARRAY	A		ACTIVE	2		
2803	DSIF PAY GET REJECT ITEMS	GETREJ	DSIFPAY6	4	GLOBAL ARRAY	A		ACTIVE	2		
2804	DSIF DISP FEE CP	FBCP	DSIFBAT5	4	GLOBAL ARRAY	A		ACTIVE	3.2		
2805	DSIF BATCH DISP OPEN	DISOPENB	DSIFBAT1	2	ARRAY	A		ACTIVE	2		
2806	DSIF BATCH DELETE	DELBATCH	DSIFBAT1	1	SINGLE VALUE	A		ACTIVE	2		
2807	DSIF BATCH CLOSE	CLOSEBAT	DSIFBAT1	4	GLOBAL ARRAY	A		ACTIVE	3.2		
2808	DSIF BATCH LIST ITEMS	LISTBAT	DSIFBAT2	4	GLOBAL ARRAY	A		ACTIVE	3.2		
2809	DSIF BATCH RANGE OF STATUS	RANGEBAT	DSIFBAT2	4	GLOBAL ARRAY	A		ACTIVE	2		
281	ORWU16 VALIDSIG	VALIDSIG	ORWU16	1	SINGLE VALUE			ACTIVE		ORDER ENTRY/RESULTS REPORTING	Order Entry Results Reporting
2811	DSIF BATCH OPEN USER	USERBATS	DSIFPAY0	2	ARRAY	A		ACTIVE	2		
2812	DSIF PAY GET VALUES	GETPAY	DSIFPAY0	4	GLOBAL ARRAY	A		ACTIVE	3		
2813	DSIF PAY CREATE INVOICE	NEWINV	DSIFPAY2	1	SINGLE VALUE	A		ACTIVE	2		
2814	DSIF PAY ALL PAYMENTS DISPLAY	EN1	DSIFPAY2	2	ARRAY	A	0	ACTIVE	3		
2815	DSIF PAY MED PAYMENT ADD/EDIT	EDITPAY	DSIFPAY3	1	SINGLE VALUE	A		ACTIVE	3.2		
2816	DSIF BATCH GET REJECTS	REJECTS	DSIFPAY1	2	ARRAY	A		ACTIVE	2		
2817	DSIF PAY DELETE PAYMENT	DELPAY	DSIFPAY2	1	SINGLE VALUE	A		ACTIVE	2		
2818	DSIF PAY FIX ALL REJ ITEMS	ALLMEDR	DSIFPAY2	4	GLOBAL ARRAY	A		ACTIVE	2		
2819	DSIF PAY FIX SEL REJECT ITEMS	REINIT	DSIFPAY6	4	GLOBAL ARRAY	A		ACTIVE	3.2		
282	ORWU16 HOSPLOC	HOSPLOC	ORWU16	2	ARRAY			ACTIVE		ORDER ENTRY/RESULTS REPORTING	Order Entry Results Reporting
2820	DSIF BATCH LIST BY STATUS	LISTSTAT	DSIFBAT2	4	GLOBAL ARRAY	A		ACTIVE	3		
2821	DSIF BATCH CREATE	NEWBAT	DSIFBAT1	1	SINGLE VALUE	A		ACTIVE	3.2		
2822	DSIF BATCH PAYMENTS DISPLAY	BATPAY	DSIFPAY2	4	GLOBAL ARRAY	A		ACTIVE	2		
2823	DSIF BATCH RELEASE	RELBAT	DSIFBAT3	4	GLOBAL ARRAY	A		ACTIVE	2		
2824	DSIF BATCH FINALIZE	FINALIZE	DSIFBAT5	2	ARRAY	A		ACTIVE	3		
2825	DSIF BATCH DISP ITEMS	BATDISP	DSIFBAT4	2	ARRAY	A		ACTIVE	2		
2826	DSIF BATCH REASSIGN	REASSIGN	DSIFBAT4	1	SINGLE VALUE	A		ACTIVE	2		
2827	DSIF BATCH REOPEN	REOPENB	DSIFBAT1	1	SINGLE VALUE	A		ACTIVE	2		
2828	DSIF PAY ALL BATCH	ALLPAYB	DSIFPAY1	2	ARRAY	A		ACTIVE	2		
2829	DSIF PAY READMAIL	MAIL	DSIFPAY6	4	GLOBAL ARRAY	A		ACTIVE	2		
283	ORWU16 VALDT	VALDT	ORWU16	1	SINGLE VALUE			ACTIVE		ORDER ENTRY/RESULTS REPORTING	Order Entry Results Reporting
2830	DSIF PAYMENT HISTORY	LIST	DSIFRPT2	4	GLOBAL ARRAY			ACTIVE			
2831	DSIF GENERIC PRICER	GENERIC	DSIFINP3	1	SINGLE VALUE	A		ACTIVE	3		
2832	DSIF INP GET VALUES	GETVALS	DSIFINP0	4	GLOBAL ARRAY	A		ACTIVE	3		
2833	DSIF INP PATIENT REG	REG	DSIFNOT3	1	SINGLE VALUE			ACTIVE			
2834	DSIF INP CHECK INCOMPLETE NOTE	CHKINOT	DSIFNOT3	1	SINGLE VALUE			ACTIVE			
2835	DSIF INP CHECK OVERLAP DATES	CHKOVLP	DSIFNOT3	1	SINGLE VALUE			ACTIVE			
2836	DSIF INP OBLIG LOOKUP	OBLLIST	DSIFINP0	4	GLOBAL ARRAY	A		ACTIVE	3		
2837	DSIF INP DISP DISPLAY	DISP	DSIFINP0	4	GLOBAL ARRAY	A		ACTIVE	3		
2838	DSIF INP GET NOTIFICATIONS	GETNOTES	DSIFINP0	4	GLOBAL ARRAY	A		ACTIVE	3		
2839	DSIF INP GET 7078	GET7078	DSIFINP0	1	SINGLE VALUE	A		ACTIVE	3.2		
284	ORWU16 NEWPERS	NEWPERS	ORWU16	2	ARRAY			ACTIVE		ORDER ENTRY/RESULTS REPORTING	Order Entry Results Reporting
2840	DSIF INP ENTITLEMENTS	ENTS	DSIFNOT3	1	SINGLE VALUE			ACTIVE			
2841	DSIF INP VALID FOR 7078	CHK7078	DSIFNOT4	1	SINGLE VALUE			ACTIVE			
2842	DSIF INP ENTER 7078	EN7078	DSIFNOT4	1	SINGLE VALUE			ACTIVE	3.2		
2843	DSIF INP CANCEL 7078	CAN7078	DSIFNOT2	1	SINGLE VALUE			ACTIVE			
2844	DSIF INP CHECK CANCEL 7078	CANCHK	DSIFNOT2	1	SINGLE VALUE			ACTIVE			
2845	DSIF INP LIST AUSTIN MESSAGES	LISTMESS	DSIFPAY6	4	GLOBAL ARRAY	A		ACTIVE	3		
2846	DSIF INP PROC LOOKUP	LOOKUP	DSIFINP1	4	GLOBAL ARRAY	A		ACTIVE	3		
2847	DSIF INP PROCEDURE	PROCLK	DSIFINP1	1	SINGLE VALUE	A		ACTIVE	3		
2848	DSIF INP AUTHORIZATION LIST	AUTH	DSIFEP	4	GLOBAL ARRAY			ACTIVE			
2849	DSIF INP ADD/EDIT PAYMENT	EN	DSIFEP	1	SINGLE VALUE			ACTIVE	3.2		
285	ORWU16 DEVICE	DEVICE	ORWU16	2	ARRAY			ACTIVE		ORDER ENTRY/RESULTS REPORTING	Order Entry Results Reporting
2850	DSIF INP ADD AUTH	ADD	DSIFINP2	1	SINGLE VALUE	A		ACTIVE	3.2		
2851	DSIF INP EDIT AUTH	EDIT	DSIFINP2	1	SINGLE VALUE	A		ACTIVE	3.2		
2852	DSIF INP DELETE INVOICE	DELINV	DSIFEP	1	SINGLE VALUE			ACTIVE			
2853	DSIF INP LIST BATCH INVOICES	LSTINV	DSIFEP	4	GLOBAL ARRAY			ACTIVE			
2854	DSIF INP CHK DEL BATCH	VALDEL	DSIFEP	1	SINGLE VALUE			ACTIVE			
2855	DSIF INP CENSUS REPORT	CENSUS	DSIFRPT	4	GLOBAL ARRAY			ACTIVE			
2856	DSIF INP HOSPITAL COST RPT	COSTRPT	DSIFRPT0	4	GLOBAL ARRAY			ACTIVE			
2857	DSIF INP NON-VA HOSP ACTIVITY	START	DSIFRPT1	4	GLOBAL ARRAY			ACTIVE			
2858	DSIF INVOICE DISPLAY	INVDISP	DSIFINP4	4	GLOBAL ARRAY	A		ACTIVE	3		
2859	DSIF AUTH DISPLAY	AUTH	DSIFENA6	4	GLOBAL ARRAY	A		ACTIVE	3.2		
286	ORWLRR INTERIMG	INTERIMG	ORWLRR	4	GLOBAL ARRAY			ACTIVE		ORDER ENTRY/RESULTS REPORTING	Order Entry Results Reporting
2860	DSIF PAT/VEN PAYMENT REPORT	EN	DSIFRPT3	4	GLOBAL ARRAY			ACTIVE			
2861	DSIF INP PAYMENT LIST	LOOKUP	DSIFEP1	4	GLOBAL ARRAY			ACTIVE			
2862	DSIF INP GET PAYMENT	EN	DSIFEP1	4	GLOBAL ARRAY			ACTIVE			
2863	DSIF INP 7078 PRT	PRT7078	DSIFENA6	1	SINGLE VALUE	A		ACTIVE	3		
2864	DSIF INP 7078 PRTVAL	GETVAL	DSIFENA6	4	GLOBAL ARRAY	A		ACTIVE	3		
2865	DSIF INP NEW 7078 OBLIGATION	NEWOBL	DSIFNOT4	1	SINGLE VALUE	A		ACTIVE	3		
2866	DSIF PATIENT REG	REG	DSIFNOT3	1	SINGLE VALUE			ACTIVE			
2867	DSIF CHECK INCOMPLETE NOTE	CHKINOT	DSIFNOT3	1	SINGLE VALUE			ACTIVE			
2868	DSIF CHECK OVERLAP DATES	CHKOVLP	DSIFNOT3	1	SINGLE VALUE			ACTIVE			
2869	DSIF REQUEST ENTER/EDIT	EN	DSIFNOT6	1	SINGLE VALUE			ACTIVE			
287	ORWU EXTNAME	EXTNAME	ORWU	1	SINGLE VALUE			ACTIVE		ORDER ENTRY/RESULTS REPORTING	Order Entry Results Reporting
2870	DSIF INP EDIT 7078	ED7078	DSIFNOT6	1	SINGLE VALUE			ACTIVE	3.2		
2871	DSIF INP ADD ROC	ADD	DSIFROC	1	SINGLE VALUE			ACTIVE			
2873	DSIF INP 7078 EDIT CHECK	EDTCHK	DSIFUTL	1	SINGLE VALUE			ACTIVE			
2874	DSIF VIEW INVOICE	INDISP	DSIFPAY7	4	GLOBAL ARRAY	A		ACTIVE	3.2		
2875	DSIF UNA GET REASONS	GETVAL	DSIFUCEN	4	GLOBAL ARRAY	A		ACTIVE	3.1		
2876	DSIF INP COMPLETE PAYMENT	COMP	DSIFEAP	4	GLOBAL ARRAY	A		ACTIVE	3.2		
2877	DSIF INP PRICER RELEASE	PRICER	DSIFBAT7	1	SINGLE VALUE	A		ACTIVE	3		
2878	DSIF INP NOTIFICATION DELETE	DELNOTF	DSIFINP1	1	SINGLE VALUE	S		ACTIVE	3		
2879	DSIF UNA ADD PAYMENT	EN	DSIFPAU	1	SINGLE VALUE	S		ACTIVE	3.2		
288	ORWLRR NEWOLD	NEWOLD	ORWLRR	1	SINGLE VALUE			ACTIVE		ORDER ENTRY/RESULTS REPORTING	Order Entry Results Reporting
2880	DSIF UNA GET POINTER IEN	GETAUTH	DSIFPAU	1	SINGLE VALUE	S		ACTIVE	3.2		
2881	DSIF AUTH VERIFY AUTH	VERIFY	DSIFENA3	1	SINGLE VALUE	A		ACTIVE	3.2		
2882	DSIF UTL GETDATA	GETDATA	DSIFUTL	1	SINGLE VALUE			ACTIVE	3.2		
2883	DSIF UTL SELCHK	SELCHK	DSIFUTL	1	SINGLE VALUE			ACTIVE	3.2		
2884	DSIF INP INVOICE CHECK	INVCHK	DSIFUTL	1	SINGLE VALUE	A		ACTIVE	3.2		
2885	MAG DOD GET STUDIES IEN	STUDY2	MAGDQR21	2	ARRAY	R	0	ACTIVE	3	IMAGING	Imaging
2886	MAG DOD GET STUDIES UID	STUDY1	MAGDQR21	2	ARRAY	R	0	ACTIVE	3	IMAGING	Imaging
2887	MAG SCAN IMAGE TEXT FILES	SCANIMG	MAGDOD01	1	SINGLE VALUE	R	0	ACTIVE	3	IMAGING	Imaging
2888	MAG STORE TEXT FILE DETAILS	STOREUID	MAGDOD01	1	SINGLE VALUE	R	0	ACTIVE	3	IMAGING	Imaging
2889	DSIV DM GET STATUS	STATUS	DSIVDM	4	GLOBAL ARRAY	A		ACTIVE		INSURANCE CAPTURE BUFFER	Insurance Capture Buffer
289	ORWLRR MICRO	MICRO	ORWLRR	4	GLOBAL ARRAY			ACTIVE		ORDER ENTRY/RESULTS REPORTING	Order Entry Results Reporting
2890	DSIV DM ADD/DELETE QUEUE	UPD	DSIVDM	1	SINGLE VALUE	A		ACTIVE		INSURANCE CAPTURE BUFFER	Insurance Capture Buffer
2891	DSIV DM CHECK	IMPCK	DSIVDM	1	SINGLE VALUE	A		ACTIVE		INSURANCE CAPTURE BUFFER	Insurance Capture Buffer
2892	DSIV DM GET STATUS1	STAT	DSIVDM	4	GLOBAL ARRAY	A		ACTIVE		INSURANCE CAPTURE BUFFER	Insurance Capture Buffer
2893	DSIV DM DEL QUEUE ENTRIES	DEL	DSIVDM	1	SINGLE VALUE	A		ACTIVE		INSURANCE CAPTURE BUFFER	Insurance Capture Buffer
2894	DSIV ACCEPT BUFFER ENTRY	ACCEPT	DSIVICA	2	ARRAY			ACTIVE		INSURANCE CAPTURE BUFFER	Insurance Capture Buffer
2895	DSIV ADD BUFFER ENTRY	ADDBUF	DSIVIC	1	SINGLE VALUE	P		ACTIVE		INSURANCE CAPTURE BUFFER	Insurance Capture Buffer
2896	DSIV ADD VIEWING AUDIT	AAUDIT	DSIVIC2	1	SINGLE VALUE	A		ACTIVE		INSURANCE CAPTURE BUFFER	Insurance Capture Buffer
2897	DSIV EXCEPTION REPORT2	RPTP	DSIVICR1	1	SINGLE VALUE	A		ACTIVE		INSURANCE CAPTURE BUFFER	Insurance Capture Buffer
2898	DSIV FIND ENTRIES	FIND	DSIVIC	4	GLOBAL ARRAY			ACTIVE		INSURANCE CAPTURE BUFFER	Insurance Capture Buffer
2899	DSIV GET ICB AUDIT	GETIEN	DSIVIC2	1	SINGLE VALUE	S		ACTIVE		INSURANCE CAPTURE BUFFER	Insurance Capture Buffer
29	SC INACTIVATE ENTRY	INACTC	SCUTBK10	1	SINGLE VALUE	P		ACTIVE		SCHEDULING	Scheduling
290	ORWLRR CHART	CHART	ORWLRR	4	GLOBAL ARRAY			ACTIVE		ORDER ENTRY/RESULTS REPORTING	Order Entry Results Reporting
2900	DSIV GETS	GETS	DSIVIC	2	ARRAY			ACTIVE		INSURANCE CAPTURE BUFFER	Insurance Capture Buffer
2901	DSIV GROUP INSURANCE PLAN	GRPPOL	DSIVIC	2	ARRAY	P		ACTIVE		INSURANCE CAPTURE BUFFER	Insurance Capture Buffer
2902	DSIV INSURANCE COMPANY	INSCO	DSIVIC	2	ARRAY	P		ACTIVE		INSURANCE CAPTURE BUFFER	Insurance Capture Buffer
2903	DSIV LIST ENTRIES2	LIST	DSIVIC3	4	GLOBAL ARRAY	A		ACTIVE		INSURANCE CAPTURE BUFFER	Insurance Capture Buffer
2904	DSIV NO INSURANCE	NOI	DSIVIC2	2	ARRAY	A		ACTIVE		INSURANCE CAPTURE BUFFER	Insurance Capture Buffer
2905	DSIV ONE LOC APPOINTMENTS	REQONE	DSIVIC1	4	GLOBAL ARRAY	P		ACTIVE		INSURANCE CAPTURE BUFFER	Insurance Capture Buffer
2906	DSIV PATIENT INSURANCE CHECK	CKINS	DSIVIC1	1	SINGLE VALUE	P		ACTIVE		INSURANCE CAPTURE BUFFER	Insurance Capture Buffer
2907	DSIV PATIENT INSURANCE DATA	INSUR	DSIVIC3	2	ARRAY	A		ACTIVE		INSURANCE CAPTURE BUFFER	Insurance Capture Buffer
2908	DSIV POLL REPORT	POLL	DSIVICR1	4	GLOBAL ARRAY			ACTIVE		INSURANCE CAPTURE BUFFER	Insurance Capture Buffer
2909	DSIV POLLED DATA	POLL	DSIVICR	4	GLOBAL ARRAY	A		ACTIVE		INSURANCE CAPTURE BUFFER	Insurance Capture Buffer
291	ORWLRR CHEMTEST	CHEMTEST	ORWLRR	2	ARRAY			ACTIVE		ORDER ENTRY/RESULTS REPORTING	Order Entry Results Reporting
2910	DSIV PURGE AUDIT	PURGE	DSIVIC1	1	SINGLE VALUE	P		ACTIVE		INSURANCE CAPTURE BUFFER	Insurance Capture Buffer
2911	DSIV REJECT BUFFER ENTRY	REJECT	DSIVICR	1	SINGLE VALUE			ACTIVE		INSURANCE CAPTURE BUFFER	Insurance Capture Buffer
2912	DSIV REPORT QUEUE	PRPT	DSIVICR	1	SINGLE VALUE	A		ACTIVE		INSURANCE CAPTURE BUFFER	Insurance Capture Buffer
2913	DSIV UPDATE SUBFILE MULT	ADDUPD	DSIVIC2	2	ARRAY	A		ACTIVE		INSURANCE CAPTURE BUFFER	Insurance Capture Buffer
2914	DSIV EXCEPTION REPORT	RRPT	DSIVICR2	4	GLOBAL ARRAY			ACTIVE		INSURANCE CAPTURE BUFFER	Insurance Capture Buffer
2915	DSIV GET EIV REPORT	IIV	DSIVIC3	4	GLOBAL ARRAY	A		ACTIVE		INSURANCE CAPTURE BUFFER	Insurance Capture Buffer
2916	DSIV REPORT DATA	RPT	DSIVICR	4	GLOBAL ARRAY	A		ACTIVE		INSURANCE CAPTURE BUFFER	Insurance Capture Buffer
2917	DSIV LIST ENTERED STATUS	ENST	DSIVIC4	4	GLOBAL ARRAY			ACTIVE		INSURANCE CAPTURE BUFFER	Insurance Capture Buffer
2918	VAFC LOCAL GETCORRESPONDINGIDS	TFL	VAFCTFU2	3	WORD PROCESSING	P		ACTIVE	1	REGISTRATION	Registration
2919	VAFC NEW NC TREATING FACILITY	NEWTF	VAFCTFU2	2	ARRAY	P	0	ACTIVE	1	REGISTRATION	Registration
292	ORWLRR PARAM	PARAM	ORWLRR	1	SINGLE VALUE			ACTIVE		ORDER ENTRY/RESULTS REPORTING	Order Entry Results Reporting
2920	EC RECENT VISITS	RCNTVST	ECUTL1	2	ARRAY			ACTIVE		EVENT CAPTURE	Event Capture
2921	RAMAG EXAM ORDER	ORDER	RAMAGRP1	2	ARRAY	A		ACTIVE		RADIOLOGY/NUCLEAR MEDICINE	Radiology Nuclear Medicine
2922	RAMAG EXAM REGISTER	REGISTER	RAMAGRP1	2	ARRAY	A		ACTIVE		RADIOLOGY/NUCLEAR MEDICINE	Radiology Nuclear Medicine
2923	RAMAG ORDER CANCEL	ORDCANC	RAMAGRP1	2	ARRAY	A		ACTIVE		RADIOLOGY/NUCLEAR MEDICINE	Radiology Nuclear Medicine
2924	RAMAG EXAM CANCEL	EXAMCANC	RAMAGRP1	2	ARRAY	A		ACTIVE		RADIOLOGY/NUCLEAR MEDICINE	Radiology Nuclear Medicine
2925	RAMAG EXAM COMPLETE	COMPLETE	RAMAGRP1	2	ARRAY	A		ACTIVE		RADIOLOGY/NUCLEAR MEDICINE	Radiology Nuclear Medicine
2926	RAMAG EXAMINED	EXAMINED	RAMAGRP2	2	ARRAY	A		ACTIVE		RADIOLOGY/NUCLEAR MEDICINE	Radiology Nuclear Medicine
2927	RAMAG EXAM STATUS REQUIREMENTS	EXMSTREQ	RAMAGRP2	2	ARRAY	A		ACTIVE		RADIOLOGY/NUCLEAR MEDICINE	Radiology Nuclear Medicine
2928	MAG DICOM ADD CAMERA EQUIP RM	ADDROOM	MAGDRPCB	2	ARRAY			ACTIVE		IMAGING	Imaging
2929	MAG DICOM GET DFN	GETDFN	MAGDRPCA	1	SINGLE VALUE	P		ACTIVE		IMAGING	Imaging
293	ORWPT PTINQ	PTINQ	ORWPT	4	GLOBAL ARRAY			ACTIVE		ORDER ENTRY/RESULTS REPORTING	Order Entry Results Reporting
2930	MAG DICOM GET HOSP LOCATION	GETLOC	MAGDRPCB	2	ARRAY	P		ACTIVE		IMAGING	Imaging
2931	MAG DICOM GET RAD CAMERA	CAMERA	MAGDRPCB	2	ARRAY	R	0	ACTIVE	3	IMAGING	Imaging
2932	MAG DICOM GET RAD CPT MOD	CPTMOD	MAGDRPCB	2	ARRAY	R	0	ACTIVE	3	IMAGING	Imaging
2933	MAG DICOM GET RAD DX CODE	DXCODE	MAGDRPCB	2	ARRAY	R	0	ACTIVE	3	IMAGING	Imaging
2934	MAG DICOM GET RAD FILM	FILM	MAGDRPCB	2	ARRAY	R	0	ACTIVE	3	IMAGING	Imaging
2935	MAG DICOM GET RAD INFO BY ACN	ACNUMB	MAGDRPCA	1	SINGLE VALUE	R	0	ACTIVE	3	IMAGING	Imaging
2936	MAG DICOM GET RAD ORDERS	ORDERS	MAGDRPCB	2	ARRAY			ACTIVE		IMAGING	Imaging
2937	MAG DICOM GET RAD PERSON	RADLST	MAGDRPCB	2	ARRAY	R	0	ACTIVE	3	IMAGING	Imaging
2938	MAG DICOM GET USERNAME	USERNAME	MAGDRPCB	1	SINGLE VALUE	R		ACTIVE		IMAGING	Imaging
2939	MAG DICOM IMPORTER CHECK UIDS	CHECKUID	MAGDRPCA	2	ARRAY	R	0	ACTIVE	3	IMAGING	Imaging
294	ORWPCE DIAG	DIAG	ORWPCE	2	ARRAY			ACTIVE		ORDER ENTRY/RESULTS REPORTING	Order Entry Results Reporting
2940	MAG DICOM IMPORTER DELETE	DELETE	MAGDRPCA	2	ARRAY	R	0	ACTIVE	3	IMAGING	Imaging
2941	MAG DICOM IMPORTER LOOKUP	LOOKUP	MAGDRPCA	1	SINGLE VALUE	R	0	ACTIVE		IMAGING	Imaging
2942	MAG DICOM RADIOLOGY MODIFIERS	MOD	MAGDRPCA	2	ARRAY	R	0	ACTIVE	3	IMAGING	Imaging
2943	MAG DICOM RADIOLOGY PROCEDURES	PROC	MAGDRPCA	2	ARRAY	R	0	ACTIVE	3	IMAGING	Imaging
2944	MAG DICOM SET IMAGING LOCATION	IMAGELOC	MAGDRPCB	1	SINGLE VALUE			ACTIVE		IMAGING	Imaging
2945	MAG BROKER GET VISITOR	BSEXP	MAGS2BSE	1	SINGLE VALUE	R	0	ACTIVE		IMAGING	Imaging
2946	MAGJ GET TREATING LIST	FACLIST	MAGJLST1	2	ARRAY	R		ACTIVE		IMAGING	Imaging
2947	MAGJ VIX LOG REMOTE IMG ACCESS	LOGRIA	MAGJVAPI	1	SINGLE VALUE	R	0	ACTIVE	.1	IMAGING	Imaging
2948	MAG4 INDEX GET ORIGIN	IGO	MAGSIXGT	2	ARRAY	A	0	ACTIVE		IMAGING	Imaging
2949	MAGN PATIENT HAS PHOTO	RPHASPHT	MAGNVIC	1	SINGLE VALUE	A	0	ACTIVE		IMAGING	Imaging
295	ORWPCE PROC	PROC	ORWPCE	2	ARRAY			ACTIVE		ORDER ENTRY/RESULTS REPORTING	Order Entry Results Reporting
2950	TIU MED GET PATIENT DATA	GETPATDT	TIUMED1	2	ARRAY	R	0	ACTIVE		TEXT INTEGRATION UTILITIES	Text Integration Utility
2951	TIU MED GET HEALTH SUMMARY	GETHS	TIUMED1	2	ARRAY	R	0	ACTIVE		TEXT INTEGRATION UTILITIES	Text Integration Utility
2952	TIU MED LAST5	LAST5	TIUMED1	2	ARRAY	R	0	ACTIVE		TEXT INTEGRATION UTILITIES	Text Integration Utility
2953	TIU MED LIST ALL	LISTALL	TIUMED1	2	ARRAY	R	0	ACTIVE		TEXT INTEGRATION UTILITIES	Text Integration Utility
2954	TIU MED PATIENT MANAGEMENT	PATMAN	TIUMED1	1	SINGLE VALUE	R	0	ACTIVE		TEXT INTEGRATION UTILITIES	Text Integration Utility
2955	TIU MED GET PATIENT LISTS	PLISTS	TIUMED1	2	ARRAY	R	0	ACTIVE		TEXT INTEGRATION UTILITIES	Text Integration Utility
2956	TIU MED GET LIST DATA	PLISTMEM	TIUMED1	2	ARRAY	R	0	ACTIVE		TEXT INTEGRATION UTILITIES	Text Integration Utility
2957	TIU MED GET OBJECT	GETOBJ	TIUMED1	4	GLOBAL ARRAY	R	0	ACTIVE		TEXT INTEGRATION UTILITIES	Text Integration Utility
2958	MAG3 SET TIMEOUT	TIMEOUT	MAGNTLRS	1	SINGLE VALUE	R		ACTIVE		IMAGING	Imaging
2959	MAG3 TELEREADER ACQ SRVC SETUP	UASRVC	MAGNTLR6	1	SINGLE VALUE	R		ACTIVE		IMAGING	Imaging
296	ORWPCE VISIT	VISIT	ORWPCE	2	ARRAY			ACTIVE		ORDER ENTRY/RESULTS REPORTING	Order Entry Results Reporting
2960	MAG3 TELEREADER DHPS LIST	LDHSP	MAGNTLR2	2	ARRAY	R	0	ACTIVE		IMAGING	Imaging
2961	MAG3 TELEREADER PDR SRVC SETUP	UPSRVC	MAGNTLRS	1	SINGLE VALUE	R		ACTIVE		IMAGING	Imaging
2962	MAG3 TELEREADER READER LIST	LREADER	MAGNTLR2	2	ARRAY	R		ACTIVE		IMAGING	Imaging
2963	MAG3 TELEREADER READER SETUP	UREADER	MAGNTLRS	1	SINGLE VALUE	R		ACTIVE		IMAGING	Imaging
2964	MAG3 TELEREADER SITE SETUP	USITE	MAGNTLRS	1	SINGLE VALUE	R		ACTIVE		IMAGING	Imaging
2965	MAGDDR GETS ENTRY DATA	GETSC	MAGDDR	2	ARRAY	R		ACTIVE		IMAGING	Imaging
2966	MAGDDR LISTER	LISTC	MAGDDR	4	GLOBAL ARRAY	R		ACTIVE		IMAGING	Imaging
2967	DSIV GET EIV PATIENT REPORT	PIIV	DSIVIC3	4	GLOBAL ARRAY			ACTIVE		INSURANCE CAPTURE BUFFER	Insurance Capture Buffer
297	ORWRP16 REPORT TEXT	RPT	ORWRP16	4	GLOBAL ARRAY	S		ACTIVE		ORDER ENTRY/RESULTS REPORTING	Order Entry Results Reporting
298	ORWRP16 REPORT LISTS	LIST	ORWRP16	4	GLOBAL ARRAY	S		ACTIVE		ORDER ENTRY/RESULTS REPORTING	Order Entry Results Reporting
299	ORQQPX REMINDER DETAIL	REMDET	ORQQPX	2	ARRAY	S		ACTIVE		ORDER ENTRY/RESULTS REPORTING	Order Entry Results Reporting
3	XWB EGCHO BIG LIST	BIG	XWBZ1	4	GLOBAL ARRAY	R		ACTIVE		RPC BROKER	RPC Broker
30	SC DELETE HISTORY	DELDTC	SCUTBK10	1	SINGLE VALUE	P		ACTIVE		SCHEDULING	Scheduling
300	ORWPCE SCDIS	SCDIS	ORWPCE	2	ARRAY			ACTIVE		ORDER ENTRY/RESULTS REPORTING	Order Entry Results Reporting
301	ORWPCE SCSEL	SCSEL	ORWPCE	1	SINGLE VALUE			ACTIVE		ORDER ENTRY/RESULTS REPORTING	Order Entry Results Reporting
302	ORWUX SYMTAB	SYMTAB	ORWUX	4	GLOBAL ARRAY			ACTIVE		ORDER ENTRY/RESULTS REPORTING	Order Entry Results Reporting
303	ORWPCE PCE4NOTE	PCE4NOTE	ORWPCE3	2	ARRAY			ACTIVE		ORDER ENTRY/RESULTS REPORTING	Order Entry Results Reporting
3034	AXA SEND RESPONSE	R	AXARPC3	1	SINGLE VALUE			ACTIVE		WEST PALM BEACH VAMC	West Palm Beach VAMC
3035	AXA PATCHGUI GET PCHS	PCHS	AXARPCUP	2	ARRAY			ACTIVE		WEST PALM BEACH VAMC	West Palm Beach VAMC
3036	AXA PATCHGUI GET PKGS	PKGS	AXARPCUP	2	ARRAY			ACTIVE		WEST PALM BEACH VAMC	West Palm Beach VAMC
3037	AXA PATCH TEXT	MSGTXT	AXARPCUP	4	GLOBAL ARRAY			ACTIVE		WEST PALM BEACH VAMC	West Palm Beach VAMC
3038	AXA GET LIST	GETLIST	AXARPCU	2	ARRAY			ACTIVE		WEST PALM BEACH VAMC	West Palm Beach VAMC
3039	AXA IS PROGRAMMER	ISPROG	AXARPCU	1	SINGLE VALUE			ACTIVE		WEST PALM BEACH VAMC	West Palm Beach VAMC
304	ORWORDG MAPSEQ	MAPSEQ	ORWORDG	2	ARRAY			ACTIVE		ORDER ENTRY/RESULTS REPORTING	Order Entry Results Reporting
3040	AXA PCH GUI RESPONSES	BRESP	AXARPCUP	4	GLOBAL ARRAY			ACTIVE		WEST PALM BEACH VAMC	West Palm Beach VAMC
3041	AXA PCH Days Difference	DAYSDIFF	AXARPCUP	1	SINGLE VALUE			ACTIVE		WEST PALM BEACH VAMC	West Palm Beach VAMC
3042	AXA PATCH CODE	MSGCODE	AXARPCUP	4	GLOBAL ARRAY			ACTIVE		WEST PALM BEACH VAMC	West Palm Beach VAMC
3043	AXA REPLACE PATCH STATUS	REPLSTAT	AXARPCU	2	ARRAY			ACTIVE		WEST PALM BEACH VAMC	West Palm Beach VAMC
3044	EDPCTRL RPC	RPC	EDPCTRL	2	ARRAY	R		ACTIVE	1	EMERGENCY DEPARTMENT INTEGRATION SOFTWARE	Emergency Department Integration Software
3045	EDPCBRD RPC	RPC	EDPCBRD	2	ARRAY	R		ACTIVE		EMERGENCY DEPARTMENT INTEGRATION SOFTWARE	Emergency Department Integration Software
3046	MPI EVENT LIST	LINKDATA	MPIRPC	2	ARRAY	R	0	ACTIVE	1		
3047	VAFC AA UPDATE	AAUPD	VAFCRPC	1	SINGLE VALUE	P	0	ACTIVE	1	REGISTRATION	Registration
3048	MAG FIND IMAGE TEXT FILE	FINDFIL	MAGDOD01	1	SINGLE VALUE	R	0	ACTIVE	.1	IMAGING	Imaging
3049	MAG STORAGE FETCH	FETCH	MAGSFTCH	2	ARRAY			ACTIVE		IMAGING	Imaging
305	ORWU TOOLMENU	TOOLMENU	ORWU	2	ARRAY			ACTIVE		ORDER ENTRY/RESULTS REPORTING	Order Entry Results Reporting
3050	MAG STORAGE FETCH SET	SETLOC	MAGSFTCH	2	ARRAY			ACTIVE		IMAGING	Imaging
3051	MAG UTIL BKONLJB	BKONL	MAGSDOFL	2	ARRAY	R		ACTIVE		IMAGING	Imaging
3052	MAG UTIL CLNLOC	NETLOC	MAGSDEL5	2	ARRAY	R		ACTIVE		IMAGING	Imaging
3053	MAG UTIL DT2IEN	DTRANGE	MAGSHEC	2	ARRAY			ACTIVE		IMAGING	Imaging
3054	MAG UTIL GETNETLOC	SHARE	MAGSDEL5	2	ARRAY	R		ACTIVE		IMAGING	Imaging
3055	MAG UTIL JBOFFLN	LINE	MAGSDOFL	2	ARRAY	R		ACTIVE		IMAGING	Imaging
3056	MAG UTIL LSTOFLJB	LISTOFL	MAGSDOFL	2	ARRAY	R		ACTIVE		IMAGING	Imaging
3057	YTQ ADMIN DELETE	DELADMIN	YTQAPI5	2	ARRAY	S		ACTIVE		MENTAL HEALTH	Mental Health
3058	YTQ SET ANSWER ALL	SAVEALL	YTQAPI17	2	ARRAY	S		ACTIVE		MENTAL HEALTH	Mental Health
3059	NUPA CAREPLAN HISTORY	CPH	NUPABCL2	4	GLOBAL ARRAY			ACTIVE		PATIENT ASSESSMENT DOCUMENTATION	Patient Assessment Documentation
306	ORWU HASKEY	HASKEY	ORWU	1	SINGLE VALUE			ACTIVE		ORDER ENTRY/RESULTS REPORTING	Order Entry Results Reporting
3060	NUPA LOOKUP TRY 2	LK	NUPAAS1	4	GLOBAL ARRAY		1	INACTIVE			
3061	NUPA DP COMMENT HISTORY	DPH	NUPABCL2	4	GLOBAL ARRAY			ACTIVE		PATIENT ASSESSMENT DOCUMENTATION	Patient Assessment Documentation
3062	NUPA GET PRESSURE ULCERS	UL	NUPABCL2	4	GLOBAL ARRAY			ACTIVE		PATIENT ASSESSMENT DOCUMENTATION	Patient Assessment Documentation
3063	NUPA GET IVS	IV	NUPABCL2	4	GLOBAL ARRAY			ACTIVE		PATIENT ASSESSMENT DOCUMENTATION	Patient Assessment Documentation
3064	NUPA GET COMPONENTS	GC	NUPABCL2	4	GLOBAL ARRAY			ACTIVE		PATIENT ASSESSMENT DOCUMENTATION	Patient Assessment Documentation
3065	NUPA GET SKIN ALT	UL	NUPABCL2	4	GLOBAL ARRAY			ACTIVE		PATIENT ASSESSMENT DOCUMENTATION	Patient Assessment Documentation
3066	NUPA GET GI DEVICES	GI	NUPABCL2	4	GLOBAL ARRAY			ACTIVE		PATIENT ASSESSMENT DOCUMENTATION	Patient Assessment Documentation
3067	NUPA REASSESSMENT RADIOBUTTONS	RAOK	NUPABCL2	1	SINGLE VALUE			ACTIVE		PATIENT ASSESSMENT DOCUMENTATION	Patient Assessment Documentation
3068	NUPA GET HEALTH FACTORS	HF	NUPABCL2	4	GLOBAL ARRAY			ACTIVE		PATIENT ASSESSMENT DOCUMENTATION	Patient Assessment Documentation
3069	NUPA GET ALLERGIES	ALG	NUPABCL2	2	ARRAY			ACTIVE		PATIENT ASSESSMENT DOCUMENTATION	Patient Assessment Documentation
307	ORWORDG ALLTREE	ALLTREE	ORWORDG	2	ARRAY	S		ACTIVE		ORDER ENTRY/RESULTS REPORTING	Order Entry Results Reporting
3070	NUPA GET APPTS	APPTS	NUPABCL2	4	GLOBAL ARRAY			ACTIVE		PATIENT ASSESSMENT DOCUMENTATION	Patient Assessment Documentation
3071	NUPA AUDITC NOTE TEXT	ACNOTE	NUPABCL2	2	ARRAY			ACTIVE		PATIENT ASSESSMENT DOCUMENTATION	Patient Assessment Documentation
3072	YTQ CONSULT CREATE	CCREATE	YTQCONS	2	ARRAY	S		ACTIVE	1	MENTAL HEALTH	Mental Health
3073	YTQ DELETE ENTRY	DELENTRY	YTQAPI6	2	ARRAY	S	0	ACTIVE		MENTAL HEALTH	Mental Health
3074	PRSN NURS LOCATION EXTRACTION	NURSLOC	PRSN9A	4	GLOBAL ARRAY	A	0	ACTIVE		PAID	PAID
3075	PRSN POC DAILY TIME EXTRACTION	POCTIME	PRSN9B	4	GLOBAL ARRAY	A	0	ACTIVE		PAID	PAID
3076	DSIF STATIONS	STATNUM	DSIFUTL	1	SINGLE VALUE	S		ACTIVE	3.2		
3077	DSIF OP CHECK NUMBER LOOKUP	OPCKN	DSIFPAY8	1	SINGLE VALUE	S		ACTIVE	3.2		
3078	DSIROIR PRL PAT REQUEST LIST	PRL	DSIROIR	4	GLOBAL ARRAY			ACTIVE	8.2	RELEASE OF INFORMATION	Release Of Information
3079	DSIROIC WPFILER WP FILER	WPFILER	DSIROIC	1	SINGLE VALUE			ACTIVE		RELEASE OF INFORMATION	Release Of Information
308	ORWORDG REVSTS	REVSTS	ORWORDG	2	ARRAY	S		ACTIVE		ORDER ENTRY/RESULTS REPORTING	Order Entry Results Reporting
3080	DSIROI GETREQST GET REQUEST	GETREQST	DSIROI	2	ARRAY			ACTIVE		RELEASE OF INFORMATION	Release Of Information
3081	DSIROIR2 RTYP RECEIVED METHOD	RTYP	DSIROIR2	4	GLOBAL ARRAY			ACTIVE			
3082	DSIRRPT1 BYCLRK RPT BY CLERK	BYCLRK	DSIRRPT1	4	GLOBAL ARRAY			ACTIVE		RELEASE OF INFORMATION	Release Of Information
3083	DSIRRPT1 RTYP REQUESTS BY TYPE	RTYP	DSIRRPT1	4	GLOBAL ARRAY			ACTIVE		RELEASE OF INFORMATION	Release Of Information
3084	DSIRRPTR CRPT CHECK REPORTS	CRPT	DSIRRPTR	4	GLOBAL ARRAY			ACTIVE		RELEASE OF INFORMATION	Release Of Information
3085	DSIRRPTR STOP CANCEL REPORT	STOP	DSIRRPTR	1	SINGLE VALUE			ACTIVE		RELEASE OF INFORMATION	Release Of Information
3086	DSIRRPTR GETRPT GET RPT DATA	GETRPT	DSIRRPTR	4	GLOBAL ARRAY			ACTIVE		RELEASE OF INFORMATION	Release Of Information
3087	DSIRRPTR PRMS GET PARAMETERS	PRMS	DSIRRPTR	4	GLOBAL ARRAY			ACTIVE		RELEASE OF INFORMATION	Release Of Information
3088	DSIRRPT2 TTIM TURNAROUND TIME	TAT	DSIRRPT2	4	GLOBAL ARRAY			ACTIVE		RELEASE OF INFORMATION	Release Of Information
3089	DSIRRPT3 DTR DELIVERY TYPE RPT	DTR	DSIRRPT3	4	GLOBAL ARRAY			ACTIVE		RELEASE OF INFORMATION	Release Of Information
309	ORWORDG IEN	IEN	ORWORDG	1	SINGLE VALUE			ACTIVE		ORDER ENTRY/RESULTS REPORTING	Order Entry Results Reporting
3090	DSIRRPT3 RTR HOW RECEIVED RPT	RTR	DSIRRPT3	4	GLOBAL ARRAY			ACTIVE		RELEASE OF INFORMATION	Release Of Information
3091	DSIRRPTA AHR GET AD HOC DATA	AHR	DSIRRPTA	4	GLOBAL ARRAY			ACTIVE		RELEASE OF INFORMATION	Release Of Information
3092	DSIRRPTB AMTB AMOUNT BILLED	AMTB	DSIRRPTB	4	GLOBAL ARRAY			ACTIVE		RELEASE OF INFORMATION	Release Of Information
3093	DSIRRPTB FEEO FEES OUT RPT	FEEO	DSIRRPTB	4	GLOBAL ARRAY			ACTIVE		RELEASE OF INFORMATION	Release Of Information
3094	DSIRRPTB FEER FEES REC RPT	FEER	DSIRRPTB	4	GLOBAL ARRAY			ACTIVE		RELEASE OF INFORMATION	Release Of Information
3095	DSIRRPT4 EXP EXPEDITED REPORT	EXP	DSIRRPT4	4	GLOBAL ARRAY			ACTIVE		RELEASE OF INFORMATION	Release Of Information
3096	DSIRRPTF FOIA YEAR END REPORT	FOIA	DSIRRPTF	4	GLOBAL ARRAY			ACTIVE		RELEASE OF INFORMATION	Release Of Information
3097	DSIRRPT2 PDH PATIENT DISC HIST	PDH	DSIRRPT2	4	GLOBAL ARRAY			ACTIVE		RELEASE OF INFORMATION	Release Of Information
3098	DSIRRPT4 CDD DISCREPANCY RPT	CDD	DSIRRPT4	4	GLOBAL ARRAY			ACTIVE		RELEASE OF INFORMATION	Release Of Information
3099	DSIRRPTV FOIAV FOIA VALIDATION	FOIAV	DSIRRPTV	4	GLOBAL ARRAY			ACTIVE		RELEASE OF INFORMATION	Release Of Information
31	SC HISTORY STATUS OK	NEWSTC	SCUTBK10	1	SINGLE VALUE	P		ACTIVE		SCHEDULING	Scheduling
310	ORWPCE SAVE	SAVE	ORWPCE	2	ARRAY			ACTIVE		ORDER ENTRY/RESULTS REPORTING	Order Entry Results Reporting
3100	DSIRRPTR KCHK REPORT KILL CHK	KCHK	DSIRRPTR	1	SINGLE VALUE			ACTIVE		RELEASE OF INFORMATION	Release Of Information
3101	DSIRBIL0 BLSOUT BILLS DUE	BLSOUT	DSIRBIL0	4	GLOBAL ARRAY			ACTIVE		RELEASE OF INFORMATION	Release Of Information
3102	DSIROI4 BTCH BATCH PROCESSING	BTCH	DSIROI4	1	SINGLE VALUE			ACTIVE		RELEASE OF INFORMATION	Release Of Information
3103	DSIROI4 EDOCS ELECT DOC CHECK	EDOCS	DSIROI4	1	SINGLE VALUE			ACTIVE		RELEASE OF INFORMATION	Release Of Information
3104	DSIROI4 GETDEM GET DEMOGRAPHIC	GETDEM	DSIROI4	2	ARRAY			ACTIVE		RELEASE OF INFORMATION	Release Of Information
3105	DSIROIC ZIP CODE LOOKUP	ZIP	DSIROIC	1	SINGLE VALUE			ACTIVE		RELEASE OF INFORMATION	Release Of Information
3106	DSIROIC GETSTLST STATE LIST	GETSTLST	DSIROIC	4	GLOBAL ARRAY			ACTIVE		RELEASE OF INFORMATION	Release Of Information
3107	DSIROIC CLKDAT GET CLERK INFO	CLKDAT	DSIROIC	1	SINGLE VALUE			ACTIVE		RELEASE OF INFORMATION	Release Of Information
3108	DSIROIC DOD GET DATE OF DEATH	DOD	DSIROIC	1	SINGLE VALUE			ACTIVE		RELEASE OF INFORMATION	Release Of Information
3109	DSIROIC PATID GET DFN AND NAME	PATINFO	DSIROIC	1	SINGLE VALUE			ACTIVE		RELEASE OF INFORMATION	Release Of Information
311	ORWPCE CPTREQD	CPTREQD	ORWPCE	1	SINGLE VALUE			ACTIVE		ORDER ENTRY/RESULTS REPORTING	Order Entry Results Reporting
3110	DSIROI3 CKRQ CHK PAT REQUESTOR	CKRQ	DSIROI3	2	ARRAY			ACTIVE		RELEASE OF INFORMATION	Release Of Information
3111	DSIROI STBLFLG SET BILL FLAG	STBLFLG	DSIROI	1	SINGLE VALUE			ACTIVE		RELEASE OF INFORMATION	Release Of Information
3112	TIU TEMPLATE GET TEMPLATE	GETTMPLT	TIUSRVT2	2	ARRAY	A		ACTIVE		TEXT INTEGRATION UTILITIES	Text Integration Utility
3113	DENTV DELETE UNFILED DATA	DELU	DENTVRHD	2	ARRAY	A	0	ACTIVE		DENTAL	Dental
3114	DENTV GET UNFILED DETAIL	GETUN	DENTVTP7	4	GLOBAL ARRAY	A	0	ACTIVE		DENTAL	Dental
3115	DENTV TP CLEAN SLATE	CLNSLT	DENTVTP7	1	SINGLE VALUE	A	0	ACTIVE		DENTAL	Dental
3116	DENTV TP FILE EXAM TRANSACTION	FILEX	DENTVTPA	1	SINGLE VALUE	A	0	ACTIVE		DENTAL	Dental
3117	DENTV TP GET EXAM TRANSACTIONS	GETFEX	DENTVTP7	2	ARRAY	A	0	ACTIVE		DENTAL	Dental
3118	DENTV GET CLEAN SLATE LIST	GETCSL	DENTVTP7	2	ARRAY	A	0	ACTIVE		DENTAL	Dental
3119	DENTV UPDATE COMMENT SORT	UPDATE	DENTVCC	1	SINGLE VALUE	A	0	ACTIVE		DENTAL	Dental
312	ORWPCE NOTEVSTR	NOTEVSTR	ORWPCE	1	SINGLE VALUE			ACTIVE		ORDER ENTRY/RESULTS REPORTING	Order Entry Results Reporting
3120	DENTV GET CANNED COMMENTS	GET	DENTVCC	2	ARRAY	A	0	ACTIVE		DENTAL	Dental
3121	DENTV FILE CANNED COMMENTS	FILE	DENTVCC	1	SINGLE VALUE	A	0	ACTIVE		DENTAL	Dental
3122	DENTV DEL CANNED COMMENT	DEL	DENTVCC	1	SINGLE VALUE	A	0	ACTIVE		DENTAL	Dental
3123	DENTV PERSON CLASS INQUIRY	PROVINQ	DENTVUTL	1	SINGLE VALUE	S		ACTIVE		DENTAL	Dental
3124	DENTV TP RESERVED INACT CHECK	CHKINA	DENTVTP7	1	SINGLE VALUE	A		ACTIVE		DENTAL	Dental
3125	DSIV XPAR CHGWP	CHGWP	DSIVXPR	2	ARRAY	A		ACTIVE		INSURANCE CAPTURE BUFFER	Insurance Capture Buffer
3126	DSIV VALIDATE VI INDEX TERMS	VLDTSP	DSIVTSP	2	ARRAY	A	0	ACTIVE		INSURANCE CAPTURE BUFFER	Insurance Capture Buffer
3127	DSIF VEN GET ACTIVE CONTRACTS	VENCNT	DSIFUTL	4	GLOBAL ARRAY	S		ACTIVE	3.2		
3128	DSIF FB INSTITUTION	GETINST	DSIFUTL	4	GLOBAL ARRAY	S		ACTIVE	3.2		
3129	DSIF BATCH EDIT	EDITBAT	DSIFBAT4	1	SINGLE VALUE	A		ACTIVE	3.2		
313	ORWPCE DELETE	DELETE	ORWPCE	1	SINGLE VALUE			ACTIVE		ORDER ENTRY/RESULTS REPORTING	Order Entry Results Reporting
3130	DSIF INP EDIT ROC	ROCEDIT	DSIFINP1	1	SINGLE VALUE			ACTIVE	3.2		
3131	PSB GETINJECTIONSITE	RPC	PSBINJEC	2	ARRAY	P	0	ACTIVE	2	BAR CODE MED ADMIN	Barcode Medication Administration
3132	MD CLIO	RPC	MDCLIO	4	GLOBAL ARRAY	P		ACTIVE		CLINICAL PROCEDURES	Clinical Procedures
3133	MDCP RESULTS BY STATUS	GTMSGIDS	MDCPHL7B	4	GLOBAL ARRAY	S	0	ACTIVE	1	CLINICAL PROCEDURES	Clinical Procedures
3134	MDCP MESSAGE BY IEN	GETMSG	MDCPHL7B	4	GLOBAL ARRAY	S		ACTIVE	1	CLINICAL PROCEDURES	Clinical Procedures
3135	MDCP CORRECTIONS BY IEN	GETCORR	MDCPHL7B	2	ARRAY	S	0	ACTIVE		CLINICAL PROCEDURES	Clinical Procedures
3136	MDCP UPDATE MESSAGE STATUS	UPDATERP	MDCPHL7B	2	ARRAY	P	0	ACTIVE	1	CLINICAL PROCEDURES	Clinical Procedures
3137	MDCP UPDATE MESSAGE REASON	UPDRSN	MDCPHL7B	4	GLOBAL ARRAY	R		ACTIVE		CLINICAL PROCEDURES	Clinical Procedures
3138	DSIF CNSLTS FEE CONSULTS	FEECNSLT	DSIFCNS	2	ARRAY	A		ACTIVE			
3139	DSIF CNSLTS GET CONSULT DETAIL	DETAIL	DSIFCNS	2	ARRAY	A		ACTIVE			
314	ORWPCE LEX	LEX	ORWPCE	2	ARRAY			ACTIVE		ORDER ENTRY/RESULTS REPORTING	Order Entry Results Reporting
3140	VPS GET CLINIC	GETCLN	VPSRPC1	2	ARRAY	P	0	ACTIVE	1	VA POINT OF SERVICE	VA Point of Service
3141	VPS GET PATIENT DEMOGRAPHIC	GETDATA	VPSRPC1	2	ARRAY	P	0	ACTIVE	1	VA POINT OF SERVICE	VA Point of Service
3142	MAG ANNOT GET IMAGE	GET	MAGSANNO	2	ARRAY	R		ACTIVE		IMAGING	Imaging
3143	MAG ANNOT GET IMAGE DETAIL	GETD	MAGSANNO	2	ARRAY	R		ACTIVE		IMAGING	Imaging
3144	MAG ANNOT IMAGE ALLOW	ANOALLOW	MAGSANNO	1	SINGLE VALUE	R		ACTIVE		IMAGING	Imaging
3145	MAG ANNOT STORE IMAGE DETAIL	STORE	MAGSANNO	2	ARRAY	R		ACTIVE		IMAGING	Imaging
3146	MAG DICOM GET AGENCY	AGENCY	MAGDRPC1	1	SINGLE VALUE	R	0	ACTIVE	3	IMAGING	Imaging
3147	KMPD APPL STATUS	STATUS	KMPDU6	4	GLOBAL ARRAY	R	0	ACTIVE	3	CAPACITY MANAGEMENT	Capacity Management
3148	KMPD DATA ELEMENTS	ELEMENTS	KMPDU6	2	ARRAY	R	0	ACTIVE	3	CAPACITY MANAGEMENT	Capacity Management
3149	KMPD NODES	NODES	KMPDU6	2	ARRAY	R	0	ACTIVE	3	CAPACITY MANAGEMENT	Capacity Management
315	ORWPCE LEXCODE	LEXCODE	ORWPCE	1	SINGLE VALUE			ACTIVE		ORDER ENTRY/RESULTS REPORTING	Order Entry Results Reporting
3150	KMPD TMG MON DATA	TMGMON	KMPDU7	2	ARRAY	R		ACTIVE		CAPACITY MANAGEMENT	Capacity Management
3151	KMPD USER PARAMETERS	USRPARAM	KMPDU6	2	ARRAY	R		ACTIVE		CAPACITY MANAGEMENT	Capacity Management
3152	KMPD TMG DATES	TMGDATES	KMPDU7	2	ARRAY	R		ACTIVE		CAPACITY MANAGEMENT	Capacity Management
3153	KMPD TMG REPORTS	TMGRPT	KMPDU7	2	ARRAY	R		ACTIVE		CAPACITY MANAGEMENT	Capacity Management
3154	KMPD REPORT DEFINITION	REPDEF	KMPDU4	3	WORD PROCESSING	P		ACTIVE		CAPACITY MANAGEMENT	Capacity Management
3155	KMPD TMG STATUS	TMGSTAT	KMPDU7	2	ARRAY	R		ACTIVE		CAPACITY MANAGEMENT	Capacity Management
3156	KMPD RUM START/STOP	RUMSS	KMPDU6	2	ARRAY	R		ACTIVE		CAPACITY MANAGEMENT	Capacity Management
3157	KMPD TMG START/STOP	TMGSST	KMPDU7	2	ARRAY	R		ACTIVE		CAPACITY MANAGEMENT	Capacity Management
3158	KMPD RUM ENV	RUMENV	KMPDU6	2	ARRAY	R		ACTIVE		CAPACITY MANAGEMENT	Capacity Management
3159	KMPD SEARCH BY LIST	SBLIST	KMPDU7	4	GLOBAL ARRAY	R		ACTIVE		CAPACITY MANAGEMENT	Capacity Management
316	ORWCH LOADALL	LOADALL	ORWCH	2	ARRAY			ACTIVE		ORDER ENTRY/RESULTS REPORTING	Order Entry Results Reporting
3160	KMPD ERROR LOG LIST	ERRLIST	KMPDU3	4	GLOBAL ARRAY	R		ACTIVE		CAPACITY MANAGEMENT	Capacity Management
3161	DSIV ONE LOC APPTS	RQONELOC	DSIVIC5	4	GLOBAL ARRAY	P		ACTIVE		INSURANCE CAPTURE BUFFER	Insurance Capture Buffer
3162	DSIV PRODUCTIVITY REPORT	RPT	DSIVICR3	1	SINGLE VALUE			ACTIVE		INSURANCE CAPTURE BUFFER	Insurance Capture Buffer
3163	DSIV POLL PRODUCTIVITY	POLL	DSIVICR3	4	GLOBAL ARRAY			ACTIVE		INSURANCE CAPTURE BUFFER	Insurance Capture Buffer
3164	DSIV FILE INSURANCE TO AUDIT	IN	DSIVIM	2	ARRAY			ACTIVE		INSURANCE CAPTURE BUFFER	Insurance Capture Buffer
3165	EDPGLOB RPC	RPC	EDPGLOB	4	GLOBAL ARRAY	R		ACTIVE	1	EMERGENCY DEPARTMENT INTEGRATION SOFTWARE	Emergency Department Integration Software
3166	SD GET PATIENT APPOINTMENTS	GETAPTS	SDMRPC1	2	ARRAY	S		ACTIVE	1	SCHEDULING	Scheduling
3167	SD GET CLINIC DETAILS	GETCLN	SDMRPC1	2	ARRAY	S		ACTIVE	1	SCHEDULING	Scheduling
3168	SD GET CLINICS BY NAME	LSTCLNS	SDMRPC1	2	ARRAY	S		ACTIVE	1	SCHEDULING	Scheduling
3169	SD APPOINTMENT MAKE	MAKE	SDMRPC2	2	ARRAY	S		ACTIVE	1	SCHEDULING	Scheduling
317	ORWCH SAVESIZ	SAVESIZ	ORWCH	1	SINGLE VALUE			ACTIVE		ORDER ENTRY/RESULTS REPORTING	Order Entry Results Reporting
3170	SD APPOINTMENT CHECK	CHKAPP	SDMRPC2	2	ARRAY	S		ACTIVE	1	SCHEDULING	Scheduling
3171	SD APPOINTMENT CHECK-IN	CHECKIN	SDMRPC2	2	ARRAY	S		ACTIVE	1	SCHEDULING	Scheduling
3172	SD APPOINTMENT CANCEL	CANCEL	SDMRPC2	2	ARRAY	S		ACTIVE	1	SCHEDULING	Scheduling
3173	SD APPOINTMENT LIST BY NAME	LSTAPPT	SDMRPC2	2	ARRAY	S		ACTIVE	1	SCHEDULING	Scheduling
3174	SD GET APPOINTMENT TYPE	GETAPPT	SDMRPC2	2	ARRAY	S		ACTIVE	1	SCHEDULING	Scheduling
3175	SD GET ELIGIBILITY DETAILS	GETELIG	SDMRPC2	2	ARRAY	S		ACTIVE	1	SCHEDULING	Scheduling
3176	SD GET CLINIC AVAILABILITY	SLOTS	SDMRPC1	2	ARRAY	S		ACTIVE	1	SCHEDULING	Scheduling
3177	SD HAS PATIENT PENDING APPTS	HASPEND	SDMRPC1	2	ARRAY	S		ACTIVE	1	SCHEDULING	Scheduling
3178	SD GET PATIENT PENDING APPTS	GETPEND	SDMRPC1	2	ARRAY	S		ACTIVE	1	SCHEDULING	Scheduling
3179	SD VALID CLINIC STOP CODE	CLNCK	SDMRPC1	2	ARRAY	S		ACTIVE	1	SCHEDULING	Scheduling
318	ORWCH SAVEALL	SAVEALL	ORWCH	1	SINGLE VALUE			ACTIVE		ORDER ENTRY/RESULTS REPORTING	Order Entry Results Reporting
3180	SD VERIFY CLINIC ACCESS	CLNRGHT	SDMRPC1	2	ARRAY	S		ACTIVE	1	SCHEDULING	Scheduling
3181	SD VALID STOP CODE	CLNVSC	SDMRPC1	2	ARRAY	S		ACTIVE	1	SCHEDULING	Scheduling
3182	SD GET FIRST AVAILABLE APPT	FRSTAVBL	SDMRPC1	2	ARRAY	S		ACTIVE	1	SCHEDULING	Scheduling
3183	SD APPOINTMENT MAKE UNSCH	MAKEUS	SDMRPC2	2	ARRAY	S		ACTIVE	1	SCHEDULING	Scheduling
3184	SD APPOINTMENT NOSHOW	NOSHOW	SDMRPC2	1	SINGLE VALUE	S		ACTIVE	1	SCHEDULING	Scheduling
3185	SD APPOINTMENT CHECK-OUT	CHECKO	SDMRPC4	2	ARRAY	S		ACTIVE	1	SCHEDULING	Scheduling
3186	SD APPOINTMENT CHECK-OUT DEL	DELCO	SDMRPC4	2	ARRAY	S		ACTIVE	1	SCHEDULING	Scheduling
3187	SD LIST CANCELLATION REASONS	LSTCRSNS	SDMRPC1	2	ARRAY	S		ACTIVE	1	SCHEDULING	Scheduling
3188	SD EWL LIST	LISTEWL	SDMRPC1	2	ARRAY	S		ACTIVE	1	SCHEDULING	Scheduling
3189	SD EWL DETAIL	DETALEWL	SDMRPC1	2	ARRAY	S		ACTIVE	1	SCHEDULING	Scheduling
319	ORWRP1 LISTNUTR	LISTNUTR	ORWRP1	4	GLOBAL ARRAY			ACTIVE		ORDER ENTRY/RESULTS REPORTING	Order Entry Results Reporting
3190	SD EWL NEW	NEWEWL	SDMRPC1	2	ARRAY	S		ACTIVE	1	SCHEDULING	Scheduling
3191	SD EWL DISPOSITION	DISPEWL	SDMRPC1	1	SINGLE VALUE	S		ACTIVE	1	SCHEDULING	Scheduling
3192	SD EWL DELETE	DELEWL	SDMRPC1	1	SINGLE VALUE	S		ACTIVE	1	SCHEDULING	Scheduling
3193	SD EWL IS PATIENT ON LIST	ISEWL	SDMRPC1	1	SINGLE VALUE	S		ACTIVE	1	SCHEDULING	Scheduling
3194	SD EWL UPDATE	UPDTEWL	SDMRPC1	1	SINGLE VALUE	S		ACTIVE	1	SCHEDULING	Scheduling
3195	SD GET SCHDULING REQUEST TYPES	LSTSRT	SDMRPC1	2	ARRAY	S		ACTIVE		SCHEDULING	Scheduling
3196	ZSD RECALL FACILITY LIST	RECALL	ZSDRPCLV	2	ARRAY			ACTIVE			Uncategorized
3197	ZSD RECALL LIST BY PATIENT	RCLDFN	ZSDRPCLV	2	ARRAY			ACTIVE			Uncategorized
3198	ZSD WAIT LIST BY DFN	EWL	ZSDRPCLV	2	ARRAY			ACTIVE			Uncategorized
3199	ZSD FACILITY NEAR LIST	NEARLST	ZSDRPCLV	4	GLOBAL ARRAY			ACTIVE			Uncategorized
32	SC MEAN TEST	MNTEST	SCUTBK10	1	SINGLE VALUE	P		ACTIVE		SCHEDULING	Scheduling
320	ORQQVI1 GRID	GRID	ORQQVI1	4	GLOBAL ARRAY			ACTIVE		ORDER ENTRY/RESULTS REPORTING	Order Entry Results Reporting
3200	ZSD PATIENT NEAR LIST	NEARDFN	ZSDRPCLV	2	ARRAY			ACTIVE			Uncategorized
3201	DVBAB GET VVA TOKEN	VVATOKEN	DVBABURL	1	SINGLE VALUE	R		ACTIVE		AUTOMATED MED INFO EXCHANGE	Automated Medical Information Exchange
3202	DVBAB 8861 NOTIFICATIONS	ENTER	DVBANTFY	1	SINGLE VALUE	R	0	ACTIVE		AUTOMATED MED INFO EXCHANGE	Automated Medical Information Exchange
3203	DVBA MVI SEARCH PERSON	FNDPAT	DVBAMVI1	2	ARRAY	A		ACTIVE		AUTOMATED MED INFO EXCHANGE	Automated Medical Information Exchange
3204	DVBA MVI GET CORRESPONDING IDS	GETIDS	DVBAMVI2	2	ARRAY	A		ACTIVE		AUTOMATED MED INFO EXCHANGE	Automated Medical Information Exchange
3205	MAG EVENT AUDIT	EVENT	MAGUAUD	2	ARRAY	R	0	ACTIVE		IMAGING	Imaging
3206	MAG FILEMAN FIELD ATTS	FIELDATT	MAGUFFLA	2	ARRAY	P	0	ACTIVE		IMAGING	Imaging
3207	MAG FILEMAN FIELD LIST	FIELDLST	MAGUFFLL	2	ARRAY	P	0	ACTIVE		IMAGING	Imaging
3208	MAGV ADD WORK ITEM TAGS	ADDTAG	MAGVIM01	1	SINGLE VALUE	R		ACTIVE		IMAGING	Imaging
3209	MAGV ATTACH IMAGE INSTANCE	ATFILE	MAGVRS21	2	ARRAY	R		ACTIVE		IMAGING	Imaging
321	ORWPS ACTIVE	ACTIVE	ORWPS	2	ARRAY			ACTIVE		ORDER ENTRY/RESULTS REPORTING	Order Entry Results Reporting
3210	MAGV ATTACH PAT PROC REF	ATPROC	MAGVRS06	2	ARRAY	R		ACTIVE		IMAGING	Imaging
3211	MAGV ATTACH SERIES	ATSERIES	MAGVRS01	2	ARRAY	R		ACTIVE		IMAGING	Imaging
3212	MAGV ATTACH SOP	ATSOP	MAGVRS11	2	ARRAY	R		ACTIVE		IMAGING	Imaging
3213	MAGV ATTACH STUDY	ATSTUDY	MAGVRS05	2	ARRAY	R		ACTIVE		IMAGING	Imaging
3214	MAGV CONFIRM RAD ORDER	CONFIRM	MAGVIM06	2	ARRAY	R		ACTIVE		IMAGING	Imaging
3215	MAGV CREATE DICOM FAILED IMAGE	DCRCTSET	MAGVRS51	1	SINGLE VALUE	R		ACTIVE		IMAGING	Imaging
3216	MAGV CREATE PAT REF	CREPAT	MAGVRS06	2	ARRAY	R		ACTIVE		IMAGING	Imaging
3217	MAGV CREATE WORK ITEM	CRTITEM	MAGVIM01	1	SINGLE VALUE	R		ACTIVE		IMAGING	Imaging
3218	MAGV DELETE DICOM FAILED IMAGE	DCRCTDEL	MAGVRS51	1	SINGLE VALUE	R		ACTIVE		IMAGING	Imaging
3219	MAGV DELETE WORK ITEM	DELWITEM	MAGVIM01	1	SINGLE VALUE	R		ACTIVE		IMAGING	Imaging
322	ORWPT DFLTSRC	DFLTSRC	ORWPT	1	SINGLE VALUE			ACTIVE		ORDER ENTRY/RESULTS REPORTING	Order Entry Results Reporting
3220	MAGV DGW ACTION UID LIST	ACTUIDS	MAGVDGWP	2	ARRAY	R		ACTIVE		IMAGING	Imaging
3221	MAGV DGW INSTRUMENT LIST	INSTRMNT	MAGVDGWP	2	ARRAY	R		ACTIVE		IMAGING	Imaging
3222	MAGV DGW MODALITY LIST	MODALITY	MAGVDGWP	2	ARRAY	R		ACTIVE		IMAGING	Imaging
3223	MAGV DICOM GET COUNT	DCRCTCNT	MAGVRS51	1	SINGLE VALUE	R		ACTIVE		IMAGING	Imaging
3224	MAGV DICOM SET INSTRUMENT LIST	SETINSTR	MAGVDGWP	1	SINGLE VALUE	R		ACTIVE		IMAGING	Imaging
3225	MAGV DICOM SET MODALITY LIST	SETMODAL	MAGVDGWP	1	SINGLE VALUE	R		ACTIVE		IMAGING	Imaging
3226	MAGV FIND PAT REF	FINDPAT	MAGVRS06	2	ARRAY	R		ACTIVE		IMAGING	Imaging
3227	MAGV FIND PROC REF	FINDPROC	MAGVRS07	2	ARRAY	R		ACTIVE		IMAGING	Imaging
3228	MAGV FIND SERIES BY REFERENCE	FINDBYRF	MAGVRS14	2	ARRAY	R		ACTIVE		IMAGING	Imaging
3229	MAGV FIND SERIES BY UID	FINDSER	MAGVRS11	1	SINGLE VALUE	R		ACTIVE		IMAGING	Imaging
323	ORWPS DETAIL	DETAIL	ORWPS	4	GLOBAL ARRAY			ACTIVE		ORDER ENTRY/RESULTS REPORTING	Order Entry Results Reporting
3230	MAGV FIND SOP BY UID	FINDSOP	MAGVRS21	1	SINGLE VALUE	R		ACTIVE		IMAGING	Imaging
3231	MAGV FIND STUDY BY UID	FINDSTDY	MAGVRS05	1	SINGLE VALUE	R		ACTIVE		IMAGING	Imaging
3232	MAGV FIND STUDY TIU	TIUCHK	MAGVRS43	2	ARRAY	R	0	ACTIVE		IMAGING	Imaging
3233	MAGV FIND WORK ITEM	FIND	MAGVIM01	2	ARRAY	R		ACTIVE		IMAGING	Imaging
3234	MAGV GET ACCESSION NUM	GETACCNO	MAGVRS08	1	SINGLE VALUE	R	0	ACTIVE		IMAGING	Imaging
3235	MAGV GET DGW CONFIG	GETGWCFG	MAGVDGWP	1	SINGLE VALUE	R		ACTIVE		IMAGING	Imaging
3236	MAGV GET DICOM FAILED IMAGE	DCRCTGET	MAGVRS51	2	ARRAY	R		ACTIVE		IMAGING	Imaging
3237	MAGV GET IMAGE FILE	GETFILE	MAGVRS31	2	ARRAY	R		ACTIVE		IMAGING	Imaging
3238	MAGV GET NEXT WORK ITEM	GETNEXT	MAGVIM01	2	ARRAY	R		ACTIVE		IMAGING	Imaging
3239	MAGV GET ORIG IMAGE FILE	GETORIG	MAGVRS24	2	ARRAY	R		ACTIVE		IMAGING	Imaging
324	ORWU PATCH	PATCH	ORWU	1	SINGLE VALUE			ACTIVE		ORDER ENTRY/RESULTS REPORTING	Order Entry Results Reporting
3240	MAGV GET PAT INFO	GETPATI	MAGVRS08	2	ARRAY	R	0	ACTIVE		IMAGING	Imaging
3241	MAGV GET PAT ORDERS	GETORD	MAGVIM02	2	ARRAY	R	0	ACTIVE	.9	IMAGING	Imaging
3242	MAGV GET PAT REF ATTS	GETPATA	MAGVRS08	2	ARRAY	R		ACTIVE		IMAGING	Imaging
3243	MAGV GET PROC REF ATTS	GETPROCA	MAGVRS08	2	ARRAY	R	0	ACTIVE		IMAGING	Imaging
3244	MAGV GET PROCEDURE INFO	GETPROCI	MAGVRS08	2	ARRAY	R	0	ACTIVE		IMAGING	Imaging
3245	MAGV GET RADIOLOGY PROCEDURES	GETPROCS	MAGVIM10	2	ARRAY	R	0	ACTIVE	3	IMAGING	Imaging
3246	MAGV GET REPORT	GETRPT	MAGVRS08	2	ARRAY	R	0	ACTIVE		IMAGING	Imaging
3247	MAGV GET SERIES	GETSER	MAGVRS14	2	ARRAY	R		ACTIVE		IMAGING	Imaging
3248	MAGV GET SERVICE INST LIST	GETSILST	MAGVRS71	2	ARRAY	R	0	ACTIVE		IMAGING	Imaging
3249	MAGV GET SOP DATA	GETSOP	MAGVRS24	2	ARRAY	R		ACTIVE		IMAGING	Imaging
325	GMRC LIST CONSULT REQUESTS	RPCLIST	GMRCTIU	2	ARRAY	S		ACTIVE		CONSULT/REQUEST TRACKING	Consult Request Tracking
3250	MAGV GET STUDY	GETSTUDY	MAGVRS04	2	ARRAY	R		ACTIVE		IMAGING	Imaging
3251	MAGV GET WORK ITEM	GETITEM	MAGVIM01	2	ARRAY	R		ACTIVE		IMAGING	Imaging
3252	MAGV GET WORKLISTS	GETLIST	MAGVIM01	2	ARRAY	R		ACTIVE		IMAGING	Imaging
3253	MAGV IMPORT MEDIA LOG STORE	IMPMEDIA	MAGVIM03	2	ARRAY	R		ACTIVE		IMAGING	Imaging
3254	MAGV IMPORT STATUS	IMSTATUS	MAGVIM01	2	ARRAY	R		ACTIVE		IMAGING	Imaging
3255	MAGV IMPORT STUDY LOG REPORT	IMPLOGEX	MAGVIM03	4	GLOBAL ARRAY	R		ACTIVE	.8	IMAGING	Imaging
3256	MAGV IMPORT STUDY LOG STORE	IMPLOGIN	MAGVIM03	2	ARRAY	R		ACTIVE	.9	IMAGING	Imaging
3257	MAGV INACTIVATE INSTANCE FILE	INFILE	MAGVRS31	2	ARRAY	R		ACTIVE		IMAGING	Imaging
3258	MAGV INACTIVATE PAT REF	INPAT	MAGVRS06	2	ARRAY	R	0	ACTIVE		IMAGING	Imaging
3259	MAGV INACTIVATE PROC REF	INPROC	MAGVRS07	2	ARRAY	R	0	ACTIVE		IMAGING	Imaging
326	ORWPT SHARE	SHARE	ORWPT	1	SINGLE VALUE			ACTIVE		ORDER ENTRY/RESULTS REPORTING	Order Entry Results Reporting
3260	MAGV INACTIVATE SERIES	INSERIES	MAGVRS14	2	ARRAY	R		ACTIVE		IMAGING	Imaging
3261	MAGV INACTIVATE SOP	INSOP	MAGVRS24	2	ARRAY	R		ACTIVE		IMAGING	Imaging
3262	MAGV INACTIVATE STUDY	INSTUDY	MAGVRS04	2	ARRAY	R		ACTIVE		IMAGING	Imaging
3263	MAGV RAD EXAM ORDER	XMORDER	MAGVIM05	2	ARRAY	R		ACTIVE		IMAGING	Imaging
3264	MAGV RAD EXAM REGISTER	XMREGSTR	MAGVIM05	2	ARRAY	R		ACTIVE		IMAGING	Imaging
3266	MAGV RAD STAT EXAMINED	XMEXAMIN	MAGVIM05	2	ARRAY	R		ACTIVE		IMAGING	Imaging
3267	MAGV SEARCH BY ATTRIBUTE	FINDBYAT	MAGVRS42	2	ARRAY	R	0	ACTIVE		IMAGING	Imaging
3268	MAGV SERIES UID CHECK	SERIES	MAGVUID	1	SINGLE VALUE	R	0	ACTIVE		IMAGING	Imaging
3269	MAGV SET DGW CONFIG	SETGWCFG	MAGVDGWP	1	SINGLE VALUE	R		ACTIVE		IMAGING	Imaging
327	ORQQCN LIST	LIST	ORQQCN	4	GLOBAL ARRAY	S		ACTIVE		ORDER ENTRY/RESULTS REPORTING	Order Entry Results Reporting
3270	MAGV SET DICOM FAILED IMAGE	DCRCTSET	MAGVRS51	2	ARRAY	R		ACTIVE		IMAGING	Imaging
3271	MAGV SOP UID CHECK	SOP	MAGVUID	1	SINGLE VALUE	R	0	ACTIVE		IMAGING	Imaging
3272	MAGV STUDY LOOKUP	LOOKUP	MAGVSTDY	1	SINGLE VALUE	R	0	ACTIVE		IMAGING	Imaging
3273	MAGV STUDY UID CHECK	STUDY	MAGVUID	1	SINGLE VALUE	R	0	ACTIVE		IMAGING	Imaging
3274	MAGV TRAVERSE IMAGE FILE	TRAVIMG	MAGVRS09	2	ARRAY	R	0	ACTIVE		IMAGING	Imaging
3275	MAGV TRAVERSE PROC REF	TRAVPROC	MAGVRS09	2	ARRAY	R	0	ACTIVE		IMAGING	Imaging
3276	MAGV TRAVERSE SERIES	TRAVSERS	MAGVRS09	2	ARRAY	R	0	ACTIVE		IMAGING	Imaging
3277	MAGV TRAVERSE SOP	TRAVSOP	MAGVRS09	2	ARRAY	R	0	ACTIVE		IMAGING	Imaging
3278	MAGV TRAVERSE STUDY	TRAVSTDY	MAGVRS09	2	ARRAY	R	0	ACTIVE		IMAGING	Imaging
3279	MAGV UPDATE IMAGE FILE	UPDFILE	MAGVRS31	2	ARRAY	R		ACTIVE		IMAGING	Imaging
328	ORQQCN DETAIL	DETAIL	ORQQCN	4	GLOBAL ARRAY	S		ACTIVE		ORDER ENTRY/RESULTS REPORTING	Order Entry Results Reporting
3280	MAGV UPDATE PAT PROC REF	UPDPROC	MAGVRS05	2	ARRAY	R		ACTIVE		IMAGING	Imaging
3281	MAGV UPDATE PAT REF	UPDPAT	MAGVRS06	2	ARRAY	R		ACTIVE		IMAGING	Imaging
3282	MAGV UPDATE SERIES	UPSERIES	MAGVRS11	2	ARRAY	R		ACTIVE		IMAGING	Imaging
3283	MAGV UPDATE SOP	UPDSOP	MAGVRS21	2	ARRAY	R		ACTIVE		IMAGING	Imaging
3284	MAGV UPDATE STUDY	UPDSTUDY	MAGVRS01	2	ARRAY	R	0	ACTIVE		IMAGING	Imaging
3285	MAGV UPDATE WORK ITEM	UPDITEM	MAGVIM01	1	SINGLE VALUE	R		ACTIVE		IMAGING	Imaging
3286	MAGV WORK ITEMS COUNT	CNTWI	MAGVIM08	2	ARRAY	R		ACTIVE		IMAGING	Imaging
3287	MAGVA CREATE AD	ADDAD	MAGVAC01	1	SINGLE VALUE	R	0	ACTIVE		IMAGING	Imaging
3288	MAGVA CREATE AINSTANCE	ADDAINST	MAGVAC01	1	SINGLE VALUE	R	0	ACTIVE		IMAGING	Imaging
3289	MAGVA CREATE ARETPOL	ADDARP	MAGVAC01	1	SINGLE VALUE	R	0	ACTIVE		IMAGING	Imaging
329	ORK TRIGGER	EN	ORKCHK	2	ARRAY	R		ACTIVE		ORDER ENTRY/RESULTS REPORTING	Order Entry Results Reporting
3290	MAGVA CREATE ARTIFACT W KL	ADDAFACT	MAGVAC01	1	SINGLE VALUE	R	0	ACTIVE		IMAGING	Imaging
3291	MAGVA CREATE KEYLIST	ADDKL	MAGVAKL1	1	SINGLE VALUE	R	0	ACTIVE		IMAGING	Imaging
3292	MAGVA CREATE PROVAVAILTY	ADDPA	MAGVAC01	1	SINGLE VALUE	R	0	ACTIVE		IMAGING	Imaging
3293	MAGVA CREATE PROVIDER	ADDPRV	MAGVAC01	1	SINGLE VALUE	R	0	ACTIVE		IMAGING	Imaging
3294	MAGVA CREATE QUEUE	ADDQUEUE	MAGVAQ01	1	SINGLE VALUE	R	0	ACTIVE		IMAGING	Imaging
3295	MAGVA CREATE RETPOL	ADDRP	MAGVAC01	1	SINGLE VALUE	R	0	ACTIVE		IMAGING	Imaging
3296	MAGVA CREATE RETPOL PROV MAP	ADDRPPM	MAGVAC01	1	SINGLE VALUE	R	0	ACTIVE		IMAGING	Imaging
3297	MAGVA CREATE RETPOLFF	ADDARPF	MAGVAC01	1	SINGLE VALUE	R	0	ACTIVE		IMAGING	Imaging
3298	MAGVA CREATE STORAGE TA	ADDSTTA	MAGVAC01	1	SINGLE VALUE	R	0	ACTIVE		IMAGING	Imaging
3299	MAGVA CREATE TRF STATS	ADDTRFS	MAGVAC01	1	SINGLE VALUE	R	0	ACTIVE		IMAGING	Imaging
33	SC TEAM LIST	TMLST	SCUTBK11	2	ARRAY	P		ACTIVE		SCHEDULING	Scheduling
330	ORWU GENERIC	GENERIC	ORWU	2	ARRAY			ACTIVE		ORDER ENTRY/RESULTS REPORTING	Order Entry Results Reporting
3300	MAGVA DELETE KEYLIST	DELKL	MAGVAKL1	1	SINGLE VALUE	R	0	ACTIVE		IMAGING	Imaging
3301	MAGVA DELETE PROVAVAILTY	DELPA	MAGVAD01	1	SINGLE VALUE	R	0	ACTIVE		IMAGING	Imaging
3302	MAGVA DELETE RETPOL PROV MAP	DELRPPM	MAGVAD01	1	SINGLE VALUE	R	0	ACTIVE		IMAGING	Imaging
3303	MAGVA DEQUEUE Q MSG	DEQM	MAGVAQ01	2	ARRAY	R	0	ACTIVE		IMAGING	Imaging
3304	MAGVA ENQUEUE Q MSG	ADDQM	MAGVAQ01	1	SINGLE VALUE	R	0	ACTIVE		IMAGING	Imaging
3305	MAGVA FIND KEYLIST	FINDKEYS	MAGVAKL1	2	ARRAY	R	0	ACTIVE		IMAGING	Imaging
3306	MAGVA GET A AIS ARPS AND RPFFS	GAKISRPT	MAGVAG02	2	ARRAY	R	0	ACTIVE		IMAGING	Imaging
3307	MAGVA GET A W KL AND AIS	GAKLAIST	MAGVAG02	2	ARRAY	R	0	ACTIVE		IMAGING	Imaging
3308	MAGVA GET A W KL AND AIS BY KL	GAKLAISK	MAGVAG02	2	ARRAY	R	0	ACTIVE		IMAGING	Imaging
3309	MAGVA GET A W KL AND AIS BY PK	GAKLAISP	MAGVAG02	2	ARRAY	R	0	ACTIVE		IMAGING	Imaging
331	ORQQCN RECEIVE	RC	ORQQCN1	1	SINGLE VALUE	S		ACTIVE		ORDER ENTRY/RESULTS REPORTING	Order Entry Results Reporting
3310	MAGVA GET ALL ADS	GETAD	MAGVAG01	2	ARRAY	R	0	ACTIVE		IMAGING	Imaging
3311	MAGVA GET ALL PROVAVAILS	GETPA	MAGVAG01	2	ARRAY	R	0	ACTIVE		IMAGING	Imaging
3312	MAGVA GET ALL PROVIDERS	GETP	MAGVAG01	2	ARRAY	R	0	ACTIVE		IMAGING	Imaging
3313	MAGVA GET ALL QUEUES	GETQUEUE	MAGVAQ01	2	ARRAY	R	0	ACTIVE		IMAGING	Imaging
3314	MAGVA GET ALL RETPOL PROV MAPS	GETRPPM	MAGVAG01	2	ARRAY	R	0	ACTIVE		IMAGING	Imaging
3315	MAGVA GET ALL RETPOLS	GETRP	MAGVAG01	2	ARRAY	R	0	ACTIVE		IMAGING	Imaging
3316	MAGVA GET ALL SITE PARAM IDS	GALLISP	MAGVAG03	2	ARRAY	R	0	ACTIVE		IMAGING	Imaging
3317	MAGVA GET ARTIFACT W KL	GAKLT	MAGVAG02	2	ARRAY	R	0	ACTIVE		IMAGING	Imaging
3318	MAGVA GET CWL	GETCWL	MAGVAG03	2	ARRAY	R	0	ACTIVE		IMAGING	Imaging
3319	MAGVA GET JUKEBOX WL	GETJBXWL	MAGVAG03	2	ARRAY	R	0	ACTIVE		IMAGING	Imaging
332	ORQQCN DISCONTINUE	DC	ORQQCN1	1	SINGLE VALUE	S		ACTIVE		ORDER ENTRY/RESULTS REPORTING	Order Entry Results Reporting
3320	MAGVA GET KEYLIST	GETKL	MAGVAKL1	2	ARRAY	R	0	ACTIVE		IMAGING	Imaging
3321	MAGVA GET NET LOC DETAILS	GETNLOCD	MAGVAG03	2	ARRAY	R	0	ACTIVE		IMAGING	Imaging
3322	MAGVA PEEK Q MSG	PEEKQM	MAGVAQ01	2	ARRAY	R	0	ACTIVE		IMAGING	Imaging
3323	MAGVA SET AD RETPOL	UPDAD	MAGVAU01	1	SINGLE VALUE	R	0	ACTIVE		IMAGING	Imaging
3324	MAGVA UPDATE ARETPOL	UPDARP	MAGVAU01	1	SINGLE VALUE	R	0	ACTIVE		IMAGING	Imaging
3325	MAGVA UPDATE ARTIFACT	UPDAFACT	MAGVAU01	1	SINGLE VALUE	R	0	ACTIVE		IMAGING	Imaging
3326	MAGVA UPDATE LAST ACCESS DT	UPDLADT	MAGVAU01	1	SINGLE VALUE	R	0	ACTIVE		IMAGING	Imaging
3327	MAGVA UPDATE PROVAVAILTY	UPDPA	MAGVAU01	1	SINGLE VALUE	R	0	ACTIVE		IMAGING	Imaging
3328	MAGVA UPDATE PROVIDER	UPDPRV	MAGVAU01	1	SINGLE VALUE	R	0	ACTIVE		IMAGING	Imaging
3329	MAGVA UPDATE RETPOL PROV MAP	UPDRPPM	MAGVAU01	1	SINGLE VALUE	R	0	ACTIVE		IMAGING	Imaging
333	ORQQCN FORWARD	FR	ORQQCN1	1	SINGLE VALUE	S		ACTIVE		ORDER ENTRY/RESULTS REPORTING	Order Entry Results Reporting
3330	MAG3 TELEREADER CLONE READER	CLONE	MAGNTLR4	2	ARRAY	R		ACTIVE		IMAGING	Imaging
3331	MAG3 TELEREADER TIU TITLES LST	TIUTLST	MAGNTLR5	4	GLOBAL ARRAY	R		ACTIVE		IMAGING	Imaging
3332	XU REBUILD MENU TREE	REBUILD	XQ84	1	SINGLE VALUE	P		ACTIVE		KERNEL	Kernel
3333	ZSD FACILITY WAIT LIST	FACEWL	ZSDRPCLV	2	ARRAY			ACTIVE			Uncategorized
3334	ZSD UPDATE NEAR LIST	EDITNEAR	ZSDRPCLV	2	ARRAY			ACTIVE			Uncategorized
3335	ZSD PATIENT PENDING APPT	GETPEND	ZSDRPCL1	2	ARRAY			ACTIVE			Uncategorized
3336	ZSD PROVIDER TO CLINICS	PROVCLIN	ZSDRPCL1	2	ARRAY			ACTIVE			Uncategorized
3337	ZSD REMOVE FROM RECALL LIST	REMREC	ZSDRPCL1	2	ARRAY			ACTIVE			Uncategorized
3338	DG VIC PATIENT LOOKUP	RPCVIC	DPTLK	1	SINGLE VALUE	P		ACTIVE		REGISTRATION	Registration
3339	ZSD CANCEL APPOINTMENT	CANCEL	ZSDRPCL2	1	SINGLE VALUE			ACTIVE			Uncategorized
334	ORQQCN SET ACT MENUS	SETACTM	ORQQCN1	1	SINGLE VALUE	S		ACTIVE		ORDER ENTRY/RESULTS REPORTING	Order Entry Results Reporting
3340	ZZLV GET OUT PATIENTS	GETPAT	ZLVTEST	2	ARRAY			ACTIVE			Uncategorized
3341	ZZLV SET NEAR LIST	NEAR	ZLVTEST	2	ARRAY			ACTIVE			Uncategorized
3342	ZZLV ADD RECALL PATIENT	RECALL	ZLVTEST	2	ARRAY			ACTIVE			Uncategorized
3343	ZSD REMOVE FROM EWL	UPDTEWL	ZSDRPCL1	2	ARRAY			ACTIVE			Uncategorized
3344	ZLV EWL NEW	NEWEWL	ZLVTEST	2	ARRAY			ACTIVE			Uncategorized
3345	ZSD ADDITIONAL CLINIC DETAILS	CLNDATA	ZSDRPCL2	2	ARRAY			ACTIVE			Uncategorized
3346	ZSD ADD TO RECALL LIST	RECALL	ZSDRPCL2	2	ARRAY			ACTIVE			Uncategorized
3347	ZSD VERIFY CLINIC ACCESS	CLNRGHT	ZSDRPCL2	2	ARRAY			ACTIVE			Uncategorized
3348	ZSD EWL NEW	NEWEWL	ZSDRPCL2	2	ARRAY			ACTIVE			Uncategorized
3349	ZOR NO PATIENT CSLT LOOKUP	CSLTNP	ZORRPCLV	4	GLOBAL ARRAY			ACTIVE	1		Uncategorized
335	ORQQCN URGENCIES	URG	ORQQCN1	2	ARRAY	S		ACTIVE		ORDER ENTRY/RESULTS REPORTING	Order Entry Results Reporting
3350	XUS PKI GET UPN	GETUPN	XUSER2	1	SINGLE VALUE	P		ACTIVE		KERNEL	Kernel
3351	XUS PKI SET UPN	SETUPN	XUSER2	1	SINGLE VALUE	R		ACTIVE		KERNEL	Kernel
3352	XU EPCS EDIT	ENTRY	XUEPCSED	1	SINGLE VALUE	R		ACTIVE		KERNEL	Kernel
3353	ORDEA DEATEXT	DEATEXT	ORDEA	3	WORD PROCESSING	S		ACTIVE		ORDER ENTRY/RESULTS REPORTING	Order Entry Results Reporting
3354	ORDEA SIGINFO	SIGINFO	ORDEA	3	WORD PROCESSING	S		ACTIVE		ORDER ENTRY/RESULTS REPORTING	Order Entry Results Reporting
3355	ORDEA CSVALUE	CSVALUE	ORDEA	1	SINGLE VALUE			ACTIVE		ORDER ENTRY/RESULTS REPORTING	Order Entry Results Reporting
3356	ORDEA HASHINFO	HASHINFO	ORDEA	2	ARRAY			ACTIVE		ORDER ENTRY/RESULTS REPORTING	Order Entry Results Reporting
3357	ORDEA ORDHINFO	ORDHINFO	ORDEA	2	ARRAY			ACTIVE		ORDER ENTRY/RESULTS REPORTING	Order Entry Results Reporting
3358	ORWPCE ICDVER	ICDVER	ORWPCE	1	SINGLE VALUE	S		ACTIVE		ORDER ENTRY/RESULTS REPORTING	Order Entry Results Reporting
3359	ORDEA PINLKCHK	PINLKCHK	ORDEA	1	SINGLE VALUE			ACTIVE		ORDER ENTRY/RESULTS REPORTING	Order Entry Results Reporting
336	ORQQCN ADDCMT	CMT	ORQQCN2	1	SINGLE VALUE	S		ACTIVE		ORDER ENTRY/RESULTS REPORTING	Order Entry Results Reporting
3360	ORDEA PINLKSET	PINLKSET	ORDEA	1	SINGLE VALUE			ACTIVE		ORDER ENTRY/RESULTS REPORTING	Order Entry Results Reporting
3361	ORQQPL4 LEX	LEX	ORQQPL4	4	GLOBAL ARRAY	S		ACTIVE		ORDER ENTRY/RESULTS REPORTING	Order Entry Results Reporting
3362	ORDEA PNDHLD	PNDHLD	ORDEA	1	SINGLE VALUE			ACTIVE		ORDER ENTRY/RESULTS REPORTING	Order Entry Results Reporting
3363	ORDEA LNKMSG	LNKMSG	ORDEA	3	WORD PROCESSING			ACTIVE		ORDER ENTRY/RESULTS REPORTING	Order Entry Results Reporting
3364	ORWPCE4 LEX	LEX	ORWPCE4	2	ARRAY			ACTIVE		ORDER ENTRY/RESULTS REPORTING	Order Entry Results Reporting
3365	DVBAD CONTRACTED EXAM REPORTS	CERPTS	DVBACER1	4	GLOBAL ARRAY	R	0	ACTIVE		AUTOMATED MED INFO EXCHANGE	Automated Medical Information Exchange
3366	DVBAD CONTRACTED EXAM CRYPTO	EN	DVBACEM1	1	SINGLE VALUE	R	0	ACTIVE		AUTOMATED MED INFO EXCHANGE	Automated Medical Information Exchange
3367	DVBAB SEND MSG TWO	MSG2	DVBAB1A	1	SINGLE VALUE	S		ACTIVE		AUTOMATED MED INFO EXCHANGE	Automated Medical Information Exchange
3368	MAGQ LOGV	ELOGRV	MAGQBPG1	2	ARRAY	R		ACTIVE		IMAGING	Imaging
3369	ZOM PATIENT ADMISSIONS	ADMITS	ZOMRPCLV	2	ARRAY			ACTIVE			Uncategorized
337	ORQQCN GET CONSULT	GETCSLT	ORQQCN1	2	ARRAY	S		ACTIVE		ORDER ENTRY/RESULTS REPORTING	Order Entry Results Reporting
3370	SD RECALL FACILITY LIST	RECALL	SDRPCLV	2	ARRAY			ACTIVE		SCHEDULING	Scheduling
3371	SD RECALL LIST BY PATIENT	RCLDFN	SDRPCLV	2	ARRAY			ACTIVE		SCHEDULING	Scheduling
3372	SD WAIT LIST BY DFN	EWL	SDRPCLV	2	ARRAY			ACTIVE		SCHEDULING	Scheduling
3373	SD FACILITY NEAR LIST	NEARLST	SDRPCLV	4	GLOBAL ARRAY			ACTIVE		SCHEDULING	Scheduling
3374	SD PATIENT NEAR LIST	NEARDFN	SDRPCLV	2	ARRAY			ACTIVE		SCHEDULING	Scheduling
3375	SD FACILITY WAIT LIST	FACEWL	SDRPCLV	2	ARRAY			ACTIVE		SCHEDULING	Scheduling
3376	SD UPDATE NEAR LIST	EDITNEAR	SDRPCLV	2	ARRAY			ACTIVE		SCHEDULING	Scheduling
3377	SD PATIENT PENDING APPT	GETPEND	SDRPCL1	2	ARRAY			ACTIVE		SCHEDULING	Scheduling
3378	SD PROVIDER TO CLINICS	PROVCLIN	SDRPCL1	2	ARRAY			ACTIVE		SCHEDULING	Scheduling
3379	SD REMOVE FROM RECALL LIST	REMREC	SDRPCL1	2	ARRAY			ACTIVE		SCHEDULING	Scheduling
338	ORWDX ORDITM	ORDITM	ORWDX	2	ARRAY			ACTIVE		ORDER ENTRY/RESULTS REPORTING	Order Entry Results Reporting
3380	SD CANCEL APPOINTMENT	CANCEL	SDRPCL2	1	SINGLE VALUE			ACTIVE		SCHEDULING	Scheduling
3381	SD REMOVE FROM EWL	UPDTEWL	SDRPCL1	2	ARRAY			ACTIVE		SCHEDULING	Scheduling
3382	SD ADDITIONAL CLINIC DETAILS	CLNDATA	SDRPCL2	2	ARRAY			ACTIVE		SCHEDULING	Scheduling
3383	SD ADD TO RECALL LIST	RECALL	SDRPCL2	2	ARRAY			ACTIVE		SCHEDULING	Scheduling
3384	SD VERIFY ACCESS TO CLINIC	CLNRGHT	SDRPCL2	2	ARRAY			ACTIVE		SCHEDULING	Scheduling
3385	SD NEW EWL ENTRY	NEWEWL	SDRPCL2	2	ARRAY			ACTIVE		SCHEDULING	Scheduling
3386	OR NO PATIENT CSLT LOOKUP	CSLTNP	ORRPCLV	4	GLOBAL ARRAY			ACTIVE	1	ORDER ENTRY/RESULTS REPORTING	Order Entry Results Reporting
3387	DG PATIENT ADMISSIONS	ADMITS	DGRPCLV	2	ARRAY			ACTIVE		REGISTRATION	Registration
3388	DGBT CLAIM DEDUCTIBLE PAID	RPC	DGBTRDV	2	ARRAY	P		ACTIVE		BENEFICIARY TRAVEL	Beneficiary Travel
3389	PSB WITNESS	WITNESS	PSBRPC1	2	ARRAY	P		ACTIVE		BAR CODE MED ADMIN	Barcode Medication Administration
339	ORWDX DLGDEF	DLGDEF	ORWDX	2	ARRAY			ACTIVE		ORDER ENTRY/RESULTS REPORTING	Order Entry Results Reporting
3390	PSB CLINICLIST	GETLIST	PSBRPC	4	GLOBAL ARRAY	P		ACTIVE	3	BAR CODE MED ADMIN	Barcode Medication Administration
3391	PSB MEDS ON PATIENT	MEDSONPT	PSBRPC1	2	ARRAY	S		ACTIVE	3	BAR CODE MED ADMIN	Barcode Medication Administration
3392	VPR GET PATIENT DATA JSON	GET	VPRDJ	4	GLOBAL ARRAY	S		ACTIVE	1	VIRTUAL PATIENT RECORD	Virtual Patient Record
3393	VPR GET CHECKSUM	CHECK	VPRDCRC	4	GLOBAL ARRAY	S		ACTIVE	1	VIRTUAL PATIENT RECORD	Virtual Patient Record
3394	SD PATIENT ADMISSIONS	ADMITS	SDRPCL3	2	ARRAY			ACTIVE		SCHEDULING	Scheduling
3395	SD NO PATIENT CSLT LOOKUP	CSLTNP	SDRPCL4	4	GLOBAL ARRAY			ACTIVE	1	SCHEDULING	Scheduling
3396	MBAA APPOINTMENT MAKE	MAKE	MBAAMRP2	2	ARRAY	S		ACTIVE	1	MOBILE SCHEDULING APPLICATIONS SUITE	Mobile Scheduling Applications Suite
3397	MBAA EWL NEW	NEWEWL	MBAARPC2	2	ARRAY	S		ACTIVE	1	MOBILE SCHEDULING APPLICATIONS SUITE	Mobile Scheduling Applications Suite
3398	MBAA RECALL FACILITY LIST	RECALL	MBAARPCL	2	ARRAY			ACTIVE		MOBILE SCHEDULING APPLICATIONS SUITE	Mobile Scheduling Applications Suite
3399	MBAA RECALL LIST BY PATIENT	RCLDFN	MBAARPCL	2	ARRAY			ACTIVE		MOBILE SCHEDULING APPLICATIONS SUITE	Mobile Scheduling Applications Suite
34	SC PATIENT LOOKUP	FINDP	SCUTBK11	4	GLOBAL ARRAY	R		ACTIVE		SCHEDULING	Scheduling
340	ORWDX DLGQUIK	DLGQUIK	ORWDX	2	ARRAY			ACTIVE		ORDER ENTRY/RESULTS REPORTING	Order Entry Results Reporting
3400	MBAA WAIT LIST BY DFN	EWL	MBAARPCL	2	ARRAY	S		ACTIVE		MOBILE SCHEDULING APPLICATIONS SUITE	Mobile Scheduling Applications Suite
3401	MBAA FACILITY NEAR LIST	NEARLST	MBAARPCL	4	GLOBAL ARRAY			ACTIVE		MOBILE SCHEDULING APPLICATIONS SUITE	Mobile Scheduling Applications Suite
3402	MBAA PATIENT NEAR LIST	NEARDFN	MBAARPCL	2	ARRAY			ACTIVE		MOBILE SCHEDULING APPLICATIONS SUITE	Mobile Scheduling Applications Suite
3403	MBAA FACILITY WAIT LIST	FACEWL	MBAARPCL	2	ARRAY	S		ACTIVE		MOBILE SCHEDULING APPLICATIONS SUITE	Mobile Scheduling Applications Suite
3404	MBAA UPDATE NEAR LIST	EDITNEAR	MBAARPCL	2	ARRAY			ACTIVE		MOBILE SCHEDULING APPLICATIONS SUITE	Mobile Scheduling Applications Suite
3405	MBAA PATIENT PENDING APPT	GETPEND	MBAARPC1	2	ARRAY	S		ACTIVE		MOBILE SCHEDULING APPLICATIONS SUITE	Mobile Scheduling Applications Suite
3407	MBAA REMOVE FROM RECALL LIST	REMREC	MBAARPC1	2	ARRAY			ACTIVE		MOBILE SCHEDULING APPLICATIONS SUITE	Mobile Scheduling Applications Suite
3408	MBAA CANCEL APPOINTMENT	CANCEL	MBAARPC2	1	SINGLE VALUE	S		ACTIVE		MOBILE SCHEDULING APPLICATIONS SUITE	Mobile Scheduling Applications Suite
3409	MBAA REMOVE FROM EWL	UPDTEWL	MBAARPC1	2	ARRAY	S		ACTIVE		MOBILE SCHEDULING APPLICATIONS SUITE	Mobile Scheduling Applications Suite
341	ORWPCE IMM	IMM	ORWPCE	2	ARRAY			ACTIVE		ORDER ENTRY/RESULTS REPORTING	Order Entry Results Reporting
3412	MBAA NO PATIENT CSLT LOOKUP	CSLTNP	MBAARPC4	4	GLOBAL ARRAY			ACTIVE	1	MOBILE SCHEDULING APPLICATIONS SUITE	Mobile Scheduling Applications Suite
3413	DVBA CAPRI EXAM XML	FILEIN	DVBAXML	1	SINGLE VALUE	S		ACTIVE		AUTOMATED MED INFO EXCHANGE	Automated Medical Information Exchange
3414	DVBA CAPRI EXAM LINK TIU	LINK	DVBAXML	1	SINGLE VALUE	S		ACTIVE	1	AUTOMATED MED INFO EXCHANGE	Automated Medical Information Exchange
3415	DVBA CAPRI GET EXAM IEN	GETEXAM	DVBAXML	1	SINGLE VALUE	S		ACTIVE	1	AUTOMATED MED INFO EXCHANGE	Automated Medical Information Exchange
3416	VPS PATIENT CHECK-IN	CHK	VPSRPC4	2	ARRAY	P	0	ACTIVE	1	VA POINT OF SERVICE	VA Point of Service
3417	VPS PATIENT PRE-REGISTRATION	PREREG	VPSRPC3	1	SINGLE VALUE	P	0	ACTIVE	1	VA POINT OF SERVICE	VA Point of Service
3418	VPS EDIT PATIENT DEMOGRAPHIC	EDIT	VPSRPC2	2	ARRAY	P	0	ACTIVE	1	VA POINT OF SERVICE	VA Point of Service
3419	VPS GET SITES	GETSITES	VPSRPC5	2	ARRAY	P	0	ACTIVE	1	VA POINT OF SERVICE	VA Point of Service
342	ORWPCE SK	SK	ORWPCE	2	ARRAY			ACTIVE		ORDER ENTRY/RESULTS REPORTING	Order Entry Results Reporting
3420	VPS GET DFN	GETDFN	VPSRPC5	1	SINGLE VALUE	P	0	ACTIVE		VA POINT OF SERVICE	VA Point of Service
3421	VPS FULLSSN	FULLSSN	VPSRPC5	2	ARRAY	R	0	ACTIVE		VA POINT OF SERVICE	VA Point of Service
3422	VPS LAST5	LAST5	VPSRPC5	2	ARRAY	R	0	ACTIVE	1	VA POINT OF SERVICE	VA Point of Service
3423	VPS LIST ALL	LISTALL	VPSRPC5	2	ARRAY	R	0	ACTIVE	1	VA POINT OF SERVICE	VA Point of Service
3424	VPS GET2 PATIENT DEMOGRAPHIC	GETDATA2	VPSRPC1	2	ARRAY	P	0	ACTIVE	1	VA POINT OF SERVICE	VA Point of Service
3425	MBAA APPOINTMENT LIST BY NAME	LSTAPPT	MBAAMRP2	2	ARRAY	S		ACTIVE	1	MOBILE SCHEDULING APPLICATIONS SUITE	Mobile Scheduling Applications Suite
3426	MBAA GET CLINIC AVAILABILITY	SLOTS	MBAAMRP1	2	ARRAY	S		ACTIVE	1	MOBILE SCHEDULING APPLICATIONS SUITE	Mobile Scheduling Applications Suite
3427	MBAA VERIFY CLINIC ACCESS	CLNRGHT	MBAAMRP1	2	ARRAY	S		ACTIVE	1	MOBILE SCHEDULING APPLICATIONS SUITE	Mobile Scheduling Applications Suite
3428	MBAA LIST CANCELLATION REASONS	LSTCRSNS	MBAAMRP1	2	ARRAY	S		ACTIVE	1	MOBILE SCHEDULING APPLICATIONS SUITE	Mobile Scheduling Applications Suite
3429	MBAA PROVIDERS BY CLINIC	GETPROV	MBAARPC3	2	ARRAY	S		ACTIVE		MOBILE SCHEDULING APPLICATIONS SUITE	Mobile Scheduling Applications Suite
343	ORWPCE PED	PED	ORWPCE	2	ARRAY			ACTIVE		ORDER ENTRY/RESULTS REPORTING	Order Entry Results Reporting
3430	PX SAVE DATA	SAVE	PXRPC	1	SINGLE VALUE	S		ACTIVE		PCE PATIENT CARE ENCOUNTER	PCE Patient Care Encounter
3431	XCODEL ZBLXEC	XCODEL	ZBLXEC	2	ARRAY	P		ACTIVE	1		
3432	FILE Z RPC DIE	FILE	ZRPCDIE					ACTIVE			
3433	UPDATE Z RPC DIE	UPDATE	ZRPCDIE					ACTIVE			
3434	EC ICD10IMPLEMENTATIONDATE	ICD10	ECVICDDT	4	GLOBAL ARRAY	R	0	ACTIVE		EVENT CAPTURE	Event Capture
3435	ORWLEX GETI10DX	GETI10DX	ORWLEX	2	ARRAY	S		ACTIVE		ORDER ENTRY/RESULTS REPORTING	Order Entry Results Reporting
3436	ORWPCE I10IMPDT	I10IMPDT	ORWPCE	1	SINGLE VALUE	S		ACTIVE		ORDER ENTRY/RESULTS REPORTING	Order Entry Results Reporting
3437	ORWLEX GETFREQ	GETFREQ	ORWLEX	1	SINGLE VALUE	S	0	ACTIVE		ORDER ENTRY/RESULTS REPORTING	Order Entry Results Reporting
3438	ORWGN IDTVALID	IDTVALID	ORWGN	1	SINGLE VALUE	S	0	ACTIVE		ORDER ENTRY/RESULTS REPORTING	Order Entry Results Reporting
3439	ORWGN MAXFRQ	MAXFRQ	ORWGN	1	SINGLE VALUE	P	0	ACTIVE		ORDER ENTRY/RESULTS REPORTING	Order Entry Results Reporting
344	ORWPCE HF	HF	ORWPCE	2	ARRAY			ACTIVE		ORDER ENTRY/RESULTS REPORTING	Order Entry Results Reporting
3440	ROR LIST ICD	ICDLIST	RORRP016	4	GLOBAL ARRAY	R		ACTIVE	1	CLINICAL CASE REGISTRIES	Clinical Case Registries
3441	ISI IMPORT PAT	PNTIMPRT	ISIIMPR1	2	ARRAY	P		ACTIVE		VENDOR - ISI	Vendor - ISI
3442	ISI IMPORT APPT	APPMAKE	ISIIMPR1	2	ARRAY	P		ACTIVE		VENDOR - ISI	Vendor - ISI
3443	ISI IMPORT PROB	PROBMAKE	ISIIMPR1	2	ARRAY	P		ACTIVE		VENDOR - ISI	Vendor - ISI
3444	ISI IMPORT VITALS	VITMAKE	ISIIMPR1	2	ARRAY	P		ACTIVE		VENDOR - ISI	Vendor - ISI
3445	ISI IMPORT ALLERGY	ALGMAKE	ISIIMPR2	2	ARRAY	P		ACTIVE		VENDOR - ISI	Vendor - ISI
3446	ISI IMPORT LAB	LABMAKE	ISIIMPR2	2	ARRAY	P		ACTIVE		VENDOR - ISI	Vendor - ISI
3447	ISI IMPORT NOTE	NOTEMAKE	ISIIMPR2	2	ARRAY	P		ACTIVE		VENDOR - ISI	Vendor - ISI
3448	ISI IMPORT MED	MEDMAKE	ISIIMPR2	2	ARRAY	P		ACTIVE		VENDOR - ISI	Vendor - ISI
3449	ISI IMPORT TABLEFETCH	TABLEGET	ISIIMPR2	2	ARRAY	P		ACTIVE		VENDOR - ISI	Vendor - ISI
345	ORWPCE TRT	TRT	ORWPCE	2	ARRAY			ACTIVE		ORDER ENTRY/RESULTS REPORTING	Order Entry Results Reporting
3450	ISI IMPORT CONSULT	CONMAKE	ISIIMPR2	2	ARRAY	P		ACTIVE		VENDOR - ISI	Vendor - ISI
3451	ISI IMPORT RAD ORDER	RADOMAKE	ISIIMPR1	2	ARRAY	P		ACTIVE		VENDOR - ISI	Vendor - ISI
3452	ISI IMPORT ICDFIND	ICD9GET	ISIIMPR2	2	ARRAY	P		ACTIVE		VENDOR - ISI	Vendor - ISI
3453	EHMP DELETE ITEM	EN	ZZDELWRT	1	SINGLE VALUE	R	0	ACTIVE	1		
3454	DVBA CAPRI GETSPCLCONSID	GETSC	DVBACPR1	2	ARRAY			ACTIVE		AUTOMATED MED INFO EXCHANGE	Automated Medical Information Exchange
3455	DVBA CAPRI LISTSPCLCONSID	LSTSC	DVBACPR1	2	ARRAY			ACTIVE		AUTOMATED MED INFO EXCHANGE	Automated Medical Information Exchange
3456	DVBA CAPRI SETSPCLCONSID	SETSC	DVBACPR1	1	SINGLE VALUE			ACTIVE		AUTOMATED MED INFO EXCHANGE	Automated Medical Information Exchange
3457	DVBA CAPRI LISTINSUFRSN	LSTIR	DVBACPR1	2	ARRAY			ACTIVE		AUTOMATED MED INFO EXCHANGE	Automated Medical Information Exchange
3458	DVBA CAPRI LISTCLAIMTYPE	LSTCT	DVBACPR1	2	ARRAY			ACTIVE		AUTOMATED MED INFO EXCHANGE	Automated Medical Information Exchange
3459	DVBA CAPRI GETCLAIMTYPE	GETCT	DVBACPR1	2	ARRAY			ACTIVE		AUTOMATED MED INFO EXCHANGE	Automated Medical Information Exchange
346	ORWPCE XAM	XAM	ORWPCE	2	ARRAY			ACTIVE		ORDER ENTRY/RESULTS REPORTING	Order Entry Results Reporting
3460	DVBA CAPRI SETCLAIMTYPE	SETCT	DVBACPR1	2	ARRAY			ACTIVE		AUTOMATED MED INFO EXCHANGE	Automated Medical Information Exchange
3461	DVBA CAPRI GETCANCELREASON	CANRSN	DVBCANRS	2	ARRAY	R	0	ACTIVE	189	AUTOMATED MED INFO EXCHANGE	Automated Medical Information Exchange
3462	VPS GET CLINICAL REMINDERS	REMIND	VPSPTCR	2	ARRAY	P	0	ACTIVE		VA POINT OF SERVICE	VA Point of Service
3463	VPS PATIENT WRISTBAND PRINT	PRINT	VPSWRIST	1	SINGLE VALUE			ACTIVE		VA POINT OF SERVICE	VA Point of Service
3464	VPS PRINT PATIENT LABEL	PRINT	VPSRLBLS	1	SINGLE VALUE			ACTIVE		VA POINT OF SERVICE	VA Point of Service
3465	VPS ENHANCED GET PATIENT DEMO	GETDATA3	VPSRPC1	2	ARRAY	P	0	ACTIVE	1	VA POINT OF SERVICE	VA Point of Service
3466	VPS GET PRINTERS	DEVICE	VPSPRINT	2	ARRAY			ACTIVE		VA POINT OF SERVICE	VA Point of Service
3467	VPS GET ALL CLINICS	ALLCLN	VPSRPC10	4	GLOBAL ARRAY	R		ACTIVE	1	VA POINT OF SERVICE	VA Point of Service
3468	VPS GET APPOINTMENTS	GET	VPSAPPT	4	GLOBAL ARRAY			ACTIVE		VA POINT OF SERVICE	VA Point of Service
3469	VPS GET CHANGED APPOINTMENTS	GETCHG	VPSAPPT2	4	GLOBAL ARRAY	R		ACTIVE	1	VA POINT OF SERVICE	VA Point of Service
347	ORWPCE GET SET OF CODES	GETSET	ORWPCE2	2	ARRAY			ACTIVE		ORDER ENTRY/RESULTS REPORTING	Order Entry Results Reporting
3470	VPS SAVE CLINICAL SURVEY	SAVE	VPSSRVY1	1	SINGLE VALUE			ACTIVE		VA POINT OF SERVICE	VA Point of Service
3471	VPS GET SURVEY DATA	GETRPC	VPSSRVY2	4	GLOBAL ARRAY			ACTIVE		VA POINT OF SERVICE	VA Point of Service
3472	VPS GET ALLERGIES	GET	VPSALL01	2	ARRAY	R	0	ACTIVE		VA POINT OF SERVICE	VA Point of Service
3473	VPS WRITE MRAR PDO	WRITE	VPSMRAR1	2	ARRAY	R	0	ACTIVE		VA POINT OF SERVICE	VA Point of Service
3474	VPS WRITE KIOSK PARAMETERS	WRITE	VPSPARAM	2	ARRAY	R	0	ACTIVE		VA POINT OF SERVICE	VA Point of Service
3475	VPS GET MRAR PDO	GET	VPSPDO1	4	GLOBAL ARRAY	R	0	ACTIVE		VA POINT OF SERVICE	VA Point of Service
3476	VPS UPDATE LAST MRAR TIU IEN	UPDATE	VPSMRARU	1	SINGLE VALUE	R	0	ACTIVE		VA POINT OF SERVICE	VA Point of Service
3477	VPS GET LAST MRAR	GET	VPSMRAR9	2	ARRAY	R		ACTIVE		VA POINT OF SERVICE	VA Point of Service
3478	XUS IAM ADD USER	IAMAU	XUESSO3	2	ARRAY	S		ACTIVE	1	KERNEL	Kernel
3479	XUS IAM EDIT USER	IAMEU	XUESSO3	2	ARRAY	S		ACTIVE	1	KERNEL	Kernel
348	ORWPCE GET IMMUNIZATION TYPE	IMMTYPE	ORWPCE2	2	ARRAY			ACTIVE		ORDER ENTRY/RESULTS REPORTING	Order Entry Results Reporting
3480	XUS IAM FIND USER	IAMFU	XUESSO3	2	ARRAY	S		ACTIVE	1	KERNEL	Kernel
3481	XUS IAM DISPLAY USER	IAMDU	XUESSO3	2	ARRAY	S		ACTIVE	1	KERNEL	Kernel
3482	XUS ESSO VALIDATE	ESSO	XUESSO4	2	ARRAY	R		ACTIVE	1	KERNEL	Kernel
3483	XUS IAM BIND USER	IAMBU	XUESSO4	1	SINGLE VALUE	S		ACTIVE	1	KERNEL	Kernel
3484	MPI TK POC USER SETUP	TKPOC	MPIRPC12	1	SINGLE VALUE	P	0	ACTIVE	1		
3485	DVBA CAPRI GETCONTREMARKS	WPGET	DVBACREM	2	ARRAY	R	0	ACTIVE	192	AUTOMATED MED INFO EXCHANGE	Automated Medical Information Exchange
3486	DVBA CAPRI SETCONTREMARKS	WPSET	DVBACREM	3	WORD PROCESSING	R	0	ACTIVE	192	AUTOMATED MED INFO EXCHANGE	Automated Medical Information Exchange
3487	SCMC FILER	FILEC	SCMCDDR3	2	ARRAY	R		ACTIVE	1	SCHEDULING	Scheduling
3488	SCMC GETS ENTRY DATA	GETSC	SCMCDDR2	2	ARRAY	R		ACTIVE	1	SCHEDULING	Scheduling
3489	SCMC LISTER	LISTC	SCMCDDR	4	GLOBAL ARRAY	R		ACTIVE	1	SCHEDULING	Scheduling
349	ORWPCE GET SKIN TEST TYPE	SKTYPE	ORWPCE2	2	ARRAY			ACTIVE		ORDER ENTRY/RESULTS REPORTING	Order Entry Results Reporting
3490	SCMC FINDER	FINDC	SCMCDDR0	4	GLOBAL ARRAY	R		ACTIVE	1	SCHEDULING	Scheduling
3491	SCMC GET PATIENT ENCOUNTERS	ENCT	SCMCENCT	4	GLOBAL ARRAY	R	0	ACTIVE	1	SCHEDULING	Scheduling
3492	SCMC GET NEW PERSON	EN1	SCMCNPER	4	GLOBAL ARRAY	R	0	ACTIVE	1	SCHEDULING	Scheduling
3493	SCMC PATIENT DIEDON	DIEDON	SCMCPAT	1	SINGLE VALUE			ACTIVE		SCHEDULING	Scheduling
3494	SCMC PATIENT INFO	PATIENT	SCMCPAT	1	SINGLE VALUE			ACTIVE		SCHEDULING	Scheduling
3495	SCMC PCDETAIL	PCDETAIL	SCMCWS1	2	ARRAY	R	0	ACTIVE		SCHEDULING	Scheduling
3496	SCMC FTEE CREATE	CREATE	SCMCFTEE	1	SINGLE VALUE	R		ACTIVE	1	SCHEDULING	Scheduling
3497	SCMC FTEE READ	READ	SCMCFTEE	1	SINGLE VALUE	R		ACTIVE	1	SCHEDULING	Scheduling
3498	SCMC FTEE UPDATE	UPDATE	SCMCFTEE	1	SINGLE VALUE	R		ACTIVE	1	SCHEDULING	Scheduling
3499	SCMC FTEE DELETE	DELETE	SCMCFTEE	1	SINGLE VALUE	R		ACTIVE	1	SCHEDULING	Scheduling
35	SC POSITION MEMBERS	PSLST	SCUTBK11	2	ARRAY	P		ACTIVE		SCHEDULING	Scheduling
350	ORWPCE GET EDUCATION TOPICS	EDTTYPE	ORWPCE2	2	ARRAY			ACTIVE		ORDER ENTRY/RESULTS REPORTING	Order Entry Results Reporting
3500	SCMC FTEE READALL	READALL	SCMCFTEE	2	ARRAY	R		ACTIVE	1	SCHEDULING	Scheduling
3501	TIU CAN PRINT WORK/CHART COPY	WORKCHRT	TIUSRVA	1	SINGLE VALUE	S		ACTIVE		TEXT INTEGRATION UTILITIES	Text Integration Utility
3502	ORWRP1A RADIO	RADIO	ORWRP1A	1	SINGLE VALUE			ACTIVE	1	ORDER ENTRY/RESULTS REPORTING	Order Entry Results Reporting
3503	ORDEBUG SAVERPCS	SAVERPCS	ORDEBUG	1	SINGLE VALUE			ACTIVE		ORDER ENTRY/RESULTS REPORTING	Order Entry Results Reporting
3504	ORDEBUG SAVEDESC	SAVEDESC	ORDEBUG	1	SINGLE VALUE			ACTIVE		ORDER ENTRY/RESULTS REPORTING	Order Entry Results Reporting
3505	ORQQCN GET USER AUTH	VALID	ORQQCN2	1	SINGLE VALUE			ACTIVE		ORDER ENTRY/RESULTS REPORTING	Order Entry Results Reporting
3506	ORUTL ISCLORD	ISCLORD	ORUTL	1	SINGLE VALUE			ACTIVE		ORDER ENTRY/RESULTS REPORTING	Order Entry Results Reporting
3507	ORBCMA5 LOCK	LOCK	ORBCMA5	1	SINGLE VALUE			ACTIVE		ORDER ENTRY/RESULTS REPORTING	Order Entry Results Reporting
3508	ORBCMA5 UNLOCK	UNLOCK	ORBCMA5	1	SINGLE VALUE			ACTIVE		ORDER ENTRY/RESULTS REPORTING	Order Entry Results Reporting
3509	ORBCMA5 JOB	JOB	ORBCMA5	1	SINGLE VALUE			ACTIVE		ORDER ENTRY/RESULTS REPORTING	Order Entry Results Reporting
351	ORWPCE GET HEALTH FACTORS TY	HFTYPE	ORWPCE2	2	ARRAY			ACTIVE		ORDER ENTRY/RESULTS REPORTING	Order Entry Results Reporting
3510	ORWU OVERDL	OVERDL	ORWU	1	SINGLE VALUE			ACTIVE		ORDER ENTRY/RESULTS REPORTING	Order Entry Results Reporting
3511	ORUTL4 DLL	DLL	ORUTL4	1	SINGLE VALUE	R	0	ACTIVE		ORDER ENTRY/RESULTS REPORTING	Order Entry Results Reporting
3512	ORWU MOBAPP	MOBAPP	ORWU	1	SINGLE VALUE			ACTIVE		ORDER ENTRY/RESULTS REPORTING	Order Entry Results Reporting
3513	HMP PATIENT ACTIVITY	ACT	HMPACT	2	ARRAY	S		ACTIVE		ENTERPRISE HEALTH MANAGEMENT PLATFORM	Enterprise Health Management Platform
3514	HMP APPOINTMENTS	OUT	HMPPATS	4	GLOBAL ARRAY	S		ACTIVE		ENTERPRISE HEALTH MANAGEMENT PLATFORM	Enterprise Health Management Platform
3515	HMP DATA VERSION	VERSION	HMPD	1	SINGLE VALUE	S		ACTIVE		ENTERPRISE HEALTH MANAGEMENT PLATFORM	Enterprise Health Management Platform
3516	HMP DELETE OBJECT	DEL	HMPDJ2	1	SINGLE VALUE	S		ACTIVE	1	ENTERPRISE HEALTH MANAGEMENT PLATFORM	Enterprise Health Management Platform
3518	HMP GET CHECKSUM	CHECK	HMPDCRC	4	GLOBAL ARRAY	S		ACTIVE	1	ENTERPRISE HEALTH MANAGEMENT PLATFORM	Enterprise Health Management Platform
3519	HMP GET OBJECT	GET	HMPDJ2	4	GLOBAL ARRAY	S		ACTIVE	1	ENTERPRISE HEALTH MANAGEMENT PLATFORM	Enterprise Health Management Platform
352	ORWPCE GET EXAM TYPE	EXAMTYPE	ORWPCE2	2	ARRAY			ACTIVE		ORDER ENTRY/RESULTS REPORTING	Order Entry Results Reporting
3520	HMP GET OPERATIONAL DATA	GET	HMPEF	4	GLOBAL ARRAY	S		ACTIVE	1	ENTERPRISE HEALTH MANAGEMENT PLATFORM	Enterprise Health Management Platform
3521	HMP GET PATIENT DATA	GET	HMPD	4	GLOBAL ARRAY	S		ACTIVE	1	ENTERPRISE HEALTH MANAGEMENT PLATFORM	Enterprise Health Management Platform
3522	HMP GET PATIENT DATA JSON	GET	HMPDJ	4	GLOBAL ARRAY	S		ACTIVE	1	ENTERPRISE HEALTH MANAGEMENT PLATFORM	Enterprise Health Management Platform
3523	HMP GET REFERENCE DATA	GET	HMPEF	4	GLOBAL ARRAY	S		ACTIVE	1	ENTERPRISE HEALTH MANAGEMENT PLATFORM	Enterprise Health Management Platform
3526	HMP INPATIENTS	IN	HMPPATS	4	GLOBAL ARRAY	S		ACTIVE		ENTERPRISE HEALTH MANAGEMENT PLATFORM	Enterprise Health Management Platform
3528	HMP PUT DEMOGRAPHICS	PUT	HMPUPD	4	GLOBAL ARRAY	S		ACTIVE	1		
3529	HMP PUT OBJECT	PUT	HMPDJ2	1	SINGLE VALUE	S		ACTIVE	1	ENTERPRISE HEALTH MANAGEMENT PLATFORM	Enterprise Health Management Platform
353	ORWPCE GET TREATMENT TYPE	TRTTYPE	ORWPCE2	2	ARRAY			ACTIVE		ORDER ENTRY/RESULTS REPORTING	Order Entry Results Reporting
3530	HMP PUT PATIENT DATA	PUT	HMPDJ1	1	SINGLE VALUE	S		ACTIVE	1	ENTERPRISE HEALTH MANAGEMENT PLATFORM	Enterprise Health Management Platform
3533	HMP SUBSCRIBE	SUBS	HMPPATS	4	GLOBAL ARRAY	S		ACTIVE		ENTERPRISE HEALTH MANAGEMENT PLATFORM	Enterprise Health Management Platform
3536	HMP WRITEBACK PT DEM	FILE	HMPPTDEM	2	ARRAY	S		ACTIVE	1	ENTERPRISE HEALTH MANAGEMENT PLATFORM	Enterprise Health Management Platform
3539	HMPCPRS RPC	RPC	HMPCPRS	3	WORD PROCESSING	S		ACTIVE		ENTERPRISE HEALTH MANAGEMENT PLATFORM	Enterprise Health Management Platform
354	ORQQCN SVCTREE	SVCTREE	ORQQCN2	2	ARRAY			ACTIVE		ORDER ENTRY/RESULTS REPORTING	Order Entry Results Reporting
3540	HMPCRPC RPC	RPC	HMPCRPC	3	WORD PROCESSING	S		ACTIVE		ENTERPRISE HEALTH MANAGEMENT PLATFORM	Enterprise Health Management Platform
3541	HMPCRPC RPCCHAIN	CHAINRPC	HMPCRPC	3	WORD PROCESSING	S	0	ACTIVE	1	ENTERPRISE HEALTH MANAGEMENT PLATFORM	Enterprise Health Management Platform
3542	HMPDJFS API	API	HMPDJFS	4	GLOBAL ARRAY	S		ACTIVE		ENTERPRISE HEALTH MANAGEMENT PLATFORM	Enterprise Health Management Platform
3543	HMPDJFS DELSUB	DELSUB	HMPDJFS	1	SINGLE VALUE	P	0	ACTIVE		ENTERPRISE HEALTH MANAGEMENT PLATFORM	Enterprise Health Management Platform
3544	HMPFPTC CHKS	CHKS	HMPFPTC	3	WORD PROCESSING	S		ACTIVE		ENTERPRISE HEALTH MANAGEMENT PLATFORM	Enterprise Health Management Platform
3545	HMPFPTC LOG	LOG	HMPFPTC	3	WORD PROCESSING	S		ACTIVE		ENTERPRISE HEALTH MANAGEMENT PLATFORM	Enterprise Health Management Platform
3547	HMP LOCAL CORRESPONDINGIDS	TFL	HMPTFU2	3	WORD PROCESSING	S		ACTIVE	1	ENTERPRISE HEALTH MANAGEMENT PLATFORM	Enterprise Health Management Platform
3548	HMP PUT OPERATIONAL DATA	API	HMPWB	1	SINGLE VALUE	S		ACTIVE		ENTERPRISE HEALTH MANAGEMENT PLATFORM	Enterprise Health Management Platform
3549	HMP PATIENT SCHED SYNC	APPT	HMPACT	4	GLOBAL ARRAY	P		ACTIVE	1	ENTERPRISE HEALTH MANAGEMENT PLATFORM	Enterprise Health Management Platform
355	ORWDCN32 DEF	DEF	ORWDCN32	2	ARRAY			ACTIVE		ORDER ENTRY/RESULTS REPORTING	Order Entry Results Reporting
3550	HMP PATIENT ADMIT SYNC	ADMIT	HMPACT	4	GLOBAL ARRAY	A		ACTIVE	1	ENTERPRISE HEALTH MANAGEMENT PLATFORM	Enterprise Health Management Platform
3551	HMP CHKXTMP	CHKXTMP	HMPMONX	2	ARRAY	S		ACTIVE		ENTERPRISE HEALTH MANAGEMENT PLATFORM	Enterprise Health Management Platform
3552	HMP GLOBAL SIZE	SIZE	HMPMONX	2	ARRAY	S		ACTIVE		ENTERPRISE HEALTH MANAGEMENT PLATFORM	Enterprise Health Management Platform
3553	HMP DEFAULT PATIENT LIST	DEFLIST	HMPPDL	2	ARRAY			ACTIVE	1	ENTERPRISE HEALTH MANAGEMENT PLATFORM	Enterprise Health Management Platform
3556	VPS RETRIEVE PATIENT VITALS	GET	VPSVTL01	2	ARRAY			ACTIVE		VA POINT OF SERVICE	VA Point of Service
3557	VPS STORE VITALS	WRITE	VPSVTL02	1	SINGLE VALUE			ACTIVE		VA POINT OF SERVICE	VA Point of Service
3558	MAG DICOM GET EXPORT IMAGE STS	LOOKUP	MAGDIWDV	2	ARRAY	R		ACTIVE		IMAGING	Imaging
3559	MAG DICOM GET PROCESS ID	GETPID	MAGDRPC1	1	SINGLE VALUE	P		ACTIVE		IMAGING	Imaging
356	ORQQCN STATUS	STATUS	ORQQCN2	2	ARRAY			ACTIVE		ORDER ENTRY/RESULTS REPORTING	Order Entry Results Reporting
3560	MAG3 TELEREADER CPT CODELOOKUP	CPTFIND	MAGNTLR7	2	ARRAY	R		ACTIVE		IMAGING	Imaging
3561	MAGVC WI DELETE	ACTDEL	MAGVCWIA	1	SINGLE VALUE	R	0	ACTIVE	.9	IMAGING	Imaging
3562	MAGVC WI GET	ACTGET	MAGVCWIA	2	ARRAY	R	0	ACTIVE	.9	IMAGING	Imaging
3563	MAGVC WI LIST	ACTLIST	MAGVCWIA	2	ARRAY	R	0	ACTIVE	.9	IMAGING	Imaging
3564	MAGVC WI SUBMIT NEW	ACTCRE8	MAGVCWIA	2	ARRAY	R	0	ACTIVE	.9	IMAGING	Imaging
3565	MAGVC WI UPDATE STATUS	ACTUPD8	MAGVCWIA	2	ARRAY	R	0	ACTIVE	.9	IMAGING	Imaging
3566	MAG DICOM GET AE ENTRY	AENAME	MAGVCAE	2	ARRAY	R		ACTIVE		IMAGING	Imaging
3567	MAG DICOM GET AE ENTRY LOC	AENTRYLC	MAGVCAE	2	ARRAY	R		ACTIVE		IMAGING	Imaging
3568	MAG GET DICOM QUEUE LIST	GETDCLST	MAGROI01	2	ARRAY	P	0	ACTIVE		IMAGING	Imaging
3569	MAG SEND IMAGE	MAGSEND	MAGROI01	2	ARRAY	P	0	ACTIVE		IMAGING	Imaging
357	ORQQCN MED RESULTS	MEDRSLT	ORQQCN2	4	GLOBAL ARRAY			ACTIVE		ORDER ENTRY/RESULTS REPORTING	Order Entry Results Reporting
3570	MAGV GENERATE DICOM UID	GENNWUID	MAGVUID2	1	SINGLE VALUE	R	0	ACTIVE		IMAGING	Imaging
3571	MAGV GET RAD DX CODES	GETRADDX	MAGVIMRA	2	ARRAY	R	0	ACTIVE		IMAGING	Imaging
3572	MAGV GET RAD IMAGING LOCATIONS	GETRADLC	MAGVIMRA	2	ARRAY	R	0	ACTIVE	.1	IMAGING	Imaging
3573	MAGV GET RAD STD RPTS	GETRADSR	MAGVIMRA	2	ARRAY	R	0	ACTIVE	.6	IMAGING	Imaging
3574	MAGV ATTACH IRRADIATION DOSE	ATTACH	MAGVRD01	1	SINGLE VALUE	R	0	ACTIVE		IMAGING	Imaging
3575	MAGV GET IRRADIATION DOSE	REFRESH	MAGVRD03	2	ARRAY	R	0	ACTIVE		IMAGING	Imaging
3576	MAGTP GET ACTIVE	GETAC	MAGTP004	2	ARRAY	R	0	ACTIVE		IMAGING	Imaging
3577	MAGTP GET CASES	GETCAS	MAGTP013	2	ARRAY	R	0	ACTIVE		IMAGING	Imaging
3578	MAGTP GET CPRS REPORT	GETREP	MAGTP007	2	ARRAY	R	0	ACTIVE		IMAGING	Imaging
3579	MAGTP GET NOTE	GETNOTE	MAGTP014	2	ARRAY	R	0	ACTIVE		IMAGING	Imaging
358	ORWDRA32 DEF	DEF	ORWDRA32	2	ARRAY			ACTIVE		ORDER ENTRY/RESULTS REPORTING	Order Entry Results Reporting
3580	MAGTP GET PREFERENCES	GETUPREF	MAGTP011	2	ARRAY	R	0	ACTIVE		IMAGING	Imaging
3581	MAGTP GET RETENTION DAYS	GETRTDAY	MAGTP014	2	ARRAY	R	0	ACTIVE		IMAGING	Imaging
3582	MAGTP GET SLIDES	GETSD	MAGTP004	2	ARRAY	R	0	ACTIVE		IMAGING	Imaging
3583	MAGTP GET USER	USERINF	MAGTP008	2	ARRAY	R	0	ACTIVE		IMAGING	Imaging
3584	MAGTP PUT NOTE	PUTNOTE	MAGTP014	2	ARRAY	R	0	ACTIVE		IMAGING	Imaging
3585	MAGTP PUT PREFERENCES	PUTUPREF	MAGTP011	2	ARRAY	R	0	ACTIVE		IMAGING	Imaging
3586	MAGTP RESERVE CASE	LOCKR	MAGTP003	2	ARRAY	R	0	ACTIVE		IMAGING	Imaging
3587	MAGTP SET RETENTION DAYS	SETRTDAY	MAGTP014	2	ARRAY	R	0	ACTIVE		IMAGING	Imaging
3588	MAGTP USER	USERINF	MAGTP008	2	ARRAY	R	0	ACTIVE		IMAGING	Imaging
3589	VIABPCE2 GET HFACTORS TYPE	HFTYPE	VIABPCE2	2	ARRAY			ACTIVE		VISTA INTEGRATION ADAPTER	VistA Integration Adapter
359	ORWDX SAVE	SAVE	ORWDX	2	ARRAY			ACTIVE		ORDER ENTRY/RESULTS REPORTING	Order Entry Results Reporting
3590	VIABPCE4 LEX	LEX	VIABPCE4	2	ARRAY			ACTIVE		VISTA INTEGRATION ADAPTER	VistA Integration Adapter
3591	VIABU EXTNAME	EXTNAME	VIABU	1	SINGLE VALUE			ACTIVE		VISTA INTEGRATION ADAPTER	VistA Integration Adapter
3592	SDEC ACCGROUP	ACCGROUP	SDEC	4	GLOBAL ARRAY	R	0	ACTIVE		SCHEDULING	Scheduling
3593	SDEC ACCTYPE	ACCTYPE	SDEC	4	GLOBAL ARRAY	R	0	ACTIVE		SCHEDULING	Scheduling
3594	SDEC PTLOOKRS	PTLOOKRS	SDEC	4	GLOBAL ARRAY	R	0	ACTIVE		SCHEDULING	Scheduling
3595	SDEC WAITLIST	WAITLIST	SDEC	4	GLOBAL ARRAY	R	0	ACTIVE		SCHEDULING	Scheduling
3596	SDEC UNREGEV	UNREGEV	SDEC	4	GLOBAL ARRAY	R	0	ACTIVE		SCHEDULING	Scheduling
3598	SDEC TPBLKOV	TPBLKOV	SDEC	4	GLOBAL ARRAY	R	0	ACTIVE		SCHEDULING	Scheduling
3599	SDEC SPACEBAR	SPACEBAR	SDEC	4	GLOBAL ARRAY	R	0	ACTIVE		SCHEDULING	Scheduling
36	SC FILE SINGLE VALUE	VFILE	SCUTBK11	1	SINGLE VALUE	P		ACTIVE		SCHEDULING	Scheduling
360	ORWDPS32 DLGSLCT	DLGSLCT	ORWDPS32	2	ARRAY			ACTIVE		ORDER ENTRY/RESULTS REPORTING	Order Entry Results Reporting
3600	SDEC SETFAC	SETFAC	SDEC	4	GLOBAL ARRAY	R	0	ACTIVE		SCHEDULING	Scheduling
3601	SDEC SEARCHAV	SEARCHAV	SDEC	4	GLOBAL ARRAY	R	0	ACTIVE		SCHEDULING	Scheduling
3602	SDEC SUSRINFO	SUSRINFO	SDEC	4	GLOBAL ARRAY	R	0	ACTIVE		SCHEDULING	Scheduling
3603	SDEC RESOURCE	RESOURCE	SDEC	4	GLOBAL ARRAY	R	0	ACTIVE		SCHEDULING	Scheduling
3604	SDEC RESUSER	RESUSER	SDEC	4	GLOBAL ARRAY	R	0	ACTIVE		SCHEDULING	Scheduling
3605	SDEC RESLETRS	RESLETRS	SDEC	4	GLOBAL ARRAY	R	0	ACTIVE		SCHEDULING	Scheduling
3606	SDEC RESLETRF	RESLETRF	SDEC	4	GLOBAL ARRAY	R	0	ACTIVE		SCHEDULING	Scheduling
3607	SDEC RESGRPUS	RESGRPUS	SDEC	4	GLOBAL ARRAY	R	0	ACTIVE		SCHEDULING	Scheduling
3608	SDEC REGEVENT	REGEVENT	SDEC	4	GLOBAL ARRAY	R	0	ACTIVE		SCHEDULING	Scheduling
3609	SDEC SETRBOOK	SETRBOOK	SDEC	4	GLOBAL ARRAY	R	0	ACTIVE		SCHEDULING	Scheduling
361	ORWDPS32 OISLCT	OISLCT	ORWDPS32	2	ARRAY			ACTIVE		ORDER ENTRY/RESULTS REPORTING	Order Entry Results Reporting
3610	SDEC REBKNEXT	REBKNEXT	SDEC	4	GLOBAL ARRAY	R	0	ACTIVE		SCHEDULING	Scheduling
3611	SDEC REBKLIST	REBKLIST	SDEC	4	GLOBAL ARRAY	R	0	ACTIVE		SCHEDULING	Scheduling
3613	SDEC RAISEVNT	RAISEVNT	SDEC	4	GLOBAL ARRAY	R	0	ACTIVE		SCHEDULING	Scheduling
3614	SDEC PROVCLIN	PROVCLIN	SDEC	4	GLOBAL ARRAY	R	0	ACTIVE		SCHEDULING	Scheduling
3615	SDEC APPTLETR	APPTLETR	SDEC	4	GLOBAL ARRAY	R	0	ACTIVE		SCHEDULING	Scheduling
3616	SDEC PATAPPTH	PATAPPTH	SDEC	4	GLOBAL ARRAY	R	0	ACTIVE		SCHEDULING	Scheduling
3617	SDEC PATAPPTD	PATAPPTD	SDEC	4	GLOBAL ARRAY	R	0	ACTIVE		SCHEDULING	Scheduling
3618	SDEC OVBOOK	OVBOOK	SDEC	4	GLOBAL ARRAY	R	0	ACTIVE		SCHEDULING	Scheduling
3619	SDEC NOSHOPAT	NOSHOPAT	SDEC	4	GLOBAL ARRAY	R	0	ACTIVE		SCHEDULING	Scheduling
362	ORWDPS32 ALLROUTE	ALLROUTE	ORWDPS32	2	ARRAY			ACTIVE		ORDER ENTRY/RESULTS REPORTING	Order Entry Results Reporting
3620	SDEC NOSHOW	NOSHOW	SDEC	4	GLOBAL ARRAY	R	0	ACTIVE		SCHEDULING	Scheduling
3621	SDEC NEWPERS	NEWPERS	SDEC	4	GLOBAL ARRAY	R	0	ACTIVE		SCHEDULING	Scheduling
3622	SDEC WLSET	WLSET	SDEC	1	SINGLE VALUE	R	0	ACTIVE		SCHEDULING	Scheduling
3623	SDEC WLGET	WLGET	SDEC	4	GLOBAL ARRAY	R	0	ACTIVE		SCHEDULING	Scheduling
3624	SDEC WLCLOSE	WLCLOSE	SDEC	1	SINGLE VALUE	R	0	ACTIVE		SCHEDULING	Scheduling
3625	SDEC SVSPALL	SVSPALL	SDEC	4	GLOBAL ARRAY	R	0	ACTIVE		SCHEDULING	Scheduling
3626	SDEC PROVALL	PROVALL	SDEC	4	GLOBAL ARRAY	R	0	ACTIVE		SCHEDULING	Scheduling
3627	SDEC CLINALL	CLINALL	SDEC	4	GLOBAL ARRAY	R	0	ACTIVE		SCHEDULING	Scheduling
3628	SDEC IMHERE	IMHERE	SDEC	1	SINGLE VALUE	R	0	ACTIVE		SCHEDULING	Scheduling
3629	SDEC PWH	PWH	SDEC	4	GLOBAL ARRAY	R	0	ACTIVE		SCHEDULING	Scheduling
363	ORQQVI VITALS FOR DATE RANGE	VITALS	ORQQVI	2	ARRAY	R		ACTIVE		ORDER ENTRY/RESULTS REPORTING	Order Entry Results Reporting
3630	SDEC HOSPLOC	HOSPLOC	SDEC	4	GLOBAL ARRAY	R	0	ACTIVE		SCHEDULING	Scheduling
3631	SDEC HOLIDAY	HOLIDAY	SDEC	4	GLOBAL ARRAY	R	0	ACTIVE		SCHEDULING	Scheduling
3632	SDEC HLTHSUMM	HLTHSUMM	SDEC	4	GLOBAL ARRAY	R	0	ACTIVE		SCHEDULING	Scheduling
3633	SDEC RESGPUSR	RESGPUSR	SDEC	4	GLOBAL ARRAY	R	0	ACTIVE		SCHEDULING	Scheduling
3634	SDEC GETFAC	GETFAC	SDEC	4	GLOBAL ARRAY	R	0	ACTIVE		SCHEDULING	Scheduling
3635	SDEC GETREGA	GETREGA	SDEC	4	GLOBAL ARRAY	R	0	ACTIVE		SCHEDULING	Scheduling
3636	SDEC ACCGPTYG	ACCGPTYG	SDEC	4	GLOBAL ARRAY	R	0	ACTIVE		SCHEDULING	Scheduling
3637	SDEC EHRPT	EHRPT	SDEC	4	GLOBAL ARRAY	R	0	ACTIVE		SCHEDULING	Scheduling
3638	SDEC EDITAPPT	EDITAPPT	SDEC	4	GLOBAL ARRAY	R	0	ACTIVE		SCHEDULING	Scheduling
3639	SDEC DELRU	DELRU	SDEC	4	GLOBAL ARRAY	R	0	ACTIVE		SCHEDULING	Scheduling
364	ORQQVI2 VITALS HELP	HELP	ORQQVI2	2	ARRAY			ACTIVE		ORDER ENTRY/RESULTS REPORTING	Order Entry Results Reporting
3640	SDEC DELRESGP	DELRESGP	SDEC	4	GLOBAL ARRAY	R	0	ACTIVE		SCHEDULING	Scheduling
3641	SDEC DELRGI	DELRGI	SDEC	4	GLOBAL ARRAY	R	0	ACTIVE		SCHEDULING	Scheduling
3642	SDEC DELAGI	DELAGI	SDEC	4	GLOBAL ARRAY	R	0	ACTIVE		SCHEDULING	Scheduling
3643	SDEC DELAG	DELAG	SDEC	4	GLOBAL ARRAY	R	0	ACTIVE		SCHEDULING	Scheduling
3644	SDEC CURFACG	CURFACG	SDEC	4	GLOBAL ARRAY	R	0	ACTIVE		SCHEDULING	Scheduling
3645	SDEC CSLOTSCH	CSLOTSCH	SDEC	4	GLOBAL ARRAY	R	0	ACTIVE		SCHEDULING	Scheduling
3646	SDEC CRSCHED	CRSCHED	SDEC	4	GLOBAL ARRAY	R	0	ACTIVE		SCHEDULING	Scheduling
3647	SDEC COPYAPPT	COPYAPPT	SDEC	4	GLOBAL ARRAY	R	0	ACTIVE		SCHEDULING	Scheduling
3648	SDEC CPSTAT	CPSTAT	SDEC	4	GLOBAL ARRAY	R	0	ACTIVE		SCHEDULING	Scheduling
3649	SDEC CPCANC	CPCANC	SDEC	4	GLOBAL ARRAY	R	0	ACTIVE		SCHEDULING	Scheduling
365	ORQQVI2 VITALS RATE CHECK	RATECHK	ORQQVI2	1	SINGLE VALUE			ACTIVE		ORDER ENTRY/RESULTS REPORTING	Order Entry Results Reporting
3650	SDEC CVARAPPT	CVARAPPT	SDEC	4	GLOBAL ARRAY	R	0	ACTIVE		SCHEDULING	Scheduling
3651	SDEC CLINSTOP	CLINSTOP	SDEC	4	GLOBAL ARRAY	R	0	ACTIVE		SCHEDULING	Scheduling
3652	SDEC CLINSET	CLINSET	SDEC	4	GLOBAL ARRAY	R	0	ACTIVE		SCHEDULING	Scheduling
3653	SDEC CLINDISW	CLINDISW	SDEC	4	GLOBAL ARRAY	R	0	ACTIVE		SCHEDULING	Scheduling
3654	SDEC CLINDIS	CLINDIS	SDEC	4	GLOBAL ARRAY	R	0	ACTIVE		SCHEDULING	Scheduling
3655	SDEC CLINPROV	CLINPROV	SDEC	4	GLOBAL ARRAY	R	0	ACTIVE		SCHEDULING	Scheduling
3656	SDEC CLINLETW	CLINLETW	SDEC	4	GLOBAL ARRAY	R	0	ACTIVE		SCHEDULING	Scheduling
3657	SDEC CLINLET	CLINLET	SDEC	4	GLOBAL ARRAY	R	0	ACTIVE		SCHEDULING	Scheduling
3658	SDEC CHECKOUT	CHECKOUT	SDEC	4	GLOBAL ARRAY	R	0	ACTIVE		SCHEDULING	Scheduling
3659	SDEC CHECKIN	CHECKIN	SDEC	4	GLOBAL ARRAY	R	0	ACTIVE		SCHEDULING	Scheduling
366	ORQQVI2 VITALS VALIDATE	VALIDATE	ORQQVI2	2	ARRAY			ACTIVE		ORDER ENTRY/RESULTS REPORTING	Order Entry Results Reporting
3660	SDEC CANREAS	CANREAS	SDEC	4	GLOBAL ARRAY	R	0	ACTIVE		SCHEDULING	Scheduling
3662	SDEC CANCKOUT	CANCKOUT	SDEC	4	GLOBAL ARRAY	R	0	ACTIVE		SCHEDULING	Scheduling
3663	SDEC AVDEL	AVDEL	SDEC	4	GLOBAL ARRAY	R	0	ACTIVE		SCHEDULING	Scheduling
3664	SDEC AVDELDT	AVDELDT	SDEC	4	GLOBAL ARRAY	R	0	ACTIVE		SCHEDULING	Scheduling
3665	SDEC APPDEL	APPDEL	SDEC	4	GLOBAL ARRAY	R	0	ACTIVE		SCHEDULING	Scheduling
3667	SDEC APBLKOV	APBLKOV	SDEC	4	GLOBAL ARRAY	R	0	ACTIVE		SCHEDULING	Scheduling
3669	SDEC ADDRESU	ADDRESU	SDEC	4	GLOBAL ARRAY	R	0	ACTIVE		SCHEDULING	Scheduling
367	ORQQVI2 VITALS VALIDATE TYPE	VMTYPES	ORQQVI2	1	SINGLE VALUE			ACTIVE		ORDER ENTRY/RESULTS REPORTING	Order Entry Results Reporting
3670	SDEC ADDRG	ADDRG	SDEC	4	GLOBAL ARRAY	R	0	ACTIVE		SCHEDULING	Scheduling
3671	SDEC ADDRES	ADDRES	SDEC	4	GLOBAL ARRAY	R	0	ACTIVE		SCHEDULING	Scheduling
3672	SDEC ADDACCTY	ADDACCTY	SDEC	4	GLOBAL ARRAY	R	0	ACTIVE		SCHEDULING	Scheduling
3673	SDEC ADDACCG	ADDACCG	SDEC	4	GLOBAL ARRAY	R	0	ACTIVE		SCHEDULING	Scheduling
3674	SDEC ADDRGI	ADDRGI	SDEC	4	GLOBAL ARRAY	R	0	ACTIVE		SCHEDULING	Scheduling
3675	SDEC AVADD	AVADD	SDEC	4	GLOBAL ARRAY	R	0	ACTIVE		SCHEDULING	Scheduling
3676	SDEC APPADD	APPADD	SDEC07	4	GLOBAL ARRAY	R	0	ACTIVE		SCHEDULING	Scheduling
3677	SDEC ADDAGI	ADDAGI	SDEC	4	GLOBAL ARRAY	R	0	ACTIVE		SCHEDULING	Scheduling
3678	SDEC SYSSTAT	SYSSTAT	SDEC	4	GLOBAL ARRAY	R	0	ACTIVE		SCHEDULING	Scheduling
3679	SDEC APPTYPES	APPTYPES	SDEC	4	GLOBAL ARRAY	R	0	ACTIVE		SCHEDULING	Scheduling
368	ORWDLR32 DEF	DEF	ORWDLR32	2	ARRAY	S		ACTIVE		ORDER ENTRY/RESULTS REPORTING	Order Entry Results Reporting
3680	SDEC SCHUSR	SCHUSR	SDEC	4	GLOBAL ARRAY	R	0	ACTIVE		SCHEDULING	Scheduling
3681	SDEC PREFGET	PREFGET	SDEC	4	GLOBAL ARRAY	R	0	ACTIVE		SCHEDULING	Scheduling
3682	SDEC PREFGETV	PREFGETV	SDEC	4	GLOBAL ARRAY	R	0	ACTIVE		SCHEDULING	Scheduling
3683	SDEC PREFSET	PREFSET	SDEC	4	GLOBAL ARRAY	R	0	ACTIVE		SCHEDULING	Scheduling
3684	SDEC FAPPTGET	FAPPTGET	SDEC	4	GLOBAL ARRAY	R	0	ACTIVE		SCHEDULING	Scheduling
3685	SDEC REQGET	REQGET	SDEC	4	GLOBAL ARRAY	R	0	ACTIVE		SCHEDULING	Scheduling
3686	SDEC RECGET	RECGET	SDEC	4	GLOBAL ARRAY	R	0	ACTIVE		SCHEDULING	Scheduling
3687	SDEC RECSET	RECSET	SDEC	1	SINGLE VALUE	R	0	ACTIVE		SCHEDULING	Scheduling
3688	SDEC RECDSET	RECDSET	SDEC	1	SINGLE VALUE	R	0	ACTIVE		SCHEDULING	Scheduling
3689	SDEC RECAPGET	RECAPGET	SDEC	4	GLOBAL ARRAY	R	0	ACTIVE		SCHEDULING	Scheduling
369	ORWDLR32 LOAD	LOAD	ORWDLR32	2	ARRAY	S		ACTIVE		ORDER ENTRY/RESULTS REPORTING	Order Entry Results Reporting
3690	SDEC RECPRGET	RECPRGET	SDEC	4	GLOBAL ARRAY	R	0	ACTIVE		SCHEDULING	Scheduling
3691	SDEC PCSTGET	PCSTGET	SDEC	4	GLOBAL ARRAY	R	0	ACTIVE		SCHEDULING	Scheduling
3692	SDEC PCST2GET	PCST2GET	SDEC	4	GLOBAL ARRAY	R	0	ACTIVE		SCHEDULING	Scheduling
3693	SDEC PCSGET	PCSGET	SDEC	4	GLOBAL ARRAY	R	0	ACTIVE		SCHEDULING	Scheduling
3694	SDEC PTSET	PTSET	SDEC	4	GLOBAL ARRAY	R	0	ACTIVE		SCHEDULING	Scheduling
3695	SDEC PTINQ	PTINQ	SDEC	4	GLOBAL ARRAY	R	0	ACTIVE		SCHEDULING	Scheduling
3697	SDEC SUMMAGET	SUMMAGET	SDEC	4	GLOBAL ARRAY	R	0	ACTIVE		SCHEDULING	Scheduling
3698	SDEC FACLIST	FACLIST	SDEC	4	GLOBAL ARRAY	R	0	ACTIVE		SCHEDULING	Scheduling
3699	SDEC APPIDGET	APPIDGET	SDEC	4	GLOBAL ARRAY	R	0	ACTIVE		SCHEDULING	Scheduling
37	SCTM AUTOLINK GETRECORD	GETREC	SCAPMCU3	2	ARRAY	R		ACTIVE		SCHEDULING	Scheduling
370	ORWDLR32 ALLSAMP	ALLSAMP	ORWDLR32	2	ARRAY	S		ACTIVE		ORDER ENTRY/RESULTS REPORTING	Order Entry Results Reporting
3700	SDEC ETHGET	ETHGET	SDEC	4	GLOBAL ARRAY	R	0	ACTIVE		SCHEDULING	Scheduling
3701	SDEC CGET	CGET	SDEC	4	GLOBAL ARRAY	R	0	ACTIVE		SCHEDULING	Scheduling
3702	SDEC ETHCMGET	ETHCMGET	SDEC	4	GLOBAL ARRAY	R	0	ACTIVE		SCHEDULING	Scheduling
3703	SDEC RACEGET	RACEGET	SDEC	4	GLOBAL ARRAY	R	0	ACTIVE		SCHEDULING	Scheduling
3704	SDEC REP1GET	REP1GET	SDEC	4	GLOBAL ARRAY	R	0	ACTIVE		SCHEDULING	Scheduling
3705	SDEC WLPCSET	WLPCSET	SDEC	4	GLOBAL ARRAY	R	0	ACTIVE		SCHEDULING	Scheduling
3706	SDEC APPSDGET	APPSDGET	SDEC	4	GLOBAL ARRAY	R	0	ACTIVE		SCHEDULING	Scheduling
3707	SDEC WLOPEN	WLOPEN	SDEC	4	GLOBAL ARRAY	R	0	ACTIVE		SCHEDULING	Scheduling
3708	SDECLOC PRIVLOC	PRIVLOC	SDECLOC	4	GLOBAL ARRAY	R	0	ACTIVE		SCHEDULING	Scheduling
3709	SDECRMG RMG	RMG	SDECRMG	4	GLOBAL ARRAY	R	0	ACTIVE		SCHEDULING	Scheduling
371	ORWDLR32 ABBSPEC	ABBSPEC	ORWDLR32	2	ARRAY			ACTIVE		ORDER ENTRY/RESULTS REPORTING	Order Entry Results Reporting
3710	SDECRMG RECCNT	RECCNT	SDECRMG1	1	SINGLE VALUE	R	0	ACTIVE		SCHEDULING	Scheduling
3711	SDECIDX RECCNT	RECCNT	SDECIDX	1	SINGLE VALUE	R	0	ACTIVE		SCHEDULING	Scheduling
3712	SDECIDX GETREC	GETREC	SDECIDX	4	GLOBAL ARRAY	R	0	ACTIVE		SCHEDULING	Scheduling
3713	SDEC WLHIDE	WLHIDE	SDEC	4	GLOBAL ARRAY	R	0	ACTIVE		SCHEDULING	Scheduling
3714	SDEC ARSET	ARSET	SDEC	1	SINGLE VALUE	R	0	ACTIVE		SCHEDULING	Scheduling
3715	SDEC ARCLOSE	ARCLOSE	SDEC	1	SINGLE VALUE	R	0	ACTIVE		SCHEDULING	Scheduling
3716	SDEC ARDGET	ARDGET	SDEC	4	GLOBAL ARRAY	R	0	ACTIVE		SCHEDULING	Scheduling
3717	SDEC ARGET	ARGET	SDEC	4	GLOBAL ARRAY	R	0	ACTIVE		SCHEDULING	Scheduling
3718	SDEC ARMRTGET	ARMRTGET	SDEC	4	GLOBAL ARRAY	R	0	ACTIVE		SCHEDULING	Scheduling
3719	SDEC ARMRTSET	ARMRTSET	SDEC	4	GLOBAL ARRAY	R	0	ACTIVE		SCHEDULING	Scheduling
372	ORWDLR32 STOP	STOP	ORWDLR33	1	SINGLE VALUE			ACTIVE		ORDER ENTRY/RESULTS REPORTING	Order Entry Results Reporting
3720	SDEC AROPEN	AROPEN	SDEC	4	GLOBAL ARRAY	R	0	ACTIVE		SCHEDULING	Scheduling
3721	SDEC ARPCSET	ARPCSET	SDEC	4	GLOBAL ARRAY	R	0	ACTIVE		SCHEDULING	Scheduling
3722	SDEC HIDE	HIDE	SDEC	4	GLOBAL ARRAY	R	0	ACTIVE		SCHEDULING	Scheduling
3723	SDECLOC UPDPRIV	UPDPRIV	SDECLOC	2	ARRAY	R	0	ACTIVE		SCHEDULING	Scheduling
3724	SDECAR ARMRTC	ARMRTC	SDECAR	4	GLOBAL ARRAY	R	0	ACTIVE		SCHEDULING	Scheduling
3725	SDECRMG2 URGENCY	URGENCY	SDECRMG2	4	GLOBAL ARRAY	R	0	ACTIVE		SCHEDULING	Scheduling
3726	SDECAR ARAPPT	ARAPPT	SDECAR	4	GLOBAL ARRAY	R	0	ACTIVE		SCHEDULING	Scheduling
3727	SDECLK LOCK	LOCK	SDECLK	4	GLOBAL ARRAY	R	0	ACTIVE		SCHEDULING	Scheduling
3728	SDECLK UNLOCK	UNLOCK	SDECLK	4	GLOBAL ARRAY	R	0	ACTIVE		SCHEDULING	Scheduling
3729	SDEC PRIV	PRIV	SDEC	4	GLOBAL ARRAY	R	0	ACTIVE		SCHEDULING	Scheduling
373	ORQQVI2 VITALS VAL & STORE	VALSTORE	ORQQVI2	2	ARRAY			ACTIVE		ORDER ENTRY/RESULTS REPORTING	Order Entry Results Reporting
3730	SDECDIS DISABIL	DISABIL	SDECDIS	4	GLOBAL ARRAY	R	0	ACTIVE		SCHEDULING	Scheduling
3731	SDECDEV DEVICE	DEVICE	SDECDEV	4	GLOBAL ARRAY	R	0	ACTIVE		SCHEDULING	Scheduling
3732	SD VSE REPORT RPC	REPORT	SDECXML	4	GLOBAL ARRAY	P		ACTIVE	1	SCHEDULING	Scheduling
3733	SD VSE FILTER RPC	GETFLT	SDECXML	4	GLOBAL ARRAY	P		ACTIVE	1	SCHEDULING	Scheduling
3734	SDEC APPSLOTS	APPSLOTS	SDEC	4	GLOBAL ARRAY	R	0	ACTIVE		SCHEDULING	Scheduling
3735	SDEC NOAVAIL	NOAVAIL	SDEC04	4	GLOBAL ARRAY	R	0	ACTIVE		SCHEDULING	Scheduling
3736	SDECAR AUDITGET	AUDITGET	SDECAR	4	GLOBAL ARRAY	R	0	ACTIVE		SCHEDULING	Scheduling
3737	SDECWL AUDITGET	AUDITGET	SDECWL	4	GLOBAL ARRAY	R	0	ACTIVE		SCHEDULING	Scheduling
3738	SDECCAP GET	GET	SDECCAP	4	GLOBAL ARRAY	R	0	ACTIVE		SCHEDULING	Scheduling
3739	SDECCAP SET	SET	SDECCAP	4	GLOBAL ARRAY	R	0	ACTIVE		SCHEDULING	Scheduling
374	ORWDX SEND	SEND	ORWDX	2	ARRAY			ACTIVE		ORDER ENTRY/RESULTS REPORTING	Order Entry Results Reporting
3740	SDECCAP CAN	CAN	SDECCAP	4	GLOBAL ARRAY	R	0	ACTIVE		SCHEDULING	Scheduling
3741	SDECAPP GETYPE	GETYPE	SDECAPP	4	GLOBAL ARRAY	R	0	ACTIVE		SCHEDULING	Scheduling
3742	SDECAR ARMULT	ARMULT	SDECAR	4	GLOBAL ARRAY	R	0	ACTIVE		SCHEDULING	Scheduling
3743	SDEC NETLOC	NETLOC	SDEC	4	GLOBAL ARRAY	R	0	ACTIVE		SCHEDULING	Scheduling
3744	MPIF GET VHIC/CAC CARD DATA	GETCARD	MPIFRPC	4	GLOBAL ARRAY			ACTIVE		MASTER PATIENT INDEX VISTA	Master Patient Index VistA
3745	MPIF PURGE VHIC/CAC CARD DATA	PURGCARD	MPIFRPC	1	SINGLE VALUE			ACTIVE		MASTER PATIENT INDEX VISTA	Master Patient Index VistA
3746	RMPR SUSPENSE LOCK	SUSL	RMPRGULK	2	ARRAY	S	0	ACTIVE		PROSTHETICS	Prosthetics
3747	RMPR SUSPENSE UNLOCK	SUSU	RMPRGULK	2	ARRAY	S	0	ACTIVE		PROSTHETICS	Prosthetics
3748	HMP PATIENT SELECT	SELECT	HMPPTRPC	2	ARRAY			ACTIVE		ENTERPRISE HEALTH MANAGEMENT PLATFORM	Enterprise Health Management Platform
3749	XUS IAM TERMINATE USER	IAMTU	XUESSO3	2	ARRAY	R		ACTIVE	1	KERNEL	Kernel
375	ORWDPS32 AUTH	AUTH	ORWDPS32	1	SINGLE VALUE	S		ACTIVE		ORDER ENTRY/RESULTS REPORTING	Order Entry Results Reporting
3750	XUS IAM REACTIVATE USER	IAMRU	XUESSO3	2	ARRAY	S		ACTIVE	1	KERNEL	Kernel
3751	XUS BSE TOKEN	BSETOKEN	XUSBSE1	1	SINGLE VALUE	S		ACTIVE	1	KERNEL	Kernel
3752	VIAB GETSURR	GETSURR	VIABRPC	1	SINGLE VALUE	R		ACTIVE		VISTA INTEGRATION ADAPTER	VistA Integration Adapter
3753	VIAB SITENAME	SNAME	VIABRPC	1	SINGLE VALUE	R		ACTIVE		VISTA INTEGRATION ADAPTER	VistA Integration Adapter
3754	VIAB GET USER DIVISIONS	USERDIV	VIABRPC	2	ARRAY	R		ACTIVE		VISTA INTEGRATION ADAPTER	VistA Integration Adapter
3755	PXVIMM INFO SOURCE	IMMSRC	PXVRPC2	2	ARRAY			ACTIVE		PCE PATIENT CARE ENCOUNTER	PCE Patient Care Encounter
3756	PXVIMM ADMIN ROUTE	IMMROUTE	PXVRPC2	2	ARRAY			ACTIVE		PCE PATIENT CARE ENCOUNTER	PCE Patient Care Encounter
3757	PXVIMM ADMIN SITE	IMMSITE	PXVRPC2	2	ARRAY			ACTIVE		PCE PATIENT CARE ENCOUNTER	PCE Patient Care Encounter
3758	PXVIMM IMM LOT	ILOT	PXVRPC1	4	GLOBAL ARRAY			ACTIVE		PCE PATIENT CARE ENCOUNTER	PCE Patient Care Encounter
3759	PXVIMM IMM MAN	IMAN	PXVRPC1	4	GLOBAL ARRAY			ACTIVE		PCE PATIENT CARE ENCOUNTER	PCE Patient Care Encounter
376	ORWDPS32 DRUGMSG	DRUGMSG	ORWDPS33	1	SINGLE VALUE			ACTIVE		ORDER ENTRY/RESULTS REPORTING	Order Entry Results Reporting
3760	PXVIMM VIS	IVIS	PXVRPC1	4	GLOBAL ARRAY			ACTIVE		PCE PATIENT CARE ENCOUNTER	PCE Patient Care Encounter
3761	PXVIMM IMMDATA	IMMDATA	PXVRPC3	4	GLOBAL ARRAY			ACTIVE		PCE PATIENT CARE ENCOUNTER	PCE Patient Care Encounter
3762	PXVIMM ICR LIST	GETICR	PXVRPC5	2	ARRAY			ACTIVE		PCE PATIENT CARE ENCOUNTER	PCE Patient Care Encounter
3763	PXVIMM VICR EVENTS	GETVICR	PXVRPC5	2	ARRAY			ACTIVE		PCE PATIENT CARE ENCOUNTER	PCE Patient Care Encounter
3764	PXVIMM IMM SHORT LIST	IMMSHORT	PXVRPC4	2	ARRAY			ACTIVE		PCE PATIENT CARE ENCOUNTER	PCE Patient Care Encounter
3765	PXVIMM IMM DETAILED	IMMRPC	PXVRPC4	4	GLOBAL ARRAY			ACTIVE		PCE PATIENT CARE ENCOUNTER	PCE Patient Care Encounter
3766	PXVIMM ADMIN CODES	IMMADMCODES	PXVRPC4	2	ARRAY			ACTIVE		PCE PATIENT CARE ENCOUNTER	PCE Patient Care Encounter
3767	PXVIMM IMM FORMAT	GETTEXT	PXVRPC6	2	ARRAY			ACTIVE		PCE PATIENT CARE ENCOUNTER	PCE Patient Care Encounter
3768	PXVIMM VIMM DATA	RPC	PXVRPC7	4	GLOBAL ARRAY	S		ACTIVE		PCE PATIENT CARE ENCOUNTER	PCE Patient Care Encounter
3769	PXVSK SKIN SHORT LIST	SKSHORT	PXVRPC8	2	ARRAY	S		ACTIVE		PCE PATIENT CARE ENCOUNTER	PCE Patient Care Encounter
377	ORWDPS32 MEDISIV	MEDISIV	ORWDPS33	1	SINGLE VALUE			ACTIVE		ORDER ENTRY/RESULTS REPORTING	Order Entry Results Reporting
3770	PXVSK DEF SITES	SKSITES	PXVRPC8	2	ARRAY	S		ACTIVE		PCE PATIENT CARE ENCOUNTER	PCE Patient Care Encounter
3771	PXVSK V SKIN TEST LIST	SKLIST	PXVRPC8	2	ARRAY	S		ACTIVE		PCE PATIENT CARE ENCOUNTER	PCE Patient Care Encounter
3772	PXVIMM IMM DISCLOSURE	SETDIS	PXVRPC9	1	SINGLE VALUE			ACTIVE		PCE PATIENT CARE ENCOUNTER	PCE Patient Care Encounter
3773	HMP SUBSCRIPTION STATUS	SUBSTA	HMPTOOLS	2	ARRAY	S		ACTIVE	1	ENTERPRISE HEALTH MANAGEMENT PLATFORM	Enterprise Health Management Platform
3774	HMP MED ORDER CHECKS	ORCHECK	HMPWBM1	4	GLOBAL ARRAY			ACTIVE	1	ENTERPRISE HEALTH MANAGEMENT PLATFORM	Enterprise Health Management Platform
3775	HMP GET RELATED ORDERS	RELATED	HMPORRPC	2	ARRAY			ACTIVE		ENTERPRISE HEALTH MANAGEMENT PLATFORM	Enterprise Health Management Platform
3776	HMP WRITEBACK VITAL	VMADD	HMPWB2	4	GLOBAL ARRAY	S		ACTIVE		ENTERPRISE HEALTH MANAGEMENT PLATFORM	Enterprise Health Management Platform
3777	HMP WRITEBACK VITAL EIE	VMERR	HMPWB2	4	GLOBAL ARRAY			ACTIVE		ENTERPRISE HEALTH MANAGEMENT PLATFORM	Enterprise Health Management Platform
3778	HMP WRITEBACK ENCOUNTERS	ENC	HMPWB5	4	GLOBAL ARRAY			ACTIVE		ENTERPRISE HEALTH MANAGEMENT PLATFORM	Enterprise Health Management Platform
3779	HMP WRITEBACK ALLERGY	ALLERGY	HMPWB1	4	GLOBAL ARRAY			ACTIVE		ENTERPRISE HEALTH MANAGEMENT PLATFORM	Enterprise Health Management Platform
378	ORWDPS32 FORMALT	FORMALT	ORWDPS33	2	ARRAY			ACTIVE		ORDER ENTRY/RESULTS REPORTING	Order Entry Results Reporting
3780	HMP WRITEBACK ALLERGY EIE	ALLEIE	HMPWB1	4	GLOBAL ARRAY			ACTIVE		ENTERPRISE HEALTH MANAGEMENT PLATFORM	Enterprise Health Management Platform
3781	HMP WRITEBACK SIGN ORDERS	SIGN	HMPWBSO	2	ARRAY			ACTIVE		ENTERPRISE HEALTH MANAGEMENT PLATFORM	Enterprise Health Management Platform
3782	HMP TIU LONG LIST OF TITLES	LONGLIST	HMPTIUL	2	ARRAY			ACTIVE		ENTERPRISE HEALTH MANAGEMENT PLATFORM	Enterprise Health Management Platform
3785	PSB GETSETWP	MDRPC	PSBPAR	4	GLOBAL ARRAY	R	0	ACTIVE	1	BAR CODE MED ADMIN	Barcode Medication Administration
3786	VAFC DOD ACCEPT SET/DISPLAY	EN	VAFCDODA	1	SINGLE VALUE	R	0	ACTIVE	1	REGISTRATION	Registration
3787	DENTVX2 GETWP	GETWP	DENTVX2	2	ARRAY	A		ACTIVE		DENTAL	Dental
3788	DENTVX2 FILEWP	FILEWP	DENTVX2	1	SINGLE VALUE	A		ACTIVE		DENTAL	Dental
3789	DENTVGUI VERSION GET	VERSION	DENTVGUI	1	SINGLE VALUE	A		ACTIVE		DENTAL	Dental
379	ORWDX WRLST	WRLST	ORWDX	2	ARRAY			ACTIVE		ORDER ENTRY/RESULTS REPORTING	Order Entry Results Reporting
3790	DENTVICD ACTICD	ACTICD	DENTVICD	1	SINGLE VALUE	A		ACTIVE		DENTAL	Dental
3791	DENTVICD ICD GET DIAG	ICD	DENTVICD	1	SINGLE VALUE	A		ACTIVE		DENTAL	Dental
3792	DENTVICD LIST	LIST	DENTVICD	4	GLOBAL ARRAY	A		ACTIVE		DENTAL	Dental
3793	DENTVICD ICD10 ACTIVATION DATE	ICD10	DENTVICD	1	SINGLE VALUE	A		ACTIVE		DENTAL	Dental
3794	MPI VISTA HWS CONFIG	CHANGE	XUMVIWSC	2	ARRAY	R	0	ACTIVE	1	KERNEL	Kernel
3795	DSIV ACTIVE USER	ACT	DSIVDUZ	1	SINGLE VALUE	A		ACTIVE		INSURANCE CAPTURE BUFFER	Insurance Capture Buffer
3796	DSIV XPAR GET VALUE	GET1	DSIVXPR	1	SINGLE VALUE	A		ACTIVE		INSURANCE CAPTURE BUFFER	Insurance Capture Buffer
3797	DSIV LOCK	LOCK	DSIVLOCK	1	SINGLE VALUE	A		ACTIVE		INSURANCE CAPTURE BUFFER	Insurance Capture Buffer
3798	DSIV SEND ALERT	SEND	DSIVXQA	1	SINGLE VALUE	A		ACTIVE		INSURANCE CAPTURE BUFFER	Insurance Capture Buffer
3799	DSIV VA DEFAULT SITE	SITE	DSIVVA	1	SINGLE VALUE	A		ACTIVE		INSURANCE CAPTURE BUFFER	Insurance Capture Buffer
38	SC KEY CHECK	SECKEY	SCUTBK11	1	SINGLE VALUE	P		ACTIVE		SCHEDULING	Scheduling
380	ORQQCN SHOW SF513	SHOW513	ORQQCN2	4	GLOBAL ARRAY			ACTIVE		ORDER ENTRY/RESULTS REPORTING	Order Entry Results Reporting
3800	DSIV USER DEF DIV	DIV	DSIVDUZ	1	SINGLE VALUE	A		ACTIVE		INSURANCE CAPTURE BUFFER	Insurance Capture Buffer
3801	DSIV SEND MAIL MSG	SEND	DSIVXM	1	SINGLE VALUE	A		ACTIVE		INSURANCE CAPTURE BUFFER	Insurance Capture Buffer
3802	DSIV XPAR ADD	ADD	DSIVXPR	1	SINGLE VALUE	A		ACTIVE		INSURANCE CAPTURE BUFFER	Insurance Capture Buffer
3803	DSIV XPAR ADD WP	ADDWP	DSIVXPR	1	SINGLE VALUE	A		ACTIVE		INSURANCE CAPTURE BUFFER	Insurance Capture Buffer
3804	DSIV XPAR DEL ALL	DELALL	DSIVXPR	1	SINGLE VALUE	A		ACTIVE		INSURANCE CAPTURE BUFFER	Insurance Capture Buffer
3805	DSIV XPAR DEL	DEL	DSIVXPR	1	SINGLE VALUE	A		ACTIVE		INSURANCE CAPTURE BUFFER	Insurance Capture Buffer
3806	DSIV XPAR REPLACE INST	REPL	DSIVXPR	1	SINGLE VALUE	A		ACTIVE		INSURANCE CAPTURE BUFFER	Insurance Capture Buffer
3807	DSIV XPAR EDIT	CHG	DSIVXPR	1	SINGLE VALUE	A		ACTIVE		INSURANCE CAPTURE BUFFER	Insurance Capture Buffer
3808	DSIV XPAR GET ALL	GETALL	DSIVXPR	4	GLOBAL ARRAY	A		ACTIVE		INSURANCE CAPTURE BUFFER	Insurance Capture Buffer
3809	DSIV XPAR GET WP	GETWP	DSIVXPR	2	ARRAY	A		ACTIVE		INSURANCE CAPTURE BUFFER	Insurance Capture Buffer
381	ORQQCN PRINT SF513	PRT513	ORQQCN2	1	SINGLE VALUE			ACTIVE		ORDER ENTRY/RESULTS REPORTING	Order Entry Results Reporting
3810	DSIV XPD VERSION	VERSION	DSIVXPDU	1	SINGLE VALUE	A		ACTIVE		INSURANCE CAPTURE BUFFER	Insurance Capture Buffer
3811	DSIV XPD LAST INSTALL	RLAST	DSIVXPDU	1	SINGLE VALUE	A		ACTIVE		INSURANCE CAPTURE BUFFER	Insurance Capture Buffer
3812	DSIV XPAR MULT ACTION	MULT	DSIVXPR	2	ARRAY	A		ACTIVE		INSURANCE CAPTURE BUFFER	Insurance Capture Buffer
3813	DSIV XPD INSTALL LIST	INSLIST	DSIVXPDU	2	ARRAY	A		ACTIVE		INSURANCE CAPTURE BUFFER	Insurance Capture Buffer
3814	DSIV ACTIVE USER LIST	LIST	DSIVDUZ	4	GLOBAL ARRAY	A		ACTIVE		INSURANCE CAPTURE BUFFER	Insurance Capture Buffer
3815	DSIV DATE CONVERT	CNVT	DSIVDT	1	SINGLE VALUE	A		ACTIVE		INSURANCE CAPTURE BUFFER	Insurance Capture Buffer
3816	DSIV DPT GET DEMO	DEM	DSIVDPT	2	ARRAY	A		ACTIVE			
3817	DSIV FM LIST	LIST	DSIVFM05	4	GLOBAL ARRAY	A		ACTIVE		INSURANCE CAPTURE BUFFER	Insurance Capture Buffer
3818	DSIV FM GET FIELD ATTRIB	FIELD	DSIVFM06	2	ARRAY	A		ACTIVE		INSURANCE CAPTURE BUFFER	Insurance Capture Buffer
3819	DSIV FM FIND	FIND	DSIVFM05	4	GLOBAL ARRAY	A		ACTIVE		INSURANCE CAPTURE BUFFER	Insurance Capture Buffer
382	ORWDRA32 PROCMSG	PROCMSG	ORWDRA32	2	ARRAY			ACTIVE		ORDER ENTRY/RESULTS REPORTING	Order Entry Results Reporting
3820	DSIV DDR WP FILER	WP	DSIVDDR0	2	ARRAY	A		ACTIVE		INSURANCE CAPTURE BUFFER	Insurance Capture Buffer
3821	DSIV DDR UPDATE SUBFILE	UPDATE1	DSIVDDR0	2	ARRAY	A		ACTIVE		INSURANCE CAPTURE BUFFER	Insurance Capture Buffer
3822	DSIV DDR LISTER	LIST	DSIVDDR0	4	GLOBAL ARRAY	A		ACTIVE		INSURANCE CAPTURE BUFFER	Insurance Capture Buffer
3823	DSIV DDR GETS ENTRY DATA	GET	DSIVDDR0	4	GLOBAL ARRAY	A		ACTIVE		INSURANCE CAPTURE BUFFER	Insurance Capture Buffer
3824	DSIV DDR FINDER	FIND	DSIVDDR0	4	GLOBAL ARRAY	A		ACTIVE		INSURANCE CAPTURE BUFFER	Insurance Capture Buffer
3825	DSIV DDR FILER	FILE	DSIVDDR0	2	ARRAY	A		ACTIVE		INSURANCE CAPTURE BUFFER	Insurance Capture Buffer
3826	DSIV DDR DELETE ENTRY	KILL	DSIVDDR0	2	ARRAY	A		ACTIVE		INSURANCE CAPTURE BUFFER	Insurance Capture Buffer
3827	DSIV DDR UPDATE FILE	UPDATE	DSIVDDR0	2	ARRAY	A		ACTIVE		INSURANCE CAPTURE BUFFER	Insurance Capture Buffer
3828	DSIV FM GET FIELD ATTRIB MULT	MULT	DSIVFM06	2	ARRAY	A		ACTIVE		INSURANCE CAPTURE BUFFER	Insurance Capture Buffer
3829	DSIV FM FILER	FILE	DSIVFM04	2	ARRAY	A		ACTIVE		INSURANCE CAPTURE BUFFER	Insurance Capture Buffer
383	ORWDCN32 ORDRMSG	ORDRMSG	ORWDCN32	2	ARRAY			ACTIVE		ORDER ENTRY/RESULTS REPORTING	Order Entry Results Reporting
3830	DSIV LIMIT EIV	LIMITEIV	DSIVUTL	1	SINGLE VALUE	A		ACTIVE		INSURANCE CAPTURE BUFFER	Insurance Capture Buffer
3831	DSIV DDR GETS EXTENDED DATA	GET2	DSIVDDR0	4	GLOBAL ARRAY	A		ACTIVE		INSURANCE CAPTURE BUFFER	Insurance Capture Buffer
3832	DSIV XPAR GET PARAM LIST	LIST	DSIVXPR	2	ARRAY	A		ACTIVE		INSURANCE CAPTURE BUFFER	Insurance Capture Buffer
3833	MPIF DOD ACTIVITY CHECK	SITECK	MPIFDODC	1	SINGLE VALUE	P		ACTIVE		MASTER PATIENT INDEX VISTA	Master Patient Index VistA
3834	VIAB BMS	EN	VIABMS	2	ARRAY	S		ACTIVE		VISTA INTEGRATION ADAPTER	VistA Integration Adapter
3835	VIAB EDIT DEFAULT REASON	EDITDRFR	VIABRPC	1	SINGLE VALUE	R		ACTIVE		VISTA INTEGRATION ADAPTER	VistA Integration Adapter
3836	VIAB DEFAULT REQUEST REASON	DEFRFREQ	VIABRPC	4	GLOBAL ARRAY	R		ACTIVE		VISTA INTEGRATION ADAPTER	VistA Integration Adapter
3837	VIAB RADSRC	RADSRC	VIABRPC	2	ARRAY	R		ACTIVE		VISTA INTEGRATION ADAPTER	VistA Integration Adapter
3838	VIAB CURSPE	CURSPE	VIABRPC	1	SINGLE VALUE	R		ACTIVE		VISTA INTEGRATION ADAPTER	VistA Integration Adapter
3839	VIAB CPTMODS	CPTMODS	VIABRPC	2	ARRAY	R		ACTIVE		VISTA INTEGRATION ADAPTER	VistA Integration Adapter
384	ORWDRA32 RAORDITM	RAORDITM	ORWDRA32	2	ARRAY	S		ACTIVE		ORDER ENTRY/RESULTS REPORTING	Order Entry Results Reporting
3840	VIAB NOTEVSTR	NOTEVSTR	VIABRPC	1	SINGLE VALUE	R		ACTIVE		VISTA INTEGRATION ADAPTER	VistA Integration Adapter
3841	VIAB ACTPROB	ACTPROB	VIABRPC	4	GLOBAL ARRAY	R		ACTIVE		VISTA INTEGRATION ADAPTER	VistA Integration Adapter
3842	VIAA GET ITEM MASTER UPDATE	ITEM	VIAAIMUP	4	GLOBAL ARRAY	R		ACTIVE	1	REAL TIME LOCATION SYSTEM	Real Time Location System
3843	VIAA GET INVENTORY POINT ITEMS	IPQRY	VIAAIPDE	4	GLOBAL ARRAY	R		ACTIVE	1	REAL TIME LOCATION SYSTEM	Real Time Location System
3844	VIAA SET PAR LEVELS IN GIP	SETPAR	VIAAPAR	4	GLOBAL ARRAY	R		ACTIVE	1	REAL TIME LOCATION SYSTEM	Real Time Location System
3845	VIAA SET QUANTITY ON HAND	QOH	VIAASQH	4	GLOBAL ARRAY	R		ACTIVE	1	REAL TIME LOCATION SYSTEM	Real Time Location System
3846	VIAA GET PATIENT DATA	RTLSPT	VIAAPTR	4	GLOBAL ARRAY	R		ACTIVE		REAL TIME LOCATION SYSTEM	Real Time Location System
3847	VIAA GET EMPLOYEE DATA	RTLSNP	VIAANPR	2	ARRAY	R		ACTIVE		REAL TIME LOCATION SYSTEM	Real Time Location System
3848	VIAA GET CATHLAB PATCH STATUS	PINGRP	VIAAMB2	1	SINGLE VALUE	R		ACTIVE		REAL TIME LOCATION SYSTEM	Real Time Location System
3849	SDECDEM MARITAL	MARITAL	SDECDEM	4	GLOBAL ARRAY	R	0	ACTIVE		SCHEDULING	Scheduling
385	ORWDRA32 ISOLATN	ISOLATN	ORWDRA32	1	SINGLE VALUE			ACTIVE		ORDER ENTRY/RESULTS REPORTING	Order Entry Results Reporting
3850	SDECDEM RELIGION	RELIGION	SDECDEM	4	GLOBAL ARRAY	R	0	ACTIVE		SCHEDULING	Scheduling
3851	SDECDEM ZIPLINK	ZIPLINK	SDECDEM	4	GLOBAL ARRAY	R	0	ACTIVE		SCHEDULING	Scheduling
3852	SDECAR3 AREDIT	AREDIT	SDECAR3	4	GLOBAL ARRAY	R	0	ACTIVE		SCHEDULING	Scheduling
3853	SDECRMGP GETRMGUP	GETRMGUP	SDECRMGP	1	SINGLE VALUE	R	0	ACTIVE		SCHEDULING	Scheduling
3854	SDECRMGP PUTRMGUP	PUTRMGUP	SDECRMGP	4	GLOBAL ARRAY	R	0	ACTIVE		SCHEDULING	Scheduling
3855	SDEC57 OBM	OBM	SDEC57	4	GLOBAL ARRAY	R	0	ACTIVE		SCHEDULING	Scheduling
3856	SDECDEV PRINT	PRINT	SDECDEV	4	GLOBAL ARRAY	R	0	ACTIVE		SCHEDULING	Scheduling
3857	SDECDEV DEV	DEV	SDECDEV	4	GLOBAL ARRAY	R	0	ACTIVE		SCHEDULING	Scheduling
3858	SDECU4 GETFONT	GETFONT	SDECU4	1	SINGLE VALUE	R	0	ACTIVE		SCHEDULING	Scheduling
3859	SDECU4 PUTFONT	PUTFONT	SDECU4	1	SINGLE VALUE	R	0	ACTIVE		SCHEDULING	Scheduling
386	ORWDRA32 APPROVAL	APPROVAL	ORWDRA32	2	ARRAY			ACTIVE		ORDER ENTRY/RESULTS REPORTING	Order Entry Results Reporting
3860	SDEC01 CLINICS	CLINICS	SDEC01	4	GLOBAL ARRAY	R	0	ACTIVE		SCHEDULING	Scheduling
3861	MBAA GET CLINIC DETAILS	GETCLN	MBAAMRP1	2	ARRAY	S		ACTIVE	1	MOBILE SCHEDULING APPLICATIONS SUITE	Mobile Scheduling Applications Suite
3862	TIU MED GET VERSION	GUIVER	TIUMED1	1	SINGLE VALUE			ACTIVE		TEXT INTEGRATION UTILITIES	Text Integration Utility
3863	VIAB EFR	EN	VIABEFR	4	GLOBAL ARRAY	R		ACTIVE		VISTA INTEGRATION ADAPTER	VistA Integration Adapter
3864	VIAB SCDIS	SCDIS	VIABRPC	2	ARRAY	R		ACTIVE		VISTA INTEGRATION ADAPTER	VistA Integration Adapter
3865	VIAB SCSEL	SCSEL	VIABRPC	1	SINGLE VALUE	R		ACTIVE		VISTA INTEGRATION ADAPTER	VistA Integration Adapter
3866	VIAB PROVDX	PROVDX	VIABRPC	1	SINGLE VALUE	R		ACTIVE		VISTA INTEGRATION ADAPTER	VistA Integration Adapter
3867	VIAB GET IMMUNIZATION TYPE	IMMTYPE	VIABRPC	2	ARRAY	R		ACTIVE		VISTA INTEGRATION ADAPTER	VistA Integration Adapter
3868	VIAB ISPROSVC	ISPROSVC	VIABRPC	1	SINGLE VALUE	R		ACTIVE		VISTA INTEGRATION ADAPTER	VistA Integration Adapter
3869	VIAB VISIT	VISIT	VIABRPC	2	ARRAY	R		ACTIVE		VISTA INTEGRATION ADAPTER	VistA Integration Adapter
387	ORWDXA VALID	VALID	ORWDXA	1	SINGLE VALUE			ACTIVE		ORDER ENTRY/RESULTS REPORTING	Order Entry Results Reporting
3870	VIAB SRGY RPTLIST	RPTLIST	VIABRPC4	4	GLOBAL ARRAY	R		ACTIVE		VISTA INTEGRATION ADAPTER	VistA Integration Adapter
3871	VIABDXC ON	ON	VIABRPC4	1	SINGLE VALUE	R		ACTIVE		VISTA INTEGRATION ADAPTER	VistA Integration Adapter
3872	VIAB DEA SIGINFO	SIGINFO	VIABRPC4	3	WORD PROCESSING	R		ACTIVE		VISTA INTEGRATION ADAPTER	VistA Integration Adapter
3873	VIAB SCHALL	SCHALL	VIABRPC4	2	ARRAY	R		ACTIVE		VISTA INTEGRATION ADAPTER	VistA Integration Adapter
3874	VIAB VALSCH	VALSCH	VIABRPC4	1	SINGLE VALUE	R		ACTIVE		VISTA INTEGRATION ADAPTER	VistA Integration Adapter
3875	VIAB ALLSPEC	ALLSPEC	VIABRPC3	2	ARRAY	S		ACTIVE		VISTA INTEGRATION ADAPTER	VistA Integration Adapter
3876	VIAB GET LAB TIMES	GETLABTM	VIABRPC3	2	ARRAY	S		ACTIVE		VISTA INTEGRATION ADAPTER	VistA Integration Adapter
3877	VIAB LOC TYPE	LOCTYPE	VIARPC3	1	SINGLE VALUE	S		ACTIVE			
3878	VIAB IMOLOC	IMOLOC	VIABRPC4	1	SINGLE VALUE			ACTIVE		VISTA INTEGRATION ADAPTER	VistA Integration Adapter
3879	VIAB INPLOC	INPLOC	VIABRPC4	2	ARRAY			ACTIVE		VISTA INTEGRATION ADAPTER	VistA Integration Adapter
388	ORWDXA HOLD	HOLD	ORWDXA	2	ARRAY			ACTIVE		ORDER ENTRY/RESULTS REPORTING	Order Entry Results Reporting
3880	VIAB ALLSAMP	ALLSAMP	VIABRPC4	2	ARRAY			ACTIVE		VISTA INTEGRATION ADAPTER	VistA Integration Adapter
3881	VIAB MAXDAYS	MAXDAYS	VIABRPC4	1	SINGLE VALUE			ACTIVE		VISTA INTEGRATION ADAPTER	VistA Integration Adapter
3882	VIAB DOWSCH	DOWSCH	VIABRPC3	2	ARRAY			ACTIVE	1	VISTA INTEGRATION ADAPTER	VistA Integration Adapter
3883	VIAB FUTURE LAB COLLECTS	LCFUTR	VIABRPC3	1	SINGLE VALUE			ACTIVE	1	VISTA INTEGRATION ADAPTER	VistA Integration Adapter
3884	VIAB DEATEXT	DEATEXT	VIABRPC3	3	WORD PROCESSING			ACTIVE	1	VISTA INTEGRATION ADAPTER	VistA Integration Adapter
3885	VIAB IC VALID	ICVALID	VIABRPC3	1	SINGLE VALUE			ACTIVE	1	VISTA INTEGRATION ADAPTER	VistA Integration Adapter
3886	VIAB TIU SECVST	SECVST	VIABRPC	1	SINGLE VALUE			ACTIVE		VISTA INTEGRATION ADAPTER	VistA Integration Adapter
3887	VIAB IMMED COLLECT	IMMCOLL	VIABRPC	2	ARRAY			ACTIVE		VISTA INTEGRATION ADAPTER	VistA Integration Adapter
3888	VIAB ADMIN	ADMIN	VIABRPC	1	SINGLE VALUE			ACTIVE		VISTA INTEGRATION ADAPTER	VistA Integration Adapter
3889	VIAB DFLTSPLY	DFLTSPLY	VIABRPC	1	SINGLE VALUE			ACTIVE		VISTA INTEGRATION ADAPTER	VistA Integration Adapter
389	ORWDXA UNHOLD	UNHOLD	ORWDXA	2	ARRAY			ACTIVE		ORDER ENTRY/RESULTS REPORTING	Order Entry Results Reporting
3890	VIAB DEVICE	DEVICE	VIABRPC	2	ARRAY			ACTIVE		VISTA INTEGRATION ADAPTER	VistA Integration Adapter
3891	HMP RESOURCE VALUES	EN	HMPRPCRC	2	ARRAY			ACTIVE		ENTERPRISE HEALTH MANAGEMENT PLATFORM	Enterprise Health Management Platform
3892	HMP RESOURCE SLOT CLEAR	CLEAR	HMPRPCRC	1	SINGLE VALUE			ACTIVE		ENTERPRISE HEALTH MANAGEMENT PLATFORM	Enterprise Health Management Platform
3893	SDEC APPT STATUS	APPT	SDECEP	1	SINGLE VALUE	R	0	ACTIVE		SCHEDULING	Scheduling
3894	SDEC EP DEMOGRAPHICS	GETDEM	SDECEPT	1	SINGLE VALUE	R		ACTIVE		SCHEDULING	Scheduling
3895	SDEC EP EVENT LOG	GETEVT	SDECEPT	1	SINGLE VALUE	R		ACTIVE		SCHEDULING	Scheduling
3896	SDEC EP WAIT TIME	GETWT	SDECEPT	1	SINGLE VALUE	R		ACTIVE		SCHEDULING	Scheduling
3897	SDEC EP PT INFO	GETPTIN	SDECEPT	1	SINGLE VALUE	R		ACTIVE		SCHEDULING	Scheduling
3898	SDEC EP CLASSIFICATION	CLASS	SDECEP	1	SINGLE VALUE	R		ACTIVE		SCHEDULING	Scheduling
3899	SDEC EP DIAGNOSIS	DIAGN	SDECEP	1	SINGLE VALUE	R		ACTIVE		SCHEDULING	Scheduling
39	SCTM AUTOLINK SETRECORD	SETREC	SCAPMCU3	1	SINGLE VALUE	R		ACTIVE		SCHEDULING	Scheduling
390	ORWDXA DC	DC	ORWDXA	2	ARRAY	S		ACTIVE		ORDER ENTRY/RESULTS REPORTING	Order Entry Results Reporting
3900	SDEC EP PROVIDER	PROV	SDECEP	1	SINGLE VALUE	R		ACTIVE		SCHEDULING	Scheduling
3901	SDEC EP CPT	CPT	SDECEP	1	SINGLE VALUE	R		ACTIVE		SCHEDULING	Scheduling
3902	SDEC EP STOP CODE	SCODE	SDECEP	1	SINGLE VALUE	R		ACTIVE		SCHEDULING	Scheduling
3903	SDEC ELIGIBILITY	START	SDECELG	1	SINGLE VALUE	R		ACTIVE		SCHEDULING	Scheduling
3904	SDEC CONTACT UPDATE	UPDATE	SDECCON	1	SINGLE VALUE	R		ACTIVE		SCHEDULING	Scheduling
3905	SDEC CONTACT DISPLAY	DISPLAY	SDECCON	1	SINGLE VALUE	R		ACTIVE		SCHEDULING	Scheduling
3906	SDEC CONTACT MULTI-DISPLAY	DISMULT	SDECCON	1	SINGLE VALUE	R		ACTIVE		SCHEDULING	Scheduling
3907	SDEC CONTACT NEW	NEW	SDECCON	1	SINGLE VALUE	R		ACTIVE		SCHEDULING	Scheduling
3908	SDEC CONTACT SEQUENCE	SEQ	SDECCON	1	SINGLE VALUE			ACTIVE		SCHEDULING	Scheduling
3909	SDEC CONTACT STOP CODE	GETSTC	SDECCON	1	SINGLE VALUE	R		ACTIVE		SCHEDULING	Scheduling
391	ORWDXA DCREASON	DCREASON	ORWDXA	2	ARRAY			ACTIVE		ORDER ENTRY/RESULTS REPORTING	Order Entry Results Reporting
3910	NHIN GET VISTA DATA	GET	NHINV	4	GLOBAL ARRAY	S		ACTIVE		NATIONAL HEALTH INFORMATION NETWORK	National Health Information Network
3911	RMPFDEMOG	START	RMPFRPC1	2	ARRAY	R		ACTIVE		REMOTE ORDER/ENTRY SYSTEM	Remote Order Entry System
3912	EC GET DEFAULT PROVIDER	ECDEFPRV	ECUERPC2	1	SINGLE VALUE	R		ACTIVE		EVENT CAPTURE	Event Capture
3913	EC DELETE TEST PATIENT DATA	DTPD	ECUMRPC2	4	GLOBAL ARRAY	R		ACTIVE		EVENT CAPTURE	Event Capture
3914	DG DEATH SOURCE/DOC UPDATE	BRDATA	DGDTHBR	2	ARRAY	P		ACTIVE		REGISTRATION	Registration
3915	ORWCIRN JLV LABEL	JLV	ORWCIRN	1	SINGLE VALUE			ACTIVE		ORDER ENTRY/RESULTS REPORTING	Order Entry Results Reporting
3916	ORWDSD1 ODSLCT	ODSLCT	ORWDSD1	2	ARRAY			ACTIVE		ORDER ENTRY/RESULTS REPORTING	Order Entry Results Reporting
3917	SDEC GETPRER	GETPRER	SDECAR2	1	SINGLE VALUE			ACTIVE		SCHEDULING	Scheduling
3918	SDEC ELIG RETURN	ELIG	SDECELG	1	SINGLE VALUE	R		ACTIVE		SCHEDULING	Scheduling
3919	VIAA ENG ASSET MOVE	EQMVUPD	VIAAEAD	2	ARRAY	R		ACTIVE		REAL TIME LOCATION SYSTEM	Real Time Location System
392	ORWDXA ALERT	ALERT	ORWDXA	1	SINGLE VALUE			ACTIVE		ORDER ENTRY/RESULTS REPORTING	Order Entry Results Reporting
3920	VIAA ENG GET LOCATION	GETLOC	VIAAEUT	4	GLOBAL ARRAY	R		ACTIVE		REAL TIME LOCATION SYSTEM	Real Time Location System
3921	VIAA ENG GET CATEGORY	GETCAT	VIAAEUT	4	GLOBAL ARRAY	R		ACTIVE		REAL TIME LOCATION SYSTEM	Real Time Location System
3922	VIAA ENG GET EQUIPMENT	LASTEE	VIAAEUT	4	GLOBAL ARRAY	R		ACTIVE		REAL TIME LOCATION SYSTEM	Real Time Location System
3923	VIAA ENG GET DATA	RTLSDTEX	VIAAEAD	4	GLOBAL ARRAY	R		ACTIVE		REAL TIME LOCATION SYSTEM	Real Time Location System
3924	VIAA ENG GET PRIMARY STATION	PINGRP	VIAAMB1	1	SINGLE VALUE	R		ACTIVE		REAL TIME LOCATION SYSTEM	Real Time Location System
3925	PSOERXA0 DRGMTCH	DRGMTCH	PSOERXA0	1	SINGLE VALUE			ACTIVE		OUTPATIENT PHARMACY	Outpatient Pharmacy
3926	PSOERXA0 PRVMTCH	PRVMTCH	PSOERXA0	1	SINGLE VALUE	R		ACTIVE		OUTPATIENT PHARMACY	Outpatient Pharmacy
3927	PSOERXA1 INCERX	INCERX	PSOERXA1	1	SINGLE VALUE			ACTIVE		OUTPATIENT PHARMACY	Outpatient Pharmacy
3928	SDEC BOOKHLDY	BOOKHLDY	SDEC	1	SINGLE VALUE	P	0	ACTIVE	1	SCHEDULING	Scheduling
3929	PPS NDFMS MIGR	MIGR	PSSMIGR	1	SINGLE VALUE	P	0	ACTIVE		PHARMACY DATA MANAGEMENT	Pharmacy Data Management
393	ORWDXA FLAG	FLAG	ORWDXA	2	ARRAY			ACTIVE		ORDER ENTRY/RESULTS REPORTING	Order Entry Results Reporting
3930	PPS NDFMS MIGR SYNC	SYNC	PSSMIGRS	1	SINGLE VALUE	P	0	ACTIVE		PHARMACY DATA MANAGEMENT	Pharmacy Data Management
3931	XUS MVI NEW PERSON GET	GET	XUMVINPU	4	GLOBAL ARRAY	A		ACTIVE	1	KERNEL	Kernel
3932	XUS MVI NEW PERSON UPDATE	UPDATE	XUMVINPU	1	SINGLE VALUE	A		ACTIVE	1	KERNEL	Kernel
3933	MAGN ANNOT GET IMAGE ANNOT	IMAGEL	MAGNAN03	4	GLOBAL ARRAY	R	0	ACTIVE		IMAGING	Imaging
3934	MAGN ANNOT GET PSTATE	GETPSTAT	MAGNAN02	2	ARRAY	R		ACTIVE		IMAGING	Imaging
3935	MAGN ANNOT GET STUDY	GET	MAGNAN02	2	ARRAY	R		ACTIVE		IMAGING	Imaging
3936	MAGN ANNOT STORE STUDY	STORE	MAGNAN01	2	ARRAY	R		ACTIVE		IMAGING	Imaging
3937	MAGN DELETE IMAGES BY IEN	DELIMGS	MAGNID01	4	GLOBAL ARRAY	R	0	ACTIVE		IMAGING	Imaging
3938	MAGN IMAGE EXIST BY CONTEXT	IMGEXIST	MAGNVQ02	2	ARRAY	R		ACTIVE		IMAGING	Imaging
3939	MAGN LOG IMAGE ACCESS BY IEN	LOGACT	MAGNILOG	4	GLOBAL ARRAY	R	0	ACTIVE		IMAGING	Imaging
394	ORWDXA UNFLAG	UNFLAG	ORWDXA	2	ARRAY			ACTIVE		ORDER ENTRY/RESULTS REPORTING	Order Entry Results Reporting
3940	MAGN PATIENT IMAGE LIST	IMAGEL	MAGNVQ04	4	GLOBAL ARRAY	R	0	ACTIVE		IMAGING	Imaging
3941	MAGN SET IMAGES PROPS BY IEN	SETIMGS	MAGNISET	2	ARRAY	R	0	ACTIVE		IMAGING	Imaging
3942	MAGVA GET ALL NETWORK LOCATION	GETNL	MAGVAG05	2	ARRAY	R	0	ACTIVE		IMAGING	Imaging
3943	MAGN PARAM GET LIST	GPARLIST	MAGNPARM	2	ARRAY	R	0	ACTIVE		IMAGING	Imaging
3944	MAGN PARAM GET VALUE	GET1	MAGNPARM	2	ARRAY	R	0	ACTIVE		IMAGING	Imaging
3945	MAGN PARAM SET LIST	SPARLIST	MAGNPARM	1	SINGLE VALUE	R	0	ACTIVE		IMAGING	Imaging
3946	MAGV GET RAD PROVIDER	PROVLST	MAGVIM08	2	ARRAY	P		ACTIVE		IMAGING	Imaging
3947	DG FULL ICN SHOW/UPDATE	EN	DGFLICN	1	SINGLE VALUE	P		ACTIVE		REGISTRATION	Registration
3948	VIABDX SAVE	SAVE	VIABDX	2	ARRAY	R		ACTIVE			
3949	VIAB MEDHIST	MEDHIST	VIABRPC7	4	GLOBAL ARRAY	R		ACTIVE		VISTA INTEGRATION ADAPTER	VistA Integration Adapter
395	ORWDXA FLAGTXT	FLAGTXT	ORWDXA	2	ARRAY			ACTIVE		ORDER ENTRY/RESULTS REPORTING	Order Entry Results Reporting
3950	VIABPCE SAVE	SAVE	VIABRPC	2	ARRAY	S		ACTIVE		VISTA INTEGRATION ADAPTER	VistA Integration Adapter
3951	ORWDRA32 IMMTYPSEL					S		ACTIVE			
3952	ORWDPS1 GETPRIOR	GETPRIOR	ORWDPS1	1	SINGLE VALUE			ACTIVE		ORDER ENTRY/RESULTS REPORTING	Order Entry Results Reporting
3953	ORWDPS1 GETPRIEN	GETPRIEN	ORWDPS1	1	SINGLE VALUE		0	ACTIVE		ORDER ENTRY/RESULTS REPORTING	Order Entry Results Reporting
3954	DVBA CAPRI GET REROUTE	REROST	DVBCUTL8	1	SINGLE VALUE	S	0	ACTIVE	1	AUTOMATED MED INFO EXCHANGE	Automated Medical Information Exchange
3955	DVBA CAPRI REROUTE VAMC	GETFAC	DVBACRVA	2	ARRAY	S	0	ACTIVE	1	AUTOMATED MED INFO EXCHANGE	Automated Medical Information Exchange
3956	DVBA CAPRI GET DIVISION	CDIV	DVBCUTL8	2	ARRAY	S	0	ACTIVE	1	AUTOMATED MED INFO EXCHANGE	Automated Medical Information Exchange
3957	DVBA CAPRI GET DIV COMMENT	CDIVC	DVBCUTL8	2	ARRAY	S	0	ACTIVE	1	AUTOMATED MED INFO EXCHANGE	Automated Medical Information Exchange
3958	DVBA CAPRI GET DIV EXAM	CDIVE	DVBCUTL8	2	ARRAY	S	0	ACTIVE	1	AUTOMATED MED INFO EXCHANGE	Automated Medical Information Exchange
3959	DVBA CAPRI GET REROUTE CODE	ARC	DVBCUTL8	2	ARRAY	S	0	ACTIVE	1	AUTOMATED MED INFO EXCHANGE	Automated Medical Information Exchange
396	ORWDXA COMPLETE	COMPLETE	ORWDXA	2	ARRAY			ACTIVE		ORDER ENTRY/RESULTS REPORTING	Order Entry Results Reporting
3960	DVBA CAPRI SEND REROUTE	EN	DVBCXFR1	1	SINGLE VALUE	S	0	ACTIVE	1	AUTOMATED MED INFO EXCHANGE	Automated Medical Information Exchange
3961	DVBA CAPRI REROUTE INFO	RINFO	DVBCUTL8	2	ARRAY	S	0	ACTIVE	1	AUTOMATED MED INFO EXCHANGE	Automated Medical Information Exchange
3962	DVBA CAPRI REROUTE STATUS	RPRO	DVBCUTL8	1	SINGLE VALUE	S	0	ACTIVE	1	AUTOMATED MED INFO EXCHANGE	Automated Medical Information Exchange
3963	XUS MVI NEW PERSON DATA	EP	XUMVIDTA	1	SINGLE VALUE	A		ACTIVE	1	KERNEL	Kernel
3964	MAGN CPRS IMAGE LIST	IMAGEL	MAGNTRAI	4	GLOBAL ARRAY	R		ACTIVE		IMAGING	Imaging
3965	MPIF UPDATE NAME COMP FLAG	UPDFLAG	MPIFNAMC	1	SINGLE VALUE	P		ACTIVE	1	MASTER PATIENT INDEX VISTA	Master Patient Index VistA
3966	PPS NDFMS SYNC	SYNC	PSSMIGRC	1	SINGLE VALUE	P	0	ACTIVE		PHARMACY DATA MANAGEMENT	Pharmacy Data Management
3967	YTQ GET RESULTS	LDSCORES	YTSCORE	4	GLOBAL ARRAY	S		ACTIVE		MENTAL HEALTH	Mental Health
3968	YTQ GET SCRATCH SCORES	GETTSC	YTQPXRM8	4	GLOBAL ARRAY			ACTIVE		MENTAL HEALTH	Mental Health
3969	MAG5 GET MUSE TABLE	TABLE	MAGGTU4M	2	ARRAY	R		ACTIVE		IMAGING	Imaging
397	ORWDXA VERIFY	VERIFY	ORWDXA	2	ARRAY			ACTIVE		ORDER ENTRY/RESULTS REPORTING	Order Entry Results Reporting
3970	MAG5 GET NETLOC INFO	NETLOC	MAGGTU4M	1	SINGLE VALUE	R		ACTIVE		IMAGING	Imaging
3971	MAGQBP VAL	VAL	MAGBVAL	2	ARRAY	R		ACTIVE		IMAGING	Imaging
3972	MAGQBP GETVAL	GETVAL	MAGBVAL	2	ARRAY	R		ACTIVE		IMAGING	Imaging
3973	MAGQBP SETVAL	SETVAL	MAGBVAL	2	ARRAY	R		ACTIVE		IMAGING	Imaging
3974	ORTO GETRVW	GETRVW	ORTOULT4	1	SINGLE VALUE			ACTIVE		ORDER ENTRY/RESULTS REPORTING	Order Entry Results Reporting
3975	ORTO SETRVW	SETRVW	ORTOULT4	1	SINGLE VALUE			ACTIVE		ORDER ENTRY/RESULTS REPORTING	Order Entry Results Reporting
3976	ORTO SET UAP FLAG	SETUAPF	ORTOULT4	1	SINGLE VALUE			ACTIVE		ORDER ENTRY/RESULTS REPORTING	Order Entry Results Reporting
3977	ORTO UAPOFF	UAPOFF	ORTOULT4	1	SINGLE VALUE			ACTIVE		ORDER ENTRY/RESULTS REPORTING	Order Entry Results Reporting
3978	ORTO DGROUP	DGROUP	ORTOULT4	1	SINGLE VALUE	P	0	ACTIVE		ORDER ENTRY/RESULTS REPORTING	Order Entry Results Reporting
3979	DVBA CAPRI GET EDIPI	EDIPIQ	DVBCENQ	1	SINGLE VALUE	R	0	ACTIVE	1	AUTOMATED MED INFO EXCHANGE	Automated Medical Information Exchange
398	ORWDPS32 SCSTS	SCSTS	ORWDPS33	1	SINGLE VALUE			ACTIVE		ORDER ENTRY/RESULTS REPORTING	Order Entry Results Reporting
3980	DG UPDATE NAME COMPONENTS	UPDNC	DGNAME	2	ARRAY	P		ACTIVE	1	REGISTRATION	Registration
3981	MAGN PRECACHE BY CPT	PRECACHE	MAGNPCHE	2	ARRAY	R		ACTIVE		IMAGING	Imaging
3982	CRHD GET XPAR PARAM	PARAM	CRHD6	1	SINGLE VALUE			ACTIVE		SHIFT HANDOFF TOOL	Shift Handoff Tool
3983	XUS MVI ENRICH NEW PERSON	UPDATE	XUMVIENU	1	SINGLE VALUE	A		ACTIVE	1	KERNEL	Kernel
3984	utMUNIT-TEST GROUP LOAD	GUISET	%ut	4	GLOBAL ARRAY			ACTIVE			
3985	utMUNIT-TEST LOAD	GUILOAD	%ut	4	GLOBAL ARRAY			ACTIVE			
3986	utMUNIT-TEST NEXT	GUINEXT	%ut	4	GLOBAL ARRAY			ACTIVE			
3987	XUS MVI NEW PERSON BULK GET	BULKGET	XUMVINPB	4	GLOBAL ARRAY	A		ACTIVE	1	KERNEL	Kernel
3988	XULM GET LOCK TABLE	LOCKS	XULMRPC	1	SINGLE VALUE	P	0	ACTIVE		KERNEL	Kernel
3989	XULM KILL PROCESS	KILLPROC	XULMRPC	1	SINGLE VALUE	P	0	ACTIVE		KERNEL	Kernel
399	ORWOR RESULT	RESULT	ORWOR	4	GLOBAL ARRAY			ACTIVE		ORDER ENTRY/RESULTS REPORTING	Order Entry Results Reporting
3990	DVBA CAPRI GET EDIPI2	EDIPIQ2	DVBCENQ	1	SINGLE VALUE	R	0	ACTIVE	1	AUTOMATED MED INFO EXCHANGE	Automated Medical Information Exchange
3991	VAFC MVI MGRTD FACILITIES UPDT	UPDMFAC	VAFCRPC	2	ARRAY	A	0	ACTIVE	1	REGISTRATION	Registration
3992	ORALEAPI REPORT	REPORT	ORALEAPI	2	ARRAY			ACTIVE		ORDER ENTRY/RESULTS REPORTING	Order Entry Results Reporting
3993	IBTAS 837 CLAIM DATA	GET	IBCE837H	2	ARRAY	R	0	ACTIVE	1	INTEGRATED BILLING	Integrated Billing
3994	IBTAS 837 EDICLAIMS	GET	IBCE837I	2	ARRAY	R	0	ACTIVE	1	INTEGRATED BILLING	Integrated Billing
3995	IBTAS 837 ACK	GET	IBCE837K	2	ARRAY	R	0	ACTIVE	1	INTEGRATED BILLING	Integrated Billing
3996	IBTAS HEALTH	HEALTH	IBTASHLT	2	ARRAY	P	0	ACTIVE	1	INTEGRATED BILLING	Integrated Billing
3997	IBECEA COPAY SYNCH	RETURN	IBECEA38	4	GLOBAL ARRAY	R		ACTIVE		INTEGRATED BILLING	Integrated Billing
3998	XOBV VALIDATE SAML	SAML	XOBVSAML	2	ARRAY	R		ACTIVE	1	VISTALINK	VistALink
3999	ORWPT2 COVID	COVID	ORWPT2	1	SINGLE VALUE	P		ACTIVE		ORDER ENTRY/RESULTS REPORTING	Order Entry Results Reporting
4	XWB EGCHO SORT LIST	SRT	XWBZ1	2	ARRAY	R		ACTIVE		RPC BROKER	RPC Broker
40	SCTM AUTOLINK GETLINK	GETLINK	SCAPMCU3	2	ARRAY	R		ACTIVE		SCHEDULING	Scheduling
400	ORWDXA WCGET	WCGET	ORWDXA	2	ARRAY			ACTIVE		ORDER ENTRY/RESULTS REPORTING	Order Entry Results Reporting
4000	ORWOTHER SHWOTHER	SHWOTHER	ORWOTHER	1	SINGLE VALUE			ACTIVE		ORDER ENTRY/RESULTS REPORTING	Order Entry Results Reporting
4001	ORWOTHER DETAIL	DETAIL	ORWOTHER	4	GLOBAL ARRAY			ACTIVE		ORDER ENTRY/RESULTS REPORTING	Order Entry Results Reporting
4002	SDEC SUMMGET2	SUMMGET2	SDEC	4	GLOBAL ARRAY	R	0	ACTIVE		SCHEDULING	Scheduling
4003	SDEC RESCE	RESOURCE	SDEC01C	4	GLOBAL ARRAY	S	0	ACTIVE	1	SCHEDULING	Scheduling
4004	SDECAR1 ARGUID	ARGUID	SDECAR1	4	GLOBAL ARRAY	P		ACTIVE		SCHEDULING	Scheduling
4005	YTQREST QENTRY	QENTRY	YTQREST0	2	ARRAY	R		ACTIVE	1	MENTAL HEALTH	Mental Health
4006	YTQRRPC SELECT	SELECT	YTQRRPC	2	ARRAY	R		ACTIVE		MENTAL HEALTH	Mental Health
4007	YTQREST QSTAFF	QSTAFF	YTQREST0	2	ARRAY	R		ACTIVE	1	MENTAL HEALTH	Mental Health
4008	XUS IS USER ACTIVE	ACTIVE	XUESSO4	1	SINGLE VALUE	P		ACTIVE		KERNEL	Kernel
4009	VAFC GETRELATIONSHIPS	GET	VAFCREL	3	WORD PROCESSING	P		ACTIVE	1	REGISTRATION	Registration
401	ORWDXA WCPUT	WCPUT	ORWDXA	1	SINGLE VALUE			ACTIVE		ORDER ENTRY/RESULTS REPORTING	Order Entry Results Reporting
4010	YTQ SAVE ADMIN	SAVEADM	YTQAPI5A	2	ARRAY	S		ACTIVE		MENTAL HEALTH	Mental Health
4011	TIU LOAD RECORD TEXT	CPGT4EDT	TIUSRVR	4	GLOBAL ARRAY	S		ACTIVE		TEXT INTEGRATION UTILITIES	Text Integration Utility
4012	TIU ANCILLARY PACKAGE MESSAGE	ANPKGMSG	TIUSRVP	2	ARRAY	S	0	ACTIVE		TEXT INTEGRATION UTILITIES	Text Integration Utility
4013	TIU LINK SECONDARY VISIT	LNKSVST	TIUPXAP3	1	SINGLE VALUE	S	0	ACTIVE		TEXT INTEGRATION UTILITIES	Text Integration Utility
4014	WVRPCOR COVER	COVER	WVRPCOR	2	ARRAY	S	0	ACTIVE		WOMEN'S HEALTH	Womens Health
4015	WVRPCOR POSTREP	POSTREP	WVRPCOR	2	ARRAY	S	0	ACTIVE		WOMEN'S HEALTH	Womens Health
4016	WVRPCOR SAVEDATA	SAVEDATA	WVRPCOR2	1	SINGLE VALUE	S	0	ACTIVE		WOMEN'S HEALTH	Womens Health
4017	WVRPCOR EIE	EIE	WVRPCOR1	1	SINGLE VALUE	S	0	ACTIVE		WOMEN'S HEALTH	Womens Health
4018	WVRPCOR REASONS	REASONS	WVRPCOR1	2	ARRAY	S	0	ACTIVE		WOMEN'S HEALTH	Womens Health
4019	WVRPCOR SITES	SITES	WVRPCOR1	2	ARRAY	S	0	ACTIVE		WOMEN'S HEALTH	Womens Health
402	ORWDRA32 IMTYPSEL	IMTYPSEL	ORWDRA32	2	ARRAY			ACTIVE		ORDER ENTRY/RESULTS REPORTING	Order Entry Results Reporting
4020	WVRPCOR CONSAVE	CONSAVE	WVRPCOR1	2	ARRAY	S	0	ACTIVE		WOMEN'S HEALTH	Womens Health
4021	WVRPCOR DETAIL	DETAIL	WVRPCOR	2	ARRAY	S	0	ACTIVE		WOMEN'S HEALTH	Womens Health
4022	PXRMRPCG GENFUPD	GENFUPD	PXRMRPCG	2	ARRAY	A		ACTIVE		CLINICAL REMINDERS	Clinical Reminders
4023	PXRMRPCC PROMPTVL	PROMPTVL	PXRMRPCC	1	SINGLE VALUE	A		ACTIVE		CLINICAL REMINDERS	Clinical Reminders
4024	PXRMRPCG CANCEL	CANCEL	PXRMRPCG	1	SINGLE VALUE	A		ACTIVE		CLINICAL REMINDERS	Clinical Reminders
4025	PXRMRPCG VIEW	VIEW	PXRMRPCG	2	ARRAY	A	0	ACTIVE		CLINICAL REMINDERS	Clinical Reminders
4026	PXRMRPCG GENFVALD	GENFVALD	PXRMRPCG	2	ARRAY	A	0	ACTIVE		CLINICAL REMINDERS	Clinical Reminders
4027	ORWTIU EXCCOPY	EXCCOPY	ORWTIU	1	SINGLE VALUE			ACTIVE		ORDER ENTRY/RESULTS REPORTING	Order Entry Results Reporting
4028	ORWTIU PCTCOPY	PCTCOPY	ORWTIU	1	SINGLE VALUE			ACTIVE		ORDER ENTRY/RESULTS REPORTING	Order Entry Results Reporting
4029	ORWTIU WRDCOPY	WRDCOPY	ORWTIU	1	SINGLE VALUE			ACTIVE		ORDER ENTRY/RESULTS REPORTING	Order Entry Results Reporting
403	ORWDXQ DLGNAME	DLGNAME	ORWDXQ	1	SINGLE VALUE			ACTIVE		ORDER ENTRY/RESULTS REPORTING	Order Entry Results Reporting
4030	ORWTIU SVCOPY	SVCOPY	ORWTIU	1	SINGLE VALUE			ACTIVE		ORDER ENTRY/RESULTS REPORTING	Order Entry Results Reporting
4031	ORWTIU GETPASTE	GETPASTE	ORWTIU	2	ARRAY			ACTIVE		ORDER ENTRY/RESULTS REPORTING	Order Entry Results Reporting
4032	ORWTIU SVPASTE	SVPASTE	ORWTIU	2	ARRAY			ACTIVE		ORDER ENTRY/RESULTS REPORTING	Order Entry Results Reporting
4033	ORWTIU VIEWCOPY	VIEWCOPY	ORWTIU	1	SINGLE VALUE			ACTIVE		ORDER ENTRY/RESULTS REPORTING	Order Entry Results Reporting
4034	ORWTIU LDCPIDNT	LDCPIDNT	ORWTIU	1	SINGLE VALUE			ACTIVE		ORDER ENTRY/RESULTS REPORTING	Order Entry Results Reporting
4035	ORWTIU SVCPIDNT	SVCPIDNT	ORWTIU	1	SINGLE VALUE			ACTIVE		ORDER ENTRY/RESULTS REPORTING	Order Entry Results Reporting
4036	ORQPT PTEAMPR	PTEAMPR	ORQPTQ1	2	ARRAY	S		ACTIVE		ORDER ENTRY/RESULTS REPORTING	Order Entry Results Reporting
4037	ORQPT PTEAM PATIENTS	PTEAMPTS	ORQPTQ1	2	ARRAY	S		ACTIVE		ORDER ENTRY/RESULTS REPORTING	Order Entry Results Reporting
4038	ORWTPT GETPTEAM	GETPTEAM	ORWTPT	2	ARRAY			ACTIVE		ORDER ENTRY/RESULTS REPORTING	Order Entry Results Reporting
4039	ORWTPP PCMTEAMS	PCMTEAMS	ORWTPP	2	ARRAY			ACTIVE		ORDER ENTRY/RESULTS REPORTING	Order Entry Results Reporting
404	ORWDXQ GETQLST	GETQLST	ORWDXQ	2	ARRAY			ACTIVE		ORDER ENTRY/RESULTS REPORTING	Order Entry Results Reporting
4040	ORB3UTL DEFER	DEFER	ORB3UTL	1	SINGLE VALUE			ACTIVE		ORDER ENTRY/RESULTS REPORTING	Order Entry Results Reporting
4041	ORB3UTL NOTIFPG	NOTIFPG	ORB3UTL	4	GLOBAL ARRAY			ACTIVE		ORDER ENTRY/RESULTS REPORTING	Order Entry Results Reporting
4042	ORB3UTL GET NOTIFICATION	GETNOTIF	ORB3UTL	4	GLOBAL ARRAY	P		ACTIVE		ORDER ENTRY/RESULTS REPORTING	Order Entry Results Reporting
4043	ORB3UTL GET DESCRIPTION	GETDESC	ORB3UTL	4	GLOBAL ARRAY			ACTIVE		ORDER ENTRY/RESULTS REPORTING	Order Entry Results Reporting
4044	ORB3UTL GET EXISTING NOTES	GETNOTES	ORB3UTL	4	GLOBAL ARRAY			ACTIVE		ORDER ENTRY/RESULTS REPORTING	Order Entry Results Reporting
4045	ORBSMART ISSMNOT	ISSMNOT	ORBSMART	1	SINGLE VALUE			ACTIVE		ORDER ENTRY/RESULTS REPORTING	Order Entry Results Reporting
4046	ORWDPS1 MAXDS	MAXDS	ORWDPS1	1	SINGLE VALUE			ACTIVE		ORDER ENTRY/RESULTS REPORTING	Order Entry Results Reporting
4047	ORWTIU START	START	ORWTIU	1	SINGLE VALUE			ACTIVE		ORDER ENTRY/RESULTS REPORTING	Order Entry Results Reporting
4048	ORWTIU STOP	STOP	ORWTIU	1	SINGLE VALUE			ACTIVE		ORDER ENTRY/RESULTS REPORTING	Order Entry Results Reporting
4049	ORWTIU POLL	POLL	ORWTIU	2	ARRAY			ACTIVE		ORDER ENTRY/RESULTS REPORTING	Order Entry Results Reporting
405	ORWPCE ACTIVE PROV	ACTIVPRV	ORWPCE2	1	SINGLE VALUE			ACTIVE		ORDER ENTRY/RESULTS REPORTING	Order Entry Results Reporting
4050	ORWDXC2 SAVECANC	SAVECANC	ORWDXC2	1	SINGLE VALUE			ACTIVE		ORDER ENTRY/RESULTS REPORTING	Order Entry Results Reporting
4051	ORDDPAPI RLSMSG	RLSMSG	ORDDPAPI	3	WORD PROCESSING			ACTIVE		ORDER ENTRY/RESULTS REPORTING	Order Entry Results Reporting
4052	ORNORC CANCEL	CANCEL	ORNORC					ACTIVE		ORDER ENTRY/RESULTS REPORTING	Order Entry Results Reporting
4053	ORWORB GETLTXT	GETLTXT	ORWORB	2	ARRAY			ACTIVE		ORDER ENTRY/RESULTS REPORTING	Order Entry Results Reporting
4054	ORBSMART INSMALRT	INSMALRT	ORBSMART	1	SINGLE VALUE			ACTIVE		ORDER ENTRY/RESULTS REPORTING	Order Entry Results Reporting
4055	ORBSMART OUSMALRT	OUSMALRT	ORBSMART	1	SINGLE VALUE			ACTIVE		ORDER ENTRY/RESULTS REPORTING	Order Entry Results Reporting
4056	ORWTPD GETOCMIN	GETOCMIN	ORWTPD	1	SINGLE VALUE			ACTIVE		ORDER ENTRY/RESULTS REPORTING	Order Entry Results Reporting
4057	ORWTPD GETOCMOP	GETOCMOP	ORWTPD	1	SINGLE VALUE			ACTIVE		ORDER ENTRY/RESULTS REPORTING	Order Entry Results Reporting
4058	ORWTPD PUTOCMIN	PUTOCMIN	ORWTPD	1	SINGLE VALUE			ACTIVE		ORDER ENTRY/RESULTS REPORTING	Order Entry Results Reporting
4059	ORWTPD PUTOCMOP	PUTOCMOP	ORWTPD	1	SINGLE VALUE			ACTIVE		ORDER ENTRY/RESULTS REPORTING	Order Entry Results Reporting
406	ORWDLR32 MAXDAYS	MAXDAYS	ORWDLR33	1	SINGLE VALUE	S		ACTIVE		ORDER ENTRY/RESULTS REPORTING	Order Entry Results Reporting
4060	ORWDSD1 GETINFO	GETINFO	ORWDSD1	2	ARRAY			ACTIVE		ORDER ENTRY/RESULTS REPORTING	Order Entry Results Reporting
4061	ORQQPXRM REMINDER LINK SEQ	AFFSEQ	ORQQPXRM	2	ARRAY	S	0	ACTIVE		ORDER ENTRY/RESULTS REPORTING	Order Entry Results Reporting
4062	OROTHCL GET	GET	OROTHCL	2	ARRAY	S		ACTIVE		ORDER ENTRY/RESULTS REPORTING	Order Entry Results Reporting
4063	ORWDRA32 RADLONG	RADLONG	ORWDRA32	1	SINGLE VALUE			ACTIVE		ORDER ENTRY/RESULTS REPORTING	Order Entry Results Reporting
4064	ORDEA AUINTENT	AUINTENT	ORDEA	1	SINGLE VALUE			ACTIVE		ORDER ENTRY/RESULTS REPORTING	Order Entry Results Reporting
4065	ORWU SYSPARAM	JSYSPARM	ORWU	4	GLOBAL ARRAY			ACTIVE		ORDER ENTRY/RESULTS REPORTING	Order Entry Results Reporting
4066	SDECSTNG HELPLINK	HELPLINK	SDECSTNG	4	GLOBAL ARRAY	R	0	ACTIVE		SCHEDULING	Scheduling
4067	WEBG XPAR ADD	ADDPARAM	WEBGRPCS	1	SINGLE VALUE	R		ACTIVE	1	WEBVRAM	WEBVRAM
4068	WEBG XPAR UPDATE	UPDPARAM	WEBGRPCS	1	SINGLE VALUE	R		ACTIVE	1	WEBVRAM	WEBVRAM
4069	WEBG XPAR DELETE	DELPARAM	WEBGRPCS	1	SINGLE VALUE	R		ACTIVE	1	WEBVRAM	WEBVRAM
407	ORWDXQ PUTQLST	PUTQLST	ORWDXQ	1	SINGLE VALUE			ACTIVE		ORDER ENTRY/RESULTS REPORTING	Order Entry Results Reporting
4070	WEBG XPAR GET	GETPARAM	WEBGRPCS	1	SINGLE VALUE	R		ACTIVE	1	WEBVRAM	WEBVRAM
4071	DVBAB PRF POPUP	TRIGRPOP	DVBCPRF	1	SINGLE VALUE	S		ACTIVE	1	AUTOMATED MED INFO EXCHANGE	Automated Medical Information Exchange
4072	DVBAB HASFLG	HASFLG	DVBCPRF	2	ARRAY	S		ACTIVE	1	AUTOMATED MED INFO EXCHANGE	Automated Medical Information Exchange
4073	DVBAB GETFLAG	GETFLG	DVBCPRF	2	ARRAY	S		ACTIVE	1	AUTOMATED MED INFO EXCHANGE	Automated Medical Information Exchange
4074	DVBAB CLRFLG	CLEAR	DVBCPRF	1	SINGLE VALUE	S		ACTIVE	1	AUTOMATED MED INFO EXCHANGE	Automated Medical Information Exchange
4075	DVBAB SELF REFERRAL	SELFREF	DVBCENQ	2	ARRAY	R	0	ACTIVE	1	AUTOMATED MED INFO EXCHANGE	Automated Medical Information Exchange
4076	VIAB GETDEM	GETDEM	VIABRPC3	4	GLOBAL ARRAY	P		ACTIVE		VISTA INTEGRATION ADAPTER	VistA Integration Adapter
4077	MPI RETURN PRIMARY VIEW DATA	PVDATA	MPIRPC1	4	GLOBAL ARRAY	P	0	ACTIVE	1		
4078	VIAB PATCH	PATCH	VIABRPC	1	SINGLE VALUE	P		ACTIVE		VISTA INTEGRATION ADAPTER	VistA Integration Adapter
4079	DVBA MVI CERNER CORRELATIONS	GETACC	DVBAMVI2	1	SINGLE VALUE	P		ACTIVE	1	AUTOMATED MED INFO EXCHANGE	Automated Medical Information Exchange
408	ORWDXQ PUTQNAM	PUTQNAM	ORWDXQ	1	SINGLE VALUE			ACTIVE		ORDER ENTRY/RESULTS REPORTING	Order Entry Results Reporting
4080	MPI GETCORRESPONDINGIDS		DVBC223P	2	ARRAY	P	0	ACTIVE	1	AUTOMATED MED INFO EXCHANGE	Automated Medical Information Exchange
4081	ORPDMP STRTPDMP	STRTPDMP	ORPDMP	4	GLOBAL ARRAY			ACTIVE		ORDER ENTRY/RESULTS REPORTING	Order Entry Results Reporting
4082	ORPDMP CHCKTASK	CHCKTASK	ORPDMP	4	GLOBAL ARRAY			ACTIVE		ORDER ENTRY/RESULTS REPORTING	Order Entry Results Reporting
4083	ORPDMPNT MAKENOTE	MAKENOTE	ORPDMPNT	1	SINGLE VALUE			ACTIVE		ORDER ENTRY/RESULTS REPORTING	Order Entry Results Reporting
4084	ORPDMP STOPTASK	STOPTASK	ORPDMP	1	SINGLE VALUE			ACTIVE		ORDER ENTRY/RESULTS REPORTING	Order Entry Results Reporting
4085	ORPDMP VIEWEDREPORT	VIEWEDREPORT	ORPDMP	1	SINGLE VALUE			ACTIVE		ORDER ENTRY/RESULTS REPORTING	Order Entry Results Reporting
4086	ORPDMP GETCACHE	GETCACHE	ORPDMP	4	GLOBAL ARRAY			ACTIVE		ORDER ENTRY/RESULTS REPORTING	Order Entry Results Reporting
4087	ORPDMPNT RECNTNOTE	RECNTNOTE	ORPDMPNT	1	SINGLE VALUE			ACTIVE		ORDER ENTRY/RESULTS REPORTING	Order Entry Results Reporting
4088	ORWPT GET FULL ICN	GETFICN	ORWPT	1	SINGLE VALUE			ACTIVE		ORDER ENTRY/RESULTS REPORTING	Order Entry Results Reporting
4089	YTQ ADMIN SAVE	ADMSAVE	YTQAPI1	2	ARRAY	S		ACTIVE		MENTAL HEALTH	Mental Health
409	ORWDXQ DLGSAVE	DLGSAVE	ORWDXQ	1	SINGLE VALUE			ACTIVE		ORDER ENTRY/RESULTS REPORTING	Order Entry Results Reporting
4090	PSOERXI1 INCERX	INCERX	PSOERXI1	1	SINGLE VALUE	R		ACTIVE		OUTPATIENT PHARMACY	Outpatient Pharmacy
4091	BPS TAS CLAIM DATA EXTRACT	EXTRACT	BPSRPC02	4	GLOBAL ARRAY	R	0	ACTIVE	1	E CLAIMS MGMT ENGINE	E Claims Management Engine
4092	BPS TAS TXN IENS NEW	RPC2	BPSRPC01	4	GLOBAL ARRAY	R	0	ACTIVE	1	E CLAIMS MGMT ENGINE	E Claims Management Engine
4093	BPS TAS CLAIM WRITE BACK	PUT	BPSRPC03	2	ARRAY	R	0	ACTIVE	1	E CLAIMS MGMT ENGINE	E Claims Management Engine
4094	BPS TAS DATABASE RESET	EN	BPSTASDB	2	ARRAY	R	0	ACTIVE	1	E CLAIMS MGMT ENGINE	E Claims Management Engine
4095	IBTAS FACILITY BY VISN	FACILITY	IBTASFAC	4	GLOBAL ARRAY	R	0	ACTIVE	1	INTEGRATED BILLING	Integrated Billing
4096	SDEC CANCMT	CANCMT	SDEC45	4	GLOBAL ARRAY	P		ACTIVE		SCHEDULING	Scheduling
4097	SDEC VVC_APPT	VVCAPPT	SDECVVC	4	GLOBAL ARRAY	P		ACTIVE		SCHEDULING	Scheduling
4098	SDEC CLINIC GROUP LOOKUP	CLGRPLK	SDEC1	4	GLOBAL ARRAY	R		ACTIVE	1	SCHEDULING	Scheduling
4099	SDEC CLINIC GROUP RETURN	RESGRP	SDEC1	4	GLOBAL ARRAY	R	0	ACTIVE	1	SCHEDULING	Scheduling
41	SCRP DEFINITION GETRECORD	GETREC	SCRPBK	2	ARRAY	R		ACTIVE		SCHEDULING	Scheduling
410	ORWDXQ GETQNAM	GETQNAM	ORWDXQ	1	SINGLE VALUE			ACTIVE		ORDER ENTRY/RESULTS REPORTING	Order Entry Results Reporting
4100	SDEC GETWLIEN	GETWLIEN	SDEC1	1	SINGLE VALUE	R		ACTIVE		SCHEDULING	Scheduling
4101	YTQREST QADMIN	QADMIN	YTQREST	2	ARRAY	R		ACTIVE	1	MENTAL HEALTH	Mental Health
4102	SDEC CONTACT DISPLAY SINGLE	DISPLAY1	SDEC1	1	SINGLE VALUE	R		ACTIVE	1	SCHEDULING	Scheduling
4103	SDEC CONTACT SEQUENCE SINGLE	SEQ1	SDEC1	1	SINGLE VALUE	R		ACTIVE	1	SCHEDULING	Scheduling
4104	SDEC GETVVSMAKEINFO	GETVVSMAKEINFO	SDEC1	1	SINGLE VALUE	R		ACTIVE	1	SCHEDULING	Scheduling
4105	SDEC SEARCH VVS PROVIDERS	VVSPROSEARCH	SDEC1	1	SINGLE VALUE	R		ACTIVE		SCHEDULING	Scheduling
4106	SDEC SPACEBAR VVS PRO	GETSPACEBARPRO	SDEC1	1	SINGLE VALUE	R		ACTIVE	1	SCHEDULING	Scheduling
4107	SDEC VVS SAVE ID	SAVEVVSID	SDEC1	1	SINGLE VALUE	R		ACTIVE	1	SCHEDULING	Scheduling
4108	SDEC VVS GET ID	GETVVSID	SDEC1	1	SINGLE VALUE	R		ACTIVE	1	SCHEDULING	Scheduling
4109	SDEC VVS DELETE ID	DELETEVVSID	SDEC1	1	SINGLE VALUE	R		ACTIVE	1	SCHEDULING	Scheduling
411	ORWDX LOADRSP	LOADRSP	ORWDX	2	ARRAY			ACTIVE		ORDER ENTRY/RESULTS REPORTING	Order Entry Results Reporting
4110	ORWTIU TEMPLATE PREFERENCES	REQDFLD	ORWTIU	1	SINGLE VALUE			ACTIVE		ORDER ENTRY/RESULTS REPORTING	Order Entry Results Reporting
4111	ORWLRAP1 CONFIG	CONFIG	ORWLRAP1	4	GLOBAL ARRAY			ACTIVE		ORDER ENTRY/RESULTS REPORTING	Order Entry Results Reporting
4112	ORWLRAP1 SPEC	SPEC	ORWLRAP1	4	GLOBAL ARRAY			ACTIVE		ORDER ENTRY/RESULTS REPORTING	Order Entry Results Reporting
4113	ORWDAL32 CHKMEDS	CHKMEDS	ORWDAL32	2	ARRAY	R	0	ACTIVE		ORDER ENTRY/RESULTS REPORTING	Order Entry Results Reporting
4114	ORWDAL32 GETPROV	GETPROV	ORWDAL32	2	ARRAY		0	ACTIVE		ORDER ENTRY/RESULTS REPORTING	Order Entry Results Reporting
4115	ORWDAL32 SENDALRT	SENDALRT	ORWDAL32	1	SINGLE VALUE		0	ACTIVE		ORDER ENTRY/RESULTS REPORTING	Order Entry Results Reporting
4116	ORWTPP GETSURRS	GETSURRS	ORWTPP	2	ARRAY			ACTIVE		ORDER ENTRY/RESULTS REPORTING	Order Entry Results Reporting
4117	ORWTPP SURRDFLT	SURRDFLT	ORWTPP	1	SINGLE VALUE			ACTIVE		ORDER ENTRY/RESULTS REPORTING	Order Entry Results Reporting
4118	ORWDXA1 FLAGACT	FLAGACT	ORWDXA1	2	ARRAY			ACTIVE		ORDER ENTRY/RESULTS REPORTING	Order Entry Results Reporting
4119	ORWDXA1 FLAGCOM	FLAGCOM	ORWDXA1	2	ARRAY			ACTIVE		ORDER ENTRY/RESULTS REPORTING	Order Entry Results Reporting
412	ORWDX FORMID	FORMID	ORWDX	1	SINGLE VALUE			ACTIVE		ORDER ENTRY/RESULTS REPORTING	Order Entry Results Reporting
4120	ORWDXA1 FLAGTXTS	FLAGTXTS	ORWDXA1	2	ARRAY			ACTIVE		ORDER ENTRY/RESULTS REPORTING	Order Entry Results Reporting
4121	ORWPS1 NVADLG	NVADLG	ORWPS1	1	SINGLE VALUE			ACTIVE		ORDER ENTRY/RESULTS REPORTING	Order Entry Results Reporting
4123	SDEC GET PATIENT CONSULTS	CONSLIST	SDEC1	4	GLOBAL ARRAY	R		ACTIVE		SCHEDULING	Scheduling
4124	SDEC GET PATIENT APPT REQ	ARGETPAT	SDEC1	4	GLOBAL ARRAY	R		ACTIVE		SCHEDULING	Scheduling
4125	SDEC GET PATIENT RECALLS	RECGET	SDEC1	4	GLOBAL ARRAY	R	0	ACTIVE		SCHEDULING	Scheduling
4126	SDEC GET PATIENT CONSULTS JSON	JSONCONSLIST	SDEC1	2	ARRAY	R		ACTIVE		SCHEDULING	Scheduling
4127	SDEC GET PATIENT APPT REQ JSON	ARGETPATJSON	SDEC1	2	ARRAY	R		ACTIVE		SCHEDULING	Scheduling
4128	SDEC GET PATIENT RECALLS JSON	RECGETJSON	SDEC1	2	ARRAY	R	0	ACTIVE		SCHEDULING	Scheduling
4129	SDEC GET ICN	GETPATIENTICN	SDEC1	1	SINGLE VALUE	R		ACTIVE	1	SCHEDULING	Scheduling
413	ORWDXR ISREL	ISREL	ORWDXR	1	SINGLE VALUE			ACTIVE		ORDER ENTRY/RESULTS REPORTING	Order Entry Results Reporting
4130	SDEC GET PATIENT DEMOG	GETPATDEMOG	SDEC1	4	GLOBAL ARRAY	R	0	ACTIVE		SCHEDULING	Scheduling
4131	SDEC GET PATIENT RECALL BY IEN	RECGETONE	SDEC1	4	GLOBAL ARRAY	R	0	ACTIVE		SCHEDULING	Scheduling
4132	SDEC GET PAT CONSULT BY IEN	CONSULT1	SDEC1	4	GLOBAL ARRAY	R	0	ACTIVE		SCHEDULING	Scheduling
4133	SDEC GET APPT REQ BY IEN JSON	ARGETIEN	SDEC1	2	ARRAY	R	0	ACTIVE		SCHEDULING	Scheduling
4134	SDEC GET PATIENT CONSULT JSON	JSONCONSLIST1	SDEC1	2	ARRAY	R		ACTIVE		SCHEDULING	Scheduling
4135	SDEC GET RECALL BY IEN JSON	RECGETONEJSON	SDEC1	2	ARRAY	R	0	ACTIVE		SCHEDULING	Scheduling
4137	SDES SET APPT CHECK-IN STEP	SETAPPTCKNSTEP	SDESCKNSTEP	2	ARRAY	R	0	ACTIVE		SCHEDULING	Scheduling
4139	SDES SET CHECK-IN STEP	SETCKNSTEP	SDESCKNSTEP	2	ARRAY	R	0	ACTIVE		SCHEDULING	Scheduling
414	ORWORDG GRPSEQB	GRPSEQB	ORWORDG	2	ARRAY			ACTIVE		ORDER ENTRY/RESULTS REPORTING	Order Entry Results Reporting
4140	SDES EDIT CHECK-IN STEP	EDITCKNSTEP	SDESCKNSTEP	2	ARRAY	R	0	ACTIVE		SCHEDULING	Scheduling
4141	SDES GET CHECK-IN STEP	GETCKNSTEP	SDESCKNSTEP	2	ARRAY	R	0	ACTIVE		SCHEDULING	Scheduling
4142	SDES GET CHECK-IN STEPS	GETCKNSTEPS	SDESCKNSTEP	2	ARRAY	R	0	ACTIVE		SCHEDULING	Scheduling
4143	SDES GET APPTS BY RESOURCE	APPTBYRESOURCE	SDES	2	ARRAY	R		ACTIVE		SCHEDULING	Scheduling
4147	DVBA ACTIVE DBQ LIST	ACTIVE	DVBCPNCS	2	ARRAY	R		ACTIVE	1	AUTOMATED MED INFO EXCHANGE	Automated Medical Information Exchange
4148	DVBA DBQ CHECK	DBQCHECK	DVBCPNCS	2	ARRAY	R		ACTIVE	1	AUTOMATED MED INFO EXCHANGE	Automated Medical Information Exchange
4149	DVBA DBQ GEN CHECK	DBQCK	DVBCPNCS	1	SINGLE VALUE	R		ACTIVE	1	AUTOMATED MED INFO EXCHANGE	Automated Medical Information Exchange
415	ORWDXR RNWFLDS	RNWFLDS	ORWDXR	2	ARRAY			ACTIVE		ORDER ENTRY/RESULTS REPORTING	Order Entry Results Reporting
4150	DVBA REPORT BUILDER	REPORT	DVBCREPT	4	GLOBAL ARRAY	P		ACTIVE	1	AUTOMATED MED INFO EXCHANGE	Automated Medical Information Exchange
4151	DVBA CAPRI DBQ STATUS	DBQSTAT	DVBCPNCS	1	SINGLE VALUE	R		ACTIVE	1	AUTOMATED MED INFO EXCHANGE	Automated Medical Information Exchange
4152	ORQ3 AUTHUSR	AUTHUSR	ORQ3	1	SINGLE VALUE			ACTIVE		ORDER ENTRY/RESULTS REPORTING	Order Entry Results Reporting
4153	ORQ3 EN	EN	ORQ3	4	GLOBAL ARRAY			ACTIVE		ORDER ENTRY/RESULTS REPORTING	Order Entry Results Reporting
4154	ORQ3 XFER	XFER	ORQ3	4	GLOBAL ARRAY			ACTIVE		ORDER ENTRY/RESULTS REPORTING	Order Entry Results Reporting
4155	ORQ3 XFER HISTORY	HISTORY	ORQ3	2	ARRAY	S		ACTIVE		ORDER ENTRY/RESULTS REPORTING	Order Entry Results Reporting
4156	ORQ3 LOADALL	LOADALL	ORQ3	2	ARRAY			ACTIVE		ORDER ENTRY/RESULTS REPORTING	Order Entry Results Reporting
4157	ORQ3 SAVEALL	SAVEALL	ORQ3	1	SINGLE VALUE			ACTIVE		ORDER ENTRY/RESULTS REPORTING	Order Entry Results Reporting
4158	ORQ3 AUDIT	AUDIT	ORQ3	4	GLOBAL ARRAY	R		ACTIVE		ORDER ENTRY/RESULTS REPORTING	Order Entry Results Reporting
4159	LHS CHECK OPTION ACCESS	OPT	LHSRPC	1	SINGLE VALUE	R		ACTIVE		LIGHTHOUSE	Lighthouse
416	ORWU VALDT	VALDT	ORWU	1	SINGLE VALUE			ACTIVE		ORDER ENTRY/RESULTS REPORTING	Order Entry Results Reporting
4160	XUS MVI NEW PERSON RMTE AUDIT	AUDIT	XURNPAUD	4	GLOBAL ARRAY	A		ACTIVE	1	TOOLKIT	Toolkit
4161	SDEC GET RECALLRMV BY DFN JSON	RECGETONERMVJSON	SDEC52CRMVJSON	2	ARRAY	R	0	ACTIVE		SCHEDULING	Scheduling
4163	IBTAS 277STAT	POST	IBCE277S	2	ARRAY	R	0	ACTIVE	1	INTEGRATED BILLING	Integrated Billing
4164	IBTAS 837 FHIR ENABLE	PUT	IBCE837S	2	ARRAY	R	0	ACTIVE	1	INTEGRATED BILLING	Integrated Billing
4165	IBTAS 837 TEST CLAIMS	GET	IBCE837T	2	ARRAY	R	0	ACTIVE	1	INTEGRATED BILLING	Integrated Billing
4166	MAG DICOM Q/R CLIENT	ENTRY	MAGDSTV2	2	ARRAY	R		ACTIVE	3	IMAGING	Imaging
4167	MAG DICOM GET PT SENSITIVITY	SCREEN	MAGDSTA3	1	SINGLE VALUE	R		ACTIVE		IMAGING	Imaging
4168	MAG DICOM PATIENT LOOKUP	PATLKUP	MAGDSTA3	2	ARRAY			ACTIVE		IMAGING	Imaging
4169	MAG DICOM PATIENT HISTORY	HISTLKUP	MAGDSTA3	2	ARRAY			ACTIVE		IMAGING	Imaging
417	ORWDXR RENEW	RENEW	ORWDXR	2	ARRAY			ACTIVE		ORDER ENTRY/RESULTS REPORTING	Order Entry Results Reporting
4170	MAG DICOM FORMAT PATIENT NAME	DCMNAME	MAGDSTA3	1	SINGLE VALUE	R		ACTIVE		IMAGING	Imaging
4171	MAG DICOM GET PT ID DASHES	DASHES	MAGDSTA3	1	SINGLE VALUE	R		ACTIVE		IMAGING	Imaging
4172	MAG DICOM GET ACN PREFIX	ANPREFIX	MAGDSTA3	1	SINGLE VALUE			ACTIVE		IMAGING	Imaging
4173	SDES GET INSURANCE VERIFY REQ	INSURVERIFYREQ	SDES	2	ARRAY	R		ACTIVE		SCHEDULING	Scheduling
4174	SDES GET APPT REQ BY IEN	GETREQBYREQIEN	SDES	2	ARRAY	R	0	ACTIVE		SCHEDULING	Scheduling
4175	SDES GET APPT REQ BY PATIENT	GETREQSBYDFN	SDES	2	ARRAY	R	0	ACTIVE		SCHEDULING	Scheduling
4176	SDES DISPOSITION APPT REQ	DISPOSITION	SDES	2	ARRAY	R	0	ACTIVE		SCHEDULING	Scheduling
4177	SDES CREATE APPT REQ	CREATEREQUEST	SDESCREATEAPPREQ	2	ARRAY	R	0	ACTIVE		SCHEDULING	Scheduling
4178	SDES EDIT APPT REQ	EDITREQUEST	SDESEDITAPPTREQ	2	ARRAY	R	0	ACTIVE		SCHEDULING	Scheduling
4179	MAG GET DICOM FMT PATIENT NAME	DCMNAME	MAGDRPC1	1	SINGLE VALUE	P	0	ACTIVE		IMAGING	Imaging
418	ORWDRA32 RADSRC	RADSRC	ORWDRA32	2	ARRAY			ACTIVE		ORDER ENTRY/RESULTS REPORTING	Order Entry Results Reporting
4180	SDES SEARCH CLINIC	CLINICRSCSEARCH	SDES	2	ARRAY	R		ACTIVE		SCHEDULING	Scheduling
4181	SDEC SEARCH VVS PROVIDERS JSON	JSONVVSPRVSRCH	SDEC1	2	ARRAY	R		ACTIVE		SCHEDULING	Scheduling
4182	SDEC GETVVSMAKEINFO JSON	JSONVVSMAKEINFO	SDEC1	2	ARRAY	R		ACTIVE		SCHEDULING	Scheduling
4183	SDES CREATE APPT BLK AND MOVE	BLOCKANDMOVE	SDES2SDECBLKMOVE	2	ARRAY	R	0	ACTIVE		SCHEDULING	Scheduling
4186	SDES INACTIVATE/ZZ CLINIC	JSONINACTCLN	SDES	2	ARRAY	R		ACTIVE		SCHEDULING	Scheduling
4189	SDES GET CLIN AVAILABILITY	GETCLAVAILABLTY	SDESCLINICAVAIL	2	ARRAY	R		ACTIVE		SCHEDULING	Scheduling
419	ORQQVI2 VITALS STORE							ACTIVE			
4190	SDES CREATE CLIN AVAILABILITY	SETCLINAVAIL	SDES	2	ARRAY	R		ACTIVE		SCHEDULING	Scheduling
4191	SDEC EDIT PAT PRE-REGISTRATION	PREREG	SDEC1	1	SINGLE VALUE	R	0	ACTIVE		SCHEDULING	Scheduling
4192	SDES CANCEL CLIN AVAILABILITY	CANCLAVAIL	SDESCCAVAIL	2	ARRAY	R		ACTIVE		SCHEDULING	Scheduling
4194	SDES GET USRPROFILE	GETUSRDTL	SDESGETUD	2	ARRAY	R		ACTIVE		SCHEDULING	Scheduling
4195	SDES EDIT CLINIC AVAILABILITY	SETCLINAVAIL	SDES	2	ARRAY	R		ACTIVE		SCHEDULING	Scheduling
4196	SDEC GET STATION ID JSON	DUZSTATIONID	SDEC1	2	ARRAY	R		ACTIVE		SCHEDULING	Scheduling
4197	SDES GET RECALL BY IEN	GETRECALLBYIEN	SDESGETRECALL	2	ARRAY	R	0	ACTIVE		SCHEDULING	Scheduling
4198	SDES GET RECALLS BY DFN	GETRECALLSBYDFN	SDESGETRECALL	2	ARRAY	R	0	ACTIVE		SCHEDULING	Scheduling
42	SCUT GET USER RECORD	GETUSER	SCUTBK3	2	ARRAY	R		ACTIVE		SCHEDULING	Scheduling
420	ORWMC PATIENT PROCEDURES	PROD	ORWMC	4	GLOBAL ARRAY	S		ACTIVE		ORDER ENTRY/RESULTS REPORTING	Order Entry Results Reporting
4201	SDES DISPOSITION RECALL REQ	DISPRECALL	SDES	2	ARRAY	R	0	ACTIVE		SCHEDULING	Scheduling
4206	SDES GET STOPCD DETAIL	GETSTOPCODE	SDES	2	ARRAY	R		ACTIVE		SCHEDULING	Scheduling
4207	SDES GET PATCH NUMBER	GETPATCHNUM	SDES	2	ARRAY	R		ACTIVE		SCHEDULING	Scheduling
4208	SDES GET USER PROFILE BY DUZ	GETUSRDTLDUZ	SDESGETUD	2	ARRAY	R		ACTIVE		SCHEDULING	Scheduling
4209	PSO VCC REFILL	AP1	PSOVCCA	2	ARRAY	A		ACTIVE		OUTPATIENT PHARMACY	Outpatient Pharmacy
421	ORWDLR32 ALLSPEC	ALLSPEC	ORWDLR33	2	ARRAY	S		ACTIVE		ORDER ENTRY/RESULTS REPORTING	Order Entry Results Reporting
4216	SDES PRINT PATIENT APPTS	PRINTPATAPPTS	SDES	2	ARRAY	R		ACTIVE		SCHEDULING	Scheduling
4219	SDES GET MISSION ACT ELIG	GETMISSIONELG	SDESMISSIONELG	2	ARRAY	R		ACTIVE		SCHEDULING	Scheduling
422	ORWPT DISCHARGE	DISCHRG	ORWPT	1	SINGLE VALUE	S		ACTIVE		ORDER ENTRY/RESULTS REPORTING	Order Entry Results Reporting
4220	SDEC GET INSTITUTION	GETINST	SDEC1	2	ARRAY	R		ACTIVE		SCHEDULING	Scheduling
4221	SDES GET INSURANCE VERIFY LIST	INSURINDICATORS	SDES	2	ARRAY	R		ACTIVE		SCHEDULING	Scheduling
4222	SDES CREATE APPOINTMENTS	CREATEAPPTWRAPPR	SDES	2	ARRAY	R	0	ACTIVE		SCHEDULING	Scheduling
4225	MAG DICOM NEW SOP DB LOOKUP	NEWSOPDB	MAGDRPCD	2	ARRAY			ACTIVE	3	IMAGING	Imaging
4226	MAG DICOM GET CON SERVICES	SERVICES	MAGDRPCE	2	ARRAY			ACTIVE		IMAGING	Imaging
4227	MAG DICOM GET CON BY GMRCIEN	GMRCIEN	MAGDRPCE	1	SINGLE VALUE	R		ACTIVE		IMAGING	Imaging
4228	MAG DICOM GET CON IMAGES	GMRCMAG	MAGDRPCE	2	ARRAY	R		ACTIVE		IMAGING	Imaging
4229	MAG DICOM GET CON BY DATE	GMRCDATE	MAGDRPCE	1	SINGLE VALUE	R		ACTIVE		IMAGING	Imaging
423	ORWPS COVER	COVER	ORWPS	2	ARRAY			ACTIVE		ORDER ENTRY/RESULTS REPORTING	Order Entry Results Reporting
4230	MAG DICOM GET CON BY PATIENT	GMRCPAT	MAGDRPCE	1	SINGLE VALUE	R		ACTIVE		IMAGING	Imaging
4231	MAG DICOM GET CON DATA	GMRCDATA	MAGDRPCE	1	SINGLE VALUE	R		ACTIVE		IMAGING	Imaging
4232	MAG DICOM GET NEW SOP DB IMAGE	IMAGNEW	MAGDRPC2	1	SINGLE VALUE		0	ACTIVE	3	IMAGING	Imaging
4233	MAG DICOM EXPORT QUEUE STATE	STATE	MAGDRPCF	2	ARRAY			ACTIVE		IMAGING	Imaging
4234	MAG DICOM EXPORT QUEUE HOLD	HOLDREL	MAGDRPCF	2	ARRAY			ACTIVE		IMAGING	Imaging
4235	MAG DICOM GET LAB PAT LRDFN	GETLRDFN	MAGDRPCG	1	SINGLE VALUE			ACTIVE		IMAGING	Imaging
4236	MAG DICOM GET LAB BY PAT	PATIENT	MAGDRPCG	2	ARRAY			ACTIVE		IMAGING	Imaging
4237	MAG DICOM GET LAB NEXT LRDFN	NXTLRDFN	MAGDRPCG	1	SINGLE VALUE			ACTIVE		IMAGING	Imaging
4238	MAG DICOM GET LAB BY DATE	DATE	MAGDRPCG	1	SINGLE VALUE			ACTIVE		IMAGING	Imaging
4239	MAG DICOM GET LAB IMAGES	LOOKUP	MAGDRPCG	2	ARRAY			ACTIVE		IMAGING	Imaging
424	ORWCV VST	VST1	ORWCV	2	ARRAY			ACTIVE		ORDER ENTRY/RESULTS REPORTING	Order Entry Results Reporting
4240	MAG DICOM GET LAB PAT DFN	GETDFN	MAGDRPCG	1	SINGLE VALUE			ACTIVE		IMAGING	Imaging
4241	MAG DICOM LOOKUP CON STUDY	CONLKUP	MAGDRPCC	2	ARRAY			ACTIVE		IMAGING	Imaging
4242	MAG DICOM GET XMIT STATS	XMITSTAT	MAGDRPCC	2	ARRAY			ACTIVE		IMAGING	Imaging
4243	MAG DICOM GET EXPORT QUEUE STS	STATS	MAGDRPC9	2	ARRAY			ACTIVE		IMAGING	Imaging
4244	EC GETPRBLST	GETPLST	ECUERPC2	4	GLOBAL ARRAY	S	0	ACTIVE		EVENT CAPTURE	Event Capture
4245	EC DELETE FILE ENTRY	ECDEL	ECUMRPC2	4	GLOBAL ARRAY	R	0	ACTIVE		EVENT CAPTURE	Event Capture
4248	SDES GET CONSULTS BY IEN	GETCONSULTBYIEN	SDESGETCONSULTS	2	ARRAY	R		ACTIVE		SCHEDULING	Scheduling
4249	SDES GET CONSULTS BY DFN	GETCONSULTSBYDFN	SDESGETCONSULTS	2	ARRAY	R		ACTIVE		SCHEDULING	Scheduling
425	ORWCV LAB	LAB	ORWCV	2	ARRAY			ACTIVE		ORDER ENTRY/RESULTS REPORTING	Order Entry Results Reporting
4250	SDES GET APPT REQ LIST BY DFN	GETREQLISTBYDFN	SDESGETREQWRAPPR	2	ARRAY	R	0	ACTIVE		SCHEDULING	Scheduling
4253	SDES GET APPT CHECK-IN STEPS 2	GETAPPTCKNSTEPS	SDES2	2	ARRAY	R	0	ACTIVE		SCHEDULING	Scheduling
4254	SDES GET APPT CHECK-IN STEP 2	GETAPPTCKNSTEP	SDES2	2	ARRAY	R	0	ACTIVE		SCHEDULING	Scheduling
4255	SDES GET PATIENT FLAGS	GETFLAGS	SDES	2	ARRAY	R		ACTIVE		SCHEDULING	Scheduling
4257	SDES GET APPT REQ BY PAT ALL	GETREQSBYDFNALL	SDES2	2	ARRAY	R	0	ACTIVE		SCHEDULING	Scheduling
4258	SDES GET APPT REQ BY PAT OPEN	GETREQSBYDFNOPEN	SDES2	2	ARRAY	R	0	ACTIVE		SCHEDULING	Scheduling
4259	DVBA CAPRI GET EFOLDER TOKEN	EFOLD	DVBABURL	1	SINGLE VALUE	R	0	ACTIVE	1	AUTOMATED MED INFO EXCHANGE	Automated Medical Information Exchange
426	ORWCV START	START	ORWCV	1	SINGLE VALUE			ACTIVE		ORDER ENTRY/RESULTS REPORTING	Order Entry Results Reporting
4260	DVBA CAPRI PARAM INQ	PARAMS	DVBCPUSH	2	ARRAY	R		ACTIVE	1	AUTOMATED MED INFO EXCHANGE	Automated Medical Information Exchange
4261	DVBA CAPRI PARAM UPDATE	PARAMED	DVBCPUSH	1	SINGLE VALUE	R		ACTIVE	1	AUTOMATED MED INFO EXCHANGE	Automated Medical Information Exchange
4262	DVBA CAPRI CLINDOC URLS	CLNDCURL	DVBCTOG	2	ARRAY	R	0	ACTIVE	1	AUTOMATED MED INFO EXCHANGE	Automated Medical Information Exchange
4263	DVBA CAPRI GET TOGGLES	GETTOG	DVBCTOG	1	SINGLE VALUE	R	0	ACTIVE	1	AUTOMATED MED INFO EXCHANGE	Automated Medical Information Exchange
4264	DVBA CAPRI GET PAR DESC	PARADESC	DVBCPUSH	2	ARRAY	R		ACTIVE	1	AUTOMATED MED INFO EXCHANGE	Automated Medical Information Exchange
4265	DVBA CAPRI SET METRICS	EFOLDMET	DVBCPUSH	1	SINGLE VALUE	R		ACTIVE	1	AUTOMATED MED INFO EXCHANGE	Automated Medical Information Exchange
4266	DVBA CAPRI PURGE MET	PURGEMET	DVBCPUSH	1	SINGLE VALUE	R		ACTIVE	1	AUTOMATED MED INFO EXCHANGE	Automated Medical Information Exchange
4267	DVBA CAPRI GET MET RPT	RPCENTRY	DVBCTOG	2	ARRAY	R		ACTIVE	1	AUTOMATED MED INFO EXCHANGE	Automated Medical Information Exchange
4268	SDES ADD PRIV USER	ADDUSR	SDES	2	ARRAY	R		ACTIVE		SCHEDULING	Scheduling
4269	SDES DELETE PRIV USER	RMVUSR	SDES	2	ARRAY	R		ACTIVE		SCHEDULING	Scheduling
427	ORWCV DTLVST	DTLVST	ORWCV	2	ARRAY			ACTIVE		ORDER ENTRY/RESULTS REPORTING	Order Entry Results Reporting
4270	SDES GET DIVISION LIST	GETDIVISIONLIST	SDES2	2	ARRAY	R		ACTIVE		SCHEDULING	Scheduling
4271	SDES READ PRIV USERS	RTNAUSR	SDES	2	ARRAY	R		ACTIVE		SCHEDULING	Scheduling
4272	SDES DELETE PRIV USERS	RMVAUSR	SDES	2	ARRAY	R		ACTIVE		SCHEDULING	Scheduling
4273	SDES SEARCH PRIVILEGED USER	SEARCHPRIVUSER	SDES2	2	ARRAY	R	0	ACTIVE		SCHEDULING	Scheduling
4274	SDES SEARCH PROVIDERS	PROVIDERSEARCH	SDESPROVSEARCH	2	ARRAY	R		ACTIVE		SCHEDULING	Scheduling
4275	SDES GET LETTER TYPES	GETLETTERTYPES	SDES2	2	ARRAY	R	0	ACTIVE		SCHEDULING	Scheduling
4276	SDES GET LETTERS BY TYPE	GETLETTERSBYTYPE	SDES2	2	ARRAY	R	0	ACTIVE		SCHEDULING	Scheduling
4277	SDES GET LETTER BY IEN	GETLETTERBYIEN	SDES2	2	ARRAY	R	0	ACTIVE		SCHEDULING	Scheduling
4278	IBTAS 837 CLAIM NUMBER	GET	IBCE837N	2	ARRAY	R	0	ACTIVE	1	INTEGRATED BILLING	Integrated Billing
4279	SDES CREATE WALKIN APPT	CREATEWALKIN	SDESCRTWALKIN	2	ARRAY	R		ACTIVE		SCHEDULING	Scheduling
428	ORWCV POLL	POLL	ORWCV	2	ARRAY			ACTIVE		ORDER ENTRY/RESULTS REPORTING	Order Entry Results Reporting
4280	SDES CREATE VET REQ SCHED APPT	CREATEREQANDAPPT	SDESREQAPPCREATE	2	ARRAY	R	0	ACTIVE		SCHEDULING	Scheduling
4281	SDEC CREATE WALKIN APPT JSON	SDECCRTWALKIN	SDESCRTWALKIN	2	ARRAY	R		ACTIVE		SCHEDULING	Scheduling
4282	SDES REACTIVATE CLINIC	REACTIVATECLIN	SDESREACTVTCLIN	2	ARRAY	R		ACTIVE		SCHEDULING	Scheduling
4283	SDES GET APPT BY REQ/APPT TYP2	APPTBYRIENAPTYP	SDESAPPT3	2	ARRAY	R		ACTIVE		SCHEDULING	Scheduling
4284	SDES GET PATIENT REGISTRATION2	GETREGA	SDESGETREGA1	2	ARRAY	R	0	ACTIVE		SCHEDULING	Scheduling
4286	SDES GET APPTS BY CLIN IEN 3	BYCLINIEN	SDESGETAPPTRPCS	2	ARRAY	R		ACTIVE		SCHEDULING	Scheduling
4287	SDES GET APPTS BY PATIENT DFN3	BYPATDFN	SDESGETAPPTRPCS	2	ARRAY	R		ACTIVE		SCHEDULING	Scheduling
4288	SDES CREATE RECALL REQ 2	CREATERECREQ	SDESUPDRECREQ2	2	ARRAY	R		ACTIVE		SCHEDULING	Scheduling
4289	SDES EDIT RECALL REQ 2	UPDRECALLREQ	SDESUPDRECREQ2	2	ARRAY	R		ACTIVE		SCHEDULING	Scheduling
429	ORWCV STOP	STOP	ORWCV	1	SINGLE VALUE			ACTIVE		ORDER ENTRY/RESULTS REPORTING	Order Entry Results Reporting
4290	SDES SEARCH RECALL PROVIDERS	SEARCHRECALLPROV	SDESRECPROVSRCH	2	ARRAY	R	0	ACTIVE		SCHEDULING	Scheduling
4291	SDES GET CLINIC INFO2	JSONCLNINFO	SDESRTVCLN2	2	ARRAY	R		ACTIVE		SCHEDULING	Scheduling
4292	SDES SEARCH RECALL CLINICS	CLINICSEARCH	SDESSEARCHRCLN	2	ARRAY	R	0	ACTIVE		SCHEDULING	Scheduling
4293	SDES GET ALL CLINIC HASHES	GETALLHASHCLIN	SDESHASHCLIN	2	ARRAY	R		ACTIVE		SCHEDULING	Scheduling
4294	SDES GET CLINIC STORED HASH	GETCLINHASH	SDESHASHCLIN	2	ARRAY	R		ACTIVE		SCHEDULING	Scheduling
4295	SDES UPDATE CLINIC HASH	UPDTHASHONECLIN	SDESHASHCLIN	2	ARRAY	R		ACTIVE		SCHEDULING	Scheduling
4296	SDES SEARCH CLINIC ATTRIBUTES	SEARCHCLIN	SDESCLNSEARCH	2	ARRAY	R		ACTIVE		SCHEDULING	Scheduling
4297	SDES CANCEL CLIN PRECAN LIST	PRECANLIST	SDESCLINPRECAN	2	ARRAY	R		ACTIVE		SCHEDULING	Scheduling
4298	SDES PRINT APPT LETTER	PRINTLETTER	SDESAPPTLETTERS	2	ARRAY	R		ACTIVE		SCHEDULING	Scheduling
4299	SDES PRINT APPT LETTERS	PRINTLETTERS	SDESAPPTLETTERS	2	ARRAY	R		ACTIVE		SCHEDULING	Scheduling
43	SCRP QUERY GETRECORD	GETREC	SCRPBK0	2	ARRAY	R		ACTIVE		SCHEDULING	Scheduling
430	ORWPT SAVDFLT	SAVDFLT	ORWPT	1	SINGLE VALUE			ACTIVE		ORDER ENTRY/RESULTS REPORTING	Order Entry Results Reporting
4300	SDES GET APPTS BY CLIN LIST2	APPTBYCLINICLIST	SDESAPPT4	2	ARRAY	R	0	ACTIVE		SCHEDULING	Scheduling
4301	SDES GET VISTA DEVICES	DEVICES	SDESGETDEVICES	2	ARRAY	R		ACTIVE		SCHEDULING	Scheduling
4302	SDES SEARCH CLINIC GRP	CLGRPLK	SDES2	2	ARRAY	R		ACTIVE		SCHEDULING	Scheduling
4303	SDES ADDEDIT CLINIC GRP	RGADDEDIT	SDES2	2	ARRAY	R		ACTIVE		SCHEDULING	Scheduling
4304	SDES PRINT APPT LETTER VISTA	PRINTAPPT	SDESAPPTLETTERSV	2	ARRAY	R		ACTIVE		SCHEDULING	Scheduling
4305	SDES PRINT APPT LETTERS VISTA	PRINTAPPTS	SDESAPPTLETTERSV	2	ARRAY	R		ACTIVE		SCHEDULING	Scheduling
4306	DVBA CAPRI GET ALL PARAM	ALL	DVBCPUSH	2	ARRAY	R		ACTIVE	1	AUTOMATED MED INFO EXCHANGE	Automated Medical Information Exchange
4307	SDES ADD CLNGRP ITEM	ADDRGI	SDES2	2	ARRAY	R		ACTIVE		SCHEDULING	Scheduling
4308	SDES DELETE CLNGRP ITEM	DELRGI	SDES2	2	ARRAY	R		ACTIVE		SCHEDULING	Scheduling
4309	SDES CHECKOUT	CHECKOUT	SDESCHECKOUT	2	ARRAY	R		ACTIVE		SCHEDULING	Scheduling
431	ORWORR GET4LST	GET4V11	ORWORR	2	ARRAY			ACTIVE		ORDER ENTRY/RESULTS REPORTING	Order Entry Results Reporting
4310	SDES DELETE CLINIC GROUP	DELRESGP	SDES2	2	ARRAY	R		ACTIVE		SCHEDULING	Scheduling
4311	SDES READ CLINIC GROUP	RTNRG	SDESRTNRG	2	ARRAY	R		ACTIVE		SCHEDULING	Scheduling
4312	SDES CANCEL CHECKIN	CANCHECKIN	SDESCANCHECKIN	2	ARRAY	R		ACTIVE		SCHEDULING	Scheduling
4313	SDES GET TIU DOC BY CONTEXT	TIUDOCBYCONTEXT	SDESGETTIUDOC	2	ARRAY	R		ACTIVE		SCHEDULING	Scheduling
4314	SDES CHECKIN	CHECKIN	SDESCHECKIN	2	ARRAY	R		ACTIVE		SCHEDULING	Scheduling
4315	SDES SEARCH VVS PROVIDERS JSON	JSONPRVLIST	SDESPRVSRCHJSON	2	ARRAY	R		ACTIVE		SCHEDULING	Scheduling
4316	SDES SPACEBAR VVS PRO	GETSPACEBARPRO	SDESVVS	2	ARRAY	R		ACTIVE		SCHEDULING	Scheduling
432	ORWORR AGET	AGET	ORWORR	4	GLOBAL ARRAY			ACTIVE		ORDER ENTRY/RESULTS REPORTING	Order Entry Results Reporting
4321	SDES GETVVSMAKEINFO JSON	GETVVSMAKEINFO	SDESVVSJSON	2	ARRAY	R		ACTIVE		SCHEDULING	Scheduling
4322	SDES GET APPTS BY CLINIEN LIST	APPTBYCLNLISTEAS	SDESAPPT4	2	ARRAY	R		ACTIVE		SCHEDULING	Scheduling
4323	SDES GET APPT BY APPT IEN	GETAPPTBYIEN	SDESGETAPPTWRAP4	2	ARRAY	R		ACTIVE		SCHEDULING	Scheduling
4325	TIU NEED TO SIGN?	NDTOSIGN	TIUSRVA	1	SINGLE VALUE	P		ACTIVE		TEXT INTEGRATION UTILITIES	Text Integration Utility
4326	PSORPC	RPC	PSORPC01	4	GLOBAL ARRAY	P	0	ACTIVE		OUTPATIENT PHARMACY	Outpatient Pharmacy
4327	PX ICE WEB	RPC	PXVWICE	4	GLOBAL ARRAY	S		ACTIVE		PCE PATIENT CARE ENCOUNTER	PCE Patient Care Encounter
4328	PXRPC SAVE2	SAVE2	PXRPC	2	ARRAY	S		ACTIVE		PCE PATIENT CARE ENCOUNTER	PCE Patient Care Encounter
4329	ORWDXC ALLERGY	ALLERGY	ORWDXC	2	ARRAY	P	0	ACTIVE		ORDER ENTRY/RESULTS REPORTING	Order Entry Results Reporting
433	ORQQVI NOTEVIT	NOTEVIT	ORQQVI	2	ARRAY			ACTIVE		ORDER ENTRY/RESULTS REPORTING	Order Entry Results Reporting
4330	ORWDXC REASON	REASON	ORWDXC	2	ARRAY	P	0	ACTIVE		ORDER ENTRY/RESULTS REPORTING	Order Entry Results Reporting
4331	ORWORB PROUSER	PROUSER	ORWORB	4	GLOBAL ARRAY	R	0	ACTIVE		ORDER ENTRY/RESULTS REPORTING	Order Entry Results Reporting
4332	ORWTPR GETARCHP	GETARCHP	ORWTPR	1	SINGLE VALUE			ACTIVE		ORDER ENTRY/RESULTS REPORTING	Order Entry Results Reporting
4333	ORVIMM MAKENOTE	MAKENOTE	ORVIMM	1	SINGLE VALUE			ACTIVE		ORDER ENTRY/RESULTS REPORTING	Order Entry Results Reporting
4334	ORWDXC SAVEMCHK	SAVEMCHK	ORWDXC	1	SINGLE VALUE			ACTIVE		ORDER ENTRY/RESULTS REPORTING	Order Entry Results Reporting
4335	ORWDXR01 WARN	WARN	ORWDXR01	1	SINGLE VALUE			ACTIVE		ORDER ENTRY/RESULTS REPORTING	Order Entry Results Reporting
4336	ORVIMM VIMMREM	VIMMREM	ORVIMM	2	ARRAY			ACTIVE		ORDER ENTRY/RESULTS REPORTING	Order Entry Results Reporting
4337	ORFEDT GETLAYOT	GETLAYOT	ORFEDT	2	ARRAY			ACTIVE		ORDER ENTRY/RESULTS REPORTING	Order Entry Results Reporting
4338	ORFEDT BLDRESLT	BLDRESLT	ORFEDT	2	ARRAY			ACTIVE		ORDER ENTRY/RESULTS REPORTING	Order Entry Results Reporting
4339	ORVIMM GETITEMS	GETITEMS	ORVIMM	2	ARRAY			ACTIVE		ORDER ENTRY/RESULTS REPORTING	Order Entry Results Reporting
434	ORQQCN SIGFIND	SIGFIND	ORQQCN2	1	SINGLE VALUE			ACTIVE		ORDER ENTRY/RESULTS REPORTING	Order Entry Results Reporting
4340	ORVIMM GETHIST	GETHIST	ORVIMM	2	ARRAY			ACTIVE		ORDER ENTRY/RESULTS REPORTING	Order Entry Results Reporting
4341	ORFEDT BLDLAYOT	BLDLAYOT	ORFEDT	2	ARRAY			ACTIVE		ORDER ENTRY/RESULTS REPORTING	Order Entry Results Reporting
4342	ORVIMM USEICE	USEICE	ORVIMM	1	SINGLE VALUE			ACTIVE		ORDER ENTRY/RESULTS REPORTING	Order Entry Results Reporting
4343	ORWPCE5 UCUMLIST	UCUMLIST	ORWPCE5	2	ARRAY			ACTIVE		ORDER ENTRY/RESULTS REPORTING	Order Entry Results Reporting
4344	ORWPCE5 REMTAX	REMTAX	ORWPCE5	2	ARRAY			ACTIVE		ORDER ENTRY/RESULTS REPORTING	Order Entry Results Reporting
4345	ORWPCE5 TAXCODES	TAXCODES	ORWPCE5	2	ARRAY			ACTIVE		ORDER ENTRY/RESULTS REPORTING	Order Entry Results Reporting
4346	ORWPCE5 NOTEDATE	NOTEDATE	ORWPCE5	1	SINGLE VALUE			ACTIVE		ORDER ENTRY/RESULTS REPORTING	Order Entry Results Reporting
4347	ORB3U2 GETRCPNT	GETRCPNT	ORB3U2	2	ARRAY			ACTIVE		ORDER ENTRY/RESULTS REPORTING	Order Entry Results Reporting
4348	ORWPCE5 MAGDAT	MAGDAT	ORWPCE5	1	SINGLE VALUE			ACTIVE		ORDER ENTRY/RESULTS REPORTING	Order Entry Results Reporting
4349	ORVIMM CHKTITLE	CHKTITLE	ORVIMM	1	SINGLE VALUE			ACTIVE		ORDER ENTRY/RESULTS REPORTING	Order Entry Results Reporting
435	ORQQCN ADMIN COMPLETE	ADMCOMPL	ORQQCN2	1	SINGLE VALUE			ACTIVE		ORDER ENTRY/RESULTS REPORTING	Order Entry Results Reporting
4350	ORWPCE5 NOTELOC	NOTELOC	ORWPCE5	1	SINGLE VALUE			ACTIVE		ORDER ENTRY/RESULTS REPORTING	Order Entry Results Reporting
4351	ORWPCE4 STDCODES	STDCODES	ORWPCE4	2	ARRAY			ACTIVE		ORDER ENTRY/RESULTS REPORTING	Order Entry Results Reporting
4352	ORWDPS33 IVIND	IVIND	ORWDPS33	2	ARRAY			ACTIVE		ORDER ENTRY/RESULTS REPORTING	Order Entry Results Reporting
4353	ORVIMM GETCODES	GETCODES	ORVIMM	2	ARRAY			ACTIVE		ORDER ENTRY/RESULTS REPORTING	Order Entry Results Reporting
4354	ORWPCE5 REPLCODE	REPLCODE	ORWPCE5	2	ARRAY			ACTIVE		ORDER ENTRY/RESULTS REPORTING	Order Entry Results Reporting
4355	ORVIMM GETCTINF	GETCTINF	ORVIMM	1	SINGLE VALUE			ACTIVE		ORDER ENTRY/RESULTS REPORTING	Order Entry Results Reporting
4356	ORVIMM PLOC	PLOC	ORVIMM	1	SINGLE VALUE			ACTIVE		ORDER ENTRY/RESULTS REPORTING	Order Entry Results Reporting
4357	ORWDXC CLRALLGY	CLRALLGY	ORWDXC	1	SINGLE VALUE			ACTIVE		ORDER ENTRY/RESULTS REPORTING	Order Entry Results Reporting
4358	ORWDPS33 CLZDS	CLZDS	ORWDPS33	1	SINGLE VALUE			ACTIVE		ORDER ENTRY/RESULTS REPORTING	Order Entry Results Reporting
4359	SDES NOSHOW	NOSHOW	SDESNOSHOW	2	ARRAY	R		ACTIVE		SCHEDULING	Scheduling
436	ORWORB FASTUSER	FASTUSER	ORWORB	4	GLOBAL ARRAY	R		ACTIVE		ORDER ENTRY/RESULTS REPORTING	Order Entry Results Reporting
4360	SDES UNDO NOSHOW	UNDONOSHOW	SDESNOSHOW	2	ARRAY	R		ACTIVE		SCHEDULING	Scheduling
4361	SDES GET CLINICS BY CLIN LIST	CLINICLISTBYIEN	SDESGETCLINSIEN	2	ARRAY	R	0	ACTIVE	1	SCHEDULING	Scheduling
4362	SDES GET PATIENT PREF	PREFGET	SDES2	2	ARRAY	R		ACTIVE		SCHEDULING	Scheduling
4363	SDES GET PATIENT WARD	PATWARDGET	SDES2	2	ARRAY	R		ACTIVE		SCHEDULING	Scheduling
4364	SDES GET CANCMTS	CANCMTGET	SDES2	2	ARRAY	R		ACTIVE		SCHEDULING	Scheduling
4365	SDES UNDO CHECKOUT	UNDOCHECKOUT	SDESUNDOCHECKOUT	2	ARRAY	R	0	ACTIVE		SCHEDULING	Scheduling
4366	SDES GET APPT REQ BY TYPE VET	GETREQBYTYPEVET	SDESGETAPPTREQ	2	ARRAY	R	0	ACTIVE		SCHEDULING	Scheduling
4367	SDES PATIENT SEARCH	SEARCH	SDESPATSEARCH	2	ARRAY	R	0	ACTIVE		SCHEDULING	Scheduling
4368	SDES DELETE VVS ID	DELETEVVSID	SDESVVS	2	ARRAY	R		ACTIVE	1	SCHEDULING	Scheduling
4369	SDES GET VVS APPT	VVCAPPT	SDESVVC	2	ARRAY	R		ACTIVE		SCHEDULING	Scheduling
437	ORQORB SORT	SORT	ORQORB	1	SINGLE VALUE	R		ACTIVE		ORDER ENTRY/RESULTS REPORTING	Order Entry Results Reporting
4370	SDES SAVE VVS ID	SAVEVVSID	SDESVVS	2	ARRAY	R		ACTIVE		SCHEDULING	Scheduling
4371	SDES GET VVS ID	GETVVSID	SDESVVS	2	ARRAY	R		ACTIVE	1	SCHEDULING	Scheduling
4372	DVBAB CAPRI ALLOW CLINDOCS	EFOLDER	DVBCENQ	1	SINGLE VALUE	R		ACTIVE	1	AUTOMATED MED INFO EXCHANGE	Automated Medical Information Exchange
4373	DVBAB CAPRI EFOLDER LOCATION	LOCATION	DVBCENQ	1	SINGLE VALUE	R		ACTIVE	1	AUTOMATED MED INFO EXCHANGE	Automated Medical Information Exchange
4374	DVBAB CAPRI PROVIDER	PROVIDER	DVBCENQ	1	SINGLE VALUE	R		ACTIVE	1	AUTOMATED MED INFO EXCHANGE	Automated Medical Information Exchange
4377	SDEC GET REQ BY TYPE VET JSON	GETREQBYTYPEVET	SDECAR4	2	ARRAY	R	0	ACTIVE		SCHEDULING	Scheduling
4378	SDES GET APPTREQ BY INST	GETREQSBYINTOPEN	SDESGETAREQINST	2	ARRAY	R		ACTIVE		SCHEDULING	Scheduling
4379	SDEC RETURN MENTAL HEALTH JSON	STOPCODE	SDESGETMHCODE	2	ARRAY	R		ACTIVE		SCHEDULING	Scheduling
438	ROR GET M VERSION	VERSRV	RORUTL11	1	SINGLE VALUE	R		ACTIVE		CLINICAL CASE REGISTRIES	Clinical Case Registries
4380	SDES GET CLINIC ORIGINAL AVAIL	GETSCHEDULE	SDESCLINDAILYSCH	2	ARRAY	R	0	ACTIVE		SCHEDULING	Scheduling
4381	SDES GET CANCEL REASONS	GETCANCELRSNS	SDESCANCELRSNS	2	ARRAY	R	0	ACTIVE		SCHEDULING	Scheduling
4382	SDES GET COMP/PEN 2507	GET	SDESCOMPPEN	2	ARRAY	R		ACTIVE		SCHEDULING	Scheduling
4383	SDES GET CLINIC STOPCD	GETSTOPCD	SDESGETSTOPCD	2	ARRAY	R		ACTIVE		SCHEDULING	Scheduling
4384	SDES SET COMP/PEN AMIE TRKNG	SET	SDESCOMPPEN	2	ARRAY	R		ACTIVE		SCHEDULING	Scheduling
4385	SDES GET ALL CANCEL COMMENTS	GETCOMMENTS	SDESGETALLCANCOM	2	ARRAY	R	0	ACTIVE		SCHEDULING	Scheduling
4386	SDES GET CLINICS BY PROVIDER	GETPROVCLINICS	SDESPROVCLINSRCH	2	ARRAY	R	0	ACTIVE		SCHEDULING	Scheduling
4387	IBTAS PCR IENS	GET	IBCEMSRI	2	ARRAY	R	0	ACTIVE	1	INTEGRATED BILLING	Integrated Billing
4388	IBTAS PCR CLAIM DATA	GET1	IBCEMSRI	2	ARRAY	R	0	ACTIVE	1	INTEGRATED BILLING	Integrated Billing
4389	IBTAS PCR WRITEBACK	PUT	IBCEMSRI	2	ARRAY	R	0	ACTIVE	1	INTEGRATED BILLING	Integrated Billing
439	ORWU VERSRV	VERSRV	ORWU	1	SINGLE VALUE			ACTIVE		ORDER ENTRY/RESULTS REPORTING	Order Entry Results Reporting
4390	SDES GET MISSION ACT AVAIL	MISSACTAVAIL	SDESMISSIONAVL	2	ARRAY	R		ACTIVE		SCHEDULING	Scheduling
4392	SDES CANCEL APPOINTMENT 2	CANAPPT2	SDESCANAPPT2	2	ARRAY	R	0	ACTIVE		SCHEDULING	Scheduling
4394	SDES GET AVAIL BY CLIN LIST	GETSCHEDULES	SDESGETCLNSCHEDS	2	ARRAY	R	0	ACTIVE		SCHEDULING	Scheduling
4395	SDES GET MISSION ACT ELIG FEDT	GETMISSIONFEDT	SDESMISSIONELG	2	ARRAY	R		ACTIVE		SCHEDULING	Scheduling
4396	SDES GET SPEC NEEDS AND PREFS	GETNEEDSPREFS	SDESNEEDSPREFS	2	ARRAY	R	0	ACTIVE		SCHEDULING	Scheduling
4397	SDES GET PATIENT INQUIRY	GETINQUIRY	SDESGETPATINQUIR	2	ARRAY	R	0	ACTIVE		SCHEDULING	Scheduling
4398	SDES GET CONSULT DETAILS	GETDETAILS	SDESGETCONDETAIL	2	ARRAY	R	0	ACTIVE		SCHEDULING	Scheduling
4399	SDES GET APPT TYPES	GETTYPES	SDESGETAPPTTYPE	2	ARRAY	R	0	ACTIVE		SCHEDULING	Scheduling
44	SCRP SELECTION SOURCE	GETDATA	SCRPBK1	4	GLOBAL ARRAY	R		ACTIVE		SCHEDULING	Scheduling
440	ORWDX LOCK	LOCK	ORWDX	1	SINGLE VALUE			ACTIVE		ORDER ENTRY/RESULTS REPORTING	Order Entry Results Reporting
4400	SDES GET AVAIL BY STOP CODE	SCAVAIL	SDESGETAVAILSC	2	ARRAY	R		ACTIVE		SCHEDULING	Scheduling
4401	DVBA CAPRI SPEC ADD	SPECADD	DVBCPUSH	1	SINGLE VALUE	R		ACTIVE	1	AUTOMATED MED INFO EXCHANGE	Automated Medical Information Exchange
4402	DVBA CAPRI SPEC STATUS	SPECDIS	DVBCPUSH	1	SINGLE VALUE	R		ACTIVE	1	AUTOMATED MED INFO EXCHANGE	Automated Medical Information Exchange
4403	DVBA CAPRI SPEC INACTIVE	LISTSC	DVBCPUSH	4	GLOBAL ARRAY	R		ACTIVE	1	AUTOMATED MED INFO EXCHANGE	Automated Medical Information Exchange
4404	DVBA CAPRI WORKSHEET STAT LIST	LISTSTAT	DVBCPSH1	4	GLOBAL ARRAY	R		ACTIVE	1	AUTOMATED MED INFO EXCHANGE	Automated Medical Information Exchange
4405	DVBA CAPRI WORKSHEET NAME ED	EXEDIT	DVBCPSH1	1	SINGLE VALUE	R		ACTIVE	1	AUTOMATED MED INFO EXCHANGE	Automated Medical Information Exchange
4406	DVBA CAPRI WORKSHEET STATUS	EXINACT	DVBCPSH1	1	SINGLE VALUE	R		ACTIVE	1	AUTOMATED MED INFO EXCHANGE	Automated Medical Information Exchange
4407	PSO EPCS EDIT	ENTRY	PSOEPED	1	SINGLE VALUE	R		ACTIVE		OUTPATIENT PHARMACY	Outpatient Pharmacy
4408	PSO EPCS ADD DEA	FILEFM	PSOEPUT	1	SINGLE VALUE	R		ACTIVE		OUTPATIENT PHARMACY	Outpatient Pharmacy
4409	PSO EPCS DEADOJ	DEADOJ	PSOEPUT	2	ARRAY	R		ACTIVE		OUTPATIENT PHARMACY	Outpatient Pharmacy
441	ORWDX UNLOCK	UNLOCK	ORWDX	1	SINGLE VALUE			ACTIVE		ORDER ENTRY/RESULTS REPORTING	Order Entry Results Reporting
4410	PSO EPCS MBM	MBM	PSOEPUT	1	SINGLE VALUE	R		ACTIVE		OUTPATIENT PHARMACY	Outpatient Pharmacy
4411	PSO EPCS REMOVE DEA	DEAREM	PSOEPUT	1	SINGLE VALUE	R		ACTIVE		OUTPATIENT PHARMACY	Outpatient Pharmacy
4412	PSO EPCS DEA DUP CHECK	DUPCHK	PSOEPUT	1	SINGLE VALUE	R		ACTIVE		OUTPATIENT PHARMACY	Outpatient Pharmacy
4413	PSO EPCS DEALIST	DEALIST	PSOEPUT	2	ARRAY	R		ACTIVE		OUTPATIENT PHARMACY	Outpatient Pharmacy
4414	PSO EPCS VERSION	GUICHK	PSOEPVR	1	SINGLE VALUE	R		ACTIVE		OUTPATIENT PHARMACY	Outpatient Pharmacy
4415	PSO EPCS DETOX CHECK	DTXCHK	PSOEPU1	1	SINGLE VALUE	R		ACTIVE		OUTPATIENT PHARMACY	Outpatient Pharmacy
4416	PSO EPCS VA# DUP CHECK	VANUMCHK	PSOEPU1	1	SINGLE VALUE	R		ACTIVE		OUTPATIENT PHARMACY	Outpatient Pharmacy
4417	PSO EPCS FILER	FILEFMA	PSOEPU1	1	SINGLE VALUE	R		ACTIVE		OUTPATIENT PHARMACY	Outpatient Pharmacy
4418	PSO EPCS REPORTS	RPTEN	PSOEPREP	4	GLOBAL ARRAY	R		ACTIVE		OUTPATIENT PHARMACY	Outpatient Pharmacy
4419	PSO EPCS SYSTEM DATE TIME	EPCSDATE	PSOEPUT2	1	SINGLE VALUE	S		ACTIVE		OUTPATIENT PHARMACY	Outpatient Pharmacy
442	ORWDPS32 IVAMT	IVAMT	ORWDPS33	1	SINGLE VALUE			ACTIVE		ORDER ENTRY/RESULTS REPORTING	Order Entry Results Reporting
4420	PSO EPCS FIELD HELP	EPCSHELP	PSOEPUT2	1	SINGLE VALUE	S		ACTIVE		OUTPATIENT PHARMACY	Outpatient Pharmacy
4421	PSO EPCS GET LIST	SRCLST	PSOEPUT2	4	GLOBAL ARRAY	R		ACTIVE		OUTPATIENT PHARMACY	Outpatient Pharmacy
4422	PSO EPCS LIST NP SCHED	NPSCHDL	PSOEPU1	1	SINGLE VALUE	A		ACTIVE		OUTPATIENT PHARMACY	Outpatient Pharmacy
4423	PSO EPCS FILE NP SCHED	NPSCHDF	PSOEPU1	1	SINGLE VALUE	R		ACTIVE		OUTPATIENT PHARMACY	Outpatient Pharmacy
4424	PSO EPCS LIST OPTN DESC	OPTNDESC	PSOEPU1	2	ARRAY	R		ACTIVE		OUTPATIENT PHARMACY	Outpatient Pharmacy
4425	PSO EPCS TOPIC HELP	EPCSHELP	PSOEPUT2	4	GLOBAL ARRAY	P		ACTIVE		OUTPATIENT PHARMACY	Outpatient Pharmacy
4426	SDES GET RESOURCE BY DUZ	GETBYDUZ	SDESGETRESOURCE	2	ARRAY	R		ACTIVE		SCHEDULING	Scheduling
4427	SDES GET RESOURCE BY CLINIC	GETBYCLINIEN	SDESGETRESOURCE	2	ARRAY	R		ACTIVE		SCHEDULING	Scheduling
4429	SDES CHECK ORDER LOCK	LOCKCHECK	SDESCHECKLOCK	2	ARRAY	R		ACTIVE		SCHEDULING	Scheduling
443	ORWDPS32 VALRATE	VALRATE	ORWDPS33	1	SINGLE VALUE			ACTIVE		ORDER ENTRY/RESULTS REPORTING	Order Entry Results Reporting
4430	WEBG GMRV VERSRV	VERSRV	WEBGUTIL	2	ARRAY	A	0	ACTIVE		WEBVRAM	WEBVRAM
4431	SDES ADD/UPDATE CONTACT	ADDUPD	SDESCONTACTS	2	ARRAY	R		ACTIVE		SCHEDULING	Scheduling
4432	SDES DISPLAY CONTACT	DISPLAY	SDESCONTACTS	2	ARRAY	R		ACTIVE		SCHEDULING	Scheduling
4433	SDES GET APPT REQS BY IENS2	APPTREQSBYIEN	SDESGREQSIENS	2	ARRAY	R		ACTIVE		SCHEDULING	Scheduling
4434	SDES CREATE SPEC NEEDS PREFS	CREATENEEDSPREFS	SDESCRTNEEDPREFS	2	ARRAY	R	0	ACTIVE		SCHEDULING	Scheduling
4435	SDES EDIT SPEC NEEDS PREFS	EDITNEEDSPREFS	SDESEDITNEEDPREF	2	ARRAY	R	0	ACTIVE		SCHEDULING	Scheduling
4436	SDES GET APPTS BY IENS2	APPTSLISTBYIEN	SDESGETAPPTSIEN2	2	ARRAY	R	0	ACTIVE	1	SCHEDULING	Scheduling
4437	SDES CREATE LAST SELECTED PAT	STORE	SDESSTOREPATIENT	2	ARRAY	R	0	ACTIVE		SCHEDULING	Scheduling
4438	SDES GET LAST SELECTED PAT	GETSTOREDPATIENT	SDESGETSTOREDPAT	2	ARRAY	R	0	ACTIVE		SCHEDULING	Scheduling
4439	SDES GET DISPOSITION REASONS	DISPOSITIONREAS	SDESGETDISPREASN	2	ARRAY	R		ACTIVE		SCHEDULING	Scheduling
444	ORWDOR VMSLCT	VMSLCT	ORWDOR	2	ARRAY			ACTIVE		ORDER ENTRY/RESULTS REPORTING	Order Entry Results Reporting
4440	SDES GET PATIENT CMMTS	PATCMTGET	SDESPATCOMMTS	2	ARRAY	R		ACTIVE		SCHEDULING	Scheduling
4441	SDES EDIT APPOINTMENT	EDIT	SDESEDITAPPT	2	ARRAY	R	0	ACTIVE		SCHEDULING	Scheduling
4442	PSO ACTIVITY LOG	ACT	PSOVCC1	1	SINGLE VALUE	R		ACTIVE		OUTPATIENT PHARMACY	Outpatient Pharmacy
4443	PSO CMOP LOG	CMOP	PSOVCC1	1	SINGLE VALUE	A		ACTIVE		OUTPATIENT PHARMACY	Outpatient Pharmacy
4444	PSO COPAY LOG	COPAY	PSOVCC1	1	SINGLE VALUE	A		ACTIVE		OUTPATIENT PHARMACY	Outpatient Pharmacy
4445	PSO ECME LOG	ECME	PSOVCC0	1	SINGLE VALUE	A		ACTIVE		OUTPATIENT PHARMACY	Outpatient Pharmacy
4446	PSO ERX LOG	ERX	PSOVCC0	1	SINGLE VALUE	A		ACTIVE		OUTPATIENT PHARMACY	Outpatient Pharmacy
4448	PSO LABEL LOG	LABEL	PSOVCC1	1	SINGLE VALUE	A		ACTIVE		OUTPATIENT PHARMACY	Outpatient Pharmacy
4449	PSO LOT EXPIRATION	LELF	PSOVCC0	1	SINGLE VALUE	A		ACTIVE		OUTPATIENT PHARMACY	Outpatient Pharmacy
445	ORWPCE ACTPROB	ACTPROB	ORWPCE	4	GLOBAL ARRAY	R		ACTIVE		ORDER ENTRY/RESULTS REPORTING	Order Entry Results Reporting
4450	PSO PARTIALS LOG	PART	PSOVCC1	1	SINGLE VALUE	A		ACTIVE		OUTPATIENT PHARMACY	Outpatient Pharmacy
4451	PSO REFILL LOG	RFIL	PSOVCC1	1	SINGLE VALUE	A		ACTIVE		OUTPATIENT PHARMACY	Outpatient Pharmacy
4453	PSO EPCS CRED	LASTCRED	PSOEPED	1	SINGLE VALUE	R		ACTIVE		OUTPATIENT PHARMACY	Outpatient Pharmacy
4454	SDES2 CREATE CLINIC	CREATECLINIC	SDES2CREATECLIN	2	ARRAY	R		ACTIVE		SCHEDULING	Scheduling
4455	SDES GET PATREG BY DFNICN	GETREGA	SDESGETREGA2	2	ARRAY	R		ACTIVE		SCHEDULING	Scheduling
4456	SDES2 EDIT CLINIC	EDITCLINIC	SDES2EDITCLIN	2	ARRAY	R		ACTIVE		SCHEDULING	Scheduling
4457	SDES BLOCK AND MOVE	BLOCKANDMOVE	SDESBLOCKANDMOVE	2	ARRAY	R	0	ACTIVE		SCHEDULING	Scheduling
4458	SDES2 GET HOLIDAYS	GETHOLIDAYS	SDES2GETHOLIDAYS	2	ARRAY	R		ACTIVE		SCHEDULING	Scheduling
4459	SDES2 GET REQUESTS BY INST	GETREQUESTS	SDES2GREQSINST	2	ARRAY	R		ACTIVE		SCHEDULING	Scheduling
446	ORWORB GETDATA	GETDATA	ORWORB	1	SINGLE VALUE			ACTIVE		ORDER ENTRY/RESULTS REPORTING	Order Entry Results Reporting
4460	SDES2 GET PATIENT MED LIST	GETMEDLIST	SDES2GETMEDLIST	2	ARRAY	R	0	ACTIVE		SCHEDULING	Scheduling
4461	MAG TELER UPDATES	CNSLTS	MAGTLRD	2	ARRAY	R		ACTIVE		IMAGING	Imaging
4462	ORACCESS GETNOTES	GETNOTES	ORACCESS	2	ARRAY	R		ACTIVE		ORDER ENTRY/RESULTS REPORTING	Order Entry Results Reporting
4463	ORWU FLDINFO	FLDINFO	ORWU	2	ARRAY			ACTIVE		ORDER ENTRY/RESULTS REPORTING	Order Entry Results Reporting
4464	ORACCES2 DLGOIINFO	DLGOIINFO	ORACCES2	2	ARRAY			ACTIVE		ORDER ENTRY/RESULTS REPORTING	Order Entry Results Reporting
4465	ORACCES2 LABSBYXREF	LABSBYXREF	ORACCES2	1	SINGLE VALUE			ACTIVE		ORDER ENTRY/RESULTS REPORTING	Order Entry Results Reporting
4466	ORACCES2 DIETINFO	DIETINFO	ORACCES2	2	ARRAY			ACTIVE		ORDER ENTRY/RESULTS REPORTING	Order Entry Results Reporting
4467	ORACCESS EHRACTIVE	EHRACTIVE	ORACCESS	1	SINGLE VALUE			ACTIVE		ORDER ENTRY/RESULTS REPORTING	Order Entry Results Reporting
4468	ORWLRAP1 APORDITM	APORDITM	ORWLRAP1	2	ARRAY			ACTIVE		ORDER ENTRY/RESULTS REPORTING	Order Entry Results Reporting
4469	IBTASDB POST	POST	IBTASDB	2	ARRAY	R	0	ACTIVE	1	INTEGRATED BILLING	Integrated Billing
447	ORQQCN FIND CONSULT	FINDCSLT	ORQQCN1	1	SINGLE VALUE			ACTIVE		ORDER ENTRY/RESULTS REPORTING	Order Entry Results Reporting
4470	SDES2 GET CONTACT ATTEMPTS	GETCONTACTS	SDES2CONTACTS	2	ARRAY	R		ACTIVE		SCHEDULING	Scheduling
4471	SDES2 ADD CONTACT ATTEMPT	ADDCONTACT	SDES2CONTACTS	2	ARRAY	R		ACTIVE		SCHEDULING	Scheduling
4472	WEBG VERIFY CODE EXP DATE	VERCDEXP	WEBGUTIL	1	SINGLE VALUE		0	ACTIVE		WEBVRAM	WEBVRAM
4473	YTQRCRD DLL	DLL	YTQRCRD	2	ARRAY	R		ACTIVE		MENTAL HEALTH	Mental Health
4474	DVBA CAPRI UPDATE DBQ TRANSTAT	STATUS	DVBCTXML	1	SINGLE VALUE	R		ACTIVE		AUTOMATED MED INFO EXCHANGE	Automated Medical Information Exchange
4475	DVBA CAPRI GET DBQ XML	FAILXML	DVBCTXML	4	GLOBAL ARRAY	R		ACTIVE	1	AUTOMATED MED INFO EXCHANGE	Automated Medical Information Exchange
4476	DVBA CAPRI DBQ TRANS FAIL LIST	FAILIST	DVBCTXML	4	GLOBAL ARRAY	R		ACTIVE	1	AUTOMATED MED INFO EXCHANGE	Automated Medical Information Exchange
4477	DVBA CAPRI SAVE DBQ XML	SAVEXML	DVBCTXML	1	SINGLE VALUE	R		ACTIVE		AUTOMATED MED INFO EXCHANGE	Automated Medical Information Exchange
4478	DVBA CAPRI NF DATA	NEWSFEED	DVBCTXM2	1	SINGLE VALUE	R	0	ACTIVE		AUTOMATED MED INFO EXCHANGE	Automated Medical Information Exchange
4479	DVBA CAPRI GET EXAM REPORT	TRANSRPT	DVBCTPD2	4	GLOBAL ARRAY	R		ACTIVE	1	AUTOMATED MED INFO EXCHANGE	Automated Medical Information Exchange
448	ORQQCN GET PROC SVCS	PROCSVCS	ORQQCN1	2	ARRAY			ACTIVE		ORDER ENTRY/RESULTS REPORTING	Order Entry Results Reporting
4480	DVBA CAPRI FAIL CHECK	FAILCHK	DVBCTXML	1	SINGLE VALUE	R		ACTIVE	1	AUTOMATED MED INFO EXCHANGE	Automated Medical Information Exchange
4481	ISI GET RAD STANDARD REPORTS	GETSTD	ISIRAR01	2	ARRAY			ACTIVE		VENDOR - ISI	Vendor - ISI
4482	ISI GET RAD STANDARD TEXT	GETSTDTX	ISIRAR02	4	GLOBAL ARRAY			ACTIVE		VENDOR - ISI	Vendor - ISI
4483	ISIJ ASSIGN ENABLE	ASENA	ISIJUTL1	4	GLOBAL ARRAY	R	0	ACTIVE		VENDOR - ISI	Vendor - ISI
4484	ISIJ RAD RPT DETAIL	RPTSTAT	ISIJDCU1	2	ARRAY	P		ACTIVE		VENDOR - ISI	Vendor - ISI
4485	ISI GET RAD DX CODES	GETDXCOD	ISIDICR1	4	GLOBAL ARRAY	R		ACTIVE		VENDOR - ISI	Vendor - ISI
4486	ISIJ FAVORITE	FAVORITE	ISIJFAV	4	GLOBAL ARRAY	R		ACTIVE		VENDOR - ISI	Vendor - ISI
4487	ISIJ DYNAMIC QUERY	QRYRPC	ISIJLS2	4	GLOBAL ARRAY	P		ACTIVE		VENDOR - ISI	Vendor - ISI
4488	ISIJ NOTES	NOTE	ISIJNOTE	4	GLOBAL ARRAY	R		ACTIVE		VENDOR - ISI	Vendor - ISI
4489	ISIJ REPORT ENTER	RPTOPEN	ISIJRPT	4	GLOBAL ARRAY	R		ACTIVE		VENDOR - ISI	Vendor - ISI
449	ORWDFH TXT	TXT	ORWDFH	2	ARRAY			ACTIVE		ORDER ENTRY/RESULTS REPORTING	Order Entry Results Reporting
4490	ISIJ LOCK REPORT	RPTLOCK	ISIJRPT	4	GLOBAL ARRAY	R		ACTIVE		VENDOR - ISI	Vendor - ISI
4491	ISIJ GET RAD TECHS	RADLST	ISIDICR1	2	ARRAY	R		ACTIVE		VENDOR - ISI	Vendor - ISI
4492	ISIJ RAD EXAM UPDATE	UPDEXAM	ISIDICR1	4	GLOBAL ARRAY	R		ACTIVE		VENDOR - ISI	Vendor - ISI
4493	SDES2 SEARCH CLINIC ATTRIBUTES	SEARCHCLIN	SDES2CLNSEARCH	2	ARRAY	R		ACTIVE		SCHEDULING	Scheduling
4494	SDES2 EDIT PAT PRE-REG	EDITPREREG	SDES2EDITPREREG	2	ARRAY	R	0	ACTIVE		SCHEDULING	Scheduling
4495	SDES2 GET HELP LINKS	GETLINKS	SDES2GETLINKS	2	ARRAY	R		ACTIVE	1	SCHEDULING	Scheduling
4496	SDES2 GET PATIENT EP	GETPTIN	SDES2EPT	2	ARRAY	R		ACTIVE		SCHEDULING	Scheduling
4497	SDES2 RESTORE CLIN AVAIL	RESTORE	SDES2RSTCAVAIL	2	ARRAY	R		ACTIVE		SCHEDULING	Scheduling
4498	SDES GET APPTREQ BY INST2	GETREQSBYINST	SDESGETAREQINST2	2	ARRAY	R		ACTIVE		SCHEDULING	Scheduling
4499	SDES2 REACTIVATE CLINIC	REACTIVATECLIN	SDES2REACTTCLIN	2	ARRAY	R	0	ACTIVE	1	SCHEDULING	Scheduling
45	SCRP FILE ENTRY GETSELECTION	GETSEL	SCRPBK11	2	ARRAY	R		ACTIVE		SCHEDULING	Scheduling
450	ORWDFH PARAM	PARAM	ORWDFH	2	ARRAY			ACTIVE		ORDER ENTRY/RESULTS REPORTING	Order Entry Results Reporting
4500	SDES2 GET LAST SELECTED PAT	GETSTOREDPATIENT	SDES2GETSTORDPAT	2	ARRAY	R	0	ACTIVE		SCHEDULING	Scheduling
4501	SDES2 GET EXPANDED ENTRY	GETEXPANDEDENTRY	SDES2GETEXPENTRY	2	ARRAY	R	0	ACTIVE		SCHEDULING	Scheduling
4502	SDES2 INACTIVATE CLINIC	SDINACTCLN	SDES2INACTCLIN	2	ARRAY	R		ACTIVE	1	SCHEDULING	Scheduling
4503	SDES2 GET VVC STOP CODES	GETVVCCODES	SDES2GETVVCCODES	2	ARRAY	R	0	ACTIVE		SCHEDULING	Scheduling
4504	SDES2 GET APPT TYPES BY DFN	GETAPTYDFN	SDES2APPTYPES	2	ARRAY	R	0	ACTIVE	1	SCHEDULING	Scheduling
4505	SDES2 PATIENT SEARCH	SEARCH	SDES2PATSEARCH	2	ARRAY	R		ACTIVE		SCHEDULING	Scheduling
4506	SDES2 CREATE LAST SELECTED PAT	STORE	SDES2STOREPAT	2	ARRAY	R		ACTIVE	1	SCHEDULING	Scheduling
4507	SDES2 GET RECALL DELETE REASON	GETDELREASON	SDES2RECLDIPREAS	2	ARRAY	R		ACTIVE	1	SCHEDULING	Scheduling
4508	SDES2 GET SPEC NEEDS PREFS	GETNEEDSPREFS	SDES2GETSNAPS	2	ARRAY	R	0	ACTIVE		SCHEDULING	Scheduling
4509	SDES2 CREATE SPEC NEEDS PREFS	CREATENEEDSPREFS	SDES2CREATESNAPS	2	ARRAY	R	0	ACTIVE		SCHEDULING	Scheduling
451	ORWDFH TFPROD	TFPROD	ORWDFH	2	ARRAY			ACTIVE		ORDER ENTRY/RESULTS REPORTING	Order Entry Results Reporting
4510	SDES2 EDIT SPEC NEEDS PREFS	EDITNEEDSPREFS	SDES2EDITSNAPS	2	ARRAY	R	0	ACTIVE		SCHEDULING	Scheduling
4511	SDES2 CHECK CLIN AVAIL DEFINED	CHECKAVAIL	SDES2CHKCAVAIL	2	ARRAY	R		ACTIVE		SCHEDULING	Scheduling
4512	SDES2 GET PATIENT INFO	GETINFO	SDES2GETPATINFO	2	ARRAY	R	0	ACTIVE		SCHEDULING	Scheduling
4513	SDES2 GET RESOURCE GROUP	GETRESOURCEGROUP	SDES2GETRESGROUP	2	ARRAY	R	0	ACTIVE		SCHEDULING	Scheduling
4514	SDES2 CREATE RECALL REQUEST	CREATERECREQ	SDES2RECLLREQ	2	ARRAY	R		ACTIVE	1	SCHEDULING	Scheduling
4515	SDES2 EDIT RECALL REQUEST	UPDRECALLREQ	SDES2RECLLREQ	2	ARRAY	R		ACTIVE	1	SCHEDULING	Scheduling
4516	SDES2 DISPOSITION APPT REQ	DISPOSITION	SDES2ARCLOSE	2	ARRAY	R		ACTIVE		SCHEDULING	Scheduling
4517	SDES2 DISPOSITION RECALL REQ	DISPRECALL	SDES2DISPRECALL	2	ARRAY	R		ACTIVE		SCHEDULING	Scheduling
4518	SDES2 CHECKIN	CHECKIN	SDES2CHECKIN	2	ARRAY	R		ACTIVE	1	SCHEDULING	Scheduling
4519	SDES2 CREATE APPOINTMENT	CREATE	SDES2CREATEAPPT	2	ARRAY	R	0	ACTIVE		SCHEDULING	Scheduling
452	ORWDFH ATTR	ATTR	ORWDFH	1	SINGLE VALUE			ACTIVE		ORDER ENTRY/RESULTS REPORTING	Order Entry Results Reporting
4520	SDES2 GET CANCELLED SLOTS	GETCANCSLOTS	SDES2GETCANSLOTS	2	ARRAY	R		ACTIVE		SCHEDULING	Scheduling
4521	SDES GET CLINIC INFO3	JSONCLNINFO	SDESRTVCLN3	2	ARRAY	R	0	ACTIVE		SCHEDULING	Scheduling
4522	SDES2 CREATE VET REQ AND APPT	CREATEREQANDAPPT	SDES2CRTVETAPPT	2	ARRAY	R	0	ACTIVE		SCHEDULING	Scheduling
4523	SDES2 GET APPTS CLINIEN LIST	APPTBYCLNLIST	SDES2APPTCLNLST	2	ARRAY	R		ACTIVE	1	SCHEDULING	Scheduling
4524	SDES2 SET APPT CHECKOUT	SETCHECKOUT	SDES2SETCHECKOUT	2	ARRAY	R	0	ACTIVE		SCHEDULING	Scheduling
4525	SDES2 GET RESOURCE IEN	GETRESIEN	SDES2GETRESIEN	2	ARRAY	R		ACTIVE		SCHEDULING	Scheduling
4526	SDES2 GET EXPANDED ENTRY 2	GETEXPANDEDENTRY	SDES2GETXPENTRY2	2	ARRAY	R	0	ACTIVE		SCHEDULING	Scheduling
4527	SDES2 CREATE APPT REQ	CREATEREQUEST	SDES2CRTAPREQ	2	ARRAY	R		ACTIVE		SCHEDULING	Scheduling
4528	SDES2 EDIT APPT REQ	EDITREQUEST	SDES2EDITAPREQ	2	ARRAY	R		ACTIVE		SCHEDULING	Scheduling
4529	SDES2 GET APPTS BY CLIN LIST	APPTBYCLINICLIST	SDES2CLINICLIST	2	ARRAY	R		ACTIVE		SCHEDULING	Scheduling
453	ORWDFH DIETS	DIETS	ORWDFH	2	ARRAY			ACTIVE		ORDER ENTRY/RESULTS REPORTING	Order Entry Results Reporting
4530	SDES2 CANCEL APPOINTMENT	CANCELAPPT	SDES2CANCELAPPT	2	ARRAY	R	0	ACTIVE		SCHEDULING	Scheduling
4531	SDES2 SET APPT CHECKIN	SETAPPTCKNSTEP	SDES2APPTCKNSTEP	2	ARRAY	R		ACTIVE		SCHEDULING	Scheduling
4532	SDES2 SET CHECK-IN STEP	SETCKNSTEP	SDES2CKNSTEP	2	ARRAY	R		ACTIVE		SCHEDULING	Scheduling
4533	SDES2 QUERY APPT REQUESTS	QUERY	SDES2QRYAPREQS	4	GLOBAL ARRAY	R		ACTIVE		SCHEDULING	Scheduling
4534	SDES2 CREATE PROVIDER RESOURCE	CREATEPRVRES	SDES2CRTPRVRES	2	ARRAY	R		ACTIVE		SCHEDULING	Scheduling
4535	SDES2 EDIT PROVIDER RESOURCE	EDITPRVRES	SDES2EDITPRVRES	2	ARRAY	R		ACTIVE		SCHEDULING	Scheduling
4536	SDES2 CREATE WALKIN APPT	CREATEWALKIN	SDES2CRTWALKIN	2	ARRAY	R	0	ACTIVE		SCHEDULING	Scheduling
4537	SDES2 GET ELIGIBILITY CODES	GETELIGCODES	SDES2GETELIGCD	2	ARRAY	R		ACTIVE		SCHEDULING	Scheduling
4538	SDES2 GET PATIENT CLIN STATUS	GETPATIENTSTATUS	SDES2GETPATSTAT	2	ARRAY	R	0	ACTIVE		SCHEDULING	Scheduling
4539	SDES2 CANCEL CLINIC AVAIL	CANCEL	SDES2CANCLNAVAIL	2	ARRAY	R	0	ACTIVE		SCHEDULING	Scheduling
454	ORWDFH QTY2CC	QTY2CC	ORWDFH	1	SINGLE VALUE			ACTIVE		ORDER ENTRY/RESULTS REPORTING	Order Entry Results Reporting
4540	SDES2 NO-SHOW	NOSHOW	SDES2NOSHOW	2	ARRAY	R	0	ACTIVE		SCHEDULING	Scheduling
4541	SDES2 GET SCHEDULING USERS	GETUSERS	SDES2GETSCDUSRS	2	ARRAY	R		ACTIVE		SCHEDULING	Scheduling
4542	SDES2 UNDO NO-SHOW	UNDONOSHOW	SDES2UNDONOSHOW	2	ARRAY	R	0	ACTIVE		SCHEDULING	Scheduling
4543	SDES2 GET APPT BY APPT IEN	BYAPPTIEN	SDES2GETAPPTRPCS	2	ARRAY	R		ACTIVE		SCHEDULING	Scheduling
4544	SDES2 GET APPTS BY CLINIC IEN	BYCLINIEN	SDES2GETAPPTRPCS	2	ARRAY	R		ACTIVE		SCHEDULING	Scheduling
4545	SDES2 GET APPTS BY PATIENT DFN	BYPATDFN	SDES2GETAPPTRPCS	2	ARRAY	R		ACTIVE		SCHEDULING	Scheduling
4546	SDES2 GET RECALL BY IEN	GETBYIEN	SDES2GETRECALL	2	ARRAY	R		ACTIVE		SCHEDULING	Scheduling
4547	SDES2 GET RECALLS BY DFN	GETBYDFN	SDES2GETRECALL	2	ARRAY	R		ACTIVE		SCHEDULING	Scheduling
4548	SDES2 GET VIDEO VISIT PROV	GETSPACEBARPRO	SDES2SPACEBAR	2	ARRAY	R		ACTIVE		SCHEDULING	Scheduling
4549	SDES2 GET APPTS BY APPT IENS	APPTSBYIENLIST	SDES2GETAPPTRPCS	2	ARRAY	R		ACTIVE		SCHEDULING	Scheduling
455	ORWDX MSG	MSG	ORWDX	2	ARRAY			ACTIVE		ORDER ENTRY/RESULTS REPORTING	Order Entry Results Reporting
4550	SDES2 GET INFO FOR VIDEO VISIT	GETVVSMAKEINFO	SDES2VVSJSON	2	ARRAY	R		ACTIVE		SCHEDULING	Scheduling
4551	SDES2 BLOCK AND MOVE	BLOCKANDMOVE	SDES2BLOCKANDMOV	2	ARRAY	R		ACTIVE		SCHEDULING	Scheduling
4552	SDES2 GET APPT REQ BY DFN	GETREQSBYDFN	SDES2GETAPPTREQ	2	ARRAY	R		ACTIVE		SCHEDULING	Scheduling
4553	SDES2 GET APPT REQ BY IEN	GETREQBYREQIEN	SDES2GETAPPTREQ	2	ARRAY	R		ACTIVE		SCHEDULING	Scheduling
4554	SDES2 GET CONSULTS BY DFN	GETCONSULTSBYDFN	SDES2GETCONSULTS	2	ARRAY	R		ACTIVE		SCHEDULING	Scheduling
4555	SDES2 GET CONSULT BY IEN	GETCONSULTBYIEN	SDES2GETCONSULTS	2	ARRAY	R		ACTIVE		SCHEDULING	Scheduling
4556	SDES2 GET APPT REQ LIST BY DFN	GETREQLISTBYDFN	SDES2GETREQS	2	ARRAY	R		ACTIVE		SCHEDULING	Scheduling
4557	SDES2 GET APPTS BY CLN RES IEN	BYCLINRESOURCE	SDES2GETAPPTRPCS	2	ARRAY	R		ACTIVE		SCHEDULING	Scheduling
4558	SDES2 GET PATIENT REGISTRATION	GETPATINFO	SDES2GETREGS	2	ARRAY	R		ACTIVE		SCHEDULING	Scheduling
4559	SDES2 BLOCK PBSP SLOTS	BLOCK	SDES2BLOCKPBSP	2	ARRAY	R	0	ACTIVE		SCHEDULING	Scheduling
456	ORWDX DGRP	DGRP	ORWDX	1	SINGLE VALUE			ACTIVE		ORDER ENTRY/RESULTS REPORTING	Order Entry Results Reporting
4560	SDES2 GET URGENCY LIST	GETURGENCY	SDES2GETURGENCY	2	ARRAY	R		ACTIVE		SCHEDULING	Scheduling
4561	SDES2 UNDO CHECKOUT	UNDOCHECKOUT	SDES2UNDOCHKOUT	2	ARRAY	R		ACTIVE		SCHEDULING	Scheduling
4562	SDES2 UNBLOCK PBSP SLOTS	UNBLOCK	SDES2UNBLOCKPBSP	2	ARRAY	R	0	ACTIVE		SCHEDULING	Scheduling
4563	SDES2 GET PAT DEMOGRAPHICS	GETDEMOGRAPHICS	SDES2GETPATDEMO	2	ARRAY	R	0	ACTIVE		SCHEDULING	Scheduling
4564	SDES2 EDIT PAT DEMOGRAPHICS	EDITDEMOGRAPHICS	SDES2EDITPATDEMO	2	ARRAY	R	0	ACTIVE		SCHEDULING	Scheduling
4565	SDES2 GET DEMOGRAPHICS	GETDEMOGRAPHICS	SDES2GETDEMOS	2	ARRAY	R	0	ACTIVE		SCHEDULING	Scheduling
4566	SDES2 GET RECALL APPT TYPES	GETRECREMTYPES	SDES2GRECAPTYPE	2	ARRAY	R		ACTIVE		SCHEDULING	Scheduling
4567	SDES2 GET APPT REQ BY TYP VET	GETREQBYTYPEVET	SDES2GETAPPTREQ	2	ARRAY	R		ACTIVE		SCHEDULING	Scheduling
4568	SDES2 GET CLINICS BY PROVIDER	GETPROVCLINICS	SDES2PRVCLINSRC	2	ARRAY	R		ACTIVE		SCHEDULING	Scheduling
4569	SDES2 SEARCH RECALL PROVIDERS	RECPROVSEARCH	SDES2RECPRVSRCH	2	ARRAY	R		ACTIVE		SCHEDULING	Scheduling
457	ORWDXA DCREQIEN	DCREQIEN	ORWDXA	1	SINGLE VALUE			ACTIVE		ORDER ENTRY/RESULTS REPORTING	Order Entry Results Reporting
4570	SDES2 GET APPTS BY CLINIC LIST	BYCLINICLIST	SDES2GETAPPTRPCS	2	ARRAY	R		ACTIVE		SCHEDULING	Scheduling
4571	SDES2 GET CLINIC AVAIL BY SVC	CLINICAVAIL	SDES2GETCLINAVL	4	GLOBAL ARRAY	R		ACTIVE		SCHEDULING	Scheduling
4573	ORQQVI SWPVIT	SWPVIT	ORQQVI	2	ARRAY	R		ACTIVE		ORDER ENTRY/RESULTS REPORTING	Order Entry Results Reporting
4574	ORWPT2 ID INFO	IDINFO	ORWPT2	1	SINGLE VALUE	R		ACTIVE		ORDER ENTRY/RESULTS REPORTING	Order Entry Results Reporting
4575	ORWPT2 LOOKUP	LOOKUP	ORWPT2	2	ARRAY	R		ACTIVE		ORDER ENTRY/RESULTS REPORTING	Order Entry Results Reporting
4576	SDES2 GET DISP CONT ATTEMPTS	GETCONTACTS	SDES2GETDISPCONS	2	ARRAY	R	0	ACTIVE		SCHEDULING	Scheduling
4577	SDES2 GET CLINICS BY STATION	GETCLINICS	SDES2GETCLNSTA	4	GLOBAL ARRAY	R		ACTIVE		SCHEDULING	Scheduling
4578	SDES2 SEARCH CLIN BY STOP CODE	SEARCHCLIN	SDES2SRCHCLNBYSC	4	GLOBAL ARRAY	R	0	ACTIVE		SCHEDULING	Scheduling
4579	SDES2 GET APPTS BY PAT DFN2	BYPATDFN2	SDES2GETAPPTRPCS	2	ARRAY	R		ACTIVE		SCHEDULING	Scheduling
458	ORWORR GETTXT	GETTXT	ORWORR	2	ARRAY			ACTIVE		ORDER ENTRY/RESULTS REPORTING	Order Entry Results Reporting
4580	PSO EPCS PSDRPH FILER	PSDKEY	PSOEPUT2	1	SINGLE VALUE	R		ACTIVE	1	OUTPATIENT PHARMACY	Outpatient Pharmacy
4581	SDES2 SEARCH RECALL CLINICS	CLINICSEARCH	SDES2SEARCHRCLN	2	ARRAY	R		ACTIVE		SCHEDULING	Scheduling
4582	MAG DICOM P350 MAKE LIST	ENTRY	MAGD350I	2	ARRAY			ACTIVE		IMAGING	Imaging
4583	MAG DICOM P350 GET NEXT TO FIX	GETNEXT	MAGD350I	1	SINGLE VALUE			ACTIVE		IMAGING	Imaging
4584	MAG DICOM P350 GET BASIC IMAGE	IMAGE	MAGD350J	2	ARRAY			ACTIVE		IMAGING	Imaging
4585	MAG DICOM P350 FIX ONE IMAGE	FIXONE	MAGD350I	1	SINGLE VALUE			ACTIVE		IMAGING	Imaging
4586	MAG DICOM P350 FIX FAIL IMAGES	FIXFAIL	MAGD350I	1	SINGLE VALUE			ACTIVE		IMAGING	Imaging
4587	MAG DICOM P350 UPDATE FIELDS	UPDATE	MAGD350I	1	SINGLE VALUE			ACTIVE		IMAGING	Imaging
4588	SDES2 GET USER PROFILE BY DUZ	GETUSRPROBYDUZ	SDES2GETUSRPROF	2	ARRAY	R	0	ACTIVE		SCHEDULING	Scheduling
4589	SDES2 GET USER PROF BY SECID	GETUSRPROBYSECID	SDES2GETUSRPROF	2	ARRAY	R	0	ACTIVE		SCHEDULING	Scheduling
459	ORWDFH ADDLATE	ADDLATE	ORWDFH	2	ARRAY			ACTIVE		ORDER ENTRY/RESULTS REPORTING	Order Entry Results Reporting
4590	SDES2 GET SERVICES FOR CLINICS	GETSERVICETYPES	SDES2GETCLINSVC	2	ARRAY	R		ACTIVE		SCHEDULING	Scheduling
4591	SDES2 CREATE CLINIC AVAIL	CREATE	SDES2CRTCLNAVAIL	2	ARRAY	R	0	ACTIVE		SCHEDULING	Scheduling
4592	SDES2 SEARCH PROVIDERS	PROVIDERSEARCH	SDES2PROVSEARCH	2	ARRAY	R	0	ACTIVE		SCHEDULING	Scheduling
4593	SDES2 EDIT APPOINTMENT	EDIT	SDES2EDITAPPT	2	ARRAY	R		ACTIVE		SCHEDULING	Scheduling
4594	SDES2 GET CLINIC INFO	ENTRY	SDES2CLININFO	2	ARRAY	R		ACTIVE	1	SCHEDULING	Scheduling
4595	SDES2 GET CLINICS BY CLIN LIST	CLINICLIST	SDES2CLININFO	2	ARRAY	R		ACTIVE	1	SCHEDULING	Scheduling
4596	MAGV GET WORK ITEM MODALITIES	GETMDLS	MAGVIM11	2	ARRAY	R		ACTIVE		IMAGING	Imaging
4597	MAGV GET WORK ITEM PROCEDURES	GETPROCS	MAGVIM11	2	ARRAY	R		ACTIVE		IMAGING	Imaging
4598	MAGV GET WORK ITEM SOURCES	GETSRCS	MAGVIM11	2	ARRAY	R		ACTIVE		IMAGING	Imaging
4599	MAGV RAD STAT COMPLETE	XMCOMPLT	MAGVIM05	2	ARRAY	R		ACTIVE		IMAGING	Imaging
46	SCRP QUERY SAVE	SAVE	SCRPBK2	2	ARRAY	R		ACTIVE		SCHEDULING	Scheduling
460	ORWDFH ISOIEN	ISOIEN	ORWDFH	1	SINGLE VALUE			ACTIVE		ORDER ENTRY/RESULTS REPORTING	Order Entry Results Reporting
4600	MAGV UPDATE WORK ITEM SERVICE	UPDSRV	MAGVIM13	1	SINGLE VALUE	R		ACTIVE		IMAGING	Imaging
4601	MPI IFC VISTA ADD PATIENT	ADD	MPIPRSAD	1	SINGLE VALUE			ACTIVE	1		
4602	SDES2 PRINT APPT LETTER	PRINTLETTER	SDES2APTLETTER	2	ARRAY	R		ACTIVE		SCHEDULING	Scheduling
4603	SDES2 PRINT APPT LETTERS	PRINTLETTERS	SDES2APTLETTER	2	ARRAY	R		ACTIVE		SCHEDULING	Scheduling
4604	IBMH COPAY SYNCH	RETURN	IBMHPMPY2	4	GLOBAL ARRAY	R		ACTIVE		INTEGRATED BILLING	Integrated Billing
4605	DVBA CAPRI GITHUB LOCATION	GITHUB	DVBCTXML	1	SINGLE VALUE	R		ACTIVE	1	AUTOMATED MED INFO EXCHANGE	Automated Medical Information Exchange
4606	DVBA CAPRI GET GITHUB DATA	GITTOK	DVBCTXML	4	GLOBAL ARRAY	R		ACTIVE	1	AUTOMATED MED INFO EXCHANGE	Automated Medical Information Exchange
4607	DVBA CAPRI GITHUB DATE	PARDATE	DVBCTXM2	1	SINGLE VALUE	R		ACTIVE	1	AUTOMATED MED INFO EXCHANGE	Automated Medical Information Exchange
4608	DVBA CAPRI GET GITHUB DATE	GITDATE	DVBCTXM2	1	SINGLE VALUE	R		ACTIVE	1	AUTOMATED MED INFO EXCHANGE	Automated Medical Information Exchange
4609	DVBA CAPRI IEPD DATA	SPIEPD	DVBCTXM2	1	SINGLE VALUE	R		ACTIVE	1	AUTOMATED MED INFO EXCHANGE	Automated Medical Information Exchange
461	ORWDFH CURISO	CURISO	ORWDFH	1	SINGLE VALUE			ACTIVE		ORDER ENTRY/RESULTS REPORTING	Order Entry Results Reporting
4610	DVBA CAPRI GET EXAM PDF	PDFRTN	DVBCTPDF	4	GLOBAL ARRAY	R		ACTIVE	1	AUTOMATED MED INFO EXCHANGE	Automated Medical Information Exchange
4611	DVBA CAPRI CREATE WORKSHEET	CREATE	DVBCTPDF	2	ARRAY	R		ACTIVE	1	AUTOMATED MED INFO EXCHANGE	Automated Medical Information Exchange
4612	DVBA CAPRI SAVE EXAM PDF	PDFSAVE	DVBCTPDF	1	SINGLE VALUE	R		ACTIVE	1	AUTOMATED MED INFO EXCHANGE	Automated Medical Information Exchange
4613	DVBA CAPRI GET WORKSHEET	PDFEXAM	DVBCTPDF	4	GLOBAL ARRAY	R		ACTIVE	1	AUTOMATED MED INFO EXCHANGE	Automated Medical Information Exchange
4614	DVBA CAPRI PASCAL CHECK	PASCALCHK	DVBCTPDF	1	SINGLE VALUE	R		ACTIVE	1	AUTOMATED MED INFO EXCHANGE	Automated Medical Information Exchange
4615	DVBA CAPRI GET WORKSHEET LIST	PDFLST	DVBCTPDF	4	GLOBAL ARRAY	R		ACTIVE	1	AUTOMATED MED INFO EXCHANGE	Automated Medical Information Exchange
4616	DVBA CAPRI DELETE CHECK	DELCHECK	DVBCTPDF	1	SINGLE VALUE	R		ACTIVE	1	AUTOMATED MED INFO EXCHANGE	Automated Medical Information Exchange
4617	DVBA CAPRI DELETE WORKSHEET	DELETE	DVBCTPDF	1	SINGLE VALUE	R		ACTIVE	1	AUTOMATED MED INFO EXCHANGE	Automated Medical Information Exchange
4618	DVBA CAPRI WORKSHEET UPDATE	WKSHTSAVE	DVBCWKSHT	2	ARRAY	R		ACTIVE	1	AUTOMATED MED INFO EXCHANGE	Automated Medical Information Exchange
4619	DVBA CAPRI GET DBQ PDF	FAILPDF	DVBCTPDF	4	GLOBAL ARRAY	R	0	ACTIVE	1	AUTOMATED MED INFO EXCHANGE	Automated Medical Information Exchange
462	ORWDFH ISOLIST	ISOLIST	ORWDFH	2	ARRAY			ACTIVE		ORDER ENTRY/RESULTS REPORTING	Order Entry Results Reporting
4620	DVBA CAPRI INVALID CHAR LIST	INVALCHAR	DVBUTIL	2	ARRAY	R		ACTIVE	1	HINQ	HINQ
4621	DVBA CAPRI CMT SSN VAR	GETSSNVAR	DVBCTXM2	4	GLOBAL ARRAY			ACTIVE	1	AUTOMATED MED INFO EXCHANGE	Automated Medical Information Exchange
4622	DVBA CAPRI UNLOCK EXAM	LOCKUNLOCK	DVBUTIL	1	SINGLE VALUE	R		ACTIVE	1	HINQ	HINQ
4623	DVBA CAPRI ADD EXAM	ADDPDF	DVBCTPD2	1	SINGLE VALUE	R		ACTIVE		AUTOMATED MED INFO EXCHANGE	Automated Medical Information Exchange
4624	DVBA CAPRI DELETE EXAM	DELETEXAM	DVBCTPD2	1	SINGLE VALUE	R		ACTIVE		AUTOMATED MED INFO EXCHANGE	Automated Medical Information Exchange
4625	DVBA CAPRI CMT TOGGLE	TOGGLE	DVBUTIL	1	SINGLE VALUE	R		ACTIVE	1	HINQ	HINQ
4626	DVBA CAPRI GET EXAM HISTORY	EXAMHIST	DVBCTPD2	4	GLOBAL ARRAY	R		ACTIVE		AUTOMATED MED INFO EXCHANGE	Automated Medical Information Exchange
4627	DVBA CAPRI EXAM RESTORE	RESTORE	DVBCTPD2	1	SINGLE VALUE	R		ACTIVE		AUTOMATED MED INFO EXCHANGE	Automated Medical Information Exchange
4628	DVBA CAPRI TEMP DEF LIST	LISTTEMP	DVBCPSH2	2	ARRAY	R		ACTIVE		AUTOMATED MED INFO EXCHANGE	Automated Medical Information Exchange
4629	DVBA CAPRI GET EXAMINER INFO	EXINFO	DVBUTIL	1	SINGLE VALUE	R		ACTIVE	1	HINQ	HINQ
463	ORWORB GET TIU ALERT INFO	GETALRT	TIUSRVR	1	SINGLE VALUE			ACTIVE		TEXT INTEGRATION UTILITIES	Text Integration Utility
4630	DVBA CAPRI SAVE SIGNER	SAVESIGN	DVBSIGN	1	SINGLE VALUE	R		ACTIVE		HINQ	HINQ
4631	DVBA CAPRI GET SECID	GETSECID	DVBSECID	1	SINGLE VALUE	R	0	ACTIVE	1	HINQ	HINQ
4632	DVBA CAPRI UNCOSIGN COUNT	ALERTCNT	DVBSIGN	1	SINGLE VALUE	R		ACTIVE		HINQ	HINQ
4633	DVBA CAPRI UNCOSIGNED INFO	UNCSINFO	DVBSIGN	4	GLOBAL ARRAY	R		ACTIVE		HINQ	HINQ
4634	DVBA CAPRI SECURITY TOGGLE	SECTOG	DVBUTIL	1	SINGLE VALUE	R	0	ACTIVE		HINQ	HINQ
4635	DVBA CAPRI PDF SIG FIELD NAMES	PDFSIGNM	DVBUTIL	4	GLOBAL ARRAY	R		ACTIVE		HINQ	HINQ
4636	DVBA CAPRI SAVE REVIEW DATA	REVIEWSAVE	DVBSIGN	1	SINGLE VALUE	R		ACTIVE		HINQ	HINQ
4637	DVBA CAPRI TRAINEE DOC MANAGER	DOCMAN	DVBSIGN	1	SINGLE VALUE	R		ACTIVE		HINQ	HINQ
4638	DVBA CAPRI TRAINEE SIGNATURE	TRAINSIG	DVBSIGN	1	SINGLE VALUE	R		ACTIVE		HINQ	HINQ
4639	DVBA CAPRI STATUS COUNT	STATCNT	DVBSIGN	1	SINGLE VALUE	R		ACTIVE		HINQ	HINQ
464	ORWDFH FINDTYP	FINDTYP	ORWDFH	1	SINGLE VALUE			ACTIVE		ORDER ENTRY/RESULTS REPORTING	Order Entry Results Reporting
4640	DVBA CAPRI ALERTS DATA	ALRTDATA	DVBSIGN2	4	GLOBAL ARRAY	R		ACTIVE		HINQ	HINQ
4641	DVBA CAPRI PDF LOGIC TOGGLE	DBQLOGIC	DVBUTIL	4	GLOBAL ARRAY	R		ACTIVE		HINQ	HINQ
4642	DVBA CAPRI WORKSHEET BY EXAM	WKSHBYEXAM	DVBUTIL	1	SINGLE VALUE	R		ACTIVE		HINQ	HINQ
4643	DVBA CAPRI PN TOGGLE	PNTOG	DVBUTIL	1	SINGLE VALUE	R		ACTIVE	1	HINQ	HINQ
4644	SDES2 SEARCH CLINIC SLOTS	SEARCH	SDES2SEARCHSLOTS	2	ARRAY	R	0	ACTIVE		SCHEDULING	Scheduling
4645	SDES2 CREATE LETTER	CREATELETTER	SDES2ENTERLETTER	2	ARRAY	R		ACTIVE		SCHEDULING	Scheduling
4646	SDES2 EDIT LETTER	EDITLETTER	SDES2ENTERLETTER	2	ARRAY	R		ACTIVE		SCHEDULING	Scheduling
4647	SDES2 DELETE LETTER	DELETELETTER	SDES2ENTERLETTR2	2	ARRAY	R		ACTIVE		SCHEDULING	Scheduling
4648	SDES2 SEARCH LETTER	SEARCHLETTER	SDES2ENTERLETTER	2	ARRAY	R		ACTIVE		SCHEDULING	Scheduling
4649	SDES2 GET DIVISION LIST	GETDIVISIONLIST	SDES2GETDIVLIST	2	ARRAY	R		ACTIVE		SCHEDULING	Scheduling
465	ORWDPS32 ISSPLY	ISSPLY	ORWDPS33	1	SINGLE VALUE			ACTIVE		ORDER ENTRY/RESULTS REPORTING	Order Entry Results Reporting
4650	SDES2 EDIT TEMP ADDRESS	EDITTEMP	SDES2EDITTEMPADD	2	ARRAY	R	0	ACTIVE		SCHEDULING	Scheduling
4651	SDES2 GET LETTER TYPES	GETLETTERTYPES	SDES2GETLETRTYPE	2	ARRAY	R	0	ACTIVE		SCHEDULING	Scheduling
4652	PSO ADDRESS UPDATE	PSOVPADDR	PSOVCC0	1	SINGLE VALUE	P		ACTIVE		OUTPATIENT PHARMACY	Outpatient Pharmacy
4653	PSO GET ADDRESS	PSOVRETADDR	PSOVCC0	1	SINGLE VALUE	P	0	ACTIVE		OUTPATIENT PHARMACY	Outpatient Pharmacy
4654	PSO TEMP ADDRESS ACTIVE FLAG	PSOVTAAF	PSOVCC0	1	SINGLE VALUE			ACTIVE		OUTPATIENT PHARMACY	Outpatient Pharmacy
4655	PSO DEL TEMPORARY ADDRESS	PSOVDELAD	PSOVCC0	1	SINGLE VALUE	P		ACTIVE		OUTPATIENT PHARMACY	Outpatient Pharmacy
4656	SDES2 REACTIVATE CLINIC 2	REACTIVATECLIN	SDES2REACTTCLIN2	2	ARRAY	R	0	ACTIVE		SCHEDULING	Scheduling
4657	SDES2 CLONE CLINIC SLOTS	CLONECLINICSLOTS	SDES2CLONESLOTS	2	ARRAY	R	0	ACTIVE		SCHEDULING	Scheduling
4658	SDES2 CREATE CLINIC AVAIL 2	CREATE	SDES2CRTCLNAVAL2	2	ARRAY	R	0	ACTIVE		SCHEDULING	Scheduling
4659	SDES2 GET CLINIC CANCEL SLOTS	CANAVAIL	SDES2GETCLNSLOT	2	ARRAY	R		ACTIVE		SCHEDULING	Scheduling
466	TIU GET ADDITIONAL SIGNERS	GETSIGNR	TIULX	2	ARRAY	S		ACTIVE		TEXT INTEGRATION UTILITIES	Text Integration Utility
4660	SDES2 GET VISTA DEVICES	DEVICES	SDES2GETDEVICES	2	ARRAY	R	0	ACTIVE	1	SCHEDULING	Scheduling
4661	SDES2 REMAP CLINIC/DIVISION	REMAP	SDES2REMAP	2	ARRAY	R		ACTIVE		SCHEDULING	Scheduling
4662	SDES2 GET CLINIC BY STOP CODE	GETCLIN	SDES2GETCLINST	2	ARRAY	R		ACTIVE		SCHEDULING	Scheduling
4663	SDES2 CREATE APPT REQ2	CREATEREQUEST	SDES2CRTAPREQ2	2	ARRAY	R		ACTIVE		SCHEDULING	Scheduling
4664	SDES2 CREATE LETTER 2	CREATELETTER	SDES2ENTERLETTR2	2	ARRAY	R	0	ACTIVE		SCHEDULING	Scheduling
4665	SDES2 EDIT LETTER 2	EDITLETTER	SDES2ENTERLETTR2	2	ARRAY	R	0	ACTIVE		SCHEDULING	Scheduling
4666	DVBA CAPRI SKIP PARENTCHILD	PCHILDLOGIC	DVBUTIL	2	ARRAY	R		ACTIVE		HINQ	HINQ
4667	DVBA CAPRI SKIP CHILD RESET	CSKIPLOGIC	DVBUTIL	2	ARRAY	R		ACTIVE		HINQ	HINQ
4668	DVBA CAPRI CMT IEPD RESET	IEPDREST	DVBUTIL	1	SINGLE VALUE	R	0	ACTIVE	1	HINQ	HINQ
4669	DVBA CAPRI CMT SKIP COND	CONDSKIP	DVBUTIL	2	ARRAY	R		ACTIVE	1	HINQ	HINQ
467	TIU UPDATE ADDITIONAL SIGNERS	IDSIGNRS	TIULX	1	SINGLE VALUE	S		ACTIVE		TEXT INTEGRATION UTILITIES	Text Integration Utility
4670	DVBA CAPRI WORD WRAP	WORDWRAP	DVBUTIL	1	SINGLE VALUE	R	0	ACTIVE		HINQ	HINQ
4671	DVBA CAPRI MED OPN FIELDS	MEDOPFLDS	DVBUTIL	4	GLOBAL ARRAY	R	0	ACTIVE		HINQ	HINQ
4672	SDES2 PRINT APT LETTER VISTA	PRINTAPPT	SDES2APTLETTERSV	2	ARRAY	R		ACTIVE		SCHEDULING	Scheduling
4673	SDES2 PRINT APT LETTERS VISTA	PRINTAPPTS	SDES2APTLETTERSV	2	ARRAY	R	0	ACTIVE		SCHEDULING	Scheduling
4674	DVBA CAPRI SUPPORT MESSAGE	HELPINFO	DVBUTIL	1	SINGLE VALUE	R	0	ACTIVE	1	HINQ	HINQ
4675	DVBA CAPRI NRE LOAD	LOADRPC	DVBANRE	1	SINGLE VALUE	R	0	ACTIVE	1	AUTOMATED MED INFO EXCHANGE	Automated Medical Information Exchange
4676	DVBA CAPRI NRE MARK	MARKRPC	DVBANRE	1	SINGLE VALUE	R	0	ACTIVE	1	AUTOMATED MED INFO EXCHANGE	Automated Medical Information Exchange
4677	DVBA CAPRI NRE OPEN	OPENRPC	DVBANRE	4	GLOBAL ARRAY	R	0	ACTIVE	1	AUTOMATED MED INFO EXCHANGE	Automated Medical Information Exchange
4678	DVBA CAPRI NRE SAVE	SAVERPC	DVBANRE	1	SINGLE VALUE	R	0	ACTIVE	1	AUTOMATED MED INFO EXCHANGE	Automated Medical Information Exchange
4679	DVBA CAPRI NRE STATIC	STATICRPC	DVBANRE	1	SINGLE VALUE	R	0	ACTIVE	1	AUTOMATED MED INFO EXCHANGE	Automated Medical Information Exchange
468	TIU LOCK RECORD	LOCK	TIUSRVP	1	SINGLE VALUE	S		ACTIVE		TEXT INTEGRATION UTILITIES	Text Integration Utility
4680	DVBA CAPRI NRE SUMMARY	SUMMARYRPC	DVBANRE	2	ARRAY	R	0	ACTIVE	1	AUTOMATED MED INFO EXCHANGE	Automated Medical Information Exchange
4681	DVBA CAPRI NRE HISTORY	HISTORYRPC	DVBANRE	4	GLOBAL ARRAY	R	0	ACTIVE	1	AUTOMATED MED INFO EXCHANGE	Automated Medical Information Exchange
4682	DVBA CAPRI NRE RUNNOW	RUNNOWRPC	DVBANRE	1	SINGLE VALUE	R	0	ACTIVE	1	AUTOMATED MED INFO EXCHANGE	Automated Medical Information Exchange
4683	DVBA CAPRI PROXY DATA	LISTPROXY	DVBUTIL	1	SINGLE VALUE	R		ACTIVE		HINQ	HINQ
4684	DVBA CAPRI ARP RSKDT	COMBINE	DVBAARP	2	ARRAY	R		ACTIVE		AUTOMATED MED INFO EXCHANGE	Automated Medical Information Exchange
4685	DVBA CAPRI OPEN ACCESS CHECK	OPENCHECK	DVBCWKSHT	1	SINGLE VALUE	R		ACTIVE		AUTOMATED MED INFO EXCHANGE	Automated Medical Information Exchange
4686	DVBA CAPRI LOOKUP OPTSET	LOOKUP	DVBAARP	2	ARRAY	R		ACTIVE		AUTOMATED MED INFO EXCHANGE	Automated Medical Information Exchange
4687	DVBA CAPRI ARP OPTSET							ACTIVE			
4688	DVBA CAPRI TOGGLE XML HEADER	XMLHEADER	DVBUTIL	1	SINGLE VALUE	R		ACTIVE		HINQ	HINQ
4689	DVBA CAPRI CMT SIGFLD NUM	SIGFLDNUM	DVBUTIL	1	SINGLE VALUE	R		ACTIVE		HINQ	HINQ
469	TIU UNLOCK RECORD	UNLOCK	TIUSRVP	1	SINGLE VALUE	S		ACTIVE		TEXT INTEGRATION UTILITIES	Text Integration Utility
47	SCRP QUERY VALIDATE	VALID	SCRPBK4	2	ARRAY	R		ACTIVE		SCHEDULING	Scheduling
470	TIU CAN CHANGE COSIGNER?	CANCHCOS	TIUSRVA	1	SINGLE VALUE	S		ACTIVE		TEXT INTEGRATION UTILITIES	Text Integration Utility
471	TIU JUSTIFY DELETE?	NEEDJUST	TIUSRVA	1	SINGLE VALUE	S		ACTIVE		TEXT INTEGRATION UTILITIES	Text Integration Utility
472	TIU GET ALERT INFO	GETALRT	TIUSRVR	1	SINGLE VALUE			ACTIVE		TEXT INTEGRATION UTILITIES	Text Integration Utility
473	ORQQCN GET ORDER NUMBER	GETORDER	ORQQCN1	1	SINGLE VALUE			ACTIVE		ORDER ENTRY/RESULTS REPORTING	Order Entry Results Reporting
474	ORWDLR32 LAB COLL TIME	LABCOLTM	ORWDLR33	1	SINGLE VALUE			ACTIVE		ORDER ENTRY/RESULTS REPORTING	Order Entry Results Reporting
475	ORWDXM MENU	MENU	ORWDXM	2	ARRAY			ACTIVE		ORDER ENTRY/RESULTS REPORTING	Order Entry Results Reporting
476	ORWDXM FORMID	FORMID	ORWDXM	1	SINGLE VALUE			ACTIVE		ORDER ENTRY/RESULTS REPORTING	Order Entry Results Reporting
477	ORWDXM PROMPTS	PROMPTS	ORWDXM	2	ARRAY			ACTIVE		ORDER ENTRY/RESULTS REPORTING	Order Entry Results Reporting
478	ORWDXM DLGNAME	DLGNAME	ORWDXM	1	SINGLE VALUE			ACTIVE		ORDER ENTRY/RESULTS REPORTING	Order Entry Results Reporting
479	ORWPT1 PRCARE	PRCARE	ORWPT1	1	SINGLE VALUE			ACTIVE		ORDER ENTRY/RESULTS REPORTING	Order Entry Results Reporting
48	SCRP QUERY DELETE	DELETE	SCRPBK2	2	ARRAY	R		ACTIVE		SCHEDULING	Scheduling
480	ORWPT1 PCDETAIL	PCDETAIL	ORWPT1	2	ARRAY			ACTIVE		ORDER ENTRY/RESULTS REPORTING	Order Entry Results Reporting
481	ORWU NPHASKEY	NPHASKEY	ORWU	1	SINGLE VALUE			ACTIVE		ORDER ENTRY/RESULTS REPORTING	Order Entry Results Reporting
482	ORWDX DLGID	DLGID	ORWDX	1	SINGLE VALUE			ACTIVE		ORDER ENTRY/RESULTS REPORTING	Order Entry Results Reporting
483	ORWDPS32 VALSCH	VALSCH	ORWDPS33	1	SINGLE VALUE	S		ACTIVE		ORDER ENTRY/RESULTS REPORTING	Order Entry Results Reporting
484	ORWDPS32 VALQTY	VALQTY	ORWDPS33	1	SINGLE VALUE			ACTIVE		ORDER ENTRY/RESULTS REPORTING	Order Entry Results Reporting
485	ORWDXM AUTOACK	AUTOACK	ORWDXM	2	ARRAY			ACTIVE		ORDER ENTRY/RESULTS REPORTING	Order Entry Results Reporting
486	ORWU GBLREF	GBLREF	ORWU	1	SINGLE VALUE			ACTIVE		ORDER ENTRY/RESULTS REPORTING	Order Entry Results Reporting
487	ORWDX AGAIN	AGAIN	ORWDX	1	SINGLE VALUE			ACTIVE		ORDER ENTRY/RESULTS REPORTING	Order Entry Results Reporting
488	ORWUXT LST	LST	ORWUXT	2	ARRAY			ACTIVE		ORDER ENTRY/RESULTS REPORTING	Order Entry Results Reporting
489	ORWUXT VAL	VAL	ORWUXT	1	SINGLE VALUE			ACTIVE		ORDER ENTRY/RESULTS REPORTING	Order Entry Results Reporting
49	SCRP QUERY CHECK NAME	NAME	SCRPBK2	2	ARRAY	R		ACTIVE		SCHEDULING	Scheduling
490	ORWUXT REF	REF	ORWUXT	4	GLOBAL ARRAY			ACTIVE		ORDER ENTRY/RESULTS REPORTING	Order Entry Results Reporting
491	ORWDLR32 IMMED COLLECT	IMMCOLL	ORWDLR33	2	ARRAY	S		ACTIVE		ORDER ENTRY/RESULTS REPORTING	Order Entry Results Reporting
492	ORWDLR32 IC DEFAULT	ICDEFLT	ORWDLR33	1	SINGLE VALUE			ACTIVE		ORDER ENTRY/RESULTS REPORTING	Order Entry Results Reporting
493	ORWDLR32 IC VALID	ICVALID	ORWDLR33	1	SINGLE VALUE	S		ACTIVE		ORDER ENTRY/RESULTS REPORTING	Order Entry Results Reporting
494	ORQQPL PROB COMMENTS	GETCOMM	ORQQPL2	2	ARRAY			ACTIVE		ORDER ENTRY/RESULTS REPORTING	Order Entry Results Reporting
495	ORWDXC ON	ON	ORWDXC	1	SINGLE VALUE	S		ACTIVE		ORDER ENTRY/RESULTS REPORTING	Order Entry Results Reporting
496	ORWDXC DISPLAY	DISPLAY	ORWDXC	2	ARRAY			ACTIVE		ORDER ENTRY/RESULTS REPORTING	Order Entry Results Reporting
497	ORWDXC FILLID	FILLID	ORWDXC	1	SINGLE VALUE			ACTIVE		ORDER ENTRY/RESULTS REPORTING	Order Entry Results Reporting
498	ORWDXC ACCEPT	ACCEPT	ORWDXC	2	ARRAY	S		ACTIVE		ORDER ENTRY/RESULTS REPORTING	Order Entry Results Reporting
499	ORWDXC SAVECHK	SAVECHK	ORWDXC	1	SINGLE VALUE			ACTIVE		ORDER ENTRY/RESULTS REPORTING	Order Entry Results Reporting
5	XWB EGCHO MEMO	MEMO	XWBZ1	4	GLOBAL ARRAY	R		ACTIVE		RPC BROKER	RPC Broker
50	SCUT SET USER QUERY DEFAULT	SETDEF	SCUTBK3	2	ARRAY	R		ACTIVE		SCHEDULING	Scheduling
500	ORWDXC SESSION	SESSION	ORWDXC	2	ARRAY			ACTIVE		ORDER ENTRY/RESULTS REPORTING	Order Entry Results Reporting
501	ORWDXC DELORD	DELORD	ORWDXC	1	SINGLE VALUE			ACTIVE		ORDER ENTRY/RESULTS REPORTING	Order Entry Results Reporting
502	DDR GETS ENTRY DATA	GETSC	DDR2	2	ARRAY	R		ACTIVE		VA FILEMAN	VA FileMan
503	DDR LISTER	LISTC	DDR	4	GLOBAL ARRAY	R		ACTIVE		VA FILEMAN	VA FileMan
504	DDR FILER	FILEC	DDR3	2	ARRAY	R		ACTIVE		VA FILEMAN	VA FileMan
505	DDR VALIDATOR	VALC	DDR3	2	ARRAY	R		ACTIVE		VA FILEMAN	VA FileMan
506	DDR DELETE ENTRY	DIKC	DDR1	1	SINGLE VALUE	R		ACTIVE		VA FILEMAN	VA FileMan
507	DDR LOCK/UNLOCK NODE	LOCKC	DDR1	1	SINGLE VALUE	R		ACTIVE		VA FILEMAN	VA FileMan
508	DDR FIND1	FIND1C	DDR2	2	ARRAY	R		ACTIVE		VA FILEMAN	VA FileMan
509	DDR GET DD HELP	GETHLPC	DDR2	2	ARRAY	R		ACTIVE		VA FILEMAN	VA FileMan
51	SCRP REPORT PRINT	PRINT	SCRPBK3	2	ARRAY	R		ACTIVE		SCHEDULING	Scheduling
510	DDR FINDER	FINDC	DDR0	4	GLOBAL ARRAY	R		ACTIVE		VA FILEMAN	VA FileMan
511	SCMC BLD TEAM PAT LIST	PTTMLST	SCMRBK	1	SINGLE VALUE	P		ACTIVE		SCHEDULING	Scheduling
512	SC ACTIVE POSITION ASSIGNMENTS	ACTPOS	SCUTBK4	4	GLOBAL ARRAY	A		ACTIVE		SCHEDULING	Scheduling
513	SCMC FILE PAT TM REASGN	PTFILE	SCMRBK	2	ARRAY			ACTIVE		SCHEDULING	Scheduling
514	SCMC BLD REASSIGN PAT LIST	PTLSTBLD	SCMRBK	1	SINGLE VALUE			ACTIVE		SCHEDULING	Scheduling
515	SCMC DIS TEAM POS	DISCHPOS	SCMRBK	1	SINGLE VALUE			ACTIVE		SCHEDULING	Scheduling
516	SCMC FILE PAT POS REASGN	POSFILE	SCMRBK	2	ARRAY			ACTIVE		SCHEDULING	Scheduling
517	SCMC BLD POS PAT LIST	PTPOSLST	SCMRBK	1	SINGLE VALUE	P		ACTIVE		SCHEDULING	Scheduling
518	SCMC POSITION ASSIGN LIST	PSALST	SCUTBK11	2	ARRAY			ACTIVE		SCHEDULING	Scheduling
519	SCMC GET PARAMETER IEN	PARIEN	SCUTBK4	1	SINGLE VALUE	S		ACTIVE		SCHEDULING	Scheduling
52	SC STAFF LOOKUP	STAFFLK	SCUTBK12	2	ARRAY	P		ACTIVE		SCHEDULING	Scheduling
520	ORQQCN RESUBMIT	RESUBMIT	ORQQCN1	1	SINGLE VALUE			ACTIVE		ORDER ENTRY/RESULTS REPORTING	Order Entry Results Reporting
521	ORWORB KILL UNSIG ORDERS ALERT	KILUNSNO	ORWORB	1	SINGLE VALUE			ACTIVE		ORDER ENTRY/RESULTS REPORTING	Order Entry Results Reporting
522	ORWDCN32 PROCEDURES	PROC	ORWDCN32	2	ARRAY			ACTIVE		ORDER ENTRY/RESULTS REPORTING	Order Entry Results Reporting
523	ORQQCN LOAD FOR EDIT	EDITLOAD	ORQQCN1	4	GLOBAL ARRAY			ACTIVE		ORDER ENTRY/RESULTS REPORTING	Order Entry Results Reporting
524	ORWORR GETBYIFN	GETBYIFN	ORWORR	2	ARRAY			ACTIVE		ORDER ENTRY/RESULTS REPORTING	Order Entry Results Reporting
525	ORWDAL32 ALLERGY MATCH	ALLSRCH	ORWDAL32	2	ARRAY			ACTIVE		ORDER ENTRY/RESULTS REPORTING	Order Entry Results Reporting
526	ORWDAL32 DEF	DEF	ORWDAL32	2	ARRAY			ACTIVE		ORDER ENTRY/RESULTS REPORTING	Order Entry Results Reporting
527	ORWDAL32 SYMPTOMS	SYMPTOMS	ORWDAL32	2	ARRAY			ACTIVE		ORDER ENTRY/RESULTS REPORTING	Order Entry Results Reporting
528	ORQQCN SVCLIST	SVCLIST	ORQQCN2	2	ARRAY			ACTIVE		ORDER ENTRY/RESULTS REPORTING	Order Entry Results Reporting
529	ORWPS1 NEWDLG	NEWDLG	ORWPS1	1	SINGLE VALUE			ACTIVE		ORDER ENTRY/RESULTS REPORTING	Order Entry Results Reporting
53	SC USER CLASS STATUS	CHKUSR	SCUTBK12	1	SINGLE VALUE	P		ACTIVE		SCHEDULING	Scheduling
530	ORWPS1 PICKUP	PICKUP	ORWPS1	1	SINGLE VALUE			ACTIVE		ORDER ENTRY/RESULTS REPORTING	Order Entry Results Reporting
531	ORWPS1 REFILL	REFILL	ORWPS1	1	SINGLE VALUE			ACTIVE		ORDER ENTRY/RESULTS REPORTING	Order Entry Results Reporting
532	ORWRP PRINT LAB REPORTS	PRINT	ORWRPL	1	SINGLE VALUE	S		ACTIVE		ORDER ENTRY/RESULTS REPORTING	Order Entry Results Reporting
533	ORQQPL INACTIVATE	INACT	ORQQPL2	2	ARRAY			ACTIVE		ORDER ENTRY/RESULTS REPORTING	Order Entry Results Reporting
534	ORWDXM1 BLDQRSP	BLDQRSP	ORWDXM1	2	ARRAY			ACTIVE		ORDER ENTRY/RESULTS REPORTING	Order Entry Results Reporting
535	ORWDXM2 CLRRCL	CLRRCL	ORWDXM2	1	SINGLE VALUE			ACTIVE		ORDER ENTRY/RESULTS REPORTING	Order Entry Results Reporting
536	ORWDX DISMSG	DISMSG	ORWDX	1	SINGLE VALUE			ACTIVE		ORDER ENTRY/RESULTS REPORTING	Order Entry Results Reporting
537	ORWPT DIEDON	DIEDON	ORWPT	1	SINGLE VALUE			ACTIVE		ORDER ENTRY/RESULTS REPORTING	Order Entry Results Reporting
538	SCMC VERIFY C/S SYNC	VERPAT	SCUTBK3	1	SINGLE VALUE	P		ACTIVE		SCHEDULING	Scheduling
539	FSC RPC	RPC	FSCRPX	4	GLOBAL ARRAY	P		ACTIVE		NATIONAL ONLINE INFORMATION SHARING	National Online Information Sharing
54	SC PRIMARY CARE TEAM	GETPC	SCUTBK12	1	SINGLE VALUE	P		ACTIVE		SCHEDULING	Scheduling
540	TIU GET DOC COUNT BY VISIT	DOCCNT	TIUSRVLV	1	SINGLE VALUE	S		ACTIVE		TEXT INTEGRATION UTILITIES	Text Integration Utility
541	ORWD1 PARAM	PARAM	ORWD1	1	SINGLE VALUE			ACTIVE		ORDER ENTRY/RESULTS REPORTING	Order Entry Results Reporting
542	ORWPT CWAD	CWAD	ORWPT	1	SINGLE VALUE			ACTIVE		ORDER ENTRY/RESULTS REPORTING	Order Entry Results Reporting
543	ORWDX SENDP	SENDP	ORWDX	2	ARRAY			ACTIVE		ORDER ENTRY/RESULTS REPORTING	Order Entry Results Reporting
544	ORWD1 PRINTGUI	PRINTGUI	ORWD1	1	SINGLE VALUE			ACTIVE		ORDER ENTRY/RESULTS REPORTING	Order Entry Results Reporting
545	ORQQVI1 DETAIL	DETAIL	ORQQVI1	4	GLOBAL ARRAY			ACTIVE		ORDER ENTRY/RESULTS REPORTING	Order Entry Results Reporting
546	ORWOR SHEETS	SHEETS	ORWOR	2	ARRAY			ACTIVE		ORDER ENTRY/RESULTS REPORTING	Order Entry Results Reporting
547	ORWOR TSALL	TSALL	ORWOR	2	ARRAY			ACTIVE		ORDER ENTRY/RESULTS REPORTING	Order Entry Results Reporting
548	ORWD1 RVPRINT	RVPRINT	ORWD1	1	SINGLE VALUE			ACTIVE		ORDER ENTRY/RESULTS REPORTING	Order Entry Results Reporting
549	ORWD2 DEVINFO	DEVINFO	ORWD2	2	ARRAY			ACTIVE		ORDER ENTRY/RESULTS REPORTING	Order Entry Results Reporting
55	SC GET PAT BLOCK	PTGET	SCMCBK	2	ARRAY	P		ACTIVE		SCHEDULING	Scheduling
550	ORWD2 MANUAL	MANUAL	ORWD2	1	SINGLE VALUE			ACTIVE		ORDER ENTRY/RESULTS REPORTING	Order Entry Results Reporting
551	ORWDXM MSTYLE	MSTYLE	ORWDXM	1	SINGLE VALUE			ACTIVE		ORDER ENTRY/RESULTS REPORTING	Order Entry Results Reporting
552	DDR KEY VALIDATOR	KEYVAL	DDR3	2	ARRAY	P		ACTIVE		VA FILEMAN	VA FileMan
553	TIU TEMPLATE GETROOTS	GETROOTS	TIUSRVT	2	ARRAY	S		ACTIVE		TEXT INTEGRATION UTILITIES	Text Integration Utility
554	TIU TEMPLATE GETITEMS	GETITEMS	TIUSRVT	4	GLOBAL ARRAY	S		ACTIVE		TEXT INTEGRATION UTILITIES	Text Integration Utility
555	TIU TEMPLATE GETBOIL	GETBOIL	TIUSRVT	4	GLOBAL ARRAY	S		ACTIVE		TEXT INTEGRATION UTILITIES	Text Integration Utility
556	TIU TEMPLATE GETTEXT	GETTEXT	TIUSRVT	4	GLOBAL ARRAY	S		ACTIVE		TEXT INTEGRATION UTILITIES	Text Integration Utility
557	TIU TEMPLATE ISEDITOR	ISEDITOR	TIUSRVT	1	SINGLE VALUE	S		ACTIVE		TEXT INTEGRATION UTILITIES	Text Integration Utility
558	TIU TEMPLATE GETPROOT	GETPROOT	TIUSRVT	2	ARRAY	S		ACTIVE		TEXT INTEGRATION UTILITIES	Text Integration Utility
559	TIU TEMPLATE LISTOWNR	LISTOWNR	TIUSRVT	2	ARRAY	S		ACTIVE		TEXT INTEGRATION UTILITIES	Text Integration Utility
56	SC BLD PAT LIST	PTLSTBLD	SCMCBK	1	SINGLE VALUE	P		ACTIVE		SCHEDULING	Scheduling
560	TIU TEMPLATE CREATE/MODIFY	SETTMPLT	TIUSRVT	1	SINGLE VALUE	S		ACTIVE		TEXT INTEGRATION UTILITIES	Text Integration Utility
561	TIU TEMPLATE SET ITEMS	SETITEMS	TIUSRVT	2	ARRAY	S		ACTIVE		TEXT INTEGRATION UTILITIES	Text Integration Utility
562	TIU GET LIST OF OBJECTS	OBJLST	TIUSRVT	4	GLOBAL ARRAY	S		ACTIVE		TEXT INTEGRATION UTILITIES	Text Integration Utility
563	TIU TEMPLATE DELETE	DELETE	TIUSRVT	1	SINGLE VALUE	S		ACTIVE		TEXT INTEGRATION UTILITIES	Text Integration Utility
564	TIU TEMPLATE CHECK BOILERPLATE	BPCHECK	TIUSRVT	2	ARRAY	S		ACTIVE		TEXT INTEGRATION UTILITIES	Text Integration Utility
565	ORQQPL SAVEVIEW	SAVEVIEW	ORQQPL2	2	ARRAY			ACTIVE		ORDER ENTRY/RESULTS REPORTING	Order Entry Results Reporting
566	ORWGEPT CLINRNG	CLINRNG	ORWGEPT	2	ARRAY			ACTIVE			
567	ORWDLR32 ONE SAMPLE	ONESAMP	ORWDLR32	2	ARRAY			ACTIVE		ORDER ENTRY/RESULTS REPORTING	Order Entry Results Reporting
568	ORWDLR32 ONE SPECIMEN	ONESPEC	ORWDLR32	1	SINGLE VALUE			ACTIVE		ORDER ENTRY/RESULTS REPORTING	Order Entry Results Reporting
569	ORWU INPLOC	INPLOC	ORWU	2	ARRAY	S		ACTIVE		ORDER ENTRY/RESULTS REPORTING	Order Entry Results Reporting
57	SC FILE PAT TM ASGN	PTFILE	SCMCBK	2	ARRAY	P		ACTIVE		SCHEDULING	Scheduling
570	ORWDRA32 LOCTYPE	LOCTYPE	ORWDRA32	1	SINGLE VALUE	S		ACTIVE		ORDER ENTRY/RESULTS REPORTING	Order Entry Results Reporting
571	ORWDPS32 DOSES	DOSES	ORWDPS33	2	ARRAY			ACTIVE		ORDER ENTRY/RESULTS REPORTING	Order Entry Results Reporting
572	ORWPT FULLSSN	FULLSSN	ORWPT	2	ARRAY			ACTIVE		ORDER ENTRY/RESULTS REPORTING	Order Entry Results Reporting
573	ORQQCN2 GET CONTEXT	GETCTXT	ORQQCN2	1	SINGLE VALUE			ACTIVE		ORDER ENTRY/RESULTS REPORTING	Order Entry Results Reporting
574	ORQQCN2 SAVE CONTEXT	SAVECTXT	ORQQCN2	2	ARRAY			ACTIVE		ORDER ENTRY/RESULTS REPORTING	Order Entry Results Reporting
575	ORWTIU GET TIU CONTEXT	GTTIUCTX	ORWTIU	1	SINGLE VALUE			ACTIVE		ORDER ENTRY/RESULTS REPORTING	Order Entry Results Reporting
576	ORWTIU SAVE TIU CONTEXT	SVTIUCTX	ORWTIU	2	ARRAY			ACTIVE		ORDER ENTRY/RESULTS REPORTING	Order Entry Results Reporting
577	ORWTIU GET DCSUMM CONTEXT	GTDCCTX	ORWTIU	1	SINGLE VALUE			ACTIVE		ORDER ENTRY/RESULTS REPORTING	Order Entry Results Reporting
578	ORWTIU SAVE DCSUMM CONTEXT	SVDCCTX	ORWTIU	2	ARRAY			ACTIVE		ORDER ENTRY/RESULTS REPORTING	Order Entry Results Reporting
579	ORWORB AUTOUNFLAG ORDERS	UNFLORD	ORWORB	1	SINGLE VALUE			ACTIVE		ORDER ENTRY/RESULTS REPORTING	Order Entry Results Reporting
58	SC BLD PAT CLN LIST	PTCLBLD	SCMCBK	1	SINGLE VALUE	P		ACTIVE		SCHEDULING	Scheduling
580	ORWRA DEFAULT EXAM SETTINGS	GETDEF	ORWRA	1	SINGLE VALUE	R		ACTIVE		ORDER ENTRY/RESULTS REPORTING	Order Entry Results Reporting
581	ORWDXM LOADSET	LOADSET	ORWDXM	2	ARRAY			ACTIVE		ORDER ENTRY/RESULTS REPORTING	Order Entry Results Reporting
582	ORWDXC DELAY	DELAY	ORWDXC	2	ARRAY			ACTIVE		ORDER ENTRY/RESULTS REPORTING	Order Entry Results Reporting
583	ORWCH LOADSIZ	LOADSIZ	ORWCH	1	SINGLE VALUE			ACTIVE		ORDER ENTRY/RESULTS REPORTING	Order Entry Results Reporting
584	ORQQPL PROBLEM NTRT BULLETIN	NTRTBULL	ORQQPL2	1	SINGLE VALUE	S		ACTIVE		ORDER ENTRY/RESULTS REPORTING	Order Entry Results Reporting
585	ORWPCE GET DX TEXT	GETDXTXT	ORWPCE3	1	SINGLE VALUE	S		ACTIVE		ORDER ENTRY/RESULTS REPORTING	Order Entry Results Reporting
586	ORQQCN ISPROSVC	ISPROSVC	ORQQCN2	1	SINGLE VALUE	S		ACTIVE		ORDER ENTRY/RESULTS REPORTING	Order Entry Results Reporting
587	ORWDPS33 GETADDFR	GETADDFR	ORWDPS33	1	SINGLE VALUE			ACTIVE		ORDER ENTRY/RESULTS REPORTING	Order Entry Results Reporting
588	ORQQPX OTHERS REMINDERS	ALL	ORQQPXA	2	ARRAY	S		ACTIVE			
589	ORQQPL CHECK DUP	DUP	ORQQPL1	1	SINGLE VALUE			ACTIVE		ORDER ENTRY/RESULTS REPORTING	Order Entry Results Reporting
59	SC FILE PAT POS ASGN	POSFILE	SCMCBK	2	ARRAY	P		ACTIVE		SCHEDULING	Scheduling
590	TIU LINK DOCUMENT TO IMAGE	PUTIMAGE	TIUSRVPL	1	SINGLE VALUE	S		ACTIVE		TEXT INTEGRATION UTILITIES	Text Integration Utility
591	TIU REMOVE LINK TO IMAGE	DELIMAGE	TIUSRVPL	1	SINGLE VALUE	S		ACTIVE		TEXT INTEGRATION UTILITIES	Text Integration Utility
592	TIU GET ASSOCIATED IMAGES	GETILST	TIUSRVPL	2	ARRAY	S		ACTIVE		TEXT INTEGRATION UTILITIES	Text Integration Utility
593	TIU GET DOCUMENTS FOR IMAGE	GETDLST	TIUSRVPL	2	ARRAY	S		ACTIVE		TEXT INTEGRATION UTILITIES	Text Integration Utility
594	XUS DIVISION SET	DIVSET	XUSRB2	1	SINGLE VALUE	R		ACTIVE		KERNEL	Kernel
595	XUS GET USER INFO	USERINFO	XUSRB2	2	ARRAY	P		ACTIVE	1	KERNEL	Kernel
596	XUS DIVISION GET	DIVGET	XUSRB2	2	ARRAY	R		ACTIVE		KERNEL	Kernel
597	XWB GET BROKER INFO	BRKRINFO	XWBLIB	2	ARRAY	R		ACTIVE		RPC BROKER	RPC Broker
598	XWB IM HERE	IMHERE	XWBLIB	1	SINGLE VALUE	R		ACTIVE		RPC BROKER	RPC Broker
599	TIU TEMPLATE ACCESS LEVEL	TACCESS	TIUSRVT2	1	SINGLE VALUE	R		ACTIVE		TEXT INTEGRATION UTILITIES	Text Integration Utility
6	XWB FILE LIST	FILELIST	XWBFM	2	ARRAY	R		ACTIVE		RPC BROKER	RPC Broker
60	SC BLD PAT SCDE LIST	PTSCBLD	SCMCBK	1	SINGLE VALUE	P		ACTIVE		SCHEDULING	Scheduling
600	TIU GET DOCUMENT TITLE	GETTITLE	TIUSRVA	1	SINGLE VALUE	S		ACTIVE		TEXT INTEGRATION UTILITIES	Text Integration Utility
601	ORCHECK ISMONO	ISMONO	ORCHECK	1	SINGLE VALUE			ACTIVE		ORDER ENTRY/RESULTS REPORTING	Order Entry Results Reporting
602	ORCHECK GETMONO	GETMONO	ORCHECK	4	GLOBAL ARRAY			ACTIVE		ORDER ENTRY/RESULTS REPORTING	Order Entry Results Reporting
603	ORCHECK GETMONOL	GETMONOL	ORCHECK	2	ARRAY			ACTIVE		ORDER ENTRY/RESULTS REPORTING	Order Entry Results Reporting
604	ORCHECK DELMONO	DELMONO	ORCHECK	1	SINGLE VALUE			ACTIVE		ORDER ENTRY/RESULTS REPORTING	Order Entry Results Reporting
605	ORQQCN DEFAULT REQUEST REASON	DEFRFREQ	ORQQCN2	4	GLOBAL ARRAY			ACTIVE		ORDER ENTRY/RESULTS REPORTING	Order Entry Results Reporting
606	ORWDX LOCK ORDER	LOCKORD	ORWDX	1	SINGLE VALUE			ACTIVE		ORDER ENTRY/RESULTS REPORTING	Order Entry Results Reporting
607	ORWDX UNLOCK ORDER	UNLKORD	ORWDX	1	SINGLE VALUE			ACTIVE		ORDER ENTRY/RESULTS REPORTING	Order Entry Results Reporting
608	ORWDCN32 NEWDLG	NEWDLG	ORWDCN32	1	SINGLE VALUE			ACTIVE		ORDER ENTRY/RESULTS REPORTING	Order Entry Results Reporting
609	ORQTL USER TEAMS	TEAMS	ORQTL1	2	ARRAY	S		ACTIVE			
61	SC BLD PAT TM LIST	PTTMBLD	SCMCBK	1	SINGLE VALUE	P		ACTIVE		SCHEDULING	Scheduling
610	ORQTL TEAM LIST PATIENTS	TLPTS	ORQTL1	4	GLOBAL ARRAY	S		ACTIVE			
611	ORQTL TEAM LIST INFO	TLINFO	ORQTL1	2	ARRAY	S		ACTIVE			
612	ORQTL TEAM LIST USERS	TLUSERS	ORQTL1	2	ARRAY	S		ACTIVE			
613	ORQTL EXISTING TEAM AUTOLINKS	TLAL	ORQTL1	2	ARRAY	S		ACTIVE			
614	ORQTL ALL USER TEAMS PATIENTS	TLALLPTS	ORQTL2	4	GLOBAL ARRAY	S		ACTIVE			
615	ORQQCN GET SERVICE IEN	SVCIEN	ORQQCN2	1	SINGLE VALUE			ACTIVE		ORDER ENTRY/RESULTS REPORTING	Order Entry Results Reporting
616	ORCHECK GETXTRA	GETXTRA	ORCHECK	2	ARRAY			ACTIVE		ORDER ENTRY/RESULTS REPORTING	Order Entry Results Reporting
617	ORCNOTE GET TOTAL	GETTOT	ORCNOTE	1	SINGLE VALUE	P		ACTIVE		ORDER ENTRY/RESULTS REPORTING	Order Entry Results Reporting
618	ORQQCN PROVDX	PROVDX	ORQQCN2	1	SINGLE VALUE			ACTIVE		ORDER ENTRY/RESULTS REPORTING	Order Entry Results Reporting
619	ORWDXVB3 DIAGORD	DIAGORD	ORWDXVB3	2	ARRAY			ACTIVE		ORDER ENTRY/RESULTS REPORTING	Order Entry Results Reporting
62	SC BLD PAT POS LIST	PTPSBLD	SCMCBK	1	SINGLE VALUE	P		ACTIVE		SCHEDULING	Scheduling
620	ORWPT BYWARD	BYWARD	ORWPT	2	ARRAY			ACTIVE		ORDER ENTRY/RESULTS REPORTING	Order Entry Results Reporting
621	YTAPI LISTALL	LISTALL	YTAPI	2	ARRAY	A	1	INACTIVE		MENTAL HEALTH	Mental Health
622	YTAPI LISTONE	LISTONE	YTAPI	2	ARRAY	A	1	INACTIVE		MENTAL HEALTH	Mental Health
623	YTAPI SCOREIT	SCOREIT	YTAPI2	2	ARRAY	A	1	INACTIVE		MENTAL HEALTH	Mental Health
624	YTAPI SAVEIT	SAVEIT	YTAPI1	2	ARRAY	A	1	INACTIVE		MENTAL HEALTH	Mental Health
625	YTAPI SHOWIT	SHOWIT	YTAPI3	2	ARRAY	A	1	INACTIVE		MENTAL HEALTH	Mental Health
626	YTAPI SHOWALL	SHOWALL	YTAPI3	2	ARRAY	A	1	INACTIVE		MENTAL HEALTH	Mental Health
627	YS GAF API	GAFHX	YSGAFAPI	2	ARRAY	A	1	INACTIVE		MENTAL HEALTH	Mental Health
628	DG SENSITIVE RECORD ACCESS	PTSEC	DGSEC4	2	ARRAY	P		ACTIVE		REGISTRATION	Registration
629	DG SENSITIVE RECORD BULLETIN	NOTICE	DGSEC4	1	SINGLE VALUE	P		ACTIVE		REGISTRATION	Registration
63	SC PAT ENROLL CLN	PTCLEN	SCMCBK1	1	SINGLE VALUE	P		ACTIVE		SCHEDULING	Scheduling
630	DG CHK BS5 XREF Y/N	GUIBS5	DPTLK6	2	ARRAY	P		ACTIVE		REGISTRATION	Registration
631	DG CHK BS5 XREF ARRAY	GUIBS5A	DPTLK6	2	ARRAY	P		ACTIVE		REGISTRATION	Registration
632	DG CHK MEANS TEST DIV DISPLAY	GUIDMT	DPTLK6	2	ARRAY	P		ACTIVE		REGISTRATION	Registration
633	DG CHK PAT MEANS TEST REQUIRED	GUIMT	DPTLK6	1	SINGLE VALUE	P		ACTIVE		REGISTRATION	Registration
634	DG CHK PAT/DIV MEANS TEST	GUIMTD	DPTLK6	2	ARRAY	P		ACTIVE		REGISTRATION	Registration
635	ORWPT LEGACY	LEGACY	ORWPT	2	ARRAY			ACTIVE		ORDER ENTRY/RESULTS REPORTING	Order Entry Results Reporting
636	PSB SCANPT	SCANPT	PSBRPC	2	ARRAY	P		ACTIVE	3	BAR CODE MED ADMIN	Barcode Medication Administration
637	ORWDXVB3 COLLTIM	COLLTIM	ORWDXVB3	1	SINGLE VALUE			ACTIVE		ORDER ENTRY/RESULTS REPORTING	Order Entry Results Reporting
638	PSB INSTRUCTOR	INST	PSBRPC	2	ARRAY	P		ACTIVE	2	BAR CODE MED ADMIN	Barcode Medication Administration
639	PSB USERLOAD	USRLOAD	PSBRPC	2	ARRAY	S		ACTIVE	3	BAR CODE MED ADMIN	Barcode Medication Administration
64	SC CHECK FOR PC POS	CHKPOS	SCMCBK1	1	SINGLE VALUE	P		ACTIVE		SCHEDULING	Scheduling
640	PSB USERSAVE	USRSAVE	PSBRPC	2	ARRAY			ACTIVE	2	BAR CODE MED ADMIN	Barcode Medication Administration
641	PSB FMDATE	FMDATE	PSBRPC	2	ARRAY	P		ACTIVE	2	BAR CODE MED ADMIN	Barcode Medication Administration
642	ORWDXVB3 SWPANEL	SWPANEL	ORWDXVB3	1	SINGLE VALUE			ACTIVE		ORDER ENTRY/RESULTS REPORTING	Order Entry Results Reporting
643	PSB SCANMED	SCANMED	PSBRPC2	2	ARRAY	P		ACTIVE	2	BAR CODE MED ADMIN	Barcode Medication Administration
644	PSB PARAMETER	RPC	PSBPAR	2	ARRAY	P		ACTIVE	2	BAR CODE MED ADMIN	Barcode Medication Administration
645	PSB TRANSACTION	RPC	PSBML	2	ARRAY	P		ACTIVE	3	BAR CODE MED ADMIN	Barcode Medication Administration
646	PSB VALIDATE ORDER	EN	PSBVDLVL	2	ARRAY	P		ACTIVE	3	BAR CODE MED ADMIN	Barcode Medication Administration
647	PSB SERVER CLOCK VARIANCE	CLOCK	PSBUTL	2	ARRAY	P		ACTIVE	2	BAR CODE MED ADMIN	Barcode Medication Administration
648	DSIR GET STATUS CODES	STCODES	DSIROI6	2	ARRAY	P		ACTIVE		RELEASE OF INFORMATION	Release Of Information
649	PSB MEDICATION HISTORY	HISTORY	PSBMLHS	4	GLOBAL ARRAY	P		ACTIVE	2	BAR CODE MED ADMIN	Barcode Medication Administration
65	SC FILE ALL PAT TM ASGN	ASGNALL	SCMCBK1	2	ARRAY	P		ACTIVE		SCHEDULING	Scheduling
650	PSB GETPRNS	GETPRNS	PSBPRN	4	GLOBAL ARRAY	P		ACTIVE	2	BAR CODE MED ADMIN	Barcode Medication Administration
651	PSB REPORT	RPC	PSBO	4	GLOBAL ARRAY	S		ACTIVE	3	BAR CODE MED ADMIN	Barcode Medication Administration
652	DSIR GET PATIENT DISC HIST	DISHISTR	DSIROIR	4	GLOBAL ARRAY			ACTIVE		RELEASE OF INFORMATION	Release Of Information
653	PSB SUBMIT MISSING DOSE	RPC	PSBMD	2	ARRAY	P		ACTIVE	2	BAR CODE MED ADMIN	Barcode Medication Administration
654	PSB VALIDATE ESIG	ESIG	PSBRPC	2	ARRAY	P		ACTIVE	2	BAR CODE MED ADMIN	Barcode Medication Administration
655	PSB LOCK	LOCK	PSBRPC	2	ARRAY			ACTIVE		BAR CODE MED ADMIN	Barcode Medication Administration
656	PSB CHECK SERVER	CHECK	PSBUTL	2	ARRAY			ACTIVE	2	BAR CODE MED ADMIN	Barcode Medication Administration
657	TIU GET REQUEST	GET1405	TIUSRVR	1	SINGLE VALUE	S		ACTIVE		TEXT INTEGRATION UTILITIES	Text Integration Utility
658	TIU GET DEFAULT PROVIDER	DEFDOC	TIUSRVP1	1	SINGLE VALUE	S		ACTIVE		TEXT INTEGRATION UTILITIES	Text Integration Utility
659	TIU GET SITE PARAMETERS	SITEPARM	TIUSRVP1	1	SINGLE VALUE	S		ACTIVE		TEXT INTEGRATION UTILITIES	Text Integration Utility
66	SC BLD PAT APT LIST	PTAPBLD	SCMCBK	1	SINGLE VALUE	P		ACTIVE		SCHEDULING	Scheduling
660	TIU IS USER A PROVIDER?	ISAPROV	TIUSRVP1	1	SINGLE VALUE	S		ACTIVE		TEXT INTEGRATION UTILITIES	Text Integration Utility
661	TIU GET PRINT NAME	GETPNAME	TIUSRVP1	1	SINGLE VALUE	S		ACTIVE		TEXT INTEGRATION UTILITIES	Text Integration Utility
662	TIU WAS THIS SAVED?	SAVED	TIUSRVP1	1	SINGLE VALUE	S		ACTIVE		TEXT INTEGRATION UTILITIES	Text Integration Utility
663	ORWRP PRINT WINDOWS REPORT	PRINTW	ORWRPP	4	GLOBAL ARRAY			ACTIVE		ORDER ENTRY/RESULTS REPORTING	Order Entry Results Reporting
664	ORQQCN SF513 WINDOWS PRINT	WPRT513	ORQQCN2	4	GLOBAL ARRAY			ACTIVE		ORDER ENTRY/RESULTS REPORTING	Order Entry Results Reporting
665	ORWRP WINPRINT LAB REPORTS	PRINTW	ORWRPL	4	GLOBAL ARRAY			ACTIVE		ORDER ENTRY/RESULTS REPORTING	Order Entry Results Reporting
666	ORWCIRN FACLIST	FACLIST	ORWCIRN	2	ARRAY			ACTIVE		ORDER ENTRY/RESULTS REPORTING	Order Entry Results Reporting
667	ORWDLR32 GET LAB TIMES	GETLABTM	ORWDLR33	2	ARRAY	S		ACTIVE		ORDER ENTRY/RESULTS REPORTING	Order Entry Results Reporting
668	ORWRP WINPRINT DEFAULT	WINDFLT	ORWRP	1	SINGLE VALUE			ACTIVE		ORDER ENTRY/RESULTS REPORTING	Order Entry Results Reporting
669	ORWRP GET DEFAULT PRINTER	GETDFPRT	ORWRP	1	SINGLE VALUE			ACTIVE		ORDER ENTRY/RESULTS REPORTING	Order Entry Results Reporting
67	SC FILE ALL PAT POS ASGN	ASGALLP	SCMCBK1	2	ARRAY	P		ACTIVE		SCHEDULING	Scheduling
670	ORWRP SAVE DEFAULT PRINTER	SAVDFPRT	ORWRP	1	SINGLE VALUE			ACTIVE		ORDER ENTRY/RESULTS REPORTING	Order Entry Results Reporting
671	ORQQCN EDIT DEFAULT REASON	EDITDRFR	ORQQCN2	1	SINGLE VALUE			ACTIVE		ORDER ENTRY/RESULTS REPORTING	Order Entry Results Reporting
672	ORWTIU WINPRINT NOTE	PRINTW	ORWTIU	4	GLOBAL ARRAY			ACTIVE		ORDER ENTRY/RESULTS REPORTING	Order Entry Results Reporting
673	ORWRP2 HS COMPONENTS	COMP	ORWRP2	2	ARRAY	R		ACTIVE		ORDER ENTRY/RESULTS REPORTING	Order Entry Results Reporting
674	ORWRP2 HS COMP FILES	FILES	ORWRP2	2	ARRAY	R		ACTIVE		ORDER ENTRY/RESULTS REPORTING	Order Entry Results Reporting
675	ORWRP2 HS REPORT TEXT	REPORT	ORWRP2	4	GLOBAL ARRAY	R		ACTIVE		ORDER ENTRY/RESULTS REPORTING	Order Entry Results Reporting
676	ORWRP2 HS FILE LOOKUP	FILESEL	ORWRP2	4	GLOBAL ARRAY	R		ACTIVE		ORDER ENTRY/RESULTS REPORTING	Order Entry Results Reporting
677	ORWRP2 HS SUBITEMS	SUBITEM	ORWRP2	2	ARRAY	R		ACTIVE		ORDER ENTRY/RESULTS REPORTING	Order Entry Results Reporting
678	ORQQPX GET HIST LOCATIONS	HISTLOC	ORQQPX	4	GLOBAL ARRAY	R		ACTIVE		ORDER ENTRY/RESULTS REPORTING	Order Entry Results Reporting
679	ORQQPX NEW REMINDERS ACTIVE	NEWACTIV	ORQQPX	1	SINGLE VALUE	R		ACTIVE		ORDER ENTRY/RESULTS REPORTING	Order Entry Results Reporting
68	SC BLD NOPC TM LIST	NOPCTM	SCMCBK1	1	SINGLE VALUE	P		ACTIVE		SCHEDULING	Scheduling
680	ORWPCE GET VISIT	GETVISIT	ORWPCE2	1	SINGLE VALUE	R		ACTIVE		ORDER ENTRY/RESULTS REPORTING	Order Entry Results Reporting
681	ORQQCN CANEDIT	CANEDIT	ORQQCN1	1	SINGLE VALUE			ACTIVE		ORDER ENTRY/RESULTS REPORTING	Order Entry Results Reporting
682	ORWORB KILL EXPIR MED ALERT	KILEXMED	ORWORB	1	SINGLE VALUE			ACTIVE		ORDER ENTRY/RESULTS REPORTING	Order Entry Results Reporting
683	ORWPCE MHCLINIC	MHCLINIC	ORWPCE2	1	SINGLE VALUE	R		ACTIVE		ORDER ENTRY/RESULTS REPORTING	Order Entry Results Reporting
684	ORWPCE GAFOK	GAFOK	ORWPCE2	1	SINGLE VALUE	R		ACTIVE		ORDER ENTRY/RESULTS REPORTING	Order Entry Results Reporting
685	ORWPCE LOADGAF	LOADGAF	ORWPCE2	2	ARRAY	R		ACTIVE		ORDER ENTRY/RESULTS REPORTING	Order Entry Results Reporting
686	ORWPCE SAVEGAF	SAVEGAF	ORWPCE2	1	SINGLE VALUE	R		ACTIVE		ORDER ENTRY/RESULTS REPORTING	Order Entry Results Reporting
687	ORWPCE FORCE	FORCE	ORWPCE2	1	SINGLE VALUE	R		ACTIVE		ORDER ENTRY/RESULTS REPORTING	Order Entry Results Reporting
688	ORWDPS32 VALROUTE	VALROUTE	ORWDPS32	1	SINGLE VALUE			ACTIVE		ORDER ENTRY/RESULTS REPORTING	Order Entry Results Reporting
689	ORWOR VWGET	VWGET	ORWOR	1	SINGLE VALUE			ACTIVE		ORDER ENTRY/RESULTS REPORTING	Order Entry Results Reporting
69	SC PAT ASGN MAILMAN	PTASGMM	SCUTBK10	1	SINGLE VALUE	P		ACTIVE		SCHEDULING	Scheduling
690	ORWOR VWSET	VWSET	ORWOR	1	SINGLE VALUE			ACTIVE		ORDER ENTRY/RESULTS REPORTING	Order Entry Results Reporting
691	ORWU PARAM	PARAM	ORWU	1	SINGLE VALUE			ACTIVE		ORDER ENTRY/RESULTS REPORTING	Order Entry Results Reporting
692	ORWDOR LKSCRN	LKSCRN	ORWDOR	2	ARRAY			ACTIVE		ORDER ENTRY/RESULTS REPORTING	Order Entry Results Reporting
693	ORWDOR VALNUM	VALNUM	ORWDOR	1	SINGLE VALUE			ACTIVE		ORDER ENTRY/RESULTS REPORTING	Order Entry Results Reporting
694	ORWORB UNSIG ORDERS FOLLOWUP	ESORD	ORWORB	1	SINGLE VALUE			ACTIVE		ORDER ENTRY/RESULTS REPORTING	Order Entry Results Reporting
695	ORWTIU GET LISTBOX ITEM	GTLSTITM	ORWTIU	1	SINGLE VALUE			ACTIVE		ORDER ENTRY/RESULTS REPORTING	Order Entry Results Reporting
696	ORWPCE HASCPT	HASCPT	ORWPCE2	2	ARRAY	R		ACTIVE		ORDER ENTRY/RESULTS REPORTING	Order Entry Results Reporting
697	ORWPCE ASKPCE	ASKPCE	ORWPCE2	1	SINGLE VALUE	R		ACTIVE		ORDER ENTRY/RESULTS REPORTING	Order Entry Results Reporting
698	ORWPCE GAFURL	GAFURL	ORWPCE2	1	SINGLE VALUE	R		ACTIVE		ORDER ENTRY/RESULTS REPORTING	Order Entry Results Reporting
699	ORQQPXRM EDUCATION SUBTOPICS	EDS	ORQQPXRM	2	ARRAY	S		ACTIVE		ORDER ENTRY/RESULTS REPORTING	Order Entry Results Reporting
7	XWB FILENAME CHECK	FILECHK	XWBFM	1	SINGLE VALUE	R		ACTIVE		RPC BROKER	RPC Broker
70	TIU NOTES	NOTES	TIUSRVLO	4	GLOBAL ARRAY	S		ACTIVE		TEXT INTEGRATION UTILITIES	Text Integration Utility
700	ORQQPXRM EDUCATION SUMMARY	EDL	ORQQPXRM	2	ARRAY	S		ACTIVE		ORDER ENTRY/RESULTS REPORTING	Order Entry Results Reporting
701	ORQQPXRM EDUCATION TOPIC	EDU	ORQQPXRM	2	ARRAY	S		ACTIVE		ORDER ENTRY/RESULTS REPORTING	Order Entry Results Reporting
702	ORQQPXRM MENTAL HEALTH	MH	ORQQPXRM	2	ARRAY	S		ACTIVE		ORDER ENTRY/RESULTS REPORTING	Order Entry Results Reporting
703	ORQQPXRM MENTAL HEALTH RESULTS	MHR	ORQQPXRM	2	ARRAY	S		ACTIVE		ORDER ENTRY/RESULTS REPORTING	Order Entry Results Reporting
704	ORQQPXRM MENTAL HEALTH SAVE	MHS	ORQQPXRM	2	ARRAY	S		ACTIVE		ORDER ENTRY/RESULTS REPORTING	Order Entry Results Reporting
705	ORQQPXRM PROGRESS NOTE HEADER	HDR	ORQQPXRM	1	SINGLE VALUE	S		ACTIVE		ORDER ENTRY/RESULTS REPORTING	Order Entry Results Reporting
706	ORQQPXRM REMINDER CATEGORIES	CATEGORY	ORQQPXRM	2	ARRAY	S		ACTIVE		ORDER ENTRY/RESULTS REPORTING	Order Entry Results Reporting
707	ORQQPXRM REMINDER DETAIL	REMDET	ORQQPXRM	2	ARRAY	S		ACTIVE		ORDER ENTRY/RESULTS REPORTING	Order Entry Results Reporting
708	ORQQPXRM REMINDER DIALOG	DIALOG	ORQQPXRM	2	ARRAY	S		ACTIVE		ORDER ENTRY/RESULTS REPORTING	Order Entry Results Reporting
709	ORQQPXRM DIALOG PROMPTS	PROMPT	ORQQPXRM	2	ARRAY	S		ACTIVE		ORDER ENTRY/RESULTS REPORTING	Order Entry Results Reporting
71	TIU GET RECORD TEXT	TGET	TIUSRVR1	4	GLOBAL ARRAY	S		ACTIVE		TEXT INTEGRATION UTILITIES	Text Integration Utility
710	ORQQPXRM REMINDER EVALUATION	ALIST	ORQQPXRM	2	ARRAY	S		ACTIVE		ORDER ENTRY/RESULTS REPORTING	Order Entry Results Reporting
711	ORQQPXRM REMINDER INQUIRY	RES	ORQQPXRM	2	ARRAY	S		ACTIVE		ORDER ENTRY/RESULTS REPORTING	Order Entry Results Reporting
712	ORQQPXRM REMINDER WEB	WEB	ORQQPXRM	2	ARRAY	S		ACTIVE		ORDER ENTRY/RESULTS REPORTING	Order Entry Results Reporting
713	ORQQPXRM REMINDERS UNEVALUATED	LIST	ORQQPXRM	2	ARRAY	S		ACTIVE		ORDER ENTRY/RESULTS REPORTING	Order Entry Results Reporting
714	ORQQPXRM REMINDERS APPLICABLE	APPL	ORQQPXRM	2	ARRAY	S		ACTIVE		ORDER ENTRY/RESULTS REPORTING	Order Entry Results Reporting
715	ORWPCE MHTESTOK	MHTESTOK	ORWPCE2	1	SINGLE VALUE	R		ACTIVE		ORDER ENTRY/RESULTS REPORTING	Order Entry Results Reporting
716	ORWLRR INFO	INFO	ORWLRR	2	ARRAY			ACTIVE		ORDER ENTRY/RESULTS REPORTING	Order Entry Results Reporting
717	ORWOR UNSIGN	UNSIGN	ORWOR	2	ARRAY			ACTIVE		ORDER ENTRY/RESULTS REPORTING	Order Entry Results Reporting
718	ORWPT INPLOC	INPLOC	ORWPT	1	SINGLE VALUE			ACTIVE		ORDER ENTRY/RESULTS REPORTING	Order Entry Results Reporting
719	ORWD1 COMLOC	COMLOC	ORWD1	1	SINGLE VALUE			ACTIVE		ORDER ENTRY/RESULTS REPORTING	Order Entry Results Reporting
72	TIU SUMMARIES	SUMMARY	TIUSRVLO	4	GLOBAL ARRAY	S		ACTIVE		TEXT INTEGRATION UTILITIES	Text Integration Utility
720	ORWD1 SIG4ANY	SIG4ANY	ORWD1	1	SINGLE VALUE			ACTIVE		ORDER ENTRY/RESULTS REPORTING	Order Entry Results Reporting
721	ORWD1 SIG4ONE	SIG4ONE	ORWD1	1	SINGLE VALUE			ACTIVE		ORDER ENTRY/RESULTS REPORTING	Order Entry Results Reporting
722	TIU LONG LIST BOILERPLATED	LONGLIST	TIUSRVT1	2	ARRAY	R		ACTIVE		TEXT INTEGRATION UTILITIES	Text Integration Utility
723	TIU GET BOILERPLATE	TITLEBP	TIUSRVT1	2	ARRAY	R		ACTIVE		TEXT INTEGRATION UTILITIES	Text Integration Utility
724	ORWDLR33 FUTURE LAB COLLECTS	LCFUTR	ORWDLR33	1	SINGLE VALUE	S		ACTIVE		ORDER ENTRY/RESULTS REPORTING	Order Entry Results Reporting
725	ORQQCN2 GET PREREQUISITE	PREREQ	ORQQCN2	4	GLOBAL ARRAY			ACTIVE		ORDER ENTRY/RESULTS REPORTING	Order Entry Results Reporting
726	ORQQCN2 SCHEDULE CONSULT	SCH	ORQQCN2	1	SINGLE VALUE			ACTIVE		ORDER ENTRY/RESULTS REPORTING	Order Entry Results Reporting
727	ORQQPXRM DIALOG ACTIVE	ACTIVE	ORQQPXRM	2	ARRAY	S		ACTIVE		ORDER ENTRY/RESULTS REPORTING	Order Entry Results Reporting
728	ORWPCE MH TEST AUTHORIZED	MHATHRZD	ORWPCE2	1	SINGLE VALUE	R		ACTIVE		ORDER ENTRY/RESULTS REPORTING	Order Entry Results Reporting
729	ORWRP PRINT REMOTE REPORT	REMOTE	ORWRPP	1	SINGLE VALUE	S		ACTIVE		ORDER ENTRY/RESULTS REPORTING	Order Entry Results Reporting
73	TIU NOTES BY VISIT	NOTES	TIUSRVLV	4	GLOBAL ARRAY	S		ACTIVE		TEXT INTEGRATION UTILITIES	Text Integration Utility
730	ORWRP PRINT WINDOWS REMOTE	PRINTWR	ORWRPP	4	GLOBAL ARRAY	S		ACTIVE		ORDER ENTRY/RESULTS REPORTING	Order Entry Results Reporting
731	ORWRP PRINT LAB REMOTE	REMOTE	ORWRPL	1	SINGLE VALUE	S		ACTIVE		ORDER ENTRY/RESULTS REPORTING	Order Entry Results Reporting
732	ORWRP PRINT WINDOWS LAB REMOTE	PRINTWR	ORWRPL	4	GLOBAL ARRAY	S		ACTIVE		ORDER ENTRY/RESULTS REPORTING	Order Entry Results Reporting
733	ORWRP2 HS COMPONENT SUBS	COMPSUB	ORWRP2	2	ARRAY	R		ACTIVE		ORDER ENTRY/RESULTS REPORTING	Order Entry Results Reporting
734	ORWCH SAVFONT	SAVFONT	ORWCH	1	SINGLE VALUE			ACTIVE		ORDER ENTRY/RESULTS REPORTING	Order Entry Results Reporting
735	ORWDLR33 LASTTIME	LASTTIME	ORWDLR33	1	SINGLE VALUE			ACTIVE		ORDER ENTRY/RESULTS REPORTING	Order Entry Results Reporting
736	ORWD1 SVONLY	SVONLY	ORWD1	1	SINGLE VALUE			ACTIVE		ORDER ENTRY/RESULTS REPORTING	Order Entry Results Reporting
737	ORWPCE HASVISIT	HASVISIT	ORWPCE	1	SINGLE VALUE	R		ACTIVE		ORDER ENTRY/RESULTS REPORTING	Order Entry Results Reporting
738	VAFCTFU CONVERT DFN TO ICN	GETICN	VAFCTFU1	1	SINGLE VALUE	P		ACTIVE		REGISTRATION	Registration
739	VAFCTFU CONVERT ICN TO DFN	GETDFN	VAFCTFU1	1	SINGLE VALUE	P		ACTIVE		REGISTRATION	Registration
74	TIU SUMMARIES BY VISIT	SUMMARY	TIUSRVLV	4	GLOBAL ARRAY	S		ACTIVE		TEXT INTEGRATION UTILITIES	Text Integration Utility
740	VAFCTFU LOCAL ICN	IFLOCAL	VAFCTFU1	1	SINGLE VALUE	P		ACTIVE		REGISTRATION	Registration
741	VAFCTFU GET TREATING LIST	TFL	VAFCTFU1	3	WORD PROCESSING	P		ACTIVE		REGISTRATION	Registration
742	XWB IS RPC AVAILABLE	CKRPC	XWBLIB	1	SINGLE VALUE	S	0	ACTIVE	1	RPC BROKER	RPC Broker
743	XWB ARE RPCS AVAILABLE	CKRPCS	XWBLIB	2	ARRAY	S	0	ACTIVE	1	RPC BROKER	RPC Broker
744	XWB REMOTE RPC	EN1	XWB2HL7	2	ARRAY	S	0	ACTIVE	1	RPC BROKER	RPC Broker
745	XWB REMOTE STATUS CHECK	RPCCHK	XWB2HL7	2	ARRAY	S	0	ACTIVE	1	RPC BROKER	RPC Broker
746	XWB REMOTE GETDATA	RTNDATA	XWBDRPC	2	ARRAY	S	0	ACTIVE	1	RPC BROKER	RPC Broker
747	XWB DEFERRED RPC	EN1	XWBDRPC	2	ARRAY	P		ACTIVE	1	RPC BROKER	RPC Broker
748	XWB DEFERRED STATUS	RPCCHK	XWBDRPC	2	ARRAY	P		ACTIVE	1	RPC BROKER	RPC Broker
749	XWB DEFERRED GETDATA	RTNDATA	XWBDRPC	2	ARRAY	P		ACTIVE	1	RPC BROKER	RPC Broker
75	TIU GET PN TITLES	NOTES	TIUSRVD	2	ARRAY	S		ACTIVE		TEXT INTEGRATION UTILITIES	Text Integration Utility
750	XWB DIRECT RPC	DIRECT	XWB2HL7	2	ARRAY	S	0	ACTIVE	1	RPC BROKER	RPC Broker
751	XWB REMOTE CLEAR	CLEAR	XWBDRPC	2	ARRAY	S	0	ACTIVE	1	RPC BROKER	RPC Broker
752	XWB DEFERRED CLEAR	CLEAR	XWBDRPC	2	ARRAY	P		ACTIVE	1	RPC BROKER	RPC Broker
753	XWB DEFERRED CLEARALL	CLEARALL	XWBDRPC	2	ARRAY	P		ACTIVE	1	RPC BROKER	RPC Broker
754	YTAPI PREVIEW	PREVIEW	YTAPI4	2	ARRAY	A	1	INACTIVE		MENTAL HEALTH	Mental Health
755	YTAPI OUTNOTE	OUTNOTE	YTAPI5	2	ARRAY	A	1	INACTIVE		MENTAL HEALTH	Mental Health
756	ORWPCE CPTMODS	CPTMODS	ORWPCE	2	ARRAY	R		ACTIVE		ORDER ENTRY/RESULTS REPORTING	Order Entry Results Reporting
757	ORWPCE GETMOD	GETMOD	ORWPCE	1	SINGLE VALUE	R		ACTIVE		ORDER ENTRY/RESULTS REPORTING	Order Entry Results Reporting
758	MAGGLKP	LKP	MAGGTCP	2	ARRAY	P		ACTIVE		IMAGING	Imaging
759	DSIR GET AOD	ACCOFDIS	DSIROIR	4	GLOBAL ARRAY	P		ACTIVE		RELEASE OF INFORMATION	Release Of Information
76	TIU GET DS TITLES	SUMMARY	TIUSRVD	2	ARRAY			ACTIVE		TEXT INTEGRATION UTILITIES	Text Integration Utility
760	MAGGADDIMAGE	ADD	MAGGTIA	1	SINGLE VALUE	R		ACTIVE		IMAGING	Imaging
761	MAGOLU	IMGPT	MAGDELP1	2	ARRAY	R		ACTIVE		IMAGING	Imaging
762	MAGPUT	FILEPUT	MAGDELP1	1	SINGLE VALUE	R		ACTIVE		IMAGING	Imaging
763	MAG CONSULT MSG CREATE	MSG	MAGMAPI	1	SINGLE VALUE	R		ACTIVE			
764	MAGGLISTPROC	LIST	MAGGTMC	2	ARRAY	R		ACTIVE		IMAGING	Imaging
765	MAGGPATPROC	PRC	MAGGTMC	2	ARRAY	P		ACTIVE		IMAGING	Imaging
766	MAGGHSLIST	HSLIST	MAGGTCPR	2	ARRAY	R		ACTIVE		IMAGING	Imaging
767	MAGGHS	HSUM	MAGGTCPR	4	GLOBAL ARRAY	R		ACTIVE		IMAGING	Imaging
768	MAGOGLU	GRP	MAGDELP1	2	ARRAY	R		ACTIVE		IMAGING	Imaging
769	MAGGRPT	BRK	MAGGTRPT	4	GLOBAL ARRAY	R		ACTIVE		IMAGING	Imaging
77	TIU LOAD BOILERPLATE TEXT	BLRSHELL	TIUSRVD	4	GLOBAL ARRAY	S		ACTIVE		TEXT INTEGRATION UTILITIES	Text Integration Utility
770	MAGGPROCIMAGE	FILE	MAGGTMC1	1	SINGLE VALUE	R		ACTIVE		IMAGING	Imaging
771	MAG OLU CONSULT	CONLU	MAGRDEL3	2	ARRAY	R		ACTIVE		IMAGING	Imaging
772	MAG ABSJB	ABSJB	MAGGTU71	1	SINGLE VALUE	R		ACTIVE		IMAGING	Imaging
773	MAGGRADLIST	LIST	MAGGTRA1	2	ARRAY	R		ACTIVE		IMAGING	Imaging
774	MAGGRADPTR	MAGPTR	MAGGTRA	1	SINGLE VALUE	R		ACTIVE		IMAGING	Imaging
775	MAGGPATINTINF	INTINF	MAGGTPT	1	SINGLE VALUE	R		ACTIVE		IMAGING	Imaging
776	MAGGDGRPD	DGRPD	MAGGTCPR	4	GLOBAL ARRAY			ACTIVE		IMAGING	Imaging
777	MAGOLUR	IMGPTRE	MAGDELP1	2	ARRAY	R		ACTIVE		IMAGING	Imaging
778	DSIR GET CLERK REQUESTS	GETTODAY	DSIROI	4	GLOBAL ARRAY			ACTIVE		RELEASE OF INFORMATION	Release Of Information
779	MAGGDESCCAT	CATEGORY	MAGGTU3	2	ARRAY			ACTIVE		IMAGING	Imaging
78	TIU SIGN RECORD	SIGN	TIUSRVP	1	SINGLE VALUE	S		ACTIVE		TEXT INTEGRATION UTILITIES	Text Integration Utility
780	DSIR DELIVERY TYPE SUMMARY RPT	DELIVRY	DSIROIR2	4	GLOBAL ARRAY			ACTIVE			
781	XUS KAAJEE GET USER VIA PROXY	USERINFO	XUSKAAJ1	2	ARRAY	R		ACTIVE	1	KERNEL	Kernel
782	MAGGLAB STAIN	STAIN	MAGGTLB	2	ARRAY			ACTIVE		IMAGING	Imaging
783	MAGGLAB MICRO	MICRO	MAGGTLB	2	ARRAY			ACTIVE		IMAGING	Imaging
784	MAGGLAB SECT	SECT	MAGGTLB	2	ARRAY	R		ACTIVE		IMAGING	Imaging
785	MAGGLAB START	START	MAGGTLB	2	ARRAY			ACTIVE		IMAGING	Imaging
786	MAGGLAB FILE	FILE	MAGGTLB1	1	SINGLE VALUE	R		ACTIVE		IMAGING	Imaging
787	MAGGRADIMAGE	IMAGE	MAGGTRAI	4	GLOBAL ARRAY	R		ACTIVE		IMAGING	Imaging
788	MAGGPATSENSITIVE	DGSEC	MAGGTPTS	1	SINGLE VALUE	R		ACTIVE		IMAGING	Imaging
789	MAGGPATACCESS	ACCESS	MAGGTPTS	1	SINGLE VALUE	R		ACTIVE		IMAGING	Imaging
79	TIU GET PERSONAL PREFERENCES	GETPREF	TIUSRVR	1	SINGLE VALUE	S		ACTIVE		TEXT INTEGRATION UTILITIES	Text Integration Utility
790	MAGGUPREFGET	GET	MAGGTUP	2	ARRAY	R		ACTIVE		IMAGING	Imaging
791	MAGGUPREFSAVE	SAVE	MAGGTUP	1	SINGLE VALUE	R		ACTIVE		IMAGING	Imaging
792	MAGGRADREPORT	RAD	MAGGTRP1	4	GLOBAL ARRAY			ACTIVE		IMAGING	Imaging
793	MAGGSUR GET	GET	MAGGTSR	2	ARRAY	R		ACTIVE		IMAGING	Imaging
794	MAGGSUR FILE	FILE	MAGGTSR1	1	SINGLE VALUE	R		ACTIVE		IMAGING	Imaging
795	MAGGACTION LOG	LOGACT	MAGGTU6	1	SINGLE VALUE	R		ACTIVE		IMAGING	Imaging
796	MAGG DTTM	DTTM	MAGGTU5	1	SINGLE VALUE	R		ACTIVE		IMAGING	Imaging
797	MAGGUSER2	USERINF2	MAGGTU3	2	ARRAY	R		ACTIVE		IMAGING	Imaging
798	MAGGUSERKEYS	USERKEYS	MAGGTU3	2	ARRAY	R		ACTIVE		IMAGING	Imaging
799	MAGG VERIFY ESIG	ESIG	MAGQLOG	1	SINGLE VALUE	R		ACTIVE		IMAGING	Imaging
8	XWB RPC LIST	APILIST	XWBFM	2	ARRAY	R		ACTIVE		RPC BROKER	RPC Broker
80	TIU UPDATE RECORD	UPDATE	TIUSRVP	1	SINGLE VALUE	S		ACTIVE		TEXT INTEGRATION UTILITIES	Text Integration Utility
800	MAGG WRKS UPDATES	UPD	MAGGTAU	1	SINGLE VALUE	R		ACTIVE		IMAGING	Imaging
801	MAGG LOGOFF	LOGOFF	MAGGTAU	1	SINGLE VALUE	R		ACTIVE		IMAGING	Imaging
802	MAGG IMAGE GROUP BIG	GETBIG	MAGGTIG	4	GLOBAL ARRAY	R		ACTIVE		IMAGING	Imaging
803	MAGG SYS WRKS DISPLAY	WRKS	MAGGTSY	4	GLOBAL ARRAY	R		ACTIVE		IMAGING	Imaging
804	MAGG MED NEW	NEW	MAGGTMC1	1	SINGLE VALUE	R		ACTIVE		IMAGING	Imaging
805	MAGG IMAGE INFO	IMAGEINF	MAGGTU3	2	ARRAY	R		ACTIVE		IMAGING	Imaging
806	MAGG IMAGE DELETE	IMAGEDEL	MAGGTID	2	ARRAY	R		ACTIVE		IMAGING	Imaging
807	MAGQ ABP	ENTRY	MAGQBTM	2	ARRAY	R		ACTIVE		IMAGING	Imaging
808	MAGQ REQ	REQUE	MAGQBTM	1	SINGLE VALUE	R		ACTIVE		IMAGING	Imaging
809	MAGQ QUD	QUPDTE	MAGQBTM	1	SINGLE VALUE	R		ACTIVE		IMAGING	Imaging
81	TIU REQUIRES COSIGNATURE	REQCOS	TIUSRVA	1	SINGLE VALUE	S		ACTIVE		TEXT INTEGRATION UTILITIES	Text Integration Utility
810	MAGQ GET	GETQUE	MAGQBTM	1	SINGLE VALUE	R		ACTIVE		IMAGING	Imaging
812	MAGQ FS UPDATE	FSUPDT	MAGQBUT1	1	SINGLE VALUE	R		ACTIVE		IMAGING	Imaging
813	XUS KAAJEE GET CCOW TOKEN	CCOWIP	XUSKAAJ1	2	ARRAY	R		ACTIVE	1	KERNEL	Kernel
814	MAG3 DICOM CAPTURE GE LIST	GGELIST	MAGNDCMC	2	ARRAY	R		ACTIVE		IMAGING	Imaging
816	MAGG DEV SHOW NODE	MAG	MAGGTSYS	4	GLOBAL ARRAY	P		ACTIVE		IMAGING	Imaging
817	MAG3 DICOM CAPTURE SOP CLASS	GSOPCLAS	MAGNDCMC	1	SINGLE VALUE	R		ACTIVE		IMAGING	Imaging
819	MAGQBP UPDATE	PGEUD	MAGQBPG2	1	SINGLE VALUE	R		ACTIVE		IMAGING	Imaging
82	TIU LOAD RECORD FOR EDIT	GET4EDIT	TIUSRVR	4	GLOBAL ARRAY	S		ACTIVE		TEXT INTEGRATION UTILITIES	Text Integration Utility
820	MAGQBP PARM	PGEPAR	MAGQBPG2	1	SINGLE VALUE	R		ACTIVE		IMAGING	Imaging
822	MAGG MED DICOMID	DICOMID	MAGGTMC1	1	SINGLE VALUE	R		ACTIVE		IMAGING	Imaging
824	MAGG SYS WRKS SESSIONS	SESSION	MAGGTSY1	4	GLOBAL ARRAY	R		ACTIVE		IMAGING	Imaging
825	MAGG SYS SESSION DISPLAY	DISPLAY	MAGGTSY1	4	GLOBAL ARRAY	R		ACTIVE		IMAGING	Imaging
826	MAG3 LOGACTION	LOGACT	MAGGTAU	1	SINGLE VALUE	R		ACTIVE		IMAGING	Imaging
827	MAGG QUE IMAGE	QUEIMAGE	MAGGTU7	1	SINGLE VALUE	R		ACTIVE		IMAGING	Imaging
828	MAGG QUE IMAGE GROUP	QUEGROUP	MAGGTU7	1	SINGLE VALUE	R		ACTIVE		IMAGING	Imaging
829	MAGG QUE PATIENT	QUEPAT	MAGGTU7	1	SINGLE VALUE	R		ACTIVE		IMAGING	Imaging
83	TIU DETAILED DISPLAY	RPC	TIUSRV	4	GLOBAL ARRAY	S		ACTIVE		TEXT INTEGRATION UTILITIES	Text Integration Utility
830	MAGG QUE LIST	QUELIST	MAGGTU7	1	SINGLE VALUE	R		ACTIVE		IMAGING	Imaging
831	MAGG OFFLINE IMAGE ACCESSED	MAIL	MAGGTU3	1	SINGLE VALUE	R		ACTIVE		IMAGING	Imaging
833	MAGQ CUPDTE	CUPD	MAGQBPRG	1	SINGLE VALUE	R		ACTIVE		IMAGING	Imaging
834	MAGG CPRS RAD EXAM	IMAGEC	MAGGTRAI	2	ARRAY	R		ACTIVE		IMAGING	Imaging
835	MAGG SYS GLOBAL NODE	MAG	MAGGTSY2	4	GLOBAL ARRAY	R		ACTIVE		IMAGING	Imaging
836	MAGQ ELOGR	ELOGR	MAGQBPRG	2	ARRAY	R		ACTIVE		IMAGING	Imaging
837	MAGG GROUP IMAGES	GROUP	MAGGTIG	2	ARRAY	R		ACTIVE		IMAGING	Imaging
838	MAGG PAT IMAGES	IMAGES	MAGGTIG	2	ARRAY	R		ACTIVE		IMAGING	Imaging
839	MAG3 TELEREADER CONSULT LIST	CONSLIST	MAGNGMR	2	ARRAY	R		ACTIVE		IMAGING	Imaging
84	TIU CREATE ADDENDUM RECORD	MAKEADD	TIUSRVP	1	SINGLE VALUE	S		ACTIVE		TEXT INTEGRATION UTILITIES	Text Integration Utility
840	MAGQ JH RPT	JHRPT	MAGQBJHR	2	ARRAY	R		ACTIVE		IMAGING	Imaging
841	MAGG PAT EACH IMAGE	EACHIMG	MAGGTIG	2	ARRAY	R		ACTIVE		IMAGING	Imaging
842	MAGQB QSL	BPQSL	MAGQBUT1	2	ARRAY	R		ACTIVE		IMAGING	Imaging
843	MAGG GET TIMEOUT	TIMEOUT	MAGGTU6	1	SINGLE VALUE	R	0	ACTIVE		IMAGING	Imaging
846	MAG3 TELEREADER DICOM SER NUM	GETSRNUM	MAGNGMR	1	SINGLE VALUE	R		ACTIVE		IMAGING	Imaging
847	MAGQ JBS	ENTRY	MAGQBPG1	2	ARRAY	R		ACTIVE		IMAGING	Imaging
848	MAG3 TELEREADER DICOM UID	GETUID	MAGNGMR	1	SINGLE VALUE	R		ACTIVE		IMAGING	Imaging
85	TIU CREATE RECORD	MAKE	TIUSRVP	1	SINGLE VALUE	S		ACTIVE		TEXT INTEGRATION UTILITIES	Text Integration Utility
850	MAGQ SHARES	SHR	MAGQBPG1	2	ARRAY	R		ACTIVE		IMAGING	Imaging
851	MAG3 TIU IMAGE	FILE	MAGGNTI	1	SINGLE VALUE	R		ACTIVE		IMAGING	Imaging
852	MAG3 LOOKUP ANY	LKP	MAGGNLKP	2	ARRAY	R		ACTIVE		IMAGING	Imaging
853	MAG3 TIU DATA FROM DA	DATA	MAGGNTI	1	SINGLE VALUE			ACTIVE		IMAGING	Imaging
854	MAG3 CPRS TIU NOTE	IMAGES	MAGGNTI	2	ARRAY	R		ACTIVE		IMAGING	Imaging
855	MAGQ JPUD	JPUD	MAGQBPG1	1	SINGLE VALUE	R		ACTIVE		IMAGING	Imaging
856	MAGQ VCUD	VCUD	MAGQBPG1	1	SINGLE VALUE	R		ACTIVE		IMAGING	Imaging
857	MAGQ DIK	DELETE	MAGGTID	2	ARRAY	R		ACTIVE		IMAGING	Imaging
858	MAGQ ISN	ISN	MAGUSIT	1	SINGLE VALUE	R		ACTIVE		IMAGING	Imaging
859	MAGG PAT FIND	FIND	MAGGTPT1	2	ARRAY	R		ACTIVE		IMAGING	Imaging
86	TIU DELETE RECORD	DELETE	TIUSRVP	1	SINGLE VALUE	S		ACTIVE		TEXT INTEGRATION UTILITIES	Text Integration Utility
860	MAGG PAT INFO	INFO	MAGGTPT1	1	SINGLE VALUE	R		ACTIVE		IMAGING	Imaging
861	MAGG PAT BS5 CHECK	BS5CHK	MAGGTPT1	2	ARRAY	R		ACTIVE		IMAGING	Imaging
862	MAG GET NETLOC	SHARE	MAGGTU6	2	ARRAY			ACTIVE		IMAGING	Imaging
863	MAG EKG ONLINE	ONLINE	MAGGTU6	1	SINGLE VALUE			ACTIVE		IMAGING	Imaging
864	MAGG PAT PHOTOS	PHOTOS	MAGGTIG	2	ARRAY	R		ACTIVE		IMAGING	Imaging
865	MAGG LOG ERROR TEXT	LOGERROR	MAGGTU3	1	SINGLE VALUE	R		ACTIVE		IMAGING	Imaging
866	MAGQ SYSTEM	MAGSYS	MAGQBUT2	2	ARRAY	R		ACTIVE		IMAGING	Imaging
867	XUS GET TOKEN	ASH	XUSRB4	1	SINGLE VALUE	R		ACTIVE	1	KERNEL	Kernel
868	GMRCSTLM SERVICE AND STATUS	ENOR	GMRCSTLM	4	GLOBAL ARRAY	A		ACTIVE		CONSULT/REQUEST TRACKING	Consult Request Tracking
869	GMRCSTU COMPLETION STATISTICS	ENOR	GMRCSTU	4	GLOBAL ARRAY	A		ACTIVE		CONSULT/REQUEST TRACKING	Consult Request Tracking
87	TIU PRINT RECORD	RPC	TIUPD	1	SINGLE VALUE	S		ACTIVE		TEXT INTEGRATION UTILITIES	Text Integration Utility
870	DG PATIENT TREATMENT DATA	RPC	DGPTFAPI	2	ARRAY	P		ACTIVE		REGISTRATION	Registration
871	PXRM REMINDER DIALOG (TIU)	TDIALOG	ORQQPXRM	2	ARRAY	S		ACTIVE		ORDER ENTRY/RESULTS REPORTING	Order Entry Results Reporting
872	TIU TEMPLATE GET DEFAULTS	GETDFLT	TIUSRVT2	1	SINGLE VALUE	R		ACTIVE		TEXT INTEGRATION UTILITIES	Text Integration Utility
873	TIU TEMPLATE SET DEFAULTS	SETDFLT	TIUSRVT2	1	SINGLE VALUE	R		ACTIVE		TEXT INTEGRATION UTILITIES	Text Integration Utility
874	TIU TEMPLATE GET DESCRIPTION	GETDESC	TIUSRVT1	2	ARRAY	R		ACTIVE		TEXT INTEGRATION UTILITIES	Text Integration Utility
875	TIU FIELD LOAD	LOAD	TIUSRVF	2	ARRAY	R		ACTIVE		TEXT INTEGRATION UTILITIES	Text Integration Utility
876	TIU FIELD LIST	LIST	TIUSRVF1	2	ARRAY	R		ACTIVE		TEXT INTEGRATION UTILITIES	Text Integration Utility
877	TIU FIELD CAN EDIT	CANEDIT	TIUSRVF1	1	SINGLE VALUE	R		ACTIVE		TEXT INTEGRATION UTILITIES	Text Integration Utility
878	TIU FIELD LOCK	LOCK	TIUSRVF1	1	SINGLE VALUE	R		ACTIVE		TEXT INTEGRATION UTILITIES	Text Integration Utility
879	TIU FIELD UNLOCK	UNLOCK	TIUSRVF1	1	SINGLE VALUE	R		ACTIVE		TEXT INTEGRATION UTILITIES	Text Integration Utility
88	TIU GET DOCUMENT PARAMETERS	DOCPARM	TIUSRVP1	2	ARRAY	S		ACTIVE		TEXT INTEGRATION UTILITIES	Text Integration Utility
880	TIU FIELD SAVE	SAVE	TIUSRVF	1	SINGLE VALUE	R		ACTIVE		TEXT INTEGRATION UTILITIES	Text Integration Utility
881	TIU FIELD IMPORT	IMPORT	TIUSRVF	2	ARRAY	R		ACTIVE		TEXT INTEGRATION UTILITIES	Text Integration Utility
882	TIU FIELD EXPORT	EXPORT	TIUSRVF	2	ARRAY	R		ACTIVE		TEXT INTEGRATION UTILITIES	Text Integration Utility
883	TIU FIELD LOAD BY IEN	LOADIEN	TIUSRVF	2	ARRAY	R		ACTIVE		TEXT INTEGRATION UTILITIES	Text Integration Utility
884	TIU FIELD NAME IS UNIQUE	ISUNIQUE	TIUSRVF1	1	SINGLE VALUE	R		ACTIVE		TEXT INTEGRATION UTILITIES	Text Integration Utility
885	TIU FIELD DELETE	DELETE	TIUSRVF1	1	SINGLE VALUE	R		ACTIVE		TEXT INTEGRATION UTILITIES	Text Integration Utility
886	TIU REMINDER DIALOGS	REMDLGS	TIUSRVT2	2	ARRAY	R		ACTIVE		TEXT INTEGRATION UTILITIES	Text Integration Utility
887	TIU REM DLG OK AS TEMPLATE	REMDLGOK	TIUSRVT2	1	SINGLE VALUE	R		ACTIVE		TEXT INTEGRATION UTILITIES	Text Integration Utility
888	ORQQCN ASSIGNABLE MED RESULTS	GETMED	ORQQCN3	2	ARRAY			ACTIVE		ORDER ENTRY/RESULTS REPORTING	Order Entry Results Reporting
889	ORQQCN REMOVABLE MED RESULTS	GETRES	ORQQCN3	2	ARRAY			ACTIVE		ORDER ENTRY/RESULTS REPORTING	Order Entry Results Reporting
89	TIU GET DS URGENCIES	URGENCY	TIUSRVA	2	ARRAY	S		ACTIVE		TEXT INTEGRATION UTILITIES	Text Integration Utility
890	ORQQCN GET MED RESULT DETAILS	DISPMED	ORQQCN3	2	ARRAY			ACTIVE		ORDER ENTRY/RESULTS REPORTING	Order Entry Results Reporting
891	ORQQCN ATTACH MED RESULTS	MEDCOMP	ORQQCN3	1	SINGLE VALUE			ACTIVE		ORDER ENTRY/RESULTS REPORTING	Order Entry Results Reporting
892	ORQQCN REMOVE MED RESULTS	REMOVE	ORQQCN3	1	SINGLE VALUE			ACTIVE		ORDER ENTRY/RESULTS REPORTING	Order Entry Results Reporting
893	ORWTPP GETTU	GETTU	ORWTPP	2	ARRAY			ACTIVE		ORDER ENTRY/RESULTS REPORTING	Order Entry Results Reporting
894	ORWTPP LSDEF	LSDEF	ORWTPP	1	SINGLE VALUE			ACTIVE		ORDER ENTRY/RESULTS REPORTING	Order Entry Results Reporting
895	ORWTPP NEWLIST	NEWLIST	ORWTPP	1	SINGLE VALUE			ACTIVE		ORDER ENTRY/RESULTS REPORTING	Order Entry Results Reporting
896	ORWTPP PLISTS	PLISTS	ORWTPP	2	ARRAY			ACTIVE		ORDER ENTRY/RESULTS REPORTING	Order Entry Results Reporting
897	ORWTPP REMLIST	REMLIST	ORWTPP	1	SINGLE VALUE			ACTIVE		ORDER ENTRY/RESULTS REPORTING	Order Entry Results Reporting
898	ORWTPP SAVECD	SAVECD	ORWTPP	2	ARRAY			ACTIVE		ORDER ENTRY/RESULTS REPORTING	Order Entry Results Reporting
899	ORWTPP SAVECS	SAVECS	ORWTPP	2	ARRAY			ACTIVE		ORDER ENTRY/RESULTS REPORTING	Order Entry Results Reporting
9	XWB GET VARIABLE VALUE	VARVAL	XWBLIB	1	SINGLE VALUE	S	0	ACTIVE	1	RPC BROKER	RPC Broker
90	TIU AUTHORIZATION	CANDO	TIUSRVA	1	SINGLE VALUE	S		ACTIVE		TEXT INTEGRATION UTILITIES	Text Integration Utility
900	ORWTPP SAVELIST	SAVELIST	ORWTPP	2	ARRAY			ACTIVE		ORDER ENTRY/RESULTS REPORTING	Order Entry Results Reporting
901	ORWTPP SAVENOT	SAVENOT	ORWTPP	2	ARRAY			ACTIVE		ORDER ENTRY/RESULTS REPORTING	Order Entry Results Reporting
902	ORWTPP SAVENOTO	SAVENOTO	ORWTPP	2	ARRAY			ACTIVE		ORDER ENTRY/RESULTS REPORTING	Order Entry Results Reporting
903	ORWTPP SAVEOC	SAVEOC	ORWTPP	2	ARRAY			ACTIVE		ORDER ENTRY/RESULTS REPORTING	Order Entry Results Reporting
904	ORWTPP SAVEPLD	SAVEPLD	ORWTPP	2	ARRAY			ACTIVE		ORDER ENTRY/RESULTS REPORTING	Order Entry Results Reporting
905	ORWTPP SETCOMBO	SETCOMBO	ORWTPP	2	ARRAY			ACTIVE		ORDER ENTRY/RESULTS REPORTING	Order Entry Results Reporting
906	ORWTPP SETOTHER	SETOTHER	ORWTPP	2	ARRAY			ACTIVE		ORDER ENTRY/RESULTS REPORTING	Order Entry Results Reporting
907	ORWTPP SETREM	SETREM	ORWTPP	2	ARRAY			ACTIVE		ORDER ENTRY/RESULTS REPORTING	Order Entry Results Reporting
908	ORWTPP SETSUB	SETSUB	ORWTPP	1	SINGLE VALUE			ACTIVE		ORDER ENTRY/RESULTS REPORTING	Order Entry Results Reporting
909	ORWTPP SORTDEF	SORTDEF	ORWTPP	1	SINGLE VALUE			ACTIVE		ORDER ENTRY/RESULTS REPORTING	Order Entry Results Reporting
91	TIU DOCUMENTS BY CONTEXT	CONTEXT	TIUSRVLO	4	GLOBAL ARRAY	S		ACTIVE		TEXT INTEGRATION UTILITIES	Text Integration Utility
910	ORWTPP PLTEAMS	PLTEAMS	ORWTPP	2	ARRAY			ACTIVE		ORDER ENTRY/RESULTS REPORTING	Order Entry Results Reporting
911	ORWTPP TEAMS	TEAMS	ORWTPP	2	ARRAY			ACTIVE		ORDER ENTRY/RESULTS REPORTING	Order Entry Results Reporting
912	ORWTPT ATEAMS	ATEAMS	ORWTPT	2	ARRAY			ACTIVE		ORDER ENTRY/RESULTS REPORTING	Order Entry Results Reporting
913	ORWTPT GETTEAM	GETTEAM	ORWTPT	2	ARRAY			ACTIVE		ORDER ENTRY/RESULTS REPORTING	Order Entry Results Reporting
914	ORWTPN GETCLASS	GETCLASS	ORWTPN	2	ARRAY			ACTIVE		ORDER ENTRY/RESULTS REPORTING	Order Entry Results Reporting
915	ORWTPN GETTC	GETTC	ORWTPN	2	ARRAY			ACTIVE		ORDER ENTRY/RESULTS REPORTING	Order Entry Results Reporting
916	MAG3 TELEREADER READ/UNRD ADD	FILE	MAGNGMR	1	SINGLE VALUE	R		ACTIVE		IMAGING	Imaging
917	ORWTPO CSARNGD	CSARNGD	ORWTPO	1	SINGLE VALUE			ACTIVE		ORDER ENTRY/RESULTS REPORTING	Order Entry Results Reporting
918	ORWTPO CSLABD	CSLABD	ORWTPO	1	SINGLE VALUE			ACTIVE		ORDER ENTRY/RESULTS REPORTING	Order Entry Results Reporting
919	ORWTPO GETTABS	GETTABS	ORWTPO	2	ARRAY			ACTIVE		ORDER ENTRY/RESULTS REPORTING	Order Entry Results Reporting
92	TIU NOTES 16 BIT	NOTES	TIUSRVLC	4	GLOBAL ARRAY	S		ACTIVE		TEXT INTEGRATION UTILITIES	Text Integration Utility
920	ORWTPP ADDLIST	ADDLIST	ORWTPP	1	SINGLE VALUE			ACTIVE		ORDER ENTRY/RESULTS REPORTING	Order Entry Results Reporting
921	ORWTPP CHKSURR	CHKSURR	ORWTPP	1	SINGLE VALUE			ACTIVE		ORDER ENTRY/RESULTS REPORTING	Order Entry Results Reporting
922	ORWTPP CLDAYS	CLDAYS	ORWTPP	1	SINGLE VALUE			ACTIVE		ORDER ENTRY/RESULTS REPORTING	Order Entry Results Reporting
923	ORWTPP CLEARNOT	CLEARNOT	ORWTPP	2	ARRAY			ACTIVE		ORDER ENTRY/RESULTS REPORTING	Order Entry Results Reporting
924	ORWTPP CLRANGE	CLRANGE	ORWTPP	1	SINGLE VALUE			ACTIVE		ORDER ENTRY/RESULTS REPORTING	Order Entry Results Reporting
925	ORWTPP CSARNG	CSARNG	ORWTPP	1	SINGLE VALUE			ACTIVE		ORDER ENTRY/RESULTS REPORTING	Order Entry Results Reporting
926	ORWTPP CSLAB	CSLAB	ORWTPP	1	SINGLE VALUE			ACTIVE		ORDER ENTRY/RESULTS REPORTING	Order Entry Results Reporting
927	ORWTPP DELLIST	DELLIST	ORWTPP	2	ARRAY			ACTIVE		ORDER ENTRY/RESULTS REPORTING	Order Entry Results Reporting
928	ORWTPP GETCOMBO	GETCOMBO	ORWTPP	2	ARRAY			ACTIVE		ORDER ENTRY/RESULTS REPORTING	Order Entry Results Reporting
929	ORWTPP GETNOT	GETNOT	ORWTPP	2	ARRAY			ACTIVE		ORDER ENTRY/RESULTS REPORTING	Order Entry Results Reporting
93	TIU WHICH SIGNATURE ACTION	WHATACT	TIUSRVA	1	SINGLE VALUE	S		ACTIVE		TEXT INTEGRATION UTILITIES	Text Integration Utility
930	ORWTPP GETNOTO	GETNOTO	ORWTPP	1	SINGLE VALUE			ACTIVE		ORDER ENTRY/RESULTS REPORTING	Order Entry Results Reporting
931	ORWTPP GETOC	GETOC	ORWTPP	2	ARRAY			ACTIVE		ORDER ENTRY/RESULTS REPORTING	Order Entry Results Reporting
932	ORWTPP GETOTHER	GETOTHER	ORWTPP	1	SINGLE VALUE			ACTIVE		ORDER ENTRY/RESULTS REPORTING	Order Entry Results Reporting
933	ORWTPP GETREM	GETREM	ORWTPP	2	ARRAY			ACTIVE		ORDER ENTRY/RESULTS REPORTING	Order Entry Results Reporting
934	ORWTPP GETSUB	GETSUB	ORWTPP	1	SINGLE VALUE			ACTIVE		ORDER ENTRY/RESULTS REPORTING	Order Entry Results Reporting
935	ORWTPP GETSURR	GETSURR	ORWTPP	1	SINGLE VALUE			ACTIVE		ORDER ENTRY/RESULTS REPORTING	Order Entry Results Reporting
936	ORWTPP GETTD	GETTD	ORWTPP	1	SINGLE VALUE			ACTIVE		ORDER ENTRY/RESULTS REPORTING	Order Entry Results Reporting
937	ORWTPP GETCOS	GETCOS	ORWTPP	2	ARRAY			ACTIVE		ORDER ENTRY/RESULTS REPORTING	Order Entry Results Reporting
938	ORWTPP GETDCOS	GETDCOS	ORWTPP	1	SINGLE VALUE			ACTIVE		ORDER ENTRY/RESULTS REPORTING	Order Entry Results Reporting
939	ORWTPP SETDCOS	SETDCOS	ORWTPP	2	ARRAY			ACTIVE		ORDER ENTRY/RESULTS REPORTING	Order Entry Results Reporting
94	IBD EXPAND FORMID	IDPAT	IBDFRPC3	1	SINGLE VALUE	P	1	INACTIVE		AUTOMATED INFO COLLECTION SYS	Automated Information Collection System
940	ORWORB KILL EXPIR OI ALERT	KILEXOI	ORWORB	1	SINGLE VALUE			ACTIVE		ORDER ENTRY/RESULTS REPORTING	Order Entry Results Reporting
941	ORWRP LAB REPORT LISTS	LABLIST	ORWRP	2	ARRAY	S		ACTIVE		ORDER ENTRY/RESULTS REPORTING	Order Entry Results Reporting
942	ORWPCE GETSVC	GETSVC	ORWPCE	1	SINGLE VALUE	R		ACTIVE		ORDER ENTRY/RESULTS REPORTING	Order Entry Results Reporting
943	ORQQCN SVC W/SYNONYMS	SVCSYN	ORQQCN2	4	GLOBAL ARRAY			ACTIVE		ORDER ENTRY/RESULTS REPORTING	Order Entry Results Reporting
944	ORWCV1 COVERSHEET LIST	COVERLST	ORWCV1	2	ARRAY	S		ACTIVE		ORDER ENTRY/RESULTS REPORTING	Order Entry Results Reporting
945	ORWTIU IDNOTES INSTALLED	IDNOTES	ORWTIU	1	SINGLE VALUE			ACTIVE		ORDER ENTRY/RESULTS REPORTING	Order Entry Results Reporting
946	ORQQPX GET FOLDERS	GETFLDRS	ORQQPX	1	SINGLE VALUE	R		ACTIVE		ORDER ENTRY/RESULTS REPORTING	Order Entry Results Reporting
947	ORQQPX SET FOLDERS	SETFLDRS	ORQQPX	1	SINGLE VALUE	R		ACTIVE		ORDER ENTRY/RESULTS REPORTING	Order Entry Results Reporting
948	ORQQPX GET DEF LOCATIONS	GETDEFOL	ORQQPX	2	ARRAY	R		ACTIVE		ORDER ENTRY/RESULTS REPORTING	Order Entry Results Reporting
949	ORWDPS2 OISLCT	OISLCT	ORWDPS2	2	ARRAY	S		ACTIVE		ORDER ENTRY/RESULTS REPORTING	Order Entry Results Reporting
95	IBD GET FORMSPEC	GETFS	IBDFBK1	2	ARRAY	R	1	INACTIVE		AUTOMATED INFO COLLECTION SYS	Automated Information Collection System
950	ORWDPS2 ADMIN	ADMIN	ORWDPS2	1	SINGLE VALUE	S		ACTIVE		ORDER ENTRY/RESULTS REPORTING	Order Entry Results Reporting
951	ORWDPS1 ODSLCT	ODSLCT	ORWDPS1	2	ARRAY			ACTIVE		ORDER ENTRY/RESULTS REPORTING	Order Entry Results Reporting
952	ORWDPS1 SCHALL	SCHALL	ORWDPS1	2	ARRAY	S		ACTIVE		ORDER ENTRY/RESULTS REPORTING	Order Entry Results Reporting
953	ORWDPS2 REQST	REQST	ORWDPS2	1	SINGLE VALUE			ACTIVE		ORDER ENTRY/RESULTS REPORTING	Order Entry Results Reporting
954	ORWDPS2 DAY2QTY	DAY2QTY	ORWDPS2	1	SINGLE VALUE			ACTIVE		ORDER ENTRY/RESULTS REPORTING	Order Entry Results Reporting
955	ORWDX DGNM	DGNM	ORWDX	1	SINGLE VALUE			ACTIVE		ORDER ENTRY/RESULTS REPORTING	Order Entry Results Reporting
956	ORWUL QV4DG	QV4DG	ORWUL	1	SINGLE VALUE			ACTIVE		ORDER ENTRY/RESULTS REPORTING	Order Entry Results Reporting
957	ORWUL FV4DG	FV4DG	ORWUL	1	SINGLE VALUE			ACTIVE		ORDER ENTRY/RESULTS REPORTING	Order Entry Results Reporting
958	ORWUL FVSUB	FVSUB	ORWUL	2	ARRAY			ACTIVE		ORDER ENTRY/RESULTS REPORTING	Order Entry Results Reporting
959	ORWUL FVIDX	FVIDX	ORWUL	1	SINGLE VALUE			ACTIVE		ORDER ENTRY/RESULTS REPORTING	Order Entry Results Reporting
96	IBD GET INPUT OBJECT BY CLINIC	CLNLSTI	IBDFRPC	2	ARRAY	P		ACTIVE		AUTOMATED INFO COLLECTION SYS	Automated Information Collection System
960	ORWUL QVSUB	QVSUB	ORWUL	2	ARRAY			ACTIVE		ORDER ENTRY/RESULTS REPORTING	Order Entry Results Reporting
961	ORWUL QVIDX	QVIDX	ORWUL	1	SINGLE VALUE			ACTIVE		ORDER ENTRY/RESULTS REPORTING	Order Entry Results Reporting
962	ORWDPS1 CHK94	CHK94	ORWDPS1	1	SINGLE VALUE			ACTIVE		ORDER ENTRY/RESULTS REPORTING	Order Entry Results Reporting
963	ORWDPS1 DFLTSPLY	DFLTSPLY	ORWDPS1	1	SINGLE VALUE	S		ACTIVE		ORDER ENTRY/RESULTS REPORTING	Order Entry Results Reporting
964	ORWPCE ANYTIME	ANYTIME	ORWPCE2	1	SINGLE VALUE	R		ACTIVE		ORDER ENTRY/RESULTS REPORTING	Order Entry Results Reporting
965	ORWTPP GETIMG	GETIMG	ORWTPP	1	SINGLE VALUE			ACTIVE		ORDER ENTRY/RESULTS REPORTING	Order Entry Results Reporting
966	ORWTPO GETIMGD	GETIMGD	ORWTPO	1	SINGLE VALUE			ACTIVE		ORDER ENTRY/RESULTS REPORTING	Order Entry Results Reporting
967	ORWTPP SETIMG	SETIMG	ORWTPP	2	ARRAY			ACTIVE		ORDER ENTRY/RESULTS REPORTING	Order Entry Results Reporting
968	ORQQPX REM INSERT AT CURSOR	INSCURS	ORQQPX	1	SINGLE VALUE	R		ACTIVE		ORDER ENTRY/RESULTS REPORTING	Order Entry Results Reporting
969	ORWDPS2 MAXREF	MAXREF	ORWDPS2	1	SINGLE VALUE			ACTIVE		ORDER ENTRY/RESULTS REPORTING	Order Entry Results Reporting
97	IBD GET INPUT OBJECT BY FORM	FRMLSTI	IBDFRPC	2	ARRAY	P		ACTIVE		AUTOMATED INFO COLLECTION SYS	Automated Information Collection System
970	ORWDPS2 SCHREQ	SCHREQ	ORWDPS2	1	SINGLE VALUE			ACTIVE		ORDER ENTRY/RESULTS REPORTING	Order Entry Results Reporting
971	ORWTPP SAVESURR	SAVESURR	ORWTPP	1	SINGLE VALUE			ACTIVE		ORDER ENTRY/RESULTS REPORTING	Order Entry Results Reporting
972	ORWTPP SAVET	SAVET	ORWTPP	2	ARRAY			ACTIVE		ORDER ENTRY/RESULTS REPORTING	Order Entry Results Reporting
973	ORWPCE AUTO VISIT TYPE SELECT	AUTOVSIT	ORWPCE2	1	SINGLE VALUE	R		ACTIVE		ORDER ENTRY/RESULTS REPORTING	Order Entry Results Reporting
974	ORWDPS2 QTY2DAY	QTY2DAY	ORWDPS2	1	SINGLE VALUE			ACTIVE		ORDER ENTRY/RESULTS REPORTING	Order Entry Results Reporting
975	TIU FIELD DOLMTEXT	DOLMTEXT	TIUSRVF1	2	ARRAY	R		ACTIVE		TEXT INTEGRATION UTILITIES	Text Integration Utility
976	TIU TEMPLATE PERSONAL OBJECTS	PERSOBJS	TIUSRVT2	2	ARRAY	R		ACTIVE		TEXT INTEGRATION UTILITIES	Text Integration Utility
977	TIU ID CAN ATTACH	CANATTCH	TIUSRVA	1	SINGLE VALUE	S		ACTIVE		TEXT INTEGRATION UTILITIES	Text Integration Utility
978	TIU ID CAN RECEIVE	CANRCV	TIUSRVA	1	SINGLE VALUE	S		ACTIVE		TEXT INTEGRATION UTILITIES	Text Integration Utility
979	TIU ID ATTACH ENTRY	IDATTCH	TIUSRVP1	1	SINGLE VALUE	S		ACTIVE		TEXT INTEGRATION UTILITIES	Text Integration Utility
98	IBD GET ONE INPUT OBJECT	OBJLST	IBDFRPC1	2	ARRAY	P		ACTIVE		AUTOMATED INFO COLLECTION SYS	Automated Information Collection System
980	TIU ID DETACH ENTRY	IDDTCH	TIUSRVP1	1	SINGLE VALUE	S		ACTIVE		TEXT INTEGRATION UTILITIES	Text Integration Utility
981	TIU TEMPLATE LOCK	LOCK	TIUSRVT2	1	SINGLE VALUE	R		ACTIVE		TEXT INTEGRATION UTILITIES	Text Integration Utility
982	TIU TEMPLATE UNLOCK	UNLOCK	TIUSRVT2	1	SINGLE VALUE	R		ACTIVE		TEXT INTEGRATION UTILITIES	Text Integration Utility
983	TIU USER CLASS LONG LIST	CLSLIST	TIUSRVT1	2	ARRAY	R		ACTIVE		TEXT INTEGRATION UTILITIES	Text Integration Utility
984	TIU DIV AND CLASS INFO	USERINFO	TIUSRVT1	2	ARRAY	R		ACTIVE		TEXT INTEGRATION UTILITIES	Text Integration Utility
985	PXRM REMINDER CATEGORY	CATEGORY	PXRMRPCD	2	ARRAY	S		ACTIVE		CLINICAL REMINDERS	Clinical Reminders
986	PXRM REMINDERS AND CATEGORIES	SEL	PXRMRPCD	2	ARRAY	S		ACTIVE		CLINICAL REMINDERS	Clinical Reminders
987	ORWRP COLUMN HEADERS	GETCOL	ORWRP	2	ARRAY	R		ACTIVE		ORDER ENTRY/RESULTS REPORTING	Order Entry Results Reporting
988	ORQQPX NEW COVER SHEET REMS	REMLIST	ORQQPX	2	ARRAY	R		ACTIVE		ORDER ENTRY/RESULTS REPORTING	Order Entry Results Reporting
989	ORQQPX NEW COVER SHEET ACTIVE	NEWCVOK	ORQQPX	1	SINGLE VALUE	R		ACTIVE		ORDER ENTRY/RESULTS REPORTING	Order Entry Results Reporting
99	IBD RECEIVE FORM DATA	RECV	IBDFBK2	2	ARRAY	R	1	INACTIVE		AUTOMATED INFO COLLECTION SYS	Automated Information Collection System
990	ORQQPX LVREMLST	LVREMLST	ORQQPX	2	ARRAY	R		ACTIVE		ORDER ENTRY/RESULTS REPORTING	Order Entry Results Reporting
991	ORQQPX SAVELVL	SAVELVL	ORQQPX	1	SINGLE VALUE	R		ACTIVE		ORDER ENTRY/RESULTS REPORTING	Order Entry Results Reporting
992	ORWU HAS OPTION ACCESS	HASOPTN	ORWU	1	SINGLE VALUE	R		ACTIVE		ORDER ENTRY/RESULTS REPORTING	Order Entry Results Reporting
993	ORWPCE ALWAYS CHECKOUT	DOCHKOUT	ORWPCE2	1	SINGLE VALUE	R		ACTIVE		ORDER ENTRY/RESULTS REPORTING	Order Entry Results Reporting
994	ORWPCE GET EXCLUDED	EXCLUDED	ORWPCE2	2	ARRAY	R		ACTIVE		ORDER ENTRY/RESULTS REPORTING	Order Entry Results Reporting
995	PSB MAIL	RPC	PSBRPCXM	4	GLOBAL ARRAY	P		ACTIVE	2	BAR CODE MED ADMIN	Barcode Medication Administration
996	ORWDPS1 FORMALT	FORMALT	ORWDPS1	2	ARRAY			ACTIVE		ORDER ENTRY/RESULTS REPORTING	Order Entry Results Reporting
997	ORQPT DEFAULT LIST SORT	DEFSORT	ORQPTQ11	1	SINGLE VALUE	S		ACTIVE		ORDER ENTRY/RESULTS REPORTING	Order Entry Results Reporting
998	ORWDPS1 DOSEALT	DOSEALT	ORWDPS1	2	ARRAY			ACTIVE		ORDER ENTRY/RESULTS REPORTING	Order Entry Results Reporting
999	MAGG DEV FIELD VALUES	GETS	MAGGTSYS	4	GLOBAL ARRAY	R		ACTIVE		IMAGING	Imaging
